ISO-10303-21;
HEADER;
/* Generated by software containing ST-Developer
 * from STEP Tools, Inc. (www.steptools.com) 
 */

FILE_DESCRIPTION(
/* description */ (''),
/* implementation_level */ '2;1');

FILE_NAME(
/* name */ 'Front_v1_final_1.step',
/* time_stamp */ '2026-08-06T15:25:05+07:00',
/* author */ (''),
/* organization */ (''),
/* preprocessor_version */ 'ST-DEVELOPER v20.1',
/* originating_system */ 'Autodesk Translation Framework v15.8.0.0',
/* authorisation */ '');

FILE_SCHEMA (('AUTOMOTIVE_DESIGN { 1 0 10303 214 3 1 1 }'));
ENDSEC;

DATA;
#10=MECHANICAL_DESIGN_GEOMETRIC_PRESENTATION_REPRESENTATION('',(#13),#2824);
#11=SHAPE_REPRESENTATION_RELATIONSHIP('SRR','None',#2831,#12);
#12=ADVANCED_BREP_SHAPE_REPRESENTATION('',(#14),#2823);
#13=STYLED_ITEM('',(#2840),#14);
#14=MANIFOLD_SOLID_BREP('Front',#1709);
#15=SPHERICAL_SURFACE('',#1764,1.);
#16=SPHERICAL_SURFACE('',#1766,1.);
#17=SPHERICAL_SURFACE('',#1776,1.);
#18=SPHERICAL_SURFACE('',#1780,0.999999999999996);
#19=SPHERICAL_SURFACE('',#1791,0.999999999999996);
#20=B_SPLINE_CURVE_WITH_KNOTS('',3,(#2434,#2435,#2436,#2437),
 .UNSPECIFIED.,.F.,.F.,(4,4),(0.,0.0344042934989012),.UNSPECIFIED.);
#21=B_SPLINE_CURVE_WITH_KNOTS('',3,(#2441,#2442,#2443,#2444),
 .UNSPECIFIED.,.F.,.F.,(4,4),(0.723857018215345,0.758261311714247),
 .UNSPECIFIED.);
#22=FACE_BOUND('',#197,.T.);
#23=FACE_BOUND('',#213,.T.);
#24=FACE_BOUND('',#228,.T.);
#25=FACE_BOUND('',#229,.T.);
#26=FACE_BOUND('',#230,.T.);
#27=FACE_BOUND('',#274,.T.);
#28=FACE_BOUND('',#275,.T.);
#29=FACE_BOUND('',#276,.T.);
#30=FACE_BOUND('',#277,.T.);
#31=FACE_BOUND('',#280,.T.);
#32=FACE_BOUND('',#285,.T.);
#33=FACE_BOUND('',#286,.T.);
#34=FACE_BOUND('',#287,.T.);
#35=FACE_BOUND('',#289,.T.);
#36=FACE_BOUND('',#290,.T.);
#37=FACE_BOUND('',#291,.T.);
#38=PLANE('',#1730);
#39=PLANE('',#1738);
#40=PLANE('',#1739);
#41=PLANE('',#1740);
#42=PLANE('',#1745);
#43=PLANE('',#1752);
#44=PLANE('',#1770);
#45=PLANE('',#1771);
#46=PLANE('',#1774);
#47=PLANE('',#1798);
#48=PLANE('',#1802);
#49=PLANE('',#1803);
#50=PLANE('',#1804);
#51=PLANE('',#1805);
#52=PLANE('',#1806);
#53=PLANE('',#1807);
#54=PLANE('',#1808);
#55=PLANE('',#1809);
#56=PLANE('',#1810);
#57=PLANE('',#1811);
#58=PLANE('',#1828);
#59=PLANE('',#1829);
#60=PLANE('',#1830);
#61=PLANE('',#1831);
#62=PLANE('',#1832);
#63=PLANE('',#1833);
#64=PLANE('',#1834);
#65=PLANE('',#1835);
#66=PLANE('',#1836);
#67=PLANE('',#1837);
#68=PLANE('',#1838);
#69=PLANE('',#1839);
#70=PLANE('',#1840);
#71=PLANE('',#1841);
#72=PLANE('',#1842);
#73=PLANE('',#1843);
#74=PLANE('',#1844);
#75=PLANE('',#1845);
#76=PLANE('',#1846);
#77=PLANE('',#1847);
#78=PLANE('',#1848);
#79=PLANE('',#1849);
#80=PLANE('',#1850);
#81=PLANE('',#1851);
#82=PLANE('',#1852);
#83=PLANE('',#1853);
#84=PLANE('',#1854);
#85=PLANE('',#1855);
#86=PLANE('',#1856);
#87=PLANE('',#1857);
#88=PLANE('',#1858);
#89=PLANE('',#1859);
#90=PLANE('',#1860);
#91=PLANE('',#1861);
#92=PLANE('',#1862);
#93=FACE_OUTER_BOUND('',#185,.T.);
#94=FACE_OUTER_BOUND('',#186,.T.);
#95=FACE_OUTER_BOUND('',#187,.T.);
#96=FACE_OUTER_BOUND('',#188,.T.);
#97=FACE_OUTER_BOUND('',#189,.T.);
#98=FACE_OUTER_BOUND('',#190,.T.);
#99=FACE_OUTER_BOUND('',#191,.T.);
#100=FACE_OUTER_BOUND('',#192,.T.);
#101=FACE_OUTER_BOUND('',#193,.T.);
#102=FACE_OUTER_BOUND('',#194,.T.);
#103=FACE_OUTER_BOUND('',#195,.T.);
#104=FACE_OUTER_BOUND('',#196,.T.);
#105=FACE_OUTER_BOUND('',#198,.T.);
#106=FACE_OUTER_BOUND('',#199,.T.);
#107=FACE_OUTER_BOUND('',#200,.T.);
#108=FACE_OUTER_BOUND('',#201,.T.);
#109=FACE_OUTER_BOUND('',#202,.T.);
#110=FACE_OUTER_BOUND('',#203,.T.);
#111=FACE_OUTER_BOUND('',#204,.T.);
#112=FACE_OUTER_BOUND('',#205,.T.);
#113=FACE_OUTER_BOUND('',#206,.T.);
#114=FACE_OUTER_BOUND('',#207,.T.);
#115=FACE_OUTER_BOUND('',#208,.T.);
#116=FACE_OUTER_BOUND('',#209,.T.);
#117=FACE_OUTER_BOUND('',#210,.T.);
#118=FACE_OUTER_BOUND('',#211,.T.);
#119=FACE_OUTER_BOUND('',#212,.T.);
#120=FACE_OUTER_BOUND('',#214,.T.);
#121=FACE_OUTER_BOUND('',#215,.T.);
#122=FACE_OUTER_BOUND('',#216,.T.);
#123=FACE_OUTER_BOUND('',#217,.T.);
#124=FACE_OUTER_BOUND('',#218,.T.);
#125=FACE_OUTER_BOUND('',#219,.T.);
#126=FACE_OUTER_BOUND('',#220,.T.);
#127=FACE_OUTER_BOUND('',#221,.T.);
#128=FACE_OUTER_BOUND('',#222,.T.);
#129=FACE_OUTER_BOUND('',#223,.T.);
#130=FACE_OUTER_BOUND('',#224,.T.);
#131=FACE_OUTER_BOUND('',#225,.T.);
#132=FACE_OUTER_BOUND('',#226,.T.);
#133=FACE_OUTER_BOUND('',#227,.T.);
#134=FACE_OUTER_BOUND('',#231,.T.);
#135=FACE_OUTER_BOUND('',#232,.T.);
#136=FACE_OUTER_BOUND('',#233,.T.);
#137=FACE_OUTER_BOUND('',#234,.T.);
#138=FACE_OUTER_BOUND('',#235,.T.);
#139=FACE_OUTER_BOUND('',#236,.T.);
#140=FACE_OUTER_BOUND('',#237,.T.);
#141=FACE_OUTER_BOUND('',#238,.T.);
#142=FACE_OUTER_BOUND('',#239,.T.);
#143=FACE_OUTER_BOUND('',#240,.T.);
#144=FACE_OUTER_BOUND('',#241,.T.);
#145=FACE_OUTER_BOUND('',#242,.T.);
#146=FACE_OUTER_BOUND('',#243,.T.);
#147=FACE_OUTER_BOUND('',#244,.T.);
#148=FACE_OUTER_BOUND('',#245,.T.);
#149=FACE_OUTER_BOUND('',#246,.T.);
#150=FACE_OUTER_BOUND('',#247,.T.);
#151=FACE_OUTER_BOUND('',#248,.T.);
#152=FACE_OUTER_BOUND('',#249,.T.);
#153=FACE_OUTER_BOUND('',#250,.T.);
#154=FACE_OUTER_BOUND('',#251,.T.);
#155=FACE_OUTER_BOUND('',#252,.T.);
#156=FACE_OUTER_BOUND('',#253,.T.);
#157=FACE_OUTER_BOUND('',#254,.T.);
#158=FACE_OUTER_BOUND('',#255,.T.);
#159=FACE_OUTER_BOUND('',#256,.T.);
#160=FACE_OUTER_BOUND('',#257,.T.);
#161=FACE_OUTER_BOUND('',#258,.T.);
#162=FACE_OUTER_BOUND('',#259,.T.);
#163=FACE_OUTER_BOUND('',#260,.T.);
#164=FACE_OUTER_BOUND('',#261,.T.);
#165=FACE_OUTER_BOUND('',#262,.T.);
#166=FACE_OUTER_BOUND('',#263,.T.);
#167=FACE_OUTER_BOUND('',#264,.T.);
#168=FACE_OUTER_BOUND('',#265,.T.);
#169=FACE_OUTER_BOUND('',#266,.T.);
#170=FACE_OUTER_BOUND('',#267,.T.);
#171=FACE_OUTER_BOUND('',#268,.T.);
#172=FACE_OUTER_BOUND('',#269,.T.);
#173=FACE_OUTER_BOUND('',#270,.T.);
#174=FACE_OUTER_BOUND('',#271,.T.);
#175=FACE_OUTER_BOUND('',#272,.T.);
#176=FACE_OUTER_BOUND('',#273,.T.);
#177=FACE_OUTER_BOUND('',#278,.T.);
#178=FACE_OUTER_BOUND('',#279,.T.);
#179=FACE_OUTER_BOUND('',#281,.T.);
#180=FACE_OUTER_BOUND('',#282,.T.);
#181=FACE_OUTER_BOUND('',#283,.T.);
#182=FACE_OUTER_BOUND('',#284,.T.);
#183=FACE_OUTER_BOUND('',#288,.T.);
#184=FACE_OUTER_BOUND('',#292,.T.);
#185=EDGE_LOOP('',(#1107,#1108,#1109,#1110));
#186=EDGE_LOOP('',(#1111,#1112,#1113,#1114));
#187=EDGE_LOOP('',(#1115,#1116,#1117,#1118));
#188=EDGE_LOOP('',(#1119,#1120,#1121,#1122));
#189=EDGE_LOOP('',(#1123,#1124,#1125,#1126));
#190=EDGE_LOOP('',(#1127,#1128,#1129,#1130));
#191=EDGE_LOOP('',(#1131,#1132,#1133,#1134));
#192=EDGE_LOOP('',(#1135,#1136,#1137,#1138));
#193=EDGE_LOOP('',(#1139,#1140,#1141,#1142,#1143));
#194=EDGE_LOOP('',(#1144,#1145,#1146,#1147));
#195=EDGE_LOOP('',(#1148,#1149,#1150,#1151,#1152));
#196=EDGE_LOOP('',(#1153,#1154,#1155,#1156));
#197=EDGE_LOOP('',(#1157));
#198=EDGE_LOOP('',(#1158,#1159,#1160,#1161,#1162));
#199=EDGE_LOOP('',(#1163,#1164,#1165,#1166,#1167));
#200=EDGE_LOOP('',(#1168,#1169,#1170,#1171));
#201=EDGE_LOOP('',(#1172,#1173,#1174,#1175,#1176,#1177,#1178,#1179));
#202=EDGE_LOOP('',(#1180,#1181,#1182,#1183));
#203=EDGE_LOOP('',(#1184,#1185,#1186,#1187));
#204=EDGE_LOOP('',(#1188,#1189,#1190,#1191));
#205=EDGE_LOOP('',(#1192,#1193,#1194,#1195));
#206=EDGE_LOOP('',(#1196,#1197,#1198));
#207=EDGE_LOOP('',(#1199,#1200,#1201));
#208=EDGE_LOOP('',(#1202,#1203,#1204,#1205));
#209=EDGE_LOOP('',(#1206,#1207,#1208,#1209));
#210=EDGE_LOOP('',(#1210,#1211,#1212,#1213,#1214,#1215,#1216,#1217,#1218,
#1219,#1220,#1221,#1222,#1223,#1224,#1225));
#211=EDGE_LOOP('',(#1226,#1227,#1228,#1229));
#212=EDGE_LOOP('',(#1230,#1231,#1232,#1233,#1234,#1235,#1236,#1237,#1238,
#1239));
#213=EDGE_LOOP('',(#1240,#1241,#1242,#1243));
#214=EDGE_LOOP('',(#1244,#1245,#1246));
#215=EDGE_LOOP('',(#1247,#1248,#1249));
#216=EDGE_LOOP('',(#1250,#1251,#1252,#1253));
#217=EDGE_LOOP('',(#1254,#1255,#1256,#1257));
#218=EDGE_LOOP('',(#1258,#1259,#1260,#1261));
#219=EDGE_LOOP('',(#1262,#1263,#1264,#1265));
#220=EDGE_LOOP('',(#1266,#1267,#1268));
#221=EDGE_LOOP('',(#1269,#1270,#1271,#1272));
#222=EDGE_LOOP('',(#1273,#1274,#1275,#1276));
#223=EDGE_LOOP('',(#1277,#1278,#1279,#1280));
#224=EDGE_LOOP('',(#1281,#1282,#1283,#1284));
#225=EDGE_LOOP('',(#1285,#1286,#1287,#1288));
#226=EDGE_LOOP('',(#1289,#1290,#1291,#1292,#1293));
#227=EDGE_LOOP('',(#1294,#1295,#1296,#1297,#1298,#1299,#1300,#1301,#1302,
#1303,#1304,#1305));
#228=EDGE_LOOP('',(#1306,#1307,#1308,#1309));
#229=EDGE_LOOP('',(#1310,#1311,#1312,#1313));
#230=EDGE_LOOP('',(#1314,#1315,#1316,#1317));
#231=EDGE_LOOP('',(#1318,#1319,#1320,#1321));
#232=EDGE_LOOP('',(#1322,#1323,#1324,#1325));
#233=EDGE_LOOP('',(#1326,#1327,#1328,#1329,#1330,#1331,#1332));
#234=EDGE_LOOP('',(#1333,#1334,#1335,#1336));
#235=EDGE_LOOP('',(#1337,#1338,#1339,#1340,#1341));
#236=EDGE_LOOP('',(#1342,#1343,#1344,#1345));
#237=EDGE_LOOP('',(#1346,#1347,#1348,#1349,#1350,#1351,#1352));
#238=EDGE_LOOP('',(#1353,#1354,#1355,#1356));
#239=EDGE_LOOP('',(#1357,#1358,#1359,#1360));
#240=EDGE_LOOP('',(#1361,#1362,#1363,#1364));
#241=EDGE_LOOP('',(#1365,#1366,#1367,#1368));
#242=EDGE_LOOP('',(#1369,#1370,#1371,#1372));
#243=EDGE_LOOP('',(#1373,#1374,#1375,#1376));
#244=EDGE_LOOP('',(#1377,#1378,#1379,#1380,#1381));
#245=EDGE_LOOP('',(#1382,#1383,#1384,#1385));
#246=EDGE_LOOP('',(#1386,#1387,#1388,#1389));
#247=EDGE_LOOP('',(#1390,#1391,#1392,#1393));
#248=EDGE_LOOP('',(#1394,#1395,#1396,#1397));
#249=EDGE_LOOP('',(#1398,#1399,#1400,#1401));
#250=EDGE_LOOP('',(#1402,#1403,#1404,#1405));
#251=EDGE_LOOP('',(#1406,#1407,#1408,#1409));
#252=EDGE_LOOP('',(#1410,#1411,#1412,#1413));
#253=EDGE_LOOP('',(#1414,#1415,#1416,#1417));
#254=EDGE_LOOP('',(#1418,#1419,#1420,#1421));
#255=EDGE_LOOP('',(#1422,#1423,#1424,#1425));
#256=EDGE_LOOP('',(#1426,#1427,#1428,#1429));
#257=EDGE_LOOP('',(#1430,#1431,#1432,#1433));
#258=EDGE_LOOP('',(#1434,#1435,#1436,#1437));
#259=EDGE_LOOP('',(#1438,#1439,#1440,#1441));
#260=EDGE_LOOP('',(#1442,#1443,#1444,#1445));
#261=EDGE_LOOP('',(#1446,#1447,#1448,#1449));
#262=EDGE_LOOP('',(#1450,#1451,#1452,#1453));
#263=EDGE_LOOP('',(#1454,#1455,#1456,#1457));
#264=EDGE_LOOP('',(#1458,#1459,#1460,#1461));
#265=EDGE_LOOP('',(#1462,#1463,#1464,#1465,#1466,#1467,#1468,#1469));
#266=EDGE_LOOP('',(#1470,#1471,#1472,#1473,#1474,#1475,#1476,#1477));
#267=EDGE_LOOP('',(#1478,#1479,#1480,#1481,#1482,#1483,#1484,#1485));
#268=EDGE_LOOP('',(#1486,#1487,#1488,#1489,#1490,#1491,#1492,#1493));
#269=EDGE_LOOP('',(#1494,#1495,#1496,#1497,#1498,#1499,#1500,#1501));
#270=EDGE_LOOP('',(#1502,#1503,#1504,#1505,#1506,#1507,#1508,#1509));
#271=EDGE_LOOP('',(#1510,#1511,#1512,#1513,#1514,#1515,#1516,#1517));
#272=EDGE_LOOP('',(#1518,#1519,#1520,#1521));
#273=EDGE_LOOP('',(#1522,#1523,#1524,#1525,#1526,#1527,#1528,#1529));
#274=EDGE_LOOP('',(#1530,#1531,#1532,#1533));
#275=EDGE_LOOP('',(#1534,#1535,#1536,#1537));
#276=EDGE_LOOP('',(#1538,#1539,#1540,#1541));
#277=EDGE_LOOP('',(#1542,#1543,#1544,#1545));
#278=EDGE_LOOP('',(#1546,#1547,#1548,#1549));
#279=EDGE_LOOP('',(#1550,#1551,#1552,#1553));
#280=EDGE_LOOP('',(#1554));
#281=EDGE_LOOP('',(#1555,#1556,#1557,#1558));
#282=EDGE_LOOP('',(#1559,#1560,#1561,#1562));
#283=EDGE_LOOP('',(#1563,#1564,#1565,#1566));
#284=EDGE_LOOP('',(#1567,#1568,#1569,#1570));
#285=EDGE_LOOP('',(#1571));
#286=EDGE_LOOP('',(#1572));
#287=EDGE_LOOP('',(#1573));
#288=EDGE_LOOP('',(#1574,#1575,#1576,#1577));
#289=EDGE_LOOP('',(#1578));
#290=EDGE_LOOP('',(#1579));
#291=EDGE_LOOP('',(#1580));
#292=EDGE_LOOP('',(#1581,#1582,#1583,#1584));
#293=ELLIPSE('',#1725,0.707106781186552,0.5);
#294=ELLIPSE('',#1727,0.707106781186543,0.5);
#295=ELLIPSE('',#1733,0.707106781186548,0.5);
#296=ELLIPSE('',#1735,0.707106781186548,0.5);
#297=ELLIPSE('',#1742,1.41421356237309,1.);
#298=ELLIPSE('',#1743,1.4142135623731,1.);
#299=ELLIPSE('',#1744,1.41421356237309,1.);
#300=ELLIPSE('',#1748,1.41421356237309,1.);
#301=ELLIPSE('',#1751,1.4142135623731,1.);
#302=ELLIPSE('',#1754,1.41421356237309,1.);
#303=ELLIPSE('',#1759,1.4142135623731,1.);
#304=ELLIPSE('',#1761,1.41421356237309,1.);
#305=ELLIPSE('',#1787,1.4142135623731,1.);
#306=ELLIPSE('',#1788,1.4142135623731,1.);
#307=ELLIPSE('',#1790,1.41421356237309,1.);
#308=ELLIPSE('',#1800,2.82842712474619,2.);
#309=ELLIPSE('',#1801,2.82842712474619,2.);
#310=ELLIPSE('',#1824,2.82842712474619,2.);
#311=ELLIPSE('',#1825,2.82842712474619,2.);
#312=CIRCLE('',#1724,0.5);
#313=CIRCLE('',#1729,0.5);
#314=CIRCLE('',#1732,0.5);
#315=CIRCLE('',#1737,0.5);
#316=CIRCLE('',#1746,1.450002540005);
#317=CIRCLE('',#1749,1.);
#318=CIRCLE('',#1756,1.);
#319=CIRCLE('',#1758,1.);
#320=CIRCLE('',#1763,1.);
#321=CIRCLE('',#1765,1.);
#322=CIRCLE('',#1767,1.);
#323=CIRCLE('',#1769,1.);
#324=CIRCLE('',#1773,1.);
#325=CIRCLE('',#1775,1.);
#326=CIRCLE('',#1777,1.);
#327=CIRCLE('',#1778,1.);
#328=CIRCLE('',#1779,0.999999999999996);
#329=CIRCLE('',#1781,1.);
#330=CIRCLE('',#1782,0.999999999999996);
#331=CIRCLE('',#1783,1.);
#332=CIRCLE('',#1792,0.999999999999996);
#333=CIRCLE('',#1793,1.);
#334=CIRCLE('',#1813,1.450002540005);
#335=CIRCLE('',#1815,2.05000381000801);
#336=CIRCLE('',#1816,2.05000381000801);
#337=CIRCLE('',#1818,1.450002540005);
#338=CIRCLE('',#1819,1.450002540005);
#339=CIRCLE('',#1821,2.05000381000801);
#340=CIRCLE('',#1822,2.05000381000801);
#341=LINE('',#2338,#530);
#342=LINE('',#2342,#531);
#343=LINE('',#2346,#532);
#344=LINE('',#2348,#533);
#345=LINE('',#2352,#534);
#346=LINE('',#2355,#535);
#347=LINE('',#2357,#536);
#348=LINE('',#2361,#537);
#349=LINE('',#2365,#538);
#350=LINE('',#2369,#539);
#351=LINE('',#2372,#540);
#352=LINE('',#2375,#541);
#353=LINE('',#2378,#542);
#354=LINE('',#2381,#543);
#355=LINE('',#2383,#544);
#356=LINE('',#2384,#545);
#357=LINE('',#2387,#546);
#358=LINE('',#2389,#547);
#359=LINE('',#2390,#548);
#360=LINE('',#2393,#549);
#361=LINE('',#2394,#550);
#362=LINE('',#2400,#551);
#363=LINE('',#2404,#552);
#364=LINE('',#2408,#553);
#365=LINE('',#2410,#554);
#366=LINE('',#2411,#555);
#367=LINE('',#2418,#556);
#368=LINE('',#2422,#557);
#369=LINE('',#2425,#558);
#370=LINE('',#2428,#559);
#371=LINE('',#2429,#560);
#372=LINE('',#2432,#561);
#373=LINE('',#2439,#562);
#374=LINE('',#2446,#563);
#375=LINE('',#2449,#564);
#376=LINE('',#2454,#565);
#377=LINE('',#2455,#566);
#378=LINE('',#2460,#567);
#379=LINE('',#2464,#568);
#380=LINE('',#2467,#569);
#381=LINE('',#2470,#570);
#382=LINE('',#2472,#571);
#383=LINE('',#2479,#572);
#384=LINE('',#2482,#573);
#385=LINE('',#2485,#574);
#386=LINE('',#2486,#575);
#387=LINE('',#2489,#576);
#388=LINE('',#2491,#577);
#389=LINE('',#2492,#578);
#390=LINE('',#2494,#579);
#391=LINE('',#2496,#580);
#392=LINE('',#2498,#581);
#393=LINE('',#2500,#582);
#394=LINE('',#2502,#583);
#395=LINE('',#2504,#584);
#396=LINE('',#2506,#585);
#397=LINE('',#2507,#586);
#398=LINE('',#2512,#587);
#399=LINE('',#2514,#588);
#400=LINE('',#2515,#589);
#401=LINE('',#2518,#590);
#402=LINE('',#2520,#591);
#403=LINE('',#2522,#592);
#404=LINE('',#2523,#593);
#405=LINE('',#2538,#594);
#406=LINE('',#2539,#595);
#407=LINE('',#2541,#596);
#408=LINE('',#2542,#597);
#409=LINE('',#2546,#598);
#410=LINE('',#2551,#599);
#411=LINE('',#2553,#600);
#412=LINE('',#2560,#601);
#413=LINE('',#2562,#602);
#414=LINE('',#2563,#603);
#415=LINE('',#2565,#604);
#416=LINE('',#2567,#605);
#417=LINE('',#2569,#606);
#418=LINE('',#2572,#607);
#419=LINE('',#2576,#608);
#420=LINE('',#2580,#609);
#421=LINE('',#2581,#610);
#422=LINE('',#2584,#611);
#423=LINE('',#2586,#612);
#424=LINE('',#2588,#613);
#425=LINE('',#2589,#614);
#426=LINE('',#2592,#615);
#427=LINE('',#2594,#616);
#428=LINE('',#2596,#617);
#429=LINE('',#2597,#618);
#430=LINE('',#2600,#619);
#431=LINE('',#2602,#620);
#432=LINE('',#2604,#621);
#433=LINE('',#2605,#622);
#434=LINE('',#2608,#623);
#435=LINE('',#2609,#624);
#436=LINE('',#2612,#625);
#437=LINE('',#2613,#626);
#438=LINE('',#2616,#627);
#439=LINE('',#2617,#628);
#440=LINE('',#2619,#629);
#441=LINE('',#2622,#630);
#442=LINE('',#2623,#631);
#443=LINE('',#2628,#632);
#444=LINE('',#2634,#633);
#445=LINE('',#2640,#634);
#446=LINE('',#2646,#635);
#447=LINE('',#2652,#636);
#448=LINE('',#2655,#637);
#449=LINE('',#2657,#638);
#450=LINE('',#2661,#639);
#451=LINE('',#2663,#640);
#452=LINE('',#2665,#641);
#453=LINE('',#2666,#642);
#454=LINE('',#2670,#643);
#455=LINE('',#2671,#644);
#456=LINE('',#2672,#645);
#457=LINE('',#2676,#646);
#458=LINE('',#2678,#647);
#459=LINE('',#2680,#648);
#460=LINE('',#2681,#649);
#461=LINE('',#2685,#650);
#462=LINE('',#2686,#651);
#463=LINE('',#2687,#652);
#464=LINE('',#2691,#653);
#465=LINE('',#2693,#654);
#466=LINE('',#2695,#655);
#467=LINE('',#2696,#656);
#468=LINE('',#2700,#657);
#469=LINE('',#2701,#658);
#470=LINE('',#2702,#659);
#471=LINE('',#2706,#660);
#472=LINE('',#2708,#661);
#473=LINE('',#2710,#662);
#474=LINE('',#2711,#663);
#475=LINE('',#2715,#664);
#476=LINE('',#2716,#665);
#477=LINE('',#2717,#666);
#478=LINE('',#2721,#667);
#479=LINE('',#2723,#668);
#480=LINE('',#2725,#669);
#481=LINE('',#2726,#670);
#482=LINE('',#2730,#671);
#483=LINE('',#2731,#672);
#484=LINE('',#2732,#673);
#485=LINE('',#2736,#674);
#486=LINE('',#2738,#675);
#487=LINE('',#2740,#676);
#488=LINE('',#2741,#677);
#489=LINE('',#2745,#678);
#490=LINE('',#2746,#679);
#491=LINE('',#2747,#680);
#492=LINE('',#2749,#681);
#493=LINE('',#2750,#682);
#494=LINE('',#2752,#683);
#495=LINE('',#2753,#684);
#496=LINE('',#2755,#685);
#497=LINE('',#2756,#686);
#498=LINE('',#2758,#687);
#499=LINE('',#2759,#688);
#500=LINE('',#2761,#689);
#501=LINE('',#2762,#690);
#502=LINE('',#2764,#691);
#503=LINE('',#2765,#692);
#504=LINE('',#2767,#693);
#505=LINE('',#2769,#694);
#506=LINE('',#2771,#695);
#507=LINE('',#2773,#696);
#508=LINE('',#2775,#697);
#509=LINE('',#2777,#698);
#510=LINE('',#2781,#699);
#511=LINE('',#2782,#700);
#512=LINE('',#2784,#701);
#513=LINE('',#2786,#702);
#514=LINE('',#2788,#703);
#515=LINE('',#2790,#704);
#516=LINE('',#2791,#705);
#517=LINE('',#2794,#706);
#518=LINE('',#2795,#707);
#519=LINE('',#2798,#708);
#520=LINE('',#2800,#709);
#521=LINE('',#2802,#710);
#522=LINE('',#2804,#711);
#523=LINE('',#2806,#712);
#524=LINE('',#2807,#713);
#525=LINE('',#2809,#714);
#526=LINE('',#2811,#715);
#527=LINE('',#2813,#716);
#528=LINE('',#2815,#717);
#529=LINE('',#2817,#718);
#530=VECTOR('',#1867,10.);
#531=VECTOR('',#1870,10.);
#532=VECTOR('',#1875,10.);
#533=VECTOR('',#1876,10.);
#534=VECTOR('',#1881,10.);
#535=VECTOR('',#1884,10.);
#536=VECTOR('',#1887,10.);
#537=VECTOR('',#1890,10.);
#538=VECTOR('',#1893,10.);
#539=VECTOR('',#1898,10.);
#540=VECTOR('',#1901,10.);
#541=VECTOR('',#1904,10.);
#542=VECTOR('',#1907,10.);
#543=VECTOR('',#1910,10.);
#544=VECTOR('',#1911,10.);
#545=VECTOR('',#1912,10.);
#546=VECTOR('',#1915,10.);
#547=VECTOR('',#1916,10.);
#548=VECTOR('',#1917,10.);
#549=VECTOR('',#1920,10.);
#550=VECTOR('',#1921,10.);
#551=VECTOR('',#1926,10.);
#552=VECTOR('',#1929,10.);
#553=VECTOR('',#1934,10.);
#554=VECTOR('',#1935,10.);
#555=VECTOR('',#1936,10.);
#556=VECTOR('',#1943,10.);
#557=VECTOR('',#1948,10.);
#558=VECTOR('',#1951,10.);
#559=VECTOR('',#1954,10.);
#560=VECTOR('',#1955,10.);
#561=VECTOR('',#1958,10.);
#562=VECTOR('',#1959,10.);
#563=VECTOR('',#1960,10.);
#564=VECTOR('',#1963,10.);
#565=VECTOR('',#1968,10.);
#566=VECTOR('',#1969,10.);
#567=VECTOR('',#1974,10.);
#568=VECTOR('',#1979,10.);
#569=VECTOR('',#1982,10.);
#570=VECTOR('',#1985,10.);
#571=VECTOR('',#1988,10.);
#572=VECTOR('',#1999,10.);
#573=VECTOR('',#2002,10.);
#574=VECTOR('',#2005,10.);
#575=VECTOR('',#2006,10.);
#576=VECTOR('',#2009,10.);
#577=VECTOR('',#2010,10.);
#578=VECTOR('',#2011,10.);
#579=VECTOR('',#2012,10.);
#580=VECTOR('',#2013,10.);
#581=VECTOR('',#2014,10.);
#582=VECTOR('',#2015,10.);
#583=VECTOR('',#2016,10.);
#584=VECTOR('',#2017,10.);
#585=VECTOR('',#2018,10.);
#586=VECTOR('',#2019,10.);
#587=VECTOR('',#2026,10.);
#588=VECTOR('',#2029,10.);
#589=VECTOR('',#2030,10.);
#590=VECTOR('',#2031,10.);
#591=VECTOR('',#2032,10.);
#592=VECTOR('',#2033,10.);
#593=VECTOR('',#2034,10.);
#594=VECTOR('',#2053,10.);
#595=VECTOR('',#2054,10.);
#596=VECTOR('',#2057,10.);
#597=VECTOR('',#2058,10.);
#598=VECTOR('',#2061,10.);
#599=VECTOR('',#2068,10.);
#600=VECTOR('',#2069,10.);
#601=VECTOR('',#2080,10.);
#602=VECTOR('',#2083,10.);
#603=VECTOR('',#2084,10.);
#604=VECTOR('',#2087,10.);
#605=VECTOR('',#2090,10.);
#606=VECTOR('',#2093,10.);
#607=VECTOR('',#2096,10.);
#608=VECTOR('',#2099,10.);
#609=VECTOR('',#2104,10.);
#610=VECTOR('',#2105,10.);
#611=VECTOR('',#2106,10.);
#612=VECTOR('',#2107,10.);
#613=VECTOR('',#2108,10.);
#614=VECTOR('',#2109,10.);
#615=VECTOR('',#2110,10.);
#616=VECTOR('',#2111,10.);
#617=VECTOR('',#2112,10.);
#618=VECTOR('',#2113,10.);
#619=VECTOR('',#2114,10.);
#620=VECTOR('',#2115,10.);
#621=VECTOR('',#2116,10.);
#622=VECTOR('',#2117,10.);
#623=VECTOR('',#2122,10.);
#624=VECTOR('',#2123,10.);
#625=VECTOR('',#2126,10.);
#626=VECTOR('',#2127,10.);
#627=VECTOR('',#2130,10.);
#628=VECTOR('',#2131,10.);
#629=VECTOR('',#2134,10.);
#630=VECTOR('',#2139,10.);
#631=VECTOR('',#2140,10.);
#632=VECTOR('',#2147,1.450002540005);
#633=VECTOR('',#2154,2.05000381000801);
#634=VECTOR('',#2161,1.450002540005);
#635=VECTOR('',#2168,2.05000381000801);
#636=VECTOR('',#2175,10.);
#637=VECTOR('',#2180,10.);
#638=VECTOR('',#2183,10.);
#639=VECTOR('',#2186,10.);
#640=VECTOR('',#2187,10.);
#641=VECTOR('',#2188,10.);
#642=VECTOR('',#2189,10.);
#643=VECTOR('',#2192,10.);
#644=VECTOR('',#2193,10.);
#645=VECTOR('',#2194,10.);
#646=VECTOR('',#2197,10.);
#647=VECTOR('',#2198,10.);
#648=VECTOR('',#2199,10.);
#649=VECTOR('',#2200,10.);
#650=VECTOR('',#2203,10.);
#651=VECTOR('',#2204,10.);
#652=VECTOR('',#2205,10.);
#653=VECTOR('',#2208,10.);
#654=VECTOR('',#2209,10.);
#655=VECTOR('',#2210,10.);
#656=VECTOR('',#2211,10.);
#657=VECTOR('',#2214,10.);
#658=VECTOR('',#2215,10.);
#659=VECTOR('',#2216,10.);
#660=VECTOR('',#2219,10.);
#661=VECTOR('',#2220,10.);
#662=VECTOR('',#2221,10.);
#663=VECTOR('',#2222,10.);
#664=VECTOR('',#2225,10.);
#665=VECTOR('',#2226,10.);
#666=VECTOR('',#2227,10.);
#667=VECTOR('',#2230,10.);
#668=VECTOR('',#2231,10.);
#669=VECTOR('',#2232,10.);
#670=VECTOR('',#2233,10.);
#671=VECTOR('',#2236,10.);
#672=VECTOR('',#2237,10.);
#673=VECTOR('',#2238,10.);
#674=VECTOR('',#2241,10.);
#675=VECTOR('',#2242,10.);
#676=VECTOR('',#2243,10.);
#677=VECTOR('',#2244,10.);
#678=VECTOR('',#2247,10.);
#679=VECTOR('',#2248,10.);
#680=VECTOR('',#2249,10.);
#681=VECTOR('',#2252,10.);
#682=VECTOR('',#2253,10.);
#683=VECTOR('',#2256,10.);
#684=VECTOR('',#2257,10.);
#685=VECTOR('',#2260,10.);
#686=VECTOR('',#2261,10.);
#687=VECTOR('',#2264,10.);
#688=VECTOR('',#2265,10.);
#689=VECTOR('',#2268,10.);
#690=VECTOR('',#2269,10.);
#691=VECTOR('',#2272,10.);
#692=VECTOR('',#2273,10.);
#693=VECTOR('',#2276,10.);
#694=VECTOR('',#2279,10.);
#695=VECTOR('',#2282,10.);
#696=VECTOR('',#2285,10.);
#697=VECTOR('',#2288,10.);
#698=VECTOR('',#2291,10.);
#699=VECTOR('',#2294,10.);
#700=VECTOR('',#2295,10.);
#701=VECTOR('',#2296,10.);
#702=VECTOR('',#2297,10.);
#703=VECTOR('',#2298,10.);
#704=VECTOR('',#2299,10.);
#705=VECTOR('',#2300,10.);
#706=VECTOR('',#2303,10.);
#707=VECTOR('',#2304,10.);
#708=VECTOR('',#2307,10.);
#709=VECTOR('',#2308,10.);
#710=VECTOR('',#2309,10.);
#711=VECTOR('',#2310,10.);
#712=VECTOR('',#2311,10.);
#713=VECTOR('',#2312,10.);
#714=VECTOR('',#2315,10.);
#715=VECTOR('',#2318,10.);
#716=VECTOR('',#2321,10.);
#717=VECTOR('',#2324,10.);
#718=VECTOR('',#2327,10.);
#719=VERTEX_POINT('',#2336);
#720=VERTEX_POINT('',#2337);
#721=VERTEX_POINT('',#2339);
#722=VERTEX_POINT('',#2341);
#723=VERTEX_POINT('',#2345);
#724=VERTEX_POINT('',#2347);
#725=VERTEX_POINT('',#2351);
#726=VERTEX_POINT('',#2353);
#727=VERTEX_POINT('',#2359);
#728=VERTEX_POINT('',#2360);
#729=VERTEX_POINT('',#2362);
#730=VERTEX_POINT('',#2364);
#731=VERTEX_POINT('',#2368);
#732=VERTEX_POINT('',#2370);
#733=VERTEX_POINT('',#2374);
#734=VERTEX_POINT('',#2376);
#735=VERTEX_POINT('',#2380);
#736=VERTEX_POINT('',#2382);
#737=VERTEX_POINT('',#2386);
#738=VERTEX_POINT('',#2388);
#739=VERTEX_POINT('',#2392);
#740=VERTEX_POINT('',#2396);
#741=VERTEX_POINT('',#2397);
#742=VERTEX_POINT('',#2399);
#743=VERTEX_POINT('',#2401);
#744=VERTEX_POINT('',#2403);
#745=VERTEX_POINT('',#2407);
#746=VERTEX_POINT('',#2409);
#747=VERTEX_POINT('',#2412);
#748=VERTEX_POINT('',#2415);
#749=VERTEX_POINT('',#2417);
#750=VERTEX_POINT('',#2421);
#751=VERTEX_POINT('',#2423);
#752=VERTEX_POINT('',#2427);
#753=VERTEX_POINT('',#2431);
#754=VERTEX_POINT('',#2433);
#755=VERTEX_POINT('',#2438);
#756=VERTEX_POINT('',#2440);
#757=VERTEX_POINT('',#2445);
#758=VERTEX_POINT('',#2447);
#759=VERTEX_POINT('',#2451);
#760=VERTEX_POINT('',#2452);
#761=VERTEX_POINT('',#2457);
#762=VERTEX_POINT('',#2459);
#763=VERTEX_POINT('',#2463);
#764=VERTEX_POINT('',#2465);
#765=VERTEX_POINT('',#2469);
#766=VERTEX_POINT('',#2478);
#767=VERTEX_POINT('',#2480);
#768=VERTEX_POINT('',#2484);
#769=VERTEX_POINT('',#2488);
#770=VERTEX_POINT('',#2490);
#771=VERTEX_POINT('',#2493);
#772=VERTEX_POINT('',#2495);
#773=VERTEX_POINT('',#2497);
#774=VERTEX_POINT('',#2499);
#775=VERTEX_POINT('',#2501);
#776=VERTEX_POINT('',#2503);
#777=VERTEX_POINT('',#2505);
#778=VERTEX_POINT('',#2511);
#779=VERTEX_POINT('',#2516);
#780=VERTEX_POINT('',#2517);
#781=VERTEX_POINT('',#2519);
#782=VERTEX_POINT('',#2521);
#783=VERTEX_POINT('',#2525);
#784=VERTEX_POINT('',#2526);
#785=VERTEX_POINT('',#2531);
#786=VERTEX_POINT('',#2532);
#787=VERTEX_POINT('',#2534);
#788=VERTEX_POINT('',#2544);
#789=VERTEX_POINT('',#2545);
#790=VERTEX_POINT('',#2550);
#791=VERTEX_POINT('',#2552);
#792=VERTEX_POINT('',#2556);
#793=VERTEX_POINT('',#2571);
#794=VERTEX_POINT('',#2573);
#795=VERTEX_POINT('',#2575);
#796=VERTEX_POINT('',#2579);
#797=VERTEX_POINT('',#2582);
#798=VERTEX_POINT('',#2583);
#799=VERTEX_POINT('',#2585);
#800=VERTEX_POINT('',#2587);
#801=VERTEX_POINT('',#2590);
#802=VERTEX_POINT('',#2591);
#803=VERTEX_POINT('',#2593);
#804=VERTEX_POINT('',#2595);
#805=VERTEX_POINT('',#2598);
#806=VERTEX_POINT('',#2599);
#807=VERTEX_POINT('',#2601);
#808=VERTEX_POINT('',#2603);
#809=VERTEX_POINT('',#2611);
#810=VERTEX_POINT('',#2615);
#811=VERTEX_POINT('',#2627);
#812=VERTEX_POINT('',#2631);
#813=VERTEX_POINT('',#2633);
#814=VERTEX_POINT('',#2637);
#815=VERTEX_POINT('',#2639);
#816=VERTEX_POINT('',#2643);
#817=VERTEX_POINT('',#2645);
#818=VERTEX_POINT('',#2649);
#819=VERTEX_POINT('',#2651);
#820=VERTEX_POINT('',#2659);
#821=VERTEX_POINT('',#2660);
#822=VERTEX_POINT('',#2662);
#823=VERTEX_POINT('',#2664);
#824=VERTEX_POINT('',#2668);
#825=VERTEX_POINT('',#2669);
#826=VERTEX_POINT('',#2674);
#827=VERTEX_POINT('',#2675);
#828=VERTEX_POINT('',#2677);
#829=VERTEX_POINT('',#2679);
#830=VERTEX_POINT('',#2683);
#831=VERTEX_POINT('',#2684);
#832=VERTEX_POINT('',#2689);
#833=VERTEX_POINT('',#2690);
#834=VERTEX_POINT('',#2692);
#835=VERTEX_POINT('',#2694);
#836=VERTEX_POINT('',#2698);
#837=VERTEX_POINT('',#2699);
#838=VERTEX_POINT('',#2704);
#839=VERTEX_POINT('',#2705);
#840=VERTEX_POINT('',#2707);
#841=VERTEX_POINT('',#2709);
#842=VERTEX_POINT('',#2713);
#843=VERTEX_POINT('',#2714);
#844=VERTEX_POINT('',#2719);
#845=VERTEX_POINT('',#2720);
#846=VERTEX_POINT('',#2722);
#847=VERTEX_POINT('',#2724);
#848=VERTEX_POINT('',#2728);
#849=VERTEX_POINT('',#2729);
#850=VERTEX_POINT('',#2734);
#851=VERTEX_POINT('',#2735);
#852=VERTEX_POINT('',#2737);
#853=VERTEX_POINT('',#2739);
#854=VERTEX_POINT('',#2743);
#855=VERTEX_POINT('',#2744);
#856=VERTEX_POINT('',#2779);
#857=VERTEX_POINT('',#2780);
#858=VERTEX_POINT('',#2783);
#859=VERTEX_POINT('',#2785);
#860=VERTEX_POINT('',#2787);
#861=VERTEX_POINT('',#2789);
#862=VERTEX_POINT('',#2793);
#863=VERTEX_POINT('',#2797);
#864=VERTEX_POINT('',#2799);
#865=VERTEX_POINT('',#2801);
#866=VERTEX_POINT('',#2803);
#867=VERTEX_POINT('',#2805);
#868=EDGE_CURVE('',#719,#720,#341,.T.);
#869=EDGE_CURVE('',#720,#721,#312,.T.);
#870=EDGE_CURVE('',#721,#722,#342,.T.);
#871=EDGE_CURVE('',#722,#719,#293,.T.);
#872=EDGE_CURVE('',#723,#719,#343,.T.);
#873=EDGE_CURVE('',#722,#724,#344,.T.);
#874=EDGE_CURVE('',#724,#723,#294,.T.);
#875=EDGE_CURVE('',#724,#725,#345,.T.);
#876=EDGE_CURVE('',#725,#726,#313,.T.);
#877=EDGE_CURVE('',#726,#723,#346,.T.);
#878=EDGE_CURVE('',#721,#725,#347,.T.);
#879=EDGE_CURVE('',#727,#728,#348,.T.);
#880=EDGE_CURVE('',#728,#729,#314,.T.);
#881=EDGE_CURVE('',#729,#730,#349,.T.);
#882=EDGE_CURVE('',#730,#727,#295,.T.);
#883=EDGE_CURVE('',#730,#731,#350,.T.);
#884=EDGE_CURVE('',#731,#732,#296,.T.);
#885=EDGE_CURVE('',#732,#727,#351,.T.);
#886=EDGE_CURVE('',#731,#733,#352,.T.);
#887=EDGE_CURVE('',#733,#734,#315,.T.);
#888=EDGE_CURVE('',#734,#732,#353,.T.);
#889=EDGE_CURVE('',#735,#727,#354,.T.);
#890=EDGE_CURVE('',#736,#735,#355,.T.);
#891=EDGE_CURVE('',#736,#728,#356,.T.);
#892=EDGE_CURVE('',#737,#732,#357,.T.);
#893=EDGE_CURVE('',#737,#738,#358,.T.);
#894=EDGE_CURVE('',#735,#738,#359,.T.);
#895=EDGE_CURVE('',#739,#734,#360,.T.);
#896=EDGE_CURVE('',#739,#737,#361,.T.);
#897=EDGE_CURVE('',#740,#741,#297,.T.);
#898=EDGE_CURVE('',#741,#742,#362,.T.);
#899=EDGE_CURVE('',#742,#743,#298,.F.);
#900=EDGE_CURVE('',#743,#744,#363,.T.);
#901=EDGE_CURVE('',#744,#740,#299,.T.);
#902=EDGE_CURVE('',#745,#741,#364,.T.);
#903=EDGE_CURVE('',#746,#745,#365,.T.);
#904=EDGE_CURVE('',#746,#742,#366,.T.);
#905=EDGE_CURVE('',#747,#747,#316,.T.);
#906=EDGE_CURVE('',#748,#740,#300,.T.);
#907=EDGE_CURVE('',#748,#749,#367,.T.);
#908=EDGE_CURVE('',#745,#749,#317,.T.);
#909=EDGE_CURVE('',#744,#750,#368,.T.);
#910=EDGE_CURVE('',#750,#751,#301,.T.);
#911=EDGE_CURVE('',#751,#748,#369,.T.);
#912=EDGE_CURVE('',#752,#751,#370,.T.);
#913=EDGE_CURVE('',#749,#752,#371,.T.);
#914=EDGE_CURVE('',#750,#753,#372,.T.);
#915=EDGE_CURVE('',#753,#754,#20,.T.);
#916=EDGE_CURVE('',#754,#755,#373,.T.);
#917=EDGE_CURVE('',#755,#756,#21,.T.);
#918=EDGE_CURVE('',#756,#757,#374,.T.);
#919=EDGE_CURVE('',#757,#758,#302,.T.);
#920=EDGE_CURVE('',#758,#751,#375,.T.);
#921=EDGE_CURVE('',#759,#760,#318,.T.);
#922=EDGE_CURVE('',#760,#743,#376,.T.);
#923=EDGE_CURVE('',#742,#759,#377,.T.);
#924=EDGE_CURVE('',#745,#761,#319,.T.);
#925=EDGE_CURVE('',#761,#762,#378,.T.);
#926=EDGE_CURVE('',#762,#746,#303,.T.);
#927=EDGE_CURVE('',#762,#763,#379,.T.);
#928=EDGE_CURVE('',#763,#764,#304,.T.);
#929=EDGE_CURVE('',#764,#746,#380,.T.);
#930=EDGE_CURVE('',#763,#765,#381,.T.);
#931=EDGE_CURVE('',#765,#759,#320,.T.);
#932=EDGE_CURVE('',#759,#764,#382,.T.);
#933=EDGE_CURVE('',#749,#761,#321,.T.);
#934=EDGE_CURVE('',#765,#760,#322,.T.);
#935=EDGE_CURVE('',#765,#766,#383,.T.);
#936=EDGE_CURVE('',#766,#767,#323,.F.);
#937=EDGE_CURVE('',#767,#760,#384,.T.);
#938=EDGE_CURVE('',#768,#763,#385,.T.);
#939=EDGE_CURVE('',#766,#768,#386,.T.);
#940=EDGE_CURVE('',#769,#761,#387,.T.);
#941=EDGE_CURVE('',#769,#770,#388,.T.);
#942=EDGE_CURVE('',#770,#736,#389,.T.);
#943=EDGE_CURVE('',#738,#771,#390,.T.);
#944=EDGE_CURVE('',#771,#772,#391,.T.);
#945=EDGE_CURVE('',#772,#773,#392,.T.);
#946=EDGE_CURVE('',#773,#774,#393,.T.);
#947=EDGE_CURVE('',#774,#775,#394,.T.);
#948=EDGE_CURVE('',#776,#775,#395,.T.);
#949=EDGE_CURVE('',#777,#776,#396,.T.);
#950=EDGE_CURVE('',#768,#777,#397,.T.);
#951=EDGE_CURVE('',#752,#769,#324,.T.);
#952=EDGE_CURVE('',#778,#758,#398,.T.);
#953=EDGE_CURVE('',#775,#778,#325,.T.);
#954=EDGE_CURVE('',#771,#774,#399,.T.);
#955=EDGE_CURVE('',#770,#738,#400,.T.);
#956=EDGE_CURVE('',#779,#780,#401,.T.);
#957=EDGE_CURVE('',#779,#781,#402,.T.);
#958=EDGE_CURVE('',#782,#781,#403,.T.);
#959=EDGE_CURVE('',#780,#782,#404,.T.);
#960=EDGE_CURVE('',#783,#784,#326,.F.);
#961=EDGE_CURVE('',#776,#783,#327,.F.);
#962=EDGE_CURVE('',#784,#776,#328,.F.);
#963=EDGE_CURVE('',#785,#786,#329,.F.);
#964=EDGE_CURVE('',#787,#785,#330,.F.);
#965=EDGE_CURVE('',#786,#787,#331,.F.);
#966=EDGE_CURVE('',#785,#783,#405,.T.);
#967=EDGE_CURVE('',#784,#787,#406,.T.);
#968=EDGE_CURVE('',#757,#786,#407,.T.);
#969=EDGE_CURVE('',#787,#758,#408,.T.);
#970=EDGE_CURVE('',#788,#789,#409,.T.);
#971=EDGE_CURVE('',#789,#768,#305,.T.);
#972=EDGE_CURVE('',#777,#788,#306,.T.);
#973=EDGE_CURVE('',#790,#785,#410,.T.);
#974=EDGE_CURVE('',#786,#791,#411,.T.);
#975=EDGE_CURVE('',#791,#790,#307,.T.);
#976=EDGE_CURVE('',#792,#766,#332,.F.);
#977=EDGE_CURVE('',#767,#792,#333,.F.);
#978=EDGE_CURVE('',#789,#792,#412,.T.);
#979=EDGE_CURVE('',#791,#767,#413,.T.);
#980=EDGE_CURVE('',#792,#790,#414,.T.);
#981=EDGE_CURVE('',#783,#788,#415,.T.);
#982=EDGE_CURVE('',#778,#784,#416,.T.);
#983=EDGE_CURVE('',#788,#790,#417,.T.);
#984=EDGE_CURVE('',#753,#793,#418,.T.);
#985=EDGE_CURVE('',#793,#794,#308,.T.);
#986=EDGE_CURVE('',#795,#794,#419,.T.);
#987=EDGE_CURVE('',#795,#754,#309,.T.);
#988=EDGE_CURVE('',#796,#756,#420,.T.);
#989=EDGE_CURVE('',#793,#796,#421,.T.);
#990=EDGE_CURVE('',#797,#798,#422,.T.);
#991=EDGE_CURVE('',#798,#799,#423,.T.);
#992=EDGE_CURVE('',#799,#800,#424,.T.);
#993=EDGE_CURVE('',#800,#797,#425,.T.);
#994=EDGE_CURVE('',#801,#802,#426,.T.);
#995=EDGE_CURVE('',#802,#803,#427,.T.);
#996=EDGE_CURVE('',#803,#804,#428,.T.);
#997=EDGE_CURVE('',#804,#801,#429,.T.);
#998=EDGE_CURVE('',#805,#806,#430,.T.);
#999=EDGE_CURVE('',#806,#807,#431,.T.);
#1000=EDGE_CURVE('',#807,#808,#432,.T.);
#1001=EDGE_CURVE('',#808,#805,#433,.T.);
#1002=EDGE_CURVE('',#773,#726,#434,.T.);
#1003=EDGE_CURVE('',#772,#723,#435,.T.);
#1004=EDGE_CURVE('',#809,#720,#436,.T.);
#1005=EDGE_CURVE('',#774,#809,#437,.T.);
#1006=EDGE_CURVE('',#810,#719,#438,.T.);
#1007=EDGE_CURVE('',#809,#810,#439,.T.);
#1008=EDGE_CURVE('',#810,#771,#440,.T.);
#1009=EDGE_CURVE('',#770,#739,#441,.T.);
#1010=EDGE_CURVE('',#729,#733,#442,.T.);
#1011=EDGE_CURVE('',#747,#811,#443,.T.);
#1012=EDGE_CURVE('',#811,#811,#334,.T.);
#1013=EDGE_CURVE('',#812,#812,#335,.T.);
#1014=EDGE_CURVE('',#812,#813,#444,.T.);
#1015=EDGE_CURVE('',#813,#813,#336,.T.);
#1016=EDGE_CURVE('',#814,#814,#337,.T.);
#1017=EDGE_CURVE('',#814,#815,#445,.T.);
#1018=EDGE_CURVE('',#815,#815,#338,.T.);
#1019=EDGE_CURVE('',#816,#816,#339,.T.);
#1020=EDGE_CURVE('',#816,#817,#446,.T.);
#1021=EDGE_CURVE('',#817,#817,#340,.T.);
#1022=EDGE_CURVE('',#818,#755,#310,.T.);
#1023=EDGE_CURVE('',#819,#818,#447,.T.);
#1024=EDGE_CURVE('',#819,#796,#311,.T.);
#1025=EDGE_CURVE('',#794,#819,#448,.T.);
#1026=EDGE_CURVE('',#818,#795,#449,.T.);
#1027=EDGE_CURVE('',#820,#821,#450,.T.);
#1028=EDGE_CURVE('',#820,#822,#451,.T.);
#1029=EDGE_CURVE('',#822,#823,#452,.T.);
#1030=EDGE_CURVE('',#821,#823,#453,.T.);
#1031=EDGE_CURVE('',#824,#825,#454,.T.);
#1032=EDGE_CURVE('',#823,#824,#455,.T.);
#1033=EDGE_CURVE('',#825,#822,#456,.T.);
#1034=EDGE_CURVE('',#826,#827,#457,.T.);
#1035=EDGE_CURVE('',#826,#828,#458,.T.);
#1036=EDGE_CURVE('',#828,#829,#459,.T.);
#1037=EDGE_CURVE('',#827,#829,#460,.T.);
#1038=EDGE_CURVE('',#830,#831,#461,.T.);
#1039=EDGE_CURVE('',#829,#830,#462,.T.);
#1040=EDGE_CURVE('',#831,#828,#463,.T.);
#1041=EDGE_CURVE('',#832,#833,#464,.T.);
#1042=EDGE_CURVE('',#832,#834,#465,.T.);
#1043=EDGE_CURVE('',#834,#835,#466,.T.);
#1044=EDGE_CURVE('',#833,#835,#467,.T.);
#1045=EDGE_CURVE('',#836,#837,#468,.T.);
#1046=EDGE_CURVE('',#835,#836,#469,.T.);
#1047=EDGE_CURVE('',#837,#834,#470,.T.);
#1048=EDGE_CURVE('',#838,#839,#471,.T.);
#1049=EDGE_CURVE('',#838,#840,#472,.T.);
#1050=EDGE_CURVE('',#840,#841,#473,.T.);
#1051=EDGE_CURVE('',#839,#841,#474,.T.);
#1052=EDGE_CURVE('',#842,#843,#475,.T.);
#1053=EDGE_CURVE('',#841,#842,#476,.T.);
#1054=EDGE_CURVE('',#843,#840,#477,.T.);
#1055=EDGE_CURVE('',#844,#845,#478,.T.);
#1056=EDGE_CURVE('',#844,#846,#479,.T.);
#1057=EDGE_CURVE('',#846,#847,#480,.T.);
#1058=EDGE_CURVE('',#845,#847,#481,.T.);
#1059=EDGE_CURVE('',#848,#849,#482,.T.);
#1060=EDGE_CURVE('',#847,#848,#483,.T.);
#1061=EDGE_CURVE('',#849,#846,#484,.T.);
#1062=EDGE_CURVE('',#850,#851,#485,.T.);
#1063=EDGE_CURVE('',#850,#852,#486,.T.);
#1064=EDGE_CURVE('',#852,#853,#487,.T.);
#1065=EDGE_CURVE('',#851,#853,#488,.T.);
#1066=EDGE_CURVE('',#854,#855,#489,.T.);
#1067=EDGE_CURVE('',#853,#854,#490,.T.);
#1068=EDGE_CURVE('',#855,#852,#491,.T.);
#1069=EDGE_CURVE('',#825,#800,#492,.T.);
#1070=EDGE_CURVE('',#824,#799,#493,.T.);
#1071=EDGE_CURVE('',#831,#806,#494,.T.);
#1072=EDGE_CURVE('',#830,#805,#495,.T.);
#1073=EDGE_CURVE('',#837,#802,#496,.T.);
#1074=EDGE_CURVE('',#836,#801,#497,.T.);
#1075=EDGE_CURVE('',#843,#798,#498,.T.);
#1076=EDGE_CURVE('',#842,#797,#499,.T.);
#1077=EDGE_CURVE('',#849,#808,#500,.T.);
#1078=EDGE_CURVE('',#848,#807,#501,.T.);
#1079=EDGE_CURVE('',#855,#804,#502,.T.);
#1080=EDGE_CURVE('',#854,#803,#503,.T.);
#1081=EDGE_CURVE('',#821,#838,#504,.T.);
#1082=EDGE_CURVE('',#839,#820,#505,.T.);
#1083=EDGE_CURVE('',#851,#832,#506,.T.);
#1084=EDGE_CURVE('',#833,#850,#507,.T.);
#1085=EDGE_CURVE('',#845,#826,#508,.T.);
#1086=EDGE_CURVE('',#827,#844,#509,.T.);
#1087=EDGE_CURVE('',#856,#857,#510,.T.);
#1088=EDGE_CURVE('',#779,#856,#511,.T.);
#1089=EDGE_CURVE('',#858,#780,#512,.T.);
#1090=EDGE_CURVE('',#859,#858,#513,.T.);
#1091=EDGE_CURVE('',#860,#859,#514,.T.);
#1092=EDGE_CURVE('',#861,#860,#515,.T.);
#1093=EDGE_CURVE('',#857,#861,#516,.T.);
#1094=EDGE_CURVE('',#856,#862,#517,.T.);
#1095=EDGE_CURVE('',#862,#781,#518,.T.);
#1096=EDGE_CURVE('',#863,#862,#519,.T.);
#1097=EDGE_CURVE('',#864,#863,#520,.T.);
#1098=EDGE_CURVE('',#865,#864,#521,.T.);
#1099=EDGE_CURVE('',#866,#865,#522,.T.);
#1100=EDGE_CURVE('',#867,#866,#523,.T.);
#1101=EDGE_CURVE('',#782,#867,#524,.T.);
#1102=EDGE_CURVE('',#858,#867,#525,.T.);
#1103=EDGE_CURVE('',#859,#866,#526,.T.);
#1104=EDGE_CURVE('',#860,#865,#527,.T.);
#1105=EDGE_CURVE('',#861,#864,#528,.T.);
#1106=EDGE_CURVE('',#857,#863,#529,.T.);
#1107=ORIENTED_EDGE('',*,*,#868,.T.);
#1108=ORIENTED_EDGE('',*,*,#869,.T.);
#1109=ORIENTED_EDGE('',*,*,#870,.T.);
#1110=ORIENTED_EDGE('',*,*,#871,.T.);
#1111=ORIENTED_EDGE('',*,*,#872,.T.);
#1112=ORIENTED_EDGE('',*,*,#871,.F.);
#1113=ORIENTED_EDGE('',*,*,#873,.T.);
#1114=ORIENTED_EDGE('',*,*,#874,.T.);
#1115=ORIENTED_EDGE('',*,*,#875,.T.);
#1116=ORIENTED_EDGE('',*,*,#876,.T.);
#1117=ORIENTED_EDGE('',*,*,#877,.T.);
#1118=ORIENTED_EDGE('',*,*,#874,.F.);
#1119=ORIENTED_EDGE('',*,*,#875,.F.);
#1120=ORIENTED_EDGE('',*,*,#873,.F.);
#1121=ORIENTED_EDGE('',*,*,#870,.F.);
#1122=ORIENTED_EDGE('',*,*,#878,.T.);
#1123=ORIENTED_EDGE('',*,*,#879,.T.);
#1124=ORIENTED_EDGE('',*,*,#880,.T.);
#1125=ORIENTED_EDGE('',*,*,#881,.T.);
#1126=ORIENTED_EDGE('',*,*,#882,.T.);
#1127=ORIENTED_EDGE('',*,*,#883,.T.);
#1128=ORIENTED_EDGE('',*,*,#884,.T.);
#1129=ORIENTED_EDGE('',*,*,#885,.T.);
#1130=ORIENTED_EDGE('',*,*,#882,.F.);
#1131=ORIENTED_EDGE('',*,*,#886,.T.);
#1132=ORIENTED_EDGE('',*,*,#887,.T.);
#1133=ORIENTED_EDGE('',*,*,#888,.T.);
#1134=ORIENTED_EDGE('',*,*,#884,.F.);
#1135=ORIENTED_EDGE('',*,*,#879,.F.);
#1136=ORIENTED_EDGE('',*,*,#889,.F.);
#1137=ORIENTED_EDGE('',*,*,#890,.F.);
#1138=ORIENTED_EDGE('',*,*,#891,.T.);
#1139=ORIENTED_EDGE('',*,*,#885,.F.);
#1140=ORIENTED_EDGE('',*,*,#892,.F.);
#1141=ORIENTED_EDGE('',*,*,#893,.T.);
#1142=ORIENTED_EDGE('',*,*,#894,.F.);
#1143=ORIENTED_EDGE('',*,*,#889,.T.);
#1144=ORIENTED_EDGE('',*,*,#888,.F.);
#1145=ORIENTED_EDGE('',*,*,#895,.F.);
#1146=ORIENTED_EDGE('',*,*,#896,.T.);
#1147=ORIENTED_EDGE('',*,*,#892,.T.);
#1148=ORIENTED_EDGE('',*,*,#897,.T.);
#1149=ORIENTED_EDGE('',*,*,#898,.T.);
#1150=ORIENTED_EDGE('',*,*,#899,.T.);
#1151=ORIENTED_EDGE('',*,*,#900,.T.);
#1152=ORIENTED_EDGE('',*,*,#901,.T.);
#1153=ORIENTED_EDGE('',*,*,#898,.F.);
#1154=ORIENTED_EDGE('',*,*,#902,.F.);
#1155=ORIENTED_EDGE('',*,*,#903,.F.);
#1156=ORIENTED_EDGE('',*,*,#904,.T.);
#1157=ORIENTED_EDGE('',*,*,#905,.T.);
#1158=ORIENTED_EDGE('',*,*,#897,.F.);
#1159=ORIENTED_EDGE('',*,*,#906,.F.);
#1160=ORIENTED_EDGE('',*,*,#907,.T.);
#1161=ORIENTED_EDGE('',*,*,#908,.F.);
#1162=ORIENTED_EDGE('',*,*,#902,.T.);
#1163=ORIENTED_EDGE('',*,*,#901,.F.);
#1164=ORIENTED_EDGE('',*,*,#909,.T.);
#1165=ORIENTED_EDGE('',*,*,#910,.T.);
#1166=ORIENTED_EDGE('',*,*,#911,.T.);
#1167=ORIENTED_EDGE('',*,*,#906,.T.);
#1168=ORIENTED_EDGE('',*,*,#911,.F.);
#1169=ORIENTED_EDGE('',*,*,#912,.F.);
#1170=ORIENTED_EDGE('',*,*,#913,.F.);
#1171=ORIENTED_EDGE('',*,*,#907,.F.);
#1172=ORIENTED_EDGE('',*,*,#910,.F.);
#1173=ORIENTED_EDGE('',*,*,#914,.T.);
#1174=ORIENTED_EDGE('',*,*,#915,.T.);
#1175=ORIENTED_EDGE('',*,*,#916,.T.);
#1176=ORIENTED_EDGE('',*,*,#917,.T.);
#1177=ORIENTED_EDGE('',*,*,#918,.T.);
#1178=ORIENTED_EDGE('',*,*,#919,.T.);
#1179=ORIENTED_EDGE('',*,*,#920,.T.);
#1180=ORIENTED_EDGE('',*,*,#921,.T.);
#1181=ORIENTED_EDGE('',*,*,#922,.T.);
#1182=ORIENTED_EDGE('',*,*,#899,.F.);
#1183=ORIENTED_EDGE('',*,*,#923,.T.);
#1184=ORIENTED_EDGE('',*,*,#903,.T.);
#1185=ORIENTED_EDGE('',*,*,#924,.T.);
#1186=ORIENTED_EDGE('',*,*,#925,.T.);
#1187=ORIENTED_EDGE('',*,*,#926,.T.);
#1188=ORIENTED_EDGE('',*,*,#927,.T.);
#1189=ORIENTED_EDGE('',*,*,#928,.T.);
#1190=ORIENTED_EDGE('',*,*,#929,.T.);
#1191=ORIENTED_EDGE('',*,*,#926,.F.);
#1192=ORIENTED_EDGE('',*,*,#930,.T.);
#1193=ORIENTED_EDGE('',*,*,#931,.T.);
#1194=ORIENTED_EDGE('',*,*,#932,.T.);
#1195=ORIENTED_EDGE('',*,*,#928,.F.);
#1196=ORIENTED_EDGE('',*,*,#924,.F.);
#1197=ORIENTED_EDGE('',*,*,#908,.T.);
#1198=ORIENTED_EDGE('',*,*,#933,.T.);
#1199=ORIENTED_EDGE('',*,*,#931,.F.);
#1200=ORIENTED_EDGE('',*,*,#934,.T.);
#1201=ORIENTED_EDGE('',*,*,#921,.F.);
#1202=ORIENTED_EDGE('',*,*,#934,.F.);
#1203=ORIENTED_EDGE('',*,*,#935,.T.);
#1204=ORIENTED_EDGE('',*,*,#936,.T.);
#1205=ORIENTED_EDGE('',*,*,#937,.T.);
#1206=ORIENTED_EDGE('',*,*,#930,.F.);
#1207=ORIENTED_EDGE('',*,*,#938,.F.);
#1208=ORIENTED_EDGE('',*,*,#939,.F.);
#1209=ORIENTED_EDGE('',*,*,#935,.F.);
#1210=ORIENTED_EDGE('',*,*,#927,.F.);
#1211=ORIENTED_EDGE('',*,*,#925,.F.);
#1212=ORIENTED_EDGE('',*,*,#940,.F.);
#1213=ORIENTED_EDGE('',*,*,#941,.T.);
#1214=ORIENTED_EDGE('',*,*,#942,.T.);
#1215=ORIENTED_EDGE('',*,*,#890,.T.);
#1216=ORIENTED_EDGE('',*,*,#894,.T.);
#1217=ORIENTED_EDGE('',*,*,#943,.T.);
#1218=ORIENTED_EDGE('',*,*,#944,.T.);
#1219=ORIENTED_EDGE('',*,*,#945,.T.);
#1220=ORIENTED_EDGE('',*,*,#946,.T.);
#1221=ORIENTED_EDGE('',*,*,#947,.T.);
#1222=ORIENTED_EDGE('',*,*,#948,.F.);
#1223=ORIENTED_EDGE('',*,*,#949,.F.);
#1224=ORIENTED_EDGE('',*,*,#950,.F.);
#1225=ORIENTED_EDGE('',*,*,#938,.T.);
#1226=ORIENTED_EDGE('',*,*,#933,.F.);
#1227=ORIENTED_EDGE('',*,*,#913,.T.);
#1228=ORIENTED_EDGE('',*,*,#951,.T.);
#1229=ORIENTED_EDGE('',*,*,#940,.T.);
#1230=ORIENTED_EDGE('',*,*,#951,.F.);
#1231=ORIENTED_EDGE('',*,*,#912,.T.);
#1232=ORIENTED_EDGE('',*,*,#920,.F.);
#1233=ORIENTED_EDGE('',*,*,#952,.F.);
#1234=ORIENTED_EDGE('',*,*,#953,.F.);
#1235=ORIENTED_EDGE('',*,*,#947,.F.);
#1236=ORIENTED_EDGE('',*,*,#954,.F.);
#1237=ORIENTED_EDGE('',*,*,#943,.F.);
#1238=ORIENTED_EDGE('',*,*,#955,.F.);
#1239=ORIENTED_EDGE('',*,*,#941,.F.);
#1240=ORIENTED_EDGE('',*,*,#956,.F.);
#1241=ORIENTED_EDGE('',*,*,#957,.T.);
#1242=ORIENTED_EDGE('',*,*,#958,.F.);
#1243=ORIENTED_EDGE('',*,*,#959,.F.);
#1244=ORIENTED_EDGE('',*,*,#960,.F.);
#1245=ORIENTED_EDGE('',*,*,#961,.F.);
#1246=ORIENTED_EDGE('',*,*,#962,.F.);
#1247=ORIENTED_EDGE('',*,*,#963,.F.);
#1248=ORIENTED_EDGE('',*,*,#964,.F.);
#1249=ORIENTED_EDGE('',*,*,#965,.F.);
#1250=ORIENTED_EDGE('',*,*,#964,.T.);
#1251=ORIENTED_EDGE('',*,*,#966,.T.);
#1252=ORIENTED_EDGE('',*,*,#960,.T.);
#1253=ORIENTED_EDGE('',*,*,#967,.T.);
#1254=ORIENTED_EDGE('',*,*,#968,.T.);
#1255=ORIENTED_EDGE('',*,*,#965,.T.);
#1256=ORIENTED_EDGE('',*,*,#969,.T.);
#1257=ORIENTED_EDGE('',*,*,#919,.F.);
#1258=ORIENTED_EDGE('',*,*,#970,.T.);
#1259=ORIENTED_EDGE('',*,*,#971,.T.);
#1260=ORIENTED_EDGE('',*,*,#950,.T.);
#1261=ORIENTED_EDGE('',*,*,#972,.T.);
#1262=ORIENTED_EDGE('',*,*,#973,.T.);
#1263=ORIENTED_EDGE('',*,*,#963,.T.);
#1264=ORIENTED_EDGE('',*,*,#974,.T.);
#1265=ORIENTED_EDGE('',*,*,#975,.T.);
#1266=ORIENTED_EDGE('',*,*,#936,.F.);
#1267=ORIENTED_EDGE('',*,*,#976,.F.);
#1268=ORIENTED_EDGE('',*,*,#977,.F.);
#1269=ORIENTED_EDGE('',*,*,#978,.T.);
#1270=ORIENTED_EDGE('',*,*,#976,.T.);
#1271=ORIENTED_EDGE('',*,*,#939,.T.);
#1272=ORIENTED_EDGE('',*,*,#971,.F.);
#1273=ORIENTED_EDGE('',*,*,#979,.T.);
#1274=ORIENTED_EDGE('',*,*,#977,.T.);
#1275=ORIENTED_EDGE('',*,*,#980,.T.);
#1276=ORIENTED_EDGE('',*,*,#975,.F.);
#1277=ORIENTED_EDGE('',*,*,#949,.T.);
#1278=ORIENTED_EDGE('',*,*,#961,.T.);
#1279=ORIENTED_EDGE('',*,*,#981,.T.);
#1280=ORIENTED_EDGE('',*,*,#972,.F.);
#1281=ORIENTED_EDGE('',*,*,#953,.T.);
#1282=ORIENTED_EDGE('',*,*,#982,.T.);
#1283=ORIENTED_EDGE('',*,*,#962,.T.);
#1284=ORIENTED_EDGE('',*,*,#948,.T.);
#1285=ORIENTED_EDGE('',*,*,#980,.F.);
#1286=ORIENTED_EDGE('',*,*,#978,.F.);
#1287=ORIENTED_EDGE('',*,*,#970,.F.);
#1288=ORIENTED_EDGE('',*,*,#983,.T.);
#1289=ORIENTED_EDGE('',*,*,#915,.F.);
#1290=ORIENTED_EDGE('',*,*,#984,.T.);
#1291=ORIENTED_EDGE('',*,*,#985,.T.);
#1292=ORIENTED_EDGE('',*,*,#986,.F.);
#1293=ORIENTED_EDGE('',*,*,#987,.T.);
#1294=ORIENTED_EDGE('',*,*,#922,.F.);
#1295=ORIENTED_EDGE('',*,*,#937,.F.);
#1296=ORIENTED_EDGE('',*,*,#979,.F.);
#1297=ORIENTED_EDGE('',*,*,#974,.F.);
#1298=ORIENTED_EDGE('',*,*,#968,.F.);
#1299=ORIENTED_EDGE('',*,*,#918,.F.);
#1300=ORIENTED_EDGE('',*,*,#988,.F.);
#1301=ORIENTED_EDGE('',*,*,#989,.F.);
#1302=ORIENTED_EDGE('',*,*,#984,.F.);
#1303=ORIENTED_EDGE('',*,*,#914,.F.);
#1304=ORIENTED_EDGE('',*,*,#909,.F.);
#1305=ORIENTED_EDGE('',*,*,#900,.F.);
#1306=ORIENTED_EDGE('',*,*,#990,.T.);
#1307=ORIENTED_EDGE('',*,*,#991,.T.);
#1308=ORIENTED_EDGE('',*,*,#992,.T.);
#1309=ORIENTED_EDGE('',*,*,#993,.T.);
#1310=ORIENTED_EDGE('',*,*,#994,.T.);
#1311=ORIENTED_EDGE('',*,*,#995,.T.);
#1312=ORIENTED_EDGE('',*,*,#996,.T.);
#1313=ORIENTED_EDGE('',*,*,#997,.T.);
#1314=ORIENTED_EDGE('',*,*,#998,.T.);
#1315=ORIENTED_EDGE('',*,*,#999,.T.);
#1316=ORIENTED_EDGE('',*,*,#1000,.T.);
#1317=ORIENTED_EDGE('',*,*,#1001,.T.);
#1318=ORIENTED_EDGE('',*,*,#969,.F.);
#1319=ORIENTED_EDGE('',*,*,#967,.F.);
#1320=ORIENTED_EDGE('',*,*,#982,.F.);
#1321=ORIENTED_EDGE('',*,*,#952,.T.);
#1322=ORIENTED_EDGE('',*,*,#877,.F.);
#1323=ORIENTED_EDGE('',*,*,#1002,.F.);
#1324=ORIENTED_EDGE('',*,*,#945,.F.);
#1325=ORIENTED_EDGE('',*,*,#1003,.T.);
#1326=ORIENTED_EDGE('',*,*,#876,.F.);
#1327=ORIENTED_EDGE('',*,*,#878,.F.);
#1328=ORIENTED_EDGE('',*,*,#869,.F.);
#1329=ORIENTED_EDGE('',*,*,#1004,.F.);
#1330=ORIENTED_EDGE('',*,*,#1005,.F.);
#1331=ORIENTED_EDGE('',*,*,#946,.F.);
#1332=ORIENTED_EDGE('',*,*,#1002,.T.);
#1333=ORIENTED_EDGE('',*,*,#868,.F.);
#1334=ORIENTED_EDGE('',*,*,#1006,.F.);
#1335=ORIENTED_EDGE('',*,*,#1007,.F.);
#1336=ORIENTED_EDGE('',*,*,#1004,.T.);
#1337=ORIENTED_EDGE('',*,*,#872,.F.);
#1338=ORIENTED_EDGE('',*,*,#1003,.F.);
#1339=ORIENTED_EDGE('',*,*,#944,.F.);
#1340=ORIENTED_EDGE('',*,*,#1008,.F.);
#1341=ORIENTED_EDGE('',*,*,#1006,.T.);
#1342=ORIENTED_EDGE('',*,*,#954,.T.);
#1343=ORIENTED_EDGE('',*,*,#1005,.T.);
#1344=ORIENTED_EDGE('',*,*,#1007,.T.);
#1345=ORIENTED_EDGE('',*,*,#1008,.T.);
#1346=ORIENTED_EDGE('',*,*,#880,.F.);
#1347=ORIENTED_EDGE('',*,*,#891,.F.);
#1348=ORIENTED_EDGE('',*,*,#942,.F.);
#1349=ORIENTED_EDGE('',*,*,#1009,.T.);
#1350=ORIENTED_EDGE('',*,*,#895,.T.);
#1351=ORIENTED_EDGE('',*,*,#887,.F.);
#1352=ORIENTED_EDGE('',*,*,#1010,.F.);
#1353=ORIENTED_EDGE('',*,*,#955,.T.);
#1354=ORIENTED_EDGE('',*,*,#893,.F.);
#1355=ORIENTED_EDGE('',*,*,#896,.F.);
#1356=ORIENTED_EDGE('',*,*,#1009,.F.);
#1357=ORIENTED_EDGE('',*,*,#881,.F.);
#1358=ORIENTED_EDGE('',*,*,#1010,.T.);
#1359=ORIENTED_EDGE('',*,*,#886,.F.);
#1360=ORIENTED_EDGE('',*,*,#883,.F.);
#1361=ORIENTED_EDGE('',*,*,#905,.F.);
#1362=ORIENTED_EDGE('',*,*,#1011,.T.);
#1363=ORIENTED_EDGE('',*,*,#1012,.F.);
#1364=ORIENTED_EDGE('',*,*,#1011,.F.);
#1365=ORIENTED_EDGE('',*,*,#1013,.F.);
#1366=ORIENTED_EDGE('',*,*,#1014,.T.);
#1367=ORIENTED_EDGE('',*,*,#1015,.F.);
#1368=ORIENTED_EDGE('',*,*,#1014,.F.);
#1369=ORIENTED_EDGE('',*,*,#1016,.F.);
#1370=ORIENTED_EDGE('',*,*,#1017,.T.);
#1371=ORIENTED_EDGE('',*,*,#1018,.F.);
#1372=ORIENTED_EDGE('',*,*,#1017,.F.);
#1373=ORIENTED_EDGE('',*,*,#1019,.F.);
#1374=ORIENTED_EDGE('',*,*,#1020,.T.);
#1375=ORIENTED_EDGE('',*,*,#1021,.F.);
#1376=ORIENTED_EDGE('',*,*,#1020,.F.);
#1377=ORIENTED_EDGE('',*,*,#917,.F.);
#1378=ORIENTED_EDGE('',*,*,#1022,.F.);
#1379=ORIENTED_EDGE('',*,*,#1023,.F.);
#1380=ORIENTED_EDGE('',*,*,#1024,.T.);
#1381=ORIENTED_EDGE('',*,*,#988,.T.);
#1382=ORIENTED_EDGE('',*,*,#989,.T.);
#1383=ORIENTED_EDGE('',*,*,#1024,.F.);
#1384=ORIENTED_EDGE('',*,*,#1025,.F.);
#1385=ORIENTED_EDGE('',*,*,#985,.F.);
#1386=ORIENTED_EDGE('',*,*,#916,.F.);
#1387=ORIENTED_EDGE('',*,*,#987,.F.);
#1388=ORIENTED_EDGE('',*,*,#1026,.F.);
#1389=ORIENTED_EDGE('',*,*,#1022,.T.);
#1390=ORIENTED_EDGE('',*,*,#1027,.F.);
#1391=ORIENTED_EDGE('',*,*,#1028,.T.);
#1392=ORIENTED_EDGE('',*,*,#1029,.T.);
#1393=ORIENTED_EDGE('',*,*,#1030,.F.);
#1394=ORIENTED_EDGE('',*,*,#1031,.F.);
#1395=ORIENTED_EDGE('',*,*,#1032,.F.);
#1396=ORIENTED_EDGE('',*,*,#1029,.F.);
#1397=ORIENTED_EDGE('',*,*,#1033,.F.);
#1398=ORIENTED_EDGE('',*,*,#1034,.F.);
#1399=ORIENTED_EDGE('',*,*,#1035,.T.);
#1400=ORIENTED_EDGE('',*,*,#1036,.T.);
#1401=ORIENTED_EDGE('',*,*,#1037,.F.);
#1402=ORIENTED_EDGE('',*,*,#1038,.F.);
#1403=ORIENTED_EDGE('',*,*,#1039,.F.);
#1404=ORIENTED_EDGE('',*,*,#1036,.F.);
#1405=ORIENTED_EDGE('',*,*,#1040,.F.);
#1406=ORIENTED_EDGE('',*,*,#1041,.F.);
#1407=ORIENTED_EDGE('',*,*,#1042,.T.);
#1408=ORIENTED_EDGE('',*,*,#1043,.T.);
#1409=ORIENTED_EDGE('',*,*,#1044,.F.);
#1410=ORIENTED_EDGE('',*,*,#1045,.F.);
#1411=ORIENTED_EDGE('',*,*,#1046,.F.);
#1412=ORIENTED_EDGE('',*,*,#1043,.F.);
#1413=ORIENTED_EDGE('',*,*,#1047,.F.);
#1414=ORIENTED_EDGE('',*,*,#1048,.F.);
#1415=ORIENTED_EDGE('',*,*,#1049,.T.);
#1416=ORIENTED_EDGE('',*,*,#1050,.T.);
#1417=ORIENTED_EDGE('',*,*,#1051,.F.);
#1418=ORIENTED_EDGE('',*,*,#1052,.F.);
#1419=ORIENTED_EDGE('',*,*,#1053,.F.);
#1420=ORIENTED_EDGE('',*,*,#1050,.F.);
#1421=ORIENTED_EDGE('',*,*,#1054,.F.);
#1422=ORIENTED_EDGE('',*,*,#1055,.F.);
#1423=ORIENTED_EDGE('',*,*,#1056,.T.);
#1424=ORIENTED_EDGE('',*,*,#1057,.T.);
#1425=ORIENTED_EDGE('',*,*,#1058,.F.);
#1426=ORIENTED_EDGE('',*,*,#1059,.F.);
#1427=ORIENTED_EDGE('',*,*,#1060,.F.);
#1428=ORIENTED_EDGE('',*,*,#1057,.F.);
#1429=ORIENTED_EDGE('',*,*,#1061,.F.);
#1430=ORIENTED_EDGE('',*,*,#1062,.F.);
#1431=ORIENTED_EDGE('',*,*,#1063,.T.);
#1432=ORIENTED_EDGE('',*,*,#1064,.T.);
#1433=ORIENTED_EDGE('',*,*,#1065,.F.);
#1434=ORIENTED_EDGE('',*,*,#1066,.F.);
#1435=ORIENTED_EDGE('',*,*,#1067,.F.);
#1436=ORIENTED_EDGE('',*,*,#1064,.F.);
#1437=ORIENTED_EDGE('',*,*,#1068,.F.);
#1438=ORIENTED_EDGE('',*,*,#1031,.T.);
#1439=ORIENTED_EDGE('',*,*,#1069,.T.);
#1440=ORIENTED_EDGE('',*,*,#992,.F.);
#1441=ORIENTED_EDGE('',*,*,#1070,.F.);
#1442=ORIENTED_EDGE('',*,*,#1038,.T.);
#1443=ORIENTED_EDGE('',*,*,#1071,.T.);
#1444=ORIENTED_EDGE('',*,*,#998,.F.);
#1445=ORIENTED_EDGE('',*,*,#1072,.F.);
#1446=ORIENTED_EDGE('',*,*,#1045,.T.);
#1447=ORIENTED_EDGE('',*,*,#1073,.T.);
#1448=ORIENTED_EDGE('',*,*,#994,.F.);
#1449=ORIENTED_EDGE('',*,*,#1074,.F.);
#1450=ORIENTED_EDGE('',*,*,#1052,.T.);
#1451=ORIENTED_EDGE('',*,*,#1075,.T.);
#1452=ORIENTED_EDGE('',*,*,#990,.F.);
#1453=ORIENTED_EDGE('',*,*,#1076,.F.);
#1454=ORIENTED_EDGE('',*,*,#1059,.T.);
#1455=ORIENTED_EDGE('',*,*,#1077,.T.);
#1456=ORIENTED_EDGE('',*,*,#1000,.F.);
#1457=ORIENTED_EDGE('',*,*,#1078,.F.);
#1458=ORIENTED_EDGE('',*,*,#1066,.T.);
#1459=ORIENTED_EDGE('',*,*,#1079,.T.);
#1460=ORIENTED_EDGE('',*,*,#996,.F.);
#1461=ORIENTED_EDGE('',*,*,#1080,.F.);
#1462=ORIENTED_EDGE('',*,*,#1081,.F.);
#1463=ORIENTED_EDGE('',*,*,#1030,.T.);
#1464=ORIENTED_EDGE('',*,*,#1032,.T.);
#1465=ORIENTED_EDGE('',*,*,#1070,.T.);
#1466=ORIENTED_EDGE('',*,*,#991,.F.);
#1467=ORIENTED_EDGE('',*,*,#1075,.F.);
#1468=ORIENTED_EDGE('',*,*,#1054,.T.);
#1469=ORIENTED_EDGE('',*,*,#1049,.F.);
#1470=ORIENTED_EDGE('',*,*,#1082,.F.);
#1471=ORIENTED_EDGE('',*,*,#1051,.T.);
#1472=ORIENTED_EDGE('',*,*,#1053,.T.);
#1473=ORIENTED_EDGE('',*,*,#1076,.T.);
#1474=ORIENTED_EDGE('',*,*,#993,.F.);
#1475=ORIENTED_EDGE('',*,*,#1069,.F.);
#1476=ORIENTED_EDGE('',*,*,#1033,.T.);
#1477=ORIENTED_EDGE('',*,*,#1028,.F.);
#1478=ORIENTED_EDGE('',*,*,#1083,.F.);
#1479=ORIENTED_EDGE('',*,*,#1065,.T.);
#1480=ORIENTED_EDGE('',*,*,#1067,.T.);
#1481=ORIENTED_EDGE('',*,*,#1080,.T.);
#1482=ORIENTED_EDGE('',*,*,#995,.F.);
#1483=ORIENTED_EDGE('',*,*,#1073,.F.);
#1484=ORIENTED_EDGE('',*,*,#1047,.T.);
#1485=ORIENTED_EDGE('',*,*,#1042,.F.);
#1486=ORIENTED_EDGE('',*,*,#1084,.F.);
#1487=ORIENTED_EDGE('',*,*,#1044,.T.);
#1488=ORIENTED_EDGE('',*,*,#1046,.T.);
#1489=ORIENTED_EDGE('',*,*,#1074,.T.);
#1490=ORIENTED_EDGE('',*,*,#997,.F.);
#1491=ORIENTED_EDGE('',*,*,#1079,.F.);
#1492=ORIENTED_EDGE('',*,*,#1068,.T.);
#1493=ORIENTED_EDGE('',*,*,#1063,.F.);
#1494=ORIENTED_EDGE('',*,*,#1085,.F.);
#1495=ORIENTED_EDGE('',*,*,#1058,.T.);
#1496=ORIENTED_EDGE('',*,*,#1060,.T.);
#1497=ORIENTED_EDGE('',*,*,#1078,.T.);
#1498=ORIENTED_EDGE('',*,*,#999,.F.);
#1499=ORIENTED_EDGE('',*,*,#1071,.F.);
#1500=ORIENTED_EDGE('',*,*,#1040,.T.);
#1501=ORIENTED_EDGE('',*,*,#1035,.F.);
#1502=ORIENTED_EDGE('',*,*,#1086,.F.);
#1503=ORIENTED_EDGE('',*,*,#1037,.T.);
#1504=ORIENTED_EDGE('',*,*,#1039,.T.);
#1505=ORIENTED_EDGE('',*,*,#1072,.T.);
#1506=ORIENTED_EDGE('',*,*,#1001,.F.);
#1507=ORIENTED_EDGE('',*,*,#1077,.F.);
#1508=ORIENTED_EDGE('',*,*,#1061,.T.);
#1509=ORIENTED_EDGE('',*,*,#1056,.F.);
#1510=ORIENTED_EDGE('',*,*,#1087,.F.);
#1511=ORIENTED_EDGE('',*,*,#1088,.F.);
#1512=ORIENTED_EDGE('',*,*,#956,.T.);
#1513=ORIENTED_EDGE('',*,*,#1089,.F.);
#1514=ORIENTED_EDGE('',*,*,#1090,.F.);
#1515=ORIENTED_EDGE('',*,*,#1091,.F.);
#1516=ORIENTED_EDGE('',*,*,#1092,.F.);
#1517=ORIENTED_EDGE('',*,*,#1093,.F.);
#1518=ORIENTED_EDGE('',*,*,#1088,.T.);
#1519=ORIENTED_EDGE('',*,*,#1094,.T.);
#1520=ORIENTED_EDGE('',*,*,#1095,.T.);
#1521=ORIENTED_EDGE('',*,*,#957,.F.);
#1522=ORIENTED_EDGE('',*,*,#1096,.F.);
#1523=ORIENTED_EDGE('',*,*,#1097,.F.);
#1524=ORIENTED_EDGE('',*,*,#1098,.F.);
#1525=ORIENTED_EDGE('',*,*,#1099,.F.);
#1526=ORIENTED_EDGE('',*,*,#1100,.F.);
#1527=ORIENTED_EDGE('',*,*,#1101,.F.);
#1528=ORIENTED_EDGE('',*,*,#958,.T.);
#1529=ORIENTED_EDGE('',*,*,#1095,.F.);
#1530=ORIENTED_EDGE('',*,*,#986,.T.);
#1531=ORIENTED_EDGE('',*,*,#1025,.T.);
#1532=ORIENTED_EDGE('',*,*,#1023,.T.);
#1533=ORIENTED_EDGE('',*,*,#1026,.T.);
#1534=ORIENTED_EDGE('',*,*,#1084,.T.);
#1535=ORIENTED_EDGE('',*,*,#1062,.T.);
#1536=ORIENTED_EDGE('',*,*,#1083,.T.);
#1537=ORIENTED_EDGE('',*,*,#1041,.T.);
#1538=ORIENTED_EDGE('',*,*,#1086,.T.);
#1539=ORIENTED_EDGE('',*,*,#1055,.T.);
#1540=ORIENTED_EDGE('',*,*,#1085,.T.);
#1541=ORIENTED_EDGE('',*,*,#1034,.T.);
#1542=ORIENTED_EDGE('',*,*,#1081,.T.);
#1543=ORIENTED_EDGE('',*,*,#1048,.T.);
#1544=ORIENTED_EDGE('',*,*,#1082,.T.);
#1545=ORIENTED_EDGE('',*,*,#1027,.T.);
#1546=ORIENTED_EDGE('',*,*,#1089,.T.);
#1547=ORIENTED_EDGE('',*,*,#959,.T.);
#1548=ORIENTED_EDGE('',*,*,#1101,.T.);
#1549=ORIENTED_EDGE('',*,*,#1102,.F.);
#1550=ORIENTED_EDGE('',*,*,#1090,.T.);
#1551=ORIENTED_EDGE('',*,*,#1102,.T.);
#1552=ORIENTED_EDGE('',*,*,#1100,.T.);
#1553=ORIENTED_EDGE('',*,*,#1103,.F.);
#1554=ORIENTED_EDGE('',*,*,#1012,.T.);
#1555=ORIENTED_EDGE('',*,*,#1091,.T.);
#1556=ORIENTED_EDGE('',*,*,#1103,.T.);
#1557=ORIENTED_EDGE('',*,*,#1099,.T.);
#1558=ORIENTED_EDGE('',*,*,#1104,.F.);
#1559=ORIENTED_EDGE('',*,*,#1092,.T.);
#1560=ORIENTED_EDGE('',*,*,#1104,.T.);
#1561=ORIENTED_EDGE('',*,*,#1098,.T.);
#1562=ORIENTED_EDGE('',*,*,#1105,.F.);
#1563=ORIENTED_EDGE('',*,*,#1093,.T.);
#1564=ORIENTED_EDGE('',*,*,#1105,.T.);
#1565=ORIENTED_EDGE('',*,*,#1097,.T.);
#1566=ORIENTED_EDGE('',*,*,#1106,.F.);
#1567=ORIENTED_EDGE('',*,*,#1087,.T.);
#1568=ORIENTED_EDGE('',*,*,#1106,.T.);
#1569=ORIENTED_EDGE('',*,*,#1096,.T.);
#1570=ORIENTED_EDGE('',*,*,#1094,.F.);
#1571=ORIENTED_EDGE('',*,*,#1015,.T.);
#1572=ORIENTED_EDGE('',*,*,#1018,.T.);
#1573=ORIENTED_EDGE('',*,*,#1021,.T.);
#1574=ORIENTED_EDGE('',*,*,#973,.F.);
#1575=ORIENTED_EDGE('',*,*,#983,.F.);
#1576=ORIENTED_EDGE('',*,*,#981,.F.);
#1577=ORIENTED_EDGE('',*,*,#966,.F.);
#1578=ORIENTED_EDGE('',*,*,#1013,.T.);
#1579=ORIENTED_EDGE('',*,*,#1016,.T.);
#1580=ORIENTED_EDGE('',*,*,#1019,.T.);
#1581=ORIENTED_EDGE('',*,*,#923,.F.);
#1582=ORIENTED_EDGE('',*,*,#904,.F.);
#1583=ORIENTED_EDGE('',*,*,#929,.F.);
#1584=ORIENTED_EDGE('',*,*,#932,.F.);
#1585=CYLINDRICAL_SURFACE('',#1723,0.5);
#1586=CYLINDRICAL_SURFACE('',#1726,0.5);
#1587=CYLINDRICAL_SURFACE('',#1728,0.5);
#1588=CYLINDRICAL_SURFACE('',#1731,0.5);
#1589=CYLINDRICAL_SURFACE('',#1734,0.5);
#1590=CYLINDRICAL_SURFACE('',#1736,0.5);
#1591=CYLINDRICAL_SURFACE('',#1741,1.);
#1592=CYLINDRICAL_SURFACE('',#1747,1.);
#1593=CYLINDRICAL_SURFACE('',#1750,1.);
#1594=CYLINDRICAL_SURFACE('',#1753,1.);
#1595=CYLINDRICAL_SURFACE('',#1755,1.);
#1596=CYLINDRICAL_SURFACE('',#1757,1.);
#1597=CYLINDRICAL_SURFACE('',#1760,1.);
#1598=CYLINDRICAL_SURFACE('',#1762,1.);
#1599=CYLINDRICAL_SURFACE('',#1768,1.);
#1600=CYLINDRICAL_SURFACE('',#1772,1.);
#1601=CYLINDRICAL_SURFACE('',#1784,1.);
#1602=CYLINDRICAL_SURFACE('',#1785,1.);
#1603=CYLINDRICAL_SURFACE('',#1786,1.);
#1604=CYLINDRICAL_SURFACE('',#1789,1.);
#1605=CYLINDRICAL_SURFACE('',#1794,1.);
#1606=CYLINDRICAL_SURFACE('',#1795,1.);
#1607=CYLINDRICAL_SURFACE('',#1796,1.);
#1608=CYLINDRICAL_SURFACE('',#1797,1.);
#1609=CYLINDRICAL_SURFACE('',#1799,2.);
#1610=CYLINDRICAL_SURFACE('',#1812,1.450002540005);
#1611=CYLINDRICAL_SURFACE('',#1814,2.05000381000801);
#1612=CYLINDRICAL_SURFACE('',#1817,1.450002540005);
#1613=CYLINDRICAL_SURFACE('',#1820,2.05000381000801);
#1614=CYLINDRICAL_SURFACE('',#1823,2.);
#1615=CYLINDRICAL_SURFACE('',#1826,2.);
#1616=CYLINDRICAL_SURFACE('',#1827,2.);
#1617=ADVANCED_FACE('',(#93),#1585,.T.);
#1618=ADVANCED_FACE('',(#94),#1586,.T.);
#1619=ADVANCED_FACE('',(#95),#1587,.T.);
#1620=ADVANCED_FACE('',(#96),#38,.T.);
#1621=ADVANCED_FACE('',(#97),#1588,.T.);
#1622=ADVANCED_FACE('',(#98),#1589,.T.);
#1623=ADVANCED_FACE('',(#99),#1590,.T.);
#1624=ADVANCED_FACE('',(#100),#39,.T.);
#1625=ADVANCED_FACE('',(#101),#40,.T.);
#1626=ADVANCED_FACE('',(#102),#41,.T.);
#1627=ADVANCED_FACE('',(#103),#1591,.T.);
#1628=ADVANCED_FACE('',(#104,#22),#42,.T.);
#1629=ADVANCED_FACE('',(#105),#1592,.T.);
#1630=ADVANCED_FACE('',(#106),#1593,.T.);
#1631=ADVANCED_FACE('',(#107),#43,.T.);
#1632=ADVANCED_FACE('',(#108),#1594,.T.);
#1633=ADVANCED_FACE('',(#109),#1595,.T.);
#1634=ADVANCED_FACE('',(#110),#1596,.T.);
#1635=ADVANCED_FACE('',(#111),#1597,.T.);
#1636=ADVANCED_FACE('',(#112),#1598,.T.);
#1637=ADVANCED_FACE('',(#113),#15,.T.);
#1638=ADVANCED_FACE('',(#114),#16,.T.);
#1639=ADVANCED_FACE('',(#115),#1599,.T.);
#1640=ADVANCED_FACE('',(#116),#44,.T.);
#1641=ADVANCED_FACE('',(#117),#45,.F.);
#1642=ADVANCED_FACE('',(#118),#1600,.T.);
#1643=ADVANCED_FACE('',(#119,#23),#46,.T.);
#1644=ADVANCED_FACE('',(#120),#17,.T.);
#1645=ADVANCED_FACE('',(#121),#18,.T.);
#1646=ADVANCED_FACE('',(#122),#1601,.T.);
#1647=ADVANCED_FACE('',(#123),#1602,.T.);
#1648=ADVANCED_FACE('',(#124),#1603,.T.);
#1649=ADVANCED_FACE('',(#125),#1604,.T.);
#1650=ADVANCED_FACE('',(#126),#19,.T.);
#1651=ADVANCED_FACE('',(#127),#1605,.T.);
#1652=ADVANCED_FACE('',(#128),#1606,.T.);
#1653=ADVANCED_FACE('',(#129),#1607,.T.);
#1654=ADVANCED_FACE('',(#130),#1608,.T.);
#1655=ADVANCED_FACE('',(#131),#47,.T.);
#1656=ADVANCED_FACE('',(#132),#1609,.T.);
#1657=ADVANCED_FACE('',(#133,#24,#25,#26),#48,.T.);
#1658=ADVANCED_FACE('',(#134),#49,.T.);
#1659=ADVANCED_FACE('',(#135),#50,.T.);
#1660=ADVANCED_FACE('',(#136),#51,.T.);
#1661=ADVANCED_FACE('',(#137),#52,.T.);
#1662=ADVANCED_FACE('',(#138),#53,.T.);
#1663=ADVANCED_FACE('',(#139),#54,.T.);
#1664=ADVANCED_FACE('',(#140),#55,.T.);
#1665=ADVANCED_FACE('',(#141),#56,.T.);
#1666=ADVANCED_FACE('',(#142),#57,.T.);
#1667=ADVANCED_FACE('',(#143),#1610,.F.);
#1668=ADVANCED_FACE('',(#144),#1611,.F.);
#1669=ADVANCED_FACE('',(#145),#1612,.F.);
#1670=ADVANCED_FACE('',(#146),#1613,.F.);
#1671=ADVANCED_FACE('',(#147),#1614,.T.);
#1672=ADVANCED_FACE('',(#148),#1615,.T.);
#1673=ADVANCED_FACE('',(#149),#1616,.T.);
#1674=ADVANCED_FACE('',(#150),#58,.F.);
#1675=ADVANCED_FACE('',(#151),#59,.F.);
#1676=ADVANCED_FACE('',(#152),#60,.F.);
#1677=ADVANCED_FACE('',(#153),#61,.F.);
#1678=ADVANCED_FACE('',(#154),#62,.F.);
#1679=ADVANCED_FACE('',(#155),#63,.F.);
#1680=ADVANCED_FACE('',(#156),#64,.F.);
#1681=ADVANCED_FACE('',(#157),#65,.F.);
#1682=ADVANCED_FACE('',(#158),#66,.F.);
#1683=ADVANCED_FACE('',(#159),#67,.F.);
#1684=ADVANCED_FACE('',(#160),#68,.F.);
#1685=ADVANCED_FACE('',(#161),#69,.F.);
#1686=ADVANCED_FACE('',(#162),#70,.F.);
#1687=ADVANCED_FACE('',(#163),#71,.F.);
#1688=ADVANCED_FACE('',(#164),#72,.F.);
#1689=ADVANCED_FACE('',(#165),#73,.F.);
#1690=ADVANCED_FACE('',(#166),#74,.F.);
#1691=ADVANCED_FACE('',(#167),#75,.F.);
#1692=ADVANCED_FACE('',(#168),#76,.F.);
#1693=ADVANCED_FACE('',(#169),#77,.F.);
#1694=ADVANCED_FACE('',(#170),#78,.F.);
#1695=ADVANCED_FACE('',(#171),#79,.F.);
#1696=ADVANCED_FACE('',(#172),#80,.F.);
#1697=ADVANCED_FACE('',(#173),#81,.F.);
#1698=ADVANCED_FACE('',(#174),#82,.T.);
#1699=ADVANCED_FACE('',(#175),#83,.T.);
#1700=ADVANCED_FACE('',(#176,#27,#28,#29,#30),#84,.F.);
#1701=ADVANCED_FACE('',(#177),#85,.T.);
#1702=ADVANCED_FACE('',(#178,#31),#86,.T.);
#1703=ADVANCED_FACE('',(#179),#87,.T.);
#1704=ADVANCED_FACE('',(#180),#88,.T.);
#1705=ADVANCED_FACE('',(#181),#89,.T.);
#1706=ADVANCED_FACE('',(#182,#32,#33,#34),#90,.T.);
#1707=ADVANCED_FACE('',(#183,#35,#36,#37),#91,.T.);
#1708=ADVANCED_FACE('',(#184),#92,.T.);
#1709=CLOSED_SHELL('',(#1617,#1618,#1619,#1620,#1621,#1622,#1623,#1624,
#1625,#1626,#1627,#1628,#1629,#1630,#1631,#1632,#1633,#1634,#1635,#1636,
#1637,#1638,#1639,#1640,#1641,#1642,#1643,#1644,#1645,#1646,#1647,#1648,
#1649,#1650,#1651,#1652,#1653,#1654,#1655,#1656,#1657,#1658,#1659,#1660,
#1661,#1662,#1663,#1664,#1665,#1666,#1667,#1668,#1669,#1670,#1671,#1672,
#1673,#1674,#1675,#1676,#1677,#1678,#1679,#1680,#1681,#1682,#1683,#1684,
#1685,#1686,#1687,#1688,#1689,#1690,#1691,#1692,#1693,#1694,#1695,#1696,
#1697,#1698,#1699,#1700,#1701,#1702,#1703,#1704,#1705,#1706,#1707,#1708));
#1710=DERIVED_UNIT_ELEMENT(#1712,1.);
#1711=DERIVED_UNIT_ELEMENT(#2826,-3.);
#1712=(
MASS_UNIT()
NAMED_UNIT(*)
SI_UNIT(.KILO.,.GRAM.)
);
#1713=DERIVED_UNIT((#1710,#1711));
#1714=MEASURE_REPRESENTATION_ITEM('density measure',
POSITIVE_RATIO_MEASURE(7850.),#1713);
#1715=PROPERTY_DEFINITION_REPRESENTATION(#1720,#1717);
#1716=PROPERTY_DEFINITION_REPRESENTATION(#1721,#1718);
#1717=REPRESENTATION('material name',(#1719),#2823);
#1718=REPRESENTATION('density',(#1714),#2823);
#1719=DESCRIPTIVE_REPRESENTATION_ITEM('Steel','Steel');
#1720=PROPERTY_DEFINITION('material property','material name',#2833);
#1721=PROPERTY_DEFINITION('material property','density of part',#2833);
#1722=AXIS2_PLACEMENT_3D('',#2334,#1863,#1864);
#1723=AXIS2_PLACEMENT_3D('',#2335,#1865,#1866);
#1724=AXIS2_PLACEMENT_3D('',#2340,#1868,#1869);
#1725=AXIS2_PLACEMENT_3D('',#2343,#1871,#1872);
#1726=AXIS2_PLACEMENT_3D('',#2344,#1873,#1874);
#1727=AXIS2_PLACEMENT_3D('',#2349,#1877,#1878);
#1728=AXIS2_PLACEMENT_3D('',#2350,#1879,#1880);
#1729=AXIS2_PLACEMENT_3D('',#2354,#1882,#1883);
#1730=AXIS2_PLACEMENT_3D('',#2356,#1885,#1886);
#1731=AXIS2_PLACEMENT_3D('',#2358,#1888,#1889);
#1732=AXIS2_PLACEMENT_3D('',#2363,#1891,#1892);
#1733=AXIS2_PLACEMENT_3D('',#2366,#1894,#1895);
#1734=AXIS2_PLACEMENT_3D('',#2367,#1896,#1897);
#1735=AXIS2_PLACEMENT_3D('',#2371,#1899,#1900);
#1736=AXIS2_PLACEMENT_3D('',#2373,#1902,#1903);
#1737=AXIS2_PLACEMENT_3D('',#2377,#1905,#1906);
#1738=AXIS2_PLACEMENT_3D('',#2379,#1908,#1909);
#1739=AXIS2_PLACEMENT_3D('',#2385,#1913,#1914);
#1740=AXIS2_PLACEMENT_3D('',#2391,#1918,#1919);
#1741=AXIS2_PLACEMENT_3D('',#2395,#1922,#1923);
#1742=AXIS2_PLACEMENT_3D('',#2398,#1924,#1925);
#1743=AXIS2_PLACEMENT_3D('',#2402,#1927,#1928);
#1744=AXIS2_PLACEMENT_3D('',#2405,#1930,#1931);
#1745=AXIS2_PLACEMENT_3D('',#2406,#1932,#1933);
#1746=AXIS2_PLACEMENT_3D('',#2413,#1937,#1938);
#1747=AXIS2_PLACEMENT_3D('',#2414,#1939,#1940);
#1748=AXIS2_PLACEMENT_3D('',#2416,#1941,#1942);
#1749=AXIS2_PLACEMENT_3D('',#2419,#1944,#1945);
#1750=AXIS2_PLACEMENT_3D('',#2420,#1946,#1947);
#1751=AXIS2_PLACEMENT_3D('',#2424,#1949,#1950);
#1752=AXIS2_PLACEMENT_3D('',#2426,#1952,#1953);
#1753=AXIS2_PLACEMENT_3D('',#2430,#1956,#1957);
#1754=AXIS2_PLACEMENT_3D('',#2448,#1961,#1962);
#1755=AXIS2_PLACEMENT_3D('',#2450,#1964,#1965);
#1756=AXIS2_PLACEMENT_3D('',#2453,#1966,#1967);
#1757=AXIS2_PLACEMENT_3D('',#2456,#1970,#1971);
#1758=AXIS2_PLACEMENT_3D('',#2458,#1972,#1973);
#1759=AXIS2_PLACEMENT_3D('',#2461,#1975,#1976);
#1760=AXIS2_PLACEMENT_3D('',#2462,#1977,#1978);
#1761=AXIS2_PLACEMENT_3D('',#2466,#1980,#1981);
#1762=AXIS2_PLACEMENT_3D('',#2468,#1983,#1984);
#1763=AXIS2_PLACEMENT_3D('',#2471,#1986,#1987);
#1764=AXIS2_PLACEMENT_3D('',#2473,#1989,#1990);
#1765=AXIS2_PLACEMENT_3D('',#2474,#1991,#1992);
#1766=AXIS2_PLACEMENT_3D('',#2475,#1993,#1994);
#1767=AXIS2_PLACEMENT_3D('',#2476,#1995,#1996);
#1768=AXIS2_PLACEMENT_3D('',#2477,#1997,#1998);
#1769=AXIS2_PLACEMENT_3D('',#2481,#2000,#2001);
#1770=AXIS2_PLACEMENT_3D('',#2483,#2003,#2004);
#1771=AXIS2_PLACEMENT_3D('',#2487,#2007,#2008);
#1772=AXIS2_PLACEMENT_3D('',#2508,#2020,#2021);
#1773=AXIS2_PLACEMENT_3D('',#2509,#2022,#2023);
#1774=AXIS2_PLACEMENT_3D('',#2510,#2024,#2025);
#1775=AXIS2_PLACEMENT_3D('',#2513,#2027,#2028);
#1776=AXIS2_PLACEMENT_3D('',#2524,#2035,#2036);
#1777=AXIS2_PLACEMENT_3D('',#2527,#2037,#2038);
#1778=AXIS2_PLACEMENT_3D('',#2528,#2039,#2040);
#1779=AXIS2_PLACEMENT_3D('',#2529,#2041,#2042);
#1780=AXIS2_PLACEMENT_3D('',#2530,#2043,#2044);
#1781=AXIS2_PLACEMENT_3D('',#2533,#2045,#2046);
#1782=AXIS2_PLACEMENT_3D('',#2535,#2047,#2048);
#1783=AXIS2_PLACEMENT_3D('',#2536,#2049,#2050);
#1784=AXIS2_PLACEMENT_3D('',#2537,#2051,#2052);
#1785=AXIS2_PLACEMENT_3D('',#2540,#2055,#2056);
#1786=AXIS2_PLACEMENT_3D('',#2543,#2059,#2060);
#1787=AXIS2_PLACEMENT_3D('',#2547,#2062,#2063);
#1788=AXIS2_PLACEMENT_3D('',#2548,#2064,#2065);
#1789=AXIS2_PLACEMENT_3D('',#2549,#2066,#2067);
#1790=AXIS2_PLACEMENT_3D('',#2554,#2070,#2071);
#1791=AXIS2_PLACEMENT_3D('',#2555,#2072,#2073);
#1792=AXIS2_PLACEMENT_3D('',#2557,#2074,#2075);
#1793=AXIS2_PLACEMENT_3D('',#2558,#2076,#2077);
#1794=AXIS2_PLACEMENT_3D('',#2559,#2078,#2079);
#1795=AXIS2_PLACEMENT_3D('',#2561,#2081,#2082);
#1796=AXIS2_PLACEMENT_3D('',#2564,#2085,#2086);
#1797=AXIS2_PLACEMENT_3D('',#2566,#2088,#2089);
#1798=AXIS2_PLACEMENT_3D('',#2568,#2091,#2092);
#1799=AXIS2_PLACEMENT_3D('',#2570,#2094,#2095);
#1800=AXIS2_PLACEMENT_3D('',#2574,#2097,#2098);
#1801=AXIS2_PLACEMENT_3D('',#2577,#2100,#2101);
#1802=AXIS2_PLACEMENT_3D('',#2578,#2102,#2103);
#1803=AXIS2_PLACEMENT_3D('',#2606,#2118,#2119);
#1804=AXIS2_PLACEMENT_3D('',#2607,#2120,#2121);
#1805=AXIS2_PLACEMENT_3D('',#2610,#2124,#2125);
#1806=AXIS2_PLACEMENT_3D('',#2614,#2128,#2129);
#1807=AXIS2_PLACEMENT_3D('',#2618,#2132,#2133);
#1808=AXIS2_PLACEMENT_3D('',#2620,#2135,#2136);
#1809=AXIS2_PLACEMENT_3D('',#2621,#2137,#2138);
#1810=AXIS2_PLACEMENT_3D('',#2624,#2141,#2142);
#1811=AXIS2_PLACEMENT_3D('',#2625,#2143,#2144);
#1812=AXIS2_PLACEMENT_3D('',#2626,#2145,#2146);
#1813=AXIS2_PLACEMENT_3D('',#2629,#2148,#2149);
#1814=AXIS2_PLACEMENT_3D('',#2630,#2150,#2151);
#1815=AXIS2_PLACEMENT_3D('',#2632,#2152,#2153);
#1816=AXIS2_PLACEMENT_3D('',#2635,#2155,#2156);
#1817=AXIS2_PLACEMENT_3D('',#2636,#2157,#2158);
#1818=AXIS2_PLACEMENT_3D('',#2638,#2159,#2160);
#1819=AXIS2_PLACEMENT_3D('',#2641,#2162,#2163);
#1820=AXIS2_PLACEMENT_3D('',#2642,#2164,#2165);
#1821=AXIS2_PLACEMENT_3D('',#2644,#2166,#2167);
#1822=AXIS2_PLACEMENT_3D('',#2647,#2169,#2170);
#1823=AXIS2_PLACEMENT_3D('',#2648,#2171,#2172);
#1824=AXIS2_PLACEMENT_3D('',#2650,#2173,#2174);
#1825=AXIS2_PLACEMENT_3D('',#2653,#2176,#2177);
#1826=AXIS2_PLACEMENT_3D('',#2654,#2178,#2179);
#1827=AXIS2_PLACEMENT_3D('',#2656,#2181,#2182);
#1828=AXIS2_PLACEMENT_3D('',#2658,#2184,#2185);
#1829=AXIS2_PLACEMENT_3D('',#2667,#2190,#2191);
#1830=AXIS2_PLACEMENT_3D('',#2673,#2195,#2196);
#1831=AXIS2_PLACEMENT_3D('',#2682,#2201,#2202);
#1832=AXIS2_PLACEMENT_3D('',#2688,#2206,#2207);
#1833=AXIS2_PLACEMENT_3D('',#2697,#2212,#2213);
#1834=AXIS2_PLACEMENT_3D('',#2703,#2217,#2218);
#1835=AXIS2_PLACEMENT_3D('',#2712,#2223,#2224);
#1836=AXIS2_PLACEMENT_3D('',#2718,#2228,#2229);
#1837=AXIS2_PLACEMENT_3D('',#2727,#2234,#2235);
#1838=AXIS2_PLACEMENT_3D('',#2733,#2239,#2240);
#1839=AXIS2_PLACEMENT_3D('',#2742,#2245,#2246);
#1840=AXIS2_PLACEMENT_3D('',#2748,#2250,#2251);
#1841=AXIS2_PLACEMENT_3D('',#2751,#2254,#2255);
#1842=AXIS2_PLACEMENT_3D('',#2754,#2258,#2259);
#1843=AXIS2_PLACEMENT_3D('',#2757,#2262,#2263);
#1844=AXIS2_PLACEMENT_3D('',#2760,#2266,#2267);
#1845=AXIS2_PLACEMENT_3D('',#2763,#2270,#2271);
#1846=AXIS2_PLACEMENT_3D('',#2766,#2274,#2275);
#1847=AXIS2_PLACEMENT_3D('',#2768,#2277,#2278);
#1848=AXIS2_PLACEMENT_3D('',#2770,#2280,#2281);
#1849=AXIS2_PLACEMENT_3D('',#2772,#2283,#2284);
#1850=AXIS2_PLACEMENT_3D('',#2774,#2286,#2287);
#1851=AXIS2_PLACEMENT_3D('',#2776,#2289,#2290);
#1852=AXIS2_PLACEMENT_3D('',#2778,#2292,#2293);
#1853=AXIS2_PLACEMENT_3D('',#2792,#2301,#2302);
#1854=AXIS2_PLACEMENT_3D('',#2796,#2305,#2306);
#1855=AXIS2_PLACEMENT_3D('',#2808,#2313,#2314);
#1856=AXIS2_PLACEMENT_3D('',#2810,#2316,#2317);
#1857=AXIS2_PLACEMENT_3D('',#2812,#2319,#2320);
#1858=AXIS2_PLACEMENT_3D('',#2814,#2322,#2323);
#1859=AXIS2_PLACEMENT_3D('',#2816,#2325,#2326);
#1860=AXIS2_PLACEMENT_3D('',#2818,#2328,#2329);
#1861=AXIS2_PLACEMENT_3D('',#2819,#2330,#2331);
#1862=AXIS2_PLACEMENT_3D('',#2820,#2332,#2333);
#1863=DIRECTION('axis',(0.,0.,1.));
#1864=DIRECTION('refdir',(1.,0.,0.));
#1865=DIRECTION('center_axis',(1.,0.,0.));
#1866=DIRECTION('ref_axis',(0.,0.707106781186549,-0.707106781186546));
#1867=DIRECTION('',(1.,0.,0.));
#1868=DIRECTION('center_axis',(-1.,0.,0.));
#1869=DIRECTION('ref_axis',(0.,0.707106781186549,-0.707106781186546));
#1870=DIRECTION('',(-1.,0.,0.));
#1871=DIRECTION('center_axis',(0.707106781186543,0.707106781186552,0.));
#1872=DIRECTION('ref_axis',(-0.707106781186552,0.707106781186543,0.));
#1873=DIRECTION('center_axis',(0.,1.,0.));
#1874=DIRECTION('ref_axis',(-0.707106781186552,0.,-0.707106781186543));
#1875=DIRECTION('',(0.,1.,0.));
#1876=DIRECTION('',(0.,-1.,0.));
#1877=DIRECTION('center_axis',(-0.707106781186543,0.707106781186552,0.));
#1878=DIRECTION('ref_axis',(-0.707106781186552,-0.707106781186543,0.));
#1879=DIRECTION('center_axis',(-1.,0.,0.));
#1880=DIRECTION('ref_axis',(0.,-0.707106781186548,-0.707106781186548));
#1881=DIRECTION('',(1.,0.,0.));
#1882=DIRECTION('center_axis',(-1.,0.,0.));
#1883=DIRECTION('ref_axis',(0.,-0.707106781186548,-0.707106781186548));
#1884=DIRECTION('',(-1.,0.,0.));
#1885=DIRECTION('center_axis',(0.,0.,-1.));
#1886=DIRECTION('ref_axis',(-1.,0.,0.));
#1887=DIRECTION('',(0.,-1.,0.));
#1888=DIRECTION('center_axis',(-1.,0.,0.));
#1889=DIRECTION('ref_axis',(0.,-0.707106781186548,-0.707106781186548));
#1890=DIRECTION('',(-1.,0.,0.));
#1891=DIRECTION('center_axis',(1.,0.,0.));
#1892=DIRECTION('ref_axis',(0.,-0.707106781186548,-0.707106781186548));
#1893=DIRECTION('',(1.,0.,0.));
#1894=DIRECTION('center_axis',(-0.707106781186548,-0.707106781186548,0.));
#1895=DIRECTION('ref_axis',(0.707106781186548,-0.707106781186548,0.));
#1896=DIRECTION('center_axis',(0.,-1.,0.));
#1897=DIRECTION('ref_axis',(0.707106781186549,0.,-0.707106781186546));
#1898=DIRECTION('',(0.,1.,0.));
#1899=DIRECTION('center_axis',(0.707106781186548,-0.707106781186548,0.));
#1900=DIRECTION('ref_axis',(0.707106781186548,0.707106781186548,0.));
#1901=DIRECTION('',(0.,-1.,0.));
#1902=DIRECTION('center_axis',(1.,0.,0.));
#1903=DIRECTION('ref_axis',(0.,0.707106781186549,-0.707106781186546));
#1904=DIRECTION('',(-1.,0.,0.));
#1905=DIRECTION('center_axis',(1.,0.,0.));
#1906=DIRECTION('ref_axis',(0.,0.707106781186549,-0.707106781186546));
#1907=DIRECTION('',(1.,0.,0.));
#1908=DIRECTION('center_axis',(0.,-1.,0.));
#1909=DIRECTION('ref_axis',(-1.,0.,0.));
#1910=DIRECTION('',(0.,0.,-1.));
#1911=DIRECTION('',(1.,0.,0.));
#1912=DIRECTION('',(0.,0.,-1.));
#1913=DIRECTION('center_axis',(1.,0.,0.));
#1914=DIRECTION('ref_axis',(0.,-1.,0.));
#1915=DIRECTION('',(0.,0.,-1.));
#1916=DIRECTION('',(0.,-1.,0.));
#1917=DIRECTION('',(0.,1.,0.));
#1918=DIRECTION('center_axis',(0.,1.,0.));
#1919=DIRECTION('ref_axis',(1.,0.,0.));
#1920=DIRECTION('',(0.,0.,-1.));
#1921=DIRECTION('',(1.,0.,0.));
#1922=DIRECTION('center_axis',(1.,0.,0.));
#1923=DIRECTION('ref_axis',(0.,-0.707106781186546,0.707106781186549));
#1924=DIRECTION('center_axis',(0.707106781186549,0.,0.707106781186546));
#1925=DIRECTION('ref_axis',(-0.707106781186546,-4.90653893338681E-17,0.707106781186549));
#1926=DIRECTION('',(1.,0.,0.));
#1927=DIRECTION('center_axis',(0.707106781186548,-0.707106781186547,0.));
#1928=DIRECTION('ref_axis',(-0.707106781186547,-0.707106781186547,0.));
#1929=DIRECTION('',(-1.,0.,0.));
#1930=DIRECTION('center_axis',(0.707106781186548,-0.707106781186547,0.));
#1931=DIRECTION('ref_axis',(-0.707106781186547,-0.707106781186548,4.9065389333868E-17));
#1932=DIRECTION('center_axis',(0.,-1.,0.));
#1933=DIRECTION('ref_axis',(1.,0.,0.));
#1934=DIRECTION('',(0.,0.,1.));
#1935=DIRECTION('',(-1.,0.,0.));
#1936=DIRECTION('',(0.,0.,1.));
#1937=DIRECTION('center_axis',(0.,1.,0.));
#1938=DIRECTION('ref_axis',(1.,0.,0.));
#1939=DIRECTION('center_axis',(0.,0.,1.));
#1940=DIRECTION('ref_axis',(-0.707106781186547,-0.707106781186548,0.));
#1941=DIRECTION('center_axis',(-3.92523114670945E-16,0.707106781186549,
0.707106781186546));
#1942=DIRECTION('ref_axis',(-3.43457725337077E-16,-0.707106781186546,0.707106781186549));
#1943=DIRECTION('',(0.,0.,-1.));
#1944=DIRECTION('center_axis',(0.,0.,-1.));
#1945=DIRECTION('ref_axis',(-0.707106781186547,-0.707106781186548,0.));
#1946=DIRECTION('center_axis',(9.24978146310627E-17,-1.,0.));
#1947=DIRECTION('ref_axis',(-0.707106781186546,0.,0.707106781186549));
#1948=DIRECTION('',(-9.24978146310627E-17,1.,0.));
#1949=DIRECTION('center_axis',(-0.707106781186548,-0.707106781186547,0.));
#1950=DIRECTION('ref_axis',(-0.707106781186547,0.707106781186548,0.));
#1951=DIRECTION('',(9.24978146310627E-17,-1.,0.));
#1952=DIRECTION('center_axis',(-1.,-9.24978146310627E-17,0.));
#1953=DIRECTION('ref_axis',(9.24978146310627E-17,-1.,0.));
#1954=DIRECTION('',(0.,0.,1.));
#1955=DIRECTION('',(-9.24978146310627E-17,1.,0.));
#1956=DIRECTION('center_axis',(-1.,-2.30423643186736E-16,0.));
#1957=DIRECTION('ref_axis',(0.,0.707106781186546,0.707106781186549));
#1958=DIRECTION('',(1.,2.30423643186736E-16,0.));
#1959=DIRECTION('',(1.,2.30423643186736E-16,0.));
#1960=DIRECTION('',(1.,2.30423643186736E-16,0.));
#1961=DIRECTION('center_axis',(-0.707106781186549,0.707106781186546,0.));
#1962=DIRECTION('ref_axis',(0.707106781186546,0.707106781186549,0.));
#1963=DIRECTION('',(-1.,-2.30423643186736E-16,0.));
#1964=DIRECTION('center_axis',(0.,-1.,0.));
#1965=DIRECTION('ref_axis',(-0.707106781186546,0.,0.707106781186549));
#1966=DIRECTION('center_axis',(0.,1.,-1.11022302462516E-15));
#1967=DIRECTION('ref_axis',(-1.,0.,0.));
#1968=DIRECTION('',(0.,1.,0.));
#1969=DIRECTION('',(0.,-1.,0.));
#1970=DIRECTION('center_axis',(-1.,0.,0.));
#1971=DIRECTION('ref_axis',(0.,-0.707106781186548,-0.707106781186547));
#1972=DIRECTION('center_axis',(1.,-1.11022302462516E-15,5.55111512312578E-16));
#1973=DIRECTION('ref_axis',(-1.11022302462516E-15,-1.,0.));
#1974=DIRECTION('',(1.,0.,0.));
#1975=DIRECTION('center_axis',(-0.707106781186547,0.707106781186548,0.));
#1976=DIRECTION('ref_axis',(0.707106781186548,0.707106781186547,0.));
#1977=DIRECTION('center_axis',(0.,1.,0.));
#1978=DIRECTION('ref_axis',(-0.707106781186548,0.,-0.707106781186547));
#1979=DIRECTION('',(0.,-1.,0.));
#1980=DIRECTION('center_axis',(7.85046229341887E-16,0.707106781186548,-0.707106781186547));
#1981=DIRECTION('ref_axis',(7.85046229341889E-16,-0.707106781186547,-0.707106781186548));
#1982=DIRECTION('',(0.,1.,0.));
#1983=DIRECTION('center_axis',(0.,0.,1.));
#1984=DIRECTION('ref_axis',(-0.707106781186548,-0.707106781186547,0.));
#1985=DIRECTION('',(0.,0.,1.));
#1986=DIRECTION('center_axis',(0.,0.,-1.));
#1987=DIRECTION('ref_axis',(0.,-1.,0.));
#1988=DIRECTION('',(0.,0.,-1.));
#1989=DIRECTION('center_axis',(-0.816496580927726,0.408248290463863,0.408248290463862));
#1990=DIRECTION('ref_axis',(-0.577350269189626,-0.577350269189626,-0.577350269189625));
#1991=DIRECTION('center_axis',(9.24978146310627E-17,-1.,0.));
#1992=DIRECTION('ref_axis',(-0.707106781186548,0.,-0.707106781186547));
#1993=DIRECTION('center_axis',(0.408248290463864,-0.816496580927727,-0.40824829046386));
#1994=DIRECTION('ref_axis',(-0.577350269189627,-0.577350269189627,0.577350269189623));
#1995=DIRECTION('center_axis',(-1.,0.,0.));
#1996=DIRECTION('ref_axis',(0.,-0.707106781186545,0.70710678118655));
#1997=DIRECTION('center_axis',(1.,0.,0.));
#1998=DIRECTION('ref_axis',(0.,-0.707106781186545,0.70710678118655));
#1999=DIRECTION('',(1.,0.,0.));
#2000=DIRECTION('center_axis',(1.,0.,0.));
#2001=DIRECTION('ref_axis',(0.,-1.,0.));
#2002=DIRECTION('',(-1.,0.,0.));
#2003=DIRECTION('center_axis',(0.,-1.,0.));
#2004=DIRECTION('ref_axis',(1.,0.,0.));
#2005=DIRECTION('',(-1.,0.,0.));
#2006=DIRECTION('',(0.,0.,-1.));
#2007=DIRECTION('center_axis',(0.,0.,1.));
#2008=DIRECTION('ref_axis',(1.,0.,0.));
#2009=DIRECTION('',(9.24978146310627E-17,-1.,0.));
#2010=DIRECTION('',(1.,2.30423643186736E-16,0.));
#2011=DIRECTION('',(0.,-1.,0.));
#2012=DIRECTION('',(1.,2.30423643186736E-16,0.));
#2013=DIRECTION('',(0.,-1.,0.));
#2014=DIRECTION('',(1.,0.,0.));
#2015=DIRECTION('',(0.,1.,0.));
#2016=DIRECTION('',(1.,2.30423643186736E-16,0.));
#2017=DIRECTION('',(0.,1.,0.));
#2018=DIRECTION('',(1.,0.,0.));
#2019=DIRECTION('',(0.,1.,0.));
#2020=DIRECTION('center_axis',(-9.24978146310627E-17,1.,0.));
#2021=DIRECTION('ref_axis',(-0.707106781186548,0.,-0.707106781186547));
#2022=DIRECTION('center_axis',(2.30423643186736E-16,-1.,0.));
#2023=DIRECTION('ref_axis',(-0.707106781186548,0.,-0.707106781186547));
#2024=DIRECTION('center_axis',(-2.30423643186736E-16,1.,0.));
#2025=DIRECTION('ref_axis',(-1.,-2.30423643186736E-16,0.));
#2026=DIRECTION('',(0.,0.,1.));
#2027=DIRECTION('center_axis',(2.30423643186736E-16,-1.,0.));
#2028=DIRECTION('ref_axis',(0.70710678118654,0.,-0.707106781186555));
#2029=DIRECTION('',(1.,2.30423643186736E-16,0.));
#2030=DIRECTION('',(1.,2.30423643186736E-16,0.));
#2031=DIRECTION('',(-1.,-2.30423643186736E-16,0.));
#2032=DIRECTION('',(0.,0.,1.));
#2033=DIRECTION('',(1.,2.30423643186736E-16,0.));
#2034=DIRECTION('',(0.,0.,1.));
#2035=DIRECTION('center_axis',(-0.40824829046386,-0.816496580927727,0.408248290463865));
#2036=DIRECTION('ref_axis',(0.577350269189623,-0.577350269189627,-0.577350269189627));
#2037=DIRECTION('center_axis',(0.,0.,-1.));
#2038=DIRECTION('ref_axis',(0.,-1.,0.));
#2039=DIRECTION('center_axis',(1.,0.,0.));
#2040=DIRECTION('ref_axis',(0.,0.,-1.));
#2041=DIRECTION('center_axis',(0.,-1.,-1.38777878078145E-16));
#2042=DIRECTION('ref_axis',(1.,0.,0.));
#2043=DIRECTION('center_axis',(-0.408248290463862,-0.816496580927727,-0.408248290463862));
#2044=DIRECTION('ref_axis',(0.577350269189625,-0.577350269189627,0.577350269189625));
#2045=DIRECTION('center_axis',(1.,0.,0.));
#2046=DIRECTION('ref_axis',(0.,-1.,0.));
#2047=DIRECTION('center_axis',(0.,0.,1.));
#2048=DIRECTION('ref_axis',(1.,0.,0.));
#2049=DIRECTION('center_axis',(-1.38777878078145E-16,-1.,0.));
#2050=DIRECTION('ref_axis',(0.,0.,1.));
#2051=DIRECTION('center_axis',(0.,0.,1.));
#2052=DIRECTION('ref_axis',(0.70710678118654,-0.707106781186555,0.));
#2053=DIRECTION('',(0.,0.,-1.));
#2054=DIRECTION('',(0.,0.,1.));
#2055=DIRECTION('center_axis',(0.,1.,0.));
#2056=DIRECTION('ref_axis',(0.707106781186538,0.,0.707106781186557));
#2057=DIRECTION('',(0.,-1.,0.));
#2058=DIRECTION('',(0.,1.,0.));
#2059=DIRECTION('center_axis',(0.,-1.,0.));
#2060=DIRECTION('ref_axis',(0.707106781186546,0.,-0.707106781186549));
#2061=DIRECTION('',(0.,-1.,0.));
#2062=DIRECTION('center_axis',(0.,0.707106781186547,-0.707106781186548));
#2063=DIRECTION('ref_axis',(0.,0.707106781186548,0.707106781186547));
#2064=DIRECTION('center_axis',(-0.707106781186549,-0.707106781186546,1.96261557335471E-16));
#2065=DIRECTION('ref_axis',(-0.707106781186546,0.707106781186549,1.96261557335471E-16));
#2066=DIRECTION('center_axis',(1.,0.,0.));
#2067=DIRECTION('ref_axis',(0.,-0.707106781186546,0.707106781186549));
#2068=DIRECTION('',(1.,0.,0.));
#2069=DIRECTION('',(-1.,0.,0.));
#2070=DIRECTION('center_axis',(0.707106781186549,0.707106781186546,-1.96261557335471E-16));
#2071=DIRECTION('ref_axis',(-0.707106781186546,0.707106781186549,-1.96261557335472E-16));
#2072=DIRECTION('center_axis',(-0.816496580927726,-0.408248290463863,0.408248290463863));
#2073=DIRECTION('ref_axis',(0.577350269189625,-0.577350269189627,0.577350269189625));
#2074=DIRECTION('center_axis',(0.,0.,1.));
#2075=DIRECTION('ref_axis',(1.,0.,0.));
#2076=DIRECTION('center_axis',(1.11022302462516E-15,-1.,0.));
#2077=DIRECTION('ref_axis',(0.,0.,1.));
#2078=DIRECTION('center_axis',(0.,0.,1.));
#2079=DIRECTION('ref_axis',(0.707106781186546,-0.707106781186549,0.));
#2080=DIRECTION('',(0.,0.,1.));
#2081=DIRECTION('center_axis',(0.,1.,0.));
#2082=DIRECTION('ref_axis',(0.707106781186544,0.,0.707106781186551));
#2083=DIRECTION('',(0.,-1.,0.));
#2084=DIRECTION('',(0.,1.,0.));
#2085=DIRECTION('center_axis',(-1.,0.,0.));
#2086=DIRECTION('ref_axis',(0.,-0.707106781186548,-0.707106781186547));
#2087=DIRECTION('',(-1.,0.,0.));
#2088=DIRECTION('center_axis',(0.,-1.,0.));
#2089=DIRECTION('ref_axis',(0.70710678118654,0.,-0.707106781186555));
#2090=DIRECTION('',(0.,-1.,0.));
#2091=DIRECTION('center_axis',(1.,0.,0.));
#2092=DIRECTION('ref_axis',(0.,1.,0.));
#2093=DIRECTION('',(0.,0.,1.));
#2094=DIRECTION('center_axis',(0.,1.,0.));
#2095=DIRECTION('ref_axis',(0.707106781186551,0.,0.707106781186544));
#2096=DIRECTION('',(0.,-1.,0.));
#2097=DIRECTION('center_axis',(-0.707106781186547,0.707106781186548,0.));
#2098=DIRECTION('ref_axis',(-0.707106781186548,-0.707106781186547,0.));
#2099=DIRECTION('',(0.,-1.,0.));
#2100=DIRECTION('center_axis',(-0.707106781186547,-0.707106781186548,0.));
#2101=DIRECTION('ref_axis',(0.707106781186548,-0.707106781186547,0.));
#2102=DIRECTION('center_axis',(0.,0.,1.));
#2103=DIRECTION('ref_axis',(1.,0.,0.));
#2104=DIRECTION('',(0.,1.,0.));
#2105=DIRECTION('',(1.,0.,0.));
#2106=DIRECTION('',(0.,-1.,0.));
#2107=DIRECTION('',(-1.,0.,0.));
#2108=DIRECTION('',(-2.22044604925031E-15,1.,0.));
#2109=DIRECTION('',(1.,0.,0.));
#2110=DIRECTION('',(-5.55111512312578E-16,-1.,0.));
#2111=DIRECTION('',(-1.,0.,0.));
#2112=DIRECTION('',(0.,1.,0.));
#2113=DIRECTION('',(1.,-1.05735526154777E-16,0.));
#2114=DIRECTION('',(0.,1.,0.));
#2115=DIRECTION('',(1.,0.,0.));
#2116=DIRECTION('',(0.,-1.,0.));
#2117=DIRECTION('',(-1.,0.,0.));
#2118=DIRECTION('center_axis',(1.,0.,0.));
#2119=DIRECTION('ref_axis',(0.,1.,0.));
#2120=DIRECTION('center_axis',(0.,-1.,0.));
#2121=DIRECTION('ref_axis',(-1.,0.,0.));
#2122=DIRECTION('',(0.,0.,-1.));
#2123=DIRECTION('',(0.,0.,-1.));
#2124=DIRECTION('center_axis',(1.,0.,0.));
#2125=DIRECTION('ref_axis',(0.,-1.,0.));
#2126=DIRECTION('',(0.,0.,-1.));
#2127=DIRECTION('',(0.,1.,0.));
#2128=DIRECTION('center_axis',(0.,1.,0.));
#2129=DIRECTION('ref_axis',(1.,0.,0.));
#2130=DIRECTION('',(0.,0.,-1.));
#2131=DIRECTION('',(-1.,0.,0.));
#2132=DIRECTION('center_axis',(-1.,0.,0.));
#2133=DIRECTION('ref_axis',(0.,1.,0.));
#2134=DIRECTION('',(0.,-1.,0.));
#2135=DIRECTION('center_axis',(0.,0.,1.));
#2136=DIRECTION('ref_axis',(1.,0.,0.));
#2137=DIRECTION('center_axis',(-1.,0.,0.));
#2138=DIRECTION('ref_axis',(0.,1.,0.));
#2139=DIRECTION('',(0.,1.,0.));
#2140=DIRECTION('',(0.,1.,0.));
#2141=DIRECTION('center_axis',(0.,0.,1.));
#2142=DIRECTION('ref_axis',(1.,0.,0.));
#2143=DIRECTION('center_axis',(0.,0.,-1.));
#2144=DIRECTION('ref_axis',(-1.,0.,0.));
#2145=DIRECTION('center_axis',(0.,1.,0.));
#2146=DIRECTION('ref_axis',(1.,0.,0.));
#2147=DIRECTION('',(0.,1.,0.));
#2148=DIRECTION('center_axis',(0.,-1.,0.));
#2149=DIRECTION('ref_axis',(1.,0.,0.));
#2150=DIRECTION('center_axis',(0.,1.,0.));
#2151=DIRECTION('ref_axis',(1.,0.,0.));
#2152=DIRECTION('center_axis',(0.,1.,0.));
#2153=DIRECTION('ref_axis',(1.,0.,0.));
#2154=DIRECTION('',(0.,1.,0.));
#2155=DIRECTION('center_axis',(0.,-1.,0.));
#2156=DIRECTION('ref_axis',(1.,0.,0.));
#2157=DIRECTION('center_axis',(0.,1.,0.));
#2158=DIRECTION('ref_axis',(1.,0.,0.));
#2159=DIRECTION('center_axis',(0.,1.,0.));
#2160=DIRECTION('ref_axis',(1.,0.,0.));
#2161=DIRECTION('',(0.,1.,0.));
#2162=DIRECTION('center_axis',(0.,-1.,0.));
#2163=DIRECTION('ref_axis',(1.,0.,0.));
#2164=DIRECTION('center_axis',(0.,1.,0.));
#2165=DIRECTION('ref_axis',(1.,0.,0.));
#2166=DIRECTION('center_axis',(0.,1.,0.));
#2167=DIRECTION('ref_axis',(1.,0.,0.));
#2168=DIRECTION('',(0.,1.,0.));
#2169=DIRECTION('center_axis',(0.,-1.,0.));
#2170=DIRECTION('ref_axis',(1.,0.,0.));
#2171=DIRECTION('center_axis',(0.,-1.,0.));
#2172=DIRECTION('ref_axis',(-0.707106781186551,0.,0.707106781186544));
#2173=DIRECTION('center_axis',(-0.707106781186547,0.707106781186548,0.));
#2174=DIRECTION('ref_axis',(-0.707106781186548,-0.707106781186547,0.));
#2175=DIRECTION('',(0.,1.,0.));
#2176=DIRECTION('center_axis',(0.707106781186547,0.707106781186548,0.));
#2177=DIRECTION('ref_axis',(-0.707106781186548,0.707106781186547,0.));
#2178=DIRECTION('center_axis',(-1.,0.,0.));
#2179=DIRECTION('ref_axis',(0.,0.707106781186549,0.707106781186546));
#2180=DIRECTION('',(1.,0.,0.));
#2181=DIRECTION('center_axis',(1.,0.,0.));
#2182=DIRECTION('ref_axis',(0.,-0.707106781186549,0.707106781186546));
#2183=DIRECTION('',(-1.,0.,0.));
#2184=DIRECTION('center_axis',(-1.,0.,0.));
#2185=DIRECTION('ref_axis',(0.,-1.,0.));
#2186=DIRECTION('',(0.,-1.,0.));
#2187=DIRECTION('',(0.,0.,1.));
#2188=DIRECTION('',(0.,-1.,0.));
#2189=DIRECTION('',(0.,0.,1.));
#2190=DIRECTION('center_axis',(0.,0.,1.));
#2191=DIRECTION('ref_axis',(1.,0.,0.));
#2192=DIRECTION('',(-2.22044604925031E-15,1.,0.));
#2193=DIRECTION('',(1.,0.,0.));
#2194=DIRECTION('',(-1.,0.,0.));
#2195=DIRECTION('center_axis',(-1.,0.,0.));
#2196=DIRECTION('ref_axis',(0.,-1.,0.));
#2197=DIRECTION('',(0.,-1.,0.));
#2198=DIRECTION('',(0.,0.,1.));
#2199=DIRECTION('',(0.,-1.,0.));
#2200=DIRECTION('',(0.,0.,1.));
#2201=DIRECTION('center_axis',(0.,0.,1.));
#2202=DIRECTION('ref_axis',(1.,0.,0.));
#2203=DIRECTION('',(0.,1.,0.));
#2204=DIRECTION('',(1.,0.,0.));
#2205=DIRECTION('',(-1.,0.,0.));
#2206=DIRECTION('center_axis',(1.,0.,0.));
#2207=DIRECTION('ref_axis',(0.,1.,0.));
#2208=DIRECTION('',(0.,1.,0.));
#2209=DIRECTION('',(0.,0.,1.));
#2210=DIRECTION('',(0.,1.,0.));
#2211=DIRECTION('',(0.,0.,1.));
#2212=DIRECTION('center_axis',(0.,0.,1.));
#2213=DIRECTION('ref_axis',(1.,0.,0.));
#2214=DIRECTION('',(-5.55111512312578E-16,-1.,0.));
#2215=DIRECTION('',(-1.,1.05735526154777E-16,0.));
#2216=DIRECTION('',(1.,0.,0.));
#2217=DIRECTION('center_axis',(1.,0.,0.));
#2218=DIRECTION('ref_axis',(0.,1.,0.));
#2219=DIRECTION('',(0.,1.,0.));
#2220=DIRECTION('',(0.,0.,1.));
#2221=DIRECTION('',(0.,1.,0.));
#2222=DIRECTION('',(0.,0.,1.));
#2223=DIRECTION('center_axis',(0.,0.,1.));
#2224=DIRECTION('ref_axis',(1.,0.,0.));
#2225=DIRECTION('',(0.,-1.,0.));
#2226=DIRECTION('',(-1.,0.,0.));
#2227=DIRECTION('',(1.,0.,0.));
#2228=DIRECTION('center_axis',(1.,0.,0.));
#2229=DIRECTION('ref_axis',(0.,1.,0.));
#2230=DIRECTION('',(0.,1.,0.));
#2231=DIRECTION('',(0.,0.,1.));
#2232=DIRECTION('',(0.,1.,0.));
#2233=DIRECTION('',(0.,0.,1.));
#2234=DIRECTION('center_axis',(0.,0.,1.));
#2235=DIRECTION('ref_axis',(1.,0.,0.));
#2236=DIRECTION('',(0.,-1.,0.));
#2237=DIRECTION('',(-1.,0.,0.));
#2238=DIRECTION('',(1.,0.,0.));
#2239=DIRECTION('center_axis',(-1.,0.,0.));
#2240=DIRECTION('ref_axis',(0.,-1.,0.));
#2241=DIRECTION('',(0.,-1.,0.));
#2242=DIRECTION('',(0.,0.,1.));
#2243=DIRECTION('',(0.,-1.,0.));
#2244=DIRECTION('',(0.,0.,1.));
#2245=DIRECTION('center_axis',(0.,0.,1.));
#2246=DIRECTION('ref_axis',(1.,0.,0.));
#2247=DIRECTION('',(0.,1.,0.));
#2248=DIRECTION('',(1.,0.,0.));
#2249=DIRECTION('',(-1.,1.05735526154777E-16,0.));
#2250=DIRECTION('center_axis',(-1.,-2.22044604925031E-15,0.));
#2251=DIRECTION('ref_axis',(2.22044604925031E-15,-1.,0.));
#2252=DIRECTION('',(0.,0.,1.));
#2253=DIRECTION('',(0.,0.,1.));
#2254=DIRECTION('center_axis',(-1.,0.,0.));
#2255=DIRECTION('ref_axis',(0.,-1.,0.));
#2256=DIRECTION('',(0.,0.,1.));
#2257=DIRECTION('',(0.,0.,1.));
#2258=DIRECTION('center_axis',(1.,-5.55111512312578E-16,0.));
#2259=DIRECTION('ref_axis',(5.55111512312578E-16,1.,0.));
#2260=DIRECTION('',(0.,0.,1.));
#2261=DIRECTION('',(0.,0.,1.));
#2262=DIRECTION('center_axis',(1.,0.,0.));
#2263=DIRECTION('ref_axis',(0.,1.,0.));
#2264=DIRECTION('',(0.,0.,1.));
#2265=DIRECTION('',(0.,0.,1.));
#2266=DIRECTION('center_axis',(1.,0.,0.));
#2267=DIRECTION('ref_axis',(0.,1.,0.));
#2268=DIRECTION('',(0.,0.,1.));
#2269=DIRECTION('',(0.,0.,1.));
#2270=DIRECTION('center_axis',(-1.,0.,0.));
#2271=DIRECTION('ref_axis',(0.,-1.,0.));
#2272=DIRECTION('',(0.,0.,1.));
#2273=DIRECTION('',(0.,0.,1.));
#2274=DIRECTION('center_axis',(0.,-1.,0.));
#2275=DIRECTION('ref_axis',(1.,0.,0.));
#2276=DIRECTION('',(1.,0.,0.));
#2277=DIRECTION('center_axis',(0.,1.,0.));
#2278=DIRECTION('ref_axis',(-1.,0.,0.));
#2279=DIRECTION('',(-1.,0.,0.));
#2280=DIRECTION('center_axis',(0.,-1.,0.));
#2281=DIRECTION('ref_axis',(1.,0.,0.));
#2282=DIRECTION('',(1.,0.,0.));
#2283=DIRECTION('center_axis',(1.05735526154777E-16,1.,0.));
#2284=DIRECTION('ref_axis',(-1.,1.05735526154777E-16,0.));
#2285=DIRECTION('',(-1.,1.05735526154777E-16,0.));
#2286=DIRECTION('center_axis',(0.,1.,0.));
#2287=DIRECTION('ref_axis',(-1.,0.,0.));
#2288=DIRECTION('',(-1.,0.,0.));
#2289=DIRECTION('center_axis',(0.,-1.,0.));
#2290=DIRECTION('ref_axis',(1.,0.,0.));
#2291=DIRECTION('',(1.,0.,0.));
#2292=DIRECTION('center_axis',(0.,0.,1.));
#2293=DIRECTION('ref_axis',(1.,0.,0.));
#2294=DIRECTION('',(-1.,0.,0.));
#2295=DIRECTION('',(0.,-1.,0.));
#2296=DIRECTION('',(-1.27184495117711E-16,1.,0.));
#2297=DIRECTION('',(-1.,0.,0.));
#2298=DIRECTION('',(0.,1.,0.));
#2299=DIRECTION('',(-1.,0.,0.));
#2300=DIRECTION('',(0.,-1.,0.));
#2301=DIRECTION('center_axis',(-1.,0.,0.));
#2302=DIRECTION('ref_axis',(0.,-1.,0.));
#2303=DIRECTION('',(0.,0.,1.));
#2304=DIRECTION('',(0.,1.,0.));
#2305=DIRECTION('center_axis',(0.,0.,1.));
#2306=DIRECTION('ref_axis',(1.,0.,0.));
#2307=DIRECTION('',(1.,0.,0.));
#2308=DIRECTION('',(0.,1.,0.));
#2309=DIRECTION('',(1.,0.,0.));
#2310=DIRECTION('',(0.,-1.,0.));
#2311=DIRECTION('',(1.,0.,0.));
#2312=DIRECTION('',(1.27184495117711E-16,-1.,0.));
#2313=DIRECTION('center_axis',(1.,1.27184495117711E-16,0.));
#2314=DIRECTION('ref_axis',(-1.27184495117711E-16,1.,0.));
#2315=DIRECTION('',(0.,0.,1.));
#2316=DIRECTION('center_axis',(0.,1.,0.));
#2317=DIRECTION('ref_axis',(-1.,0.,0.));
#2318=DIRECTION('',(0.,0.,1.));
#2319=DIRECTION('center_axis',(1.,0.,0.));
#2320=DIRECTION('ref_axis',(0.,1.,0.));
#2321=DIRECTION('',(0.,0.,1.));
#2322=DIRECTION('center_axis',(0.,1.,0.));
#2323=DIRECTION('ref_axis',(-1.,0.,0.));
#2324=DIRECTION('',(0.,0.,1.));
#2325=DIRECTION('center_axis',(-1.,0.,0.));
#2326=DIRECTION('ref_axis',(0.,-1.,0.));
#2327=DIRECTION('',(0.,0.,1.));
#2328=DIRECTION('center_axis',(0.,1.,0.));
#2329=DIRECTION('ref_axis',(-1.,0.,0.));
#2330=DIRECTION('center_axis',(0.,-1.,0.));
#2331=DIRECTION('ref_axis',(1.,0.,0.));
#2332=DIRECTION('center_axis',(-1.,0.,0.));
#2333=DIRECTION('ref_axis',(0.,-1.,0.));
#2334=CARTESIAN_POINT('',(0.,0.,0.));
#2335=CARTESIAN_POINT('Origin',(86.2500012852252,14.5000002235174,-4.));
#2336=CARTESIAN_POINT('',(85.0000012665987,15.0000002235174,-4.));
#2337=CARTESIAN_POINT('',(90.0000013411045,15.0000002235174,-4.));
#2338=CARTESIAN_POINT('',(86.2500012852252,15.0000002235174,-4.));
#2339=CARTESIAN_POINT('',(90.0000013411045,14.5000002235174,-4.5));
#2340=CARTESIAN_POINT('Origin',(90.0000013411045,14.5000002235174,-4.));
#2341=CARTESIAN_POINT('',(85.5000012665987,14.5000002235174,-4.5));
#2342=CARTESIAN_POINT('',(86.2500012852252,14.5000002235174,-4.5));
#2343=CARTESIAN_POINT('Origin',(85.5000012665987,14.5000002235174,-4.));
#2344=CARTESIAN_POINT('Origin',(85.5000012665987,7.50000011175871,-4.));
#2345=CARTESIAN_POINT('',(85.0000012665987,5.00000007450581,-4.));
#2346=CARTESIAN_POINT('',(85.0000012665987,7.50000011175871,-4.));
#2347=CARTESIAN_POINT('',(85.5000012665987,5.50000007450581,-4.5));
#2348=CARTESIAN_POINT('',(85.5000012665987,7.50000011175871,-4.5));
#2349=CARTESIAN_POINT('Origin',(85.5000012665987,5.50000007450581,-4.));
#2350=CARTESIAN_POINT('Origin',(88.7500013224781,5.50000007450581,-4.));
#2351=CARTESIAN_POINT('',(90.0000013411045,5.50000007450581,-4.5));
#2352=CARTESIAN_POINT('',(88.7500013224781,5.50000007450581,-4.5));
#2353=CARTESIAN_POINT('',(90.0000013411045,5.00000007450581,-4.));
#2354=CARTESIAN_POINT('Origin',(90.0000013411045,5.50000007450581,-4.));
#2355=CARTESIAN_POINT('',(88.7500013224781,5.00000007450581,-4.));
#2356=CARTESIAN_POINT('Origin',(87.5000013038516,10.0000001490116,-4.5));
#2357=CARTESIAN_POINT('',(90.0000013411045,5.00000007450581,-4.5));
#2358=CARTESIAN_POINT('Origin',(13.750000204891,5.50000007450581,-4.));
#2359=CARTESIAN_POINT('',(15.0000002235174,5.00000007450581,-4.));
#2360=CARTESIAN_POINT('',(10.0000001490116,5.00000007450581,-4.));
#2361=CARTESIAN_POINT('',(13.750000204891,5.00000007450581,-4.));
#2362=CARTESIAN_POINT('',(10.0000001490116,5.50000007450581,-4.5));
#2363=CARTESIAN_POINT('Origin',(10.0000001490116,5.50000007450581,-4.));
#2364=CARTESIAN_POINT('',(14.5000002235174,5.50000007450581,-4.5));
#2365=CARTESIAN_POINT('',(13.750000204891,5.50000007450581,-4.5));
#2366=CARTESIAN_POINT('Origin',(14.5000002235174,5.50000007450581,-4.));
#2367=CARTESIAN_POINT('Origin',(14.5000002235174,12.5000001862645,-4.));
#2368=CARTESIAN_POINT('',(14.5000002235174,14.5000002235174,-4.5));
#2369=CARTESIAN_POINT('',(14.5000002235174,12.5000001862645,-4.5));
#2370=CARTESIAN_POINT('',(15.0000002235174,15.0000002235174,-4.));
#2371=CARTESIAN_POINT('Origin',(14.5000002235174,14.5000002235174,-4.));
#2372=CARTESIAN_POINT('',(15.0000002235174,12.5000001862645,-4.));
#2373=CARTESIAN_POINT('Origin',(11.2500001676381,14.5000002235174,-4.));
#2374=CARTESIAN_POINT('',(10.0000001490116,14.5000002235174,-4.5));
#2375=CARTESIAN_POINT('',(11.2500001676381,14.5000002235174,-4.5));
#2376=CARTESIAN_POINT('',(10.0000001490116,15.0000002235174,-4.));
#2377=CARTESIAN_POINT('Origin',(10.0000001490116,14.5000002235174,-4.));
#2378=CARTESIAN_POINT('',(11.2500001676381,15.0000002235174,-4.));
#2379=CARTESIAN_POINT('Origin',(15.0000002235174,5.00000007450581,-2.));
#2380=CARTESIAN_POINT('',(15.0000002235174,5.00000007450581,-2.));
#2381=CARTESIAN_POINT('',(15.0000002235174,5.00000007450581,-2.));
#2382=CARTESIAN_POINT('',(10.0000001490116,5.00000007450581,-2.));
#2383=CARTESIAN_POINT('',(32.5000004842877,5.00000007450581,-2.));
#2384=CARTESIAN_POINT('',(10.0000001490116,5.00000007450581,-2.));
#2385=CARTESIAN_POINT('Origin',(15.0000002235174,15.0000002235174,-2.));
#2386=CARTESIAN_POINT('',(15.0000002235174,15.0000002235174,-2.));
#2387=CARTESIAN_POINT('',(15.0000002235174,15.0000002235174,-2.));
#2388=CARTESIAN_POINT('',(15.0000002235174,10.0026946182107,-2.));
#2389=CARTESIAN_POINT('',(15.0000002235174,15.0000002235174,-2.));
#2390=CARTESIAN_POINT('',(15.0000002235174,7.75067373278378,-2.));
#2391=CARTESIAN_POINT('Origin',(10.0000001490116,15.0000002235174,-2.));
#2392=CARTESIAN_POINT('',(10.0000001490116,15.0000002235174,-2.));
#2393=CARTESIAN_POINT('',(10.0000001490116,15.0000002235174,-2.));
#2394=CARTESIAN_POINT('',(10.0000001490116,15.0000002235174,-2.));
#2395=CARTESIAN_POINT('Origin',(23.5000003501773,-1.00000002980232,33.));
#2396=CARTESIAN_POINT('',(-2.70710682589003,-1.70710681098887,33.7071067811866));
#2397=CARTESIAN_POINT('',(-2.00000004470348,-2.00000002980232,33.));
#2398=CARTESIAN_POINT('Origin',(-2.00000004470348,-1.00000002980232,33.));
#2399=CARTESIAN_POINT('',(7.00000010430813,-2.00000002980232,33.));
#2400=CARTESIAN_POINT('',(23.5000003501773,-2.00000002980232,33.));
#2401=CARTESIAN_POINT('',(8.00000010430813,-1.00000002980232,34.));
#2402=CARTESIAN_POINT('Origin',(8.00000010430813,-1.00000002980232,33.));
#2403=CARTESIAN_POINT('',(-2.00000004470348,-1.00000002980232,34.));
#2404=CARTESIAN_POINT('',(23.5000003501773,-1.00000002980232,34.));
#2405=CARTESIAN_POINT('Origin',(-2.00000004470348,-1.00000002980232,33.));
#2406=CARTESIAN_POINT('Origin',(-3.00000004470348,-2.00000002980232,-2.));
#2407=CARTESIAN_POINT('',(-2.00000004470348,-2.00000002980232,-0.999999999999998));
#2408=CARTESIAN_POINT('',(-2.00000004470348,-2.00000002980232,-2.));
#2409=CARTESIAN_POINT('',(7.00000010430813,-2.00000002980232,-0.999999999999998));
#2410=CARTESIAN_POINT('',(23.5000003501773,-2.00000002980232,-0.999999999999998));
#2411=CARTESIAN_POINT('',(7.00000010430813,-2.00000002980232,-2.));
#2412=CARTESIAN_POINT('',(1.050002540005,-2.00000002980232,16.00003048006));
#2413=CARTESIAN_POINT('Origin',(2.50000508001,-2.00000002980232,16.00003048006));
#2414=CARTESIAN_POINT('Origin',(-2.00000004470348,-1.00000002980232,-2.));
#2415=CARTESIAN_POINT('',(-3.00000004470348,-1.00000002980232,33.));
#2416=CARTESIAN_POINT('Origin',(-2.00000004470348,-1.00000002980232,33.));
#2417=CARTESIAN_POINT('',(-3.00000004470348,-1.00000002980232,-0.999999999999998));
#2418=CARTESIAN_POINT('',(-3.00000004470348,-1.00000002980232,-2.));
#2419=CARTESIAN_POINT('Origin',(-2.00000004470348,-1.00000002980232,-0.999999999999998));
#2420=CARTESIAN_POINT('Origin',(-2.00000004470348,5.25202093013042,33.));
#2421=CARTESIAN_POINT('',(-2.00000004470348,9.0026946182107,34.));
#2422=CARTESIAN_POINT('',(-2.00000004470348,5.25202093013042,34.));
#2423=CARTESIAN_POINT('',(-3.00000004470348,10.0026946182107,33.));
#2424=CARTESIAN_POINT('Origin',(-2.00000004470348,9.0026946182107,33.));
#2425=CARTESIAN_POINT('',(-3.00000004470348,5.25202093013042,33.));
#2426=CARTESIAN_POINT('Origin',(-3.00000004470348,10.0026946182107,-2.));
#2427=CARTESIAN_POINT('',(-3.00000004470348,10.0026946182107,-0.999999999999998));
#2428=CARTESIAN_POINT('',(-3.00000004470348,10.0026946182107,-2.));
#2429=CARTESIAN_POINT('',(-3.00000004470348,5.25202093013042,-0.999999999999998));
#2430=CARTESIAN_POINT('Origin',(24.5000003650784,9.00269461821071,33.));
#2431=CARTESIAN_POINT('',(60.5000010430813,9.00269461821071,34.));
#2432=CARTESIAN_POINT('',(24.5000003650784,9.00269461821071,34.));
#2433=CARTESIAN_POINT('',(60.7916408081549,9.20836030198158,33.9786223104544));
#2434=CARTESIAN_POINT('Ctrl Pts',(60.5000010430813,9.00269461821071,34.));
#2435=CARTESIAN_POINT('Ctrl Pts',(60.5936376697849,9.06890571192028,34.));
#2436=CARTESIAN_POINT('Ctrl Pts',(60.6919366740364,9.13843243471249,33.993318238069));
#2437=CARTESIAN_POINT('Ctrl Pts',(60.7916408081549,9.20836030198159,33.9786223104544));
#2438=CARTESIAN_POINT('',(79.2083612780077,9.20836030198159,33.9786223104544));
#2439=CARTESIAN_POINT('',(24.5000003650784,9.20836030198159,33.9786223104544));
#2440=CARTESIAN_POINT('',(79.5000010430813,9.00269461821072,34.));
#2441=CARTESIAN_POINT('Ctrl Pts',(79.2083612780077,9.20836030198159,33.9786223104544));
#2442=CARTESIAN_POINT('Ctrl Pts',(79.3080654121262,9.13843243471249,33.993318238069));
#2443=CARTESIAN_POINT('Ctrl Pts',(79.4063644163777,9.06890571192029,34.));
#2444=CARTESIAN_POINT('Ctrl Pts',(79.5000010430813,9.00269461821072,34.));
#2445=CARTESIAN_POINT('',(102.00000153482,9.00269461821073,34.));
#2446=CARTESIAN_POINT('',(24.5000003650784,9.00269461821071,34.));
#2447=CARTESIAN_POINT('',(103.00000153482,10.0026946182107,33.));
#2448=CARTESIAN_POINT('Origin',(102.00000153482,9.00269461821073,33.));
#2449=CARTESIAN_POINT('',(24.5000003650784,10.0026946182107,33.));
#2450=CARTESIAN_POINT('Origin',(8.00000010430813,-0.749326393876092,33.));
#2451=CARTESIAN_POINT('',(7.00000010430813,-8.00000013411045,33.));
#2452=CARTESIAN_POINT('',(8.00000010430813,-8.00000013411045,34.));
#2453=CARTESIAN_POINT('Origin',(8.00000010430813,-8.00000013411045,33.));
#2454=CARTESIAN_POINT('',(8.00000010430813,-0.749326393876092,34.));
#2455=CARTESIAN_POINT('',(7.00000010430813,-0.749326393876092,33.));
#2456=CARTESIAN_POINT('Origin',(23.5000003501773,-1.00000002980232,-0.999999999999998));
#2457=CARTESIAN_POINT('',(-2.00000004470348,-1.00000002980232,-2.));
#2458=CARTESIAN_POINT('Origin',(-2.00000004470348,-1.00000002980232,-0.999999999999998));
#2459=CARTESIAN_POINT('',(8.00000010430813,-1.00000002980232,-2.));
#2460=CARTESIAN_POINT('',(23.5000003501773,-1.00000002980232,-2.));
#2461=CARTESIAN_POINT('Origin',(8.00000010430813,-1.00000002980232,-0.999999999999998));
#2462=CARTESIAN_POINT('Origin',(8.00000010430813,-0.749326393876092,-0.999999999999998));
#2463=CARTESIAN_POINT('',(8.00000010430812,-9.00000013411045,-2.));
#2464=CARTESIAN_POINT('',(8.00000010430813,-0.749326393876092,-2.));
#2465=CARTESIAN_POINT('',(7.00000010430813,-8.00000013411045,-0.999999999999998));
#2466=CARTESIAN_POINT('Origin',(8.00000010430813,-8.00000013411045,-0.999999999999998));
#2467=CARTESIAN_POINT('',(7.00000010430813,-0.749326393876092,-0.999999999999998));
#2468=CARTESIAN_POINT('Origin',(8.00000010430813,-8.00000013411045,-2.));
#2469=CARTESIAN_POINT('',(8.00000010430813,-9.00000013411045,33.));
#2470=CARTESIAN_POINT('',(8.00000010430813,-9.00000013411045,-2.));
#2471=CARTESIAN_POINT('Origin',(8.00000010430813,-8.00000013411045,33.));
#2472=CARTESIAN_POINT('',(7.00000010430813,-8.00000013411045,-2.));
#2473=CARTESIAN_POINT('Origin',(-2.00000004470348,-1.00000002980232,-0.999999999999998));
#2474=CARTESIAN_POINT('Origin',(-2.00000004470348,-1.00000002980232,-0.999999999999998));
#2475=CARTESIAN_POINT('Origin',(8.00000010430813,-8.00000013411045,33.));
#2476=CARTESIAN_POINT('Origin',(8.00000010430813,-8.00000013411045,33.));
#2477=CARTESIAN_POINT('Origin',(28.5000004246831,-8.00000013411045,33.));
#2478=CARTESIAN_POINT('',(74.0000011175871,-9.00000013411045,33.));
#2479=CARTESIAN_POINT('',(28.5000004246831,-9.00000013411045,33.));
#2480=CARTESIAN_POINT('',(74.0000011175871,-8.00000013411045,34.));
#2481=CARTESIAN_POINT('Origin',(74.0000011175871,-8.00000013411045,33.));
#2482=CARTESIAN_POINT('',(28.5000004246831,-8.00000013411045,34.));
#2483=CARTESIAN_POINT('Origin',(7.00000010430813,-9.00000013411045,-2.));
#2484=CARTESIAN_POINT('',(74.0000011175871,-9.00000013411045,-2.));
#2485=CARTESIAN_POINT('',(75.0000011175871,-9.00000013411045,-2.));
#2486=CARTESIAN_POINT('',(74.0000011175871,-9.00000013411045,-2.));
#2487=CARTESIAN_POINT('Origin',(50.0000007450581,0.501347242050137,-2.));
#2488=CARTESIAN_POINT('',(-2.00000004470348,10.0026946182107,-2.));
#2489=CARTESIAN_POINT('',(-2.00000004470348,5.25202093013042,-2.));
#2490=CARTESIAN_POINT('',(10.0000001490116,10.0026946182107,-2.));
#2491=CARTESIAN_POINT('',(-3.00000004470348,10.0026946182107,-2.));
#2492=CARTESIAN_POINT('',(10.0000001490116,2.75067365827797,-2.));
#2493=CARTESIAN_POINT('',(85.0000012665987,10.0026946182107,-2.));
#2494=CARTESIAN_POINT('',(-3.00000004470348,10.0026946182107,-2.));
#2495=CARTESIAN_POINT('',(85.0000012665987,5.00000007450581,-2.));
#2496=CARTESIAN_POINT('',(85.0000012665987,2.75067365827797,-2.));
#2497=CARTESIAN_POINT('',(90.0000013411045,5.00000007450581,-2.));
#2498=CARTESIAN_POINT('',(70.0000010430813,5.00000007450581,-2.));
#2499=CARTESIAN_POINT('',(90.0000013411045,10.0026946182107,-2.));
#2500=CARTESIAN_POINT('',(90.0000013411045,7.75067373278378,-2.));
#2501=CARTESIAN_POINT('',(102.00000153482,10.0026946182107,-2.));
#2502=CARTESIAN_POINT('',(-3.00000004470348,10.0026946182107,-2.));
#2503=CARTESIAN_POINT('',(102.00000153482,-1.00000002980232,-2.));
#2504=CARTESIAN_POINT('',(102.00000153482,-0.749326393876092,-2.));
#2505=CARTESIAN_POINT('',(74.0000011175871,-1.00000002980232,-2.));
#2506=CARTESIAN_POINT('',(62.5000009313226,-1.00000002980232,-2.));
#2507=CARTESIAN_POINT('',(74.0000011175871,-4.24932644603016,-2.));
#2508=CARTESIAN_POINT('Origin',(-2.00000004470348,5.25202093013042,-0.999999999999998));
#2509=CARTESIAN_POINT('Origin',(-2.00000004470348,10.0026946182107,-0.999999999999998));
#2510=CARTESIAN_POINT('Origin',(-1.00000001490116,10.0026946182107,-2.));
#2511=CARTESIAN_POINT('',(103.00000153482,10.0026946182107,-0.999999999999998));
#2512=CARTESIAN_POINT('',(103.00000153482,10.0026946182107,-2.));
#2513=CARTESIAN_POINT('Origin',(102.00000153482,10.0026946182107,-0.999999999999998));
#2514=CARTESIAN_POINT('',(-3.00000004470348,10.0026946182107,-2.));
#2515=CARTESIAN_POINT('',(-3.00000004470348,10.0026946182107,-2.));
#2516=CARTESIAN_POINT('',(101.000001505017,10.0026946182107,1.94289029309402E-15));
#2517=CARTESIAN_POINT('',(-1.00000001490116,10.0026946182107,1.94289029309402E-15));
#2518=CARTESIAN_POINT('',(-3.00000004470348,10.0026946182107,1.94289029309402E-15));
#2519=CARTESIAN_POINT('',(101.000001505017,10.0026946182107,32.));
#2520=CARTESIAN_POINT('',(101.000001505017,10.0026946182107,-2.));
#2521=CARTESIAN_POINT('',(-1.00000001490116,10.0026946182107,32.));
#2522=CARTESIAN_POINT('',(-3.00000004470348,10.0026946182107,32.));
#2523=CARTESIAN_POINT('',(-1.00000001490116,10.0026946182107,-2.));
#2524=CARTESIAN_POINT('Origin',(102.00000153482,-1.00000002980232,-0.999999999999998));
#2525=CARTESIAN_POINT('',(102.00000153482,-2.00000002980232,-0.999999999999998));
#2526=CARTESIAN_POINT('',(103.00000153482,-1.00000002980232,-0.999999999999998));
#2527=CARTESIAN_POINT('Origin',(102.00000153482,-1.00000002980232,-0.999999999999998));
#2528=CARTESIAN_POINT('Origin',(102.00000153482,-1.00000002980232,-0.999999999999998));
#2529=CARTESIAN_POINT('Origin',(102.00000153482,-1.00000002980232,-0.999999999999998));
#2530=CARTESIAN_POINT('Origin',(102.00000153482,-1.00000002980232,33.));
#2531=CARTESIAN_POINT('',(102.00000153482,-2.00000002980232,33.));
#2532=CARTESIAN_POINT('',(102.00000153482,-1.00000002980232,34.));
#2533=CARTESIAN_POINT('Origin',(102.00000153482,-1.00000002980232,33.));
#2534=CARTESIAN_POINT('',(103.00000153482,-1.00000002980232,33.));
#2535=CARTESIAN_POINT('Origin',(102.00000153482,-1.00000002980232,33.));
#2536=CARTESIAN_POINT('Origin',(102.00000153482,-1.00000002980232,33.));
#2537=CARTESIAN_POINT('Origin',(102.00000153482,-1.00000002980232,-2.));
#2538=CARTESIAN_POINT('',(102.00000153482,-2.00000002980232,-2.));
#2539=CARTESIAN_POINT('',(103.00000153482,-1.00000002980232,-2.));
#2540=CARTESIAN_POINT('Origin',(102.00000153482,-0.749326393876092,33.));
#2541=CARTESIAN_POINT('',(102.00000153482,-0.749326393876092,34.));
#2542=CARTESIAN_POINT('',(103.00000153482,-0.749326393876092,33.));
#2543=CARTESIAN_POINT('Origin',(74.0000011175871,-4.24932644603016,-0.999999999999998));
#2544=CARTESIAN_POINT('',(75.0000011175871,-2.00000002980232,-0.999999999999998));
#2545=CARTESIAN_POINT('',(75.0000011175871,-8.00000013411045,-0.999999999999998));
#2546=CARTESIAN_POINT('',(75.0000011175871,-4.24932644603016,-0.999999999999998));
#2547=CARTESIAN_POINT('Origin',(74.0000011175871,-8.00000013411045,-0.999999999999998));
#2548=CARTESIAN_POINT('Origin',(74.0000011175871,-1.00000002980232,-0.999999999999998));
#2549=CARTESIAN_POINT('Origin',(62.5000009313226,-1.00000002980232,33.));
#2550=CARTESIAN_POINT('',(75.0000011175871,-2.00000002980232,33.));
#2551=CARTESIAN_POINT('',(62.5000009313226,-2.00000002980232,33.));
#2552=CARTESIAN_POINT('',(74.0000011175871,-1.00000002980232,34.));
#2553=CARTESIAN_POINT('',(62.5000009313226,-1.00000002980232,34.));
#2554=CARTESIAN_POINT('Origin',(74.0000011175871,-1.00000002980232,33.));
#2555=CARTESIAN_POINT('Origin',(74.0000011175871,-8.00000013411045,33.));
#2556=CARTESIAN_POINT('',(75.0000011175871,-8.00000013411045,33.));
#2557=CARTESIAN_POINT('Origin',(74.0000011175871,-8.00000013411045,33.));
#2558=CARTESIAN_POINT('Origin',(74.0000011175871,-8.00000013411045,33.));
#2559=CARTESIAN_POINT('Origin',(74.0000011175871,-8.00000013411045,-2.));
#2560=CARTESIAN_POINT('',(75.0000011175871,-8.00000013411045,-2.));
#2561=CARTESIAN_POINT('Origin',(74.0000011175871,-4.24932644603016,33.));
#2562=CARTESIAN_POINT('',(74.0000011175871,-4.24932644603016,34.));
#2563=CARTESIAN_POINT('',(75.0000011175871,-4.24932644603016,33.));
#2564=CARTESIAN_POINT('Origin',(62.5000009313226,-1.00000002980232,-0.999999999999998));
#2565=CARTESIAN_POINT('',(62.5000009313226,-2.00000002980232,-0.999999999999998));
#2566=CARTESIAN_POINT('Origin',(102.00000153482,-0.749326393876092,-0.999999999999998));
#2567=CARTESIAN_POINT('',(103.00000153482,-0.749326393876092,-0.999999999999998));
#2568=CARTESIAN_POINT('Origin',(75.0000011175871,-9.00000013411045,-2.));
#2569=CARTESIAN_POINT('',(75.0000011175871,-2.00000002980232,-2.));
#2570=CARTESIAN_POINT('Origin',(60.5000010430813,4.00067365455268,32.));
#2571=CARTESIAN_POINT('',(60.5000010430813,-0.499999932944775,34.));
#2572=CARTESIAN_POINT('',(60.5000010430813,4.00067365455268,34.));
#2573=CARTESIAN_POINT('',(62.5000010430813,1.50000006705522,32.));
#2574=CARTESIAN_POINT('Origin',(60.5000010430813,-0.499999932944775,32.));
#2575=CARTESIAN_POINT('',(62.5000010430813,7.50000006705523,32.));
#2576=CARTESIAN_POINT('',(62.5000010430813,4.50067366200326,32.));
#2577=CARTESIAN_POINT('Origin',(60.5000010430813,9.50000006705523,32.));
#2578=CARTESIAN_POINT('Origin',(50.0000007450581,0.501347242050137,34.));
#2579=CARTESIAN_POINT('',(79.5000010430813,-0.499999932944775,34.));
#2580=CARTESIAN_POINT('',(79.5000010430813,1.00067365455268,34.));
#2581=CARTESIAN_POINT('',(56.2500008940697,-0.499999932944775,34.));
#2582=CARTESIAN_POINT('',(47.7500006705523,4.5000000372529,34.));
#2583=CARTESIAN_POINT('',(47.7500006705523,0.500000037252903,34.));
#2584=CARTESIAN_POINT('',(47.7500006705523,0.50067363965152,34.));
#2585=CARTESIAN_POINT('',(40.7500006705523,0.500000037252903,34.));
#2586=CARTESIAN_POINT('',(45.3750007078052,0.500000037252903,34.));
#2587=CARTESIAN_POINT('',(40.7500006705523,4.5000000372529,34.));
#2588=CARTESIAN_POINT('',(40.7500006705523,2.50067363965151,34.));
#2589=CARTESIAN_POINT('',(48.8750007078052,4.5000000372529,34.));
#2590=CARTESIAN_POINT('',(12.7500001490116,4.5000000372529,34.));
#2591=CARTESIAN_POINT('',(12.7500001490116,0.500000037252903,34.));
#2592=CARTESIAN_POINT('',(12.7500001490116,0.500673639651531,34.));
#2593=CARTESIAN_POINT('',(5.75000014901161,0.500000037252903,34.));
#2594=CARTESIAN_POINT('',(27.8750004470348,0.500000037252903,34.));
#2595=CARTESIAN_POINT('',(5.75000014901161,4.5000000372529,34.));
#2596=CARTESIAN_POINT('',(5.7500001490116,2.50067363965152,34.));
#2597=CARTESIAN_POINT('',(31.3750004470348,4.5000000372529,34.));
#2598=CARTESIAN_POINT('',(81.5000012144446,0.500000007450581,34.));
#2599=CARTESIAN_POINT('',(81.5000012144446,4.50000006705523,34.));
#2600=CARTESIAN_POINT('',(81.5000012144446,2.50067365455268,34.));
#2601=CARTESIAN_POINT('',(88.5000013187528,4.50000006705523,34.));
#2602=CARTESIAN_POINT('',(69.2500010319054,4.50000006705523,34.));
#2603=CARTESIAN_POINT('',(88.5000013187528,0.500000007450581,34.));
#2604=CARTESIAN_POINT('',(88.5000013187528,0.500673624750359,34.));
#2605=CARTESIAN_POINT('',(65.7500009797513,0.500000007450581,34.));
#2606=CARTESIAN_POINT('Origin',(103.00000153482,-2.00000002980232,-2.));
#2607=CARTESIAN_POINT('Origin',(90.0000013411045,5.00000007450581,-2.));
#2608=CARTESIAN_POINT('',(90.0000013411045,5.00000007450581,-2.));
#2609=CARTESIAN_POINT('',(85.0000012665987,5.00000007450581,-2.));
#2610=CARTESIAN_POINT('Origin',(90.0000013411045,15.0000002235174,-2.));
#2611=CARTESIAN_POINT('',(90.0000013411045,15.0000002235174,-2.));
#2612=CARTESIAN_POINT('',(90.0000013411045,15.0000002235174,-2.));
#2613=CARTESIAN_POINT('',(90.0000013411045,5.00000007450581,-2.));
#2614=CARTESIAN_POINT('Origin',(85.0000012665987,15.0000002235174,-2.));
#2615=CARTESIAN_POINT('',(85.0000012665987,15.0000002235174,-2.));
#2616=CARTESIAN_POINT('',(85.0000012665987,15.0000002235174,-2.));
#2617=CARTESIAN_POINT('',(90.0000013411045,15.0000002235174,-2.));
#2618=CARTESIAN_POINT('Origin',(85.0000012665987,5.00000007450581,-2.));
#2619=CARTESIAN_POINT('',(85.0000012665987,15.0000002235174,-2.));
#2620=CARTESIAN_POINT('Origin',(87.5000013038516,10.0000001490116,-2.));
#2621=CARTESIAN_POINT('Origin',(10.0000001490116,5.00000007450581,-2.));
#2622=CARTESIAN_POINT('',(10.0000001490116,5.00000007450581,-2.));
#2623=CARTESIAN_POINT('',(10.0000001490116,5.00000007450581,-4.5));
#2624=CARTESIAN_POINT('Origin',(12.5000001862645,10.0000001490116,-2.));
#2625=CARTESIAN_POINT('Origin',(12.5000001862645,10.0000001490116,-4.5));
#2626=CARTESIAN_POINT('Origin',(2.50000508001,-2.00000002980232,16.00003048006));
#2627=CARTESIAN_POINT('',(1.050002540005,-2.9802322276673E-8,16.00003048006));
#2628=CARTESIAN_POINT('',(1.050002540005,-2.00000002980232,16.00003048006));
#2629=CARTESIAN_POINT('Origin',(2.50000508001,0.,16.00003048006));
#2630=CARTESIAN_POINT('Origin',(95.000190500381,-2.00000002980232,26.0000508001));
#2631=CARTESIAN_POINT('',(92.950186690373,-2.00000002980232,26.0000508001));
#2632=CARTESIAN_POINT('Origin',(95.000190500381,-2.00000002980232,26.0000508001));
#2633=CARTESIAN_POINT('',(92.950186690373,-2.9802322276673E-8,26.0000508001));
#2634=CARTESIAN_POINT('',(92.950186690373,-2.00000002980232,26.0000508001));
#2635=CARTESIAN_POINT('Origin',(95.000190500381,0.,26.0000508001));
#2636=CARTESIAN_POINT('Origin',(97.500195580391,-2.00000002980232,16.00003048006));
#2637=CARTESIAN_POINT('',(96.050193040386,-2.00000002980232,16.00003048006));
#2638=CARTESIAN_POINT('Origin',(97.500195580391,-2.00000002980232,16.00003048006));
#2639=CARTESIAN_POINT('',(96.050193040386,-2.9802322276673E-8,16.00003048006));
#2640=CARTESIAN_POINT('',(96.050193040386,-2.00000002980232,16.00003048006));
#2641=CARTESIAN_POINT('Origin',(97.500195580391,0.,16.00003048006));
#2642=CARTESIAN_POINT('Origin',(95.000190500381,-2.00000002980232,6.00001016002));
#2643=CARTESIAN_POINT('',(92.950186690373,-2.00000002980232,6.00001016002));
#2644=CARTESIAN_POINT('Origin',(95.000190500381,-2.00000002980232,6.00001016002));
#2645=CARTESIAN_POINT('',(92.950186690373,-2.9802322276673E-8,6.00001016002));
#2646=CARTESIAN_POINT('',(92.950186690373,-2.00000002980232,6.00001016002));
#2647=CARTESIAN_POINT('Origin',(95.000190500381,0.,6.00001016002));
#2648=CARTESIAN_POINT('Origin',(79.5000010430813,1.00067365455268,32.));
#2649=CARTESIAN_POINT('',(77.5000010430813,7.50000006705523,32.));
#2650=CARTESIAN_POINT('Origin',(79.5000010430813,9.50000006705523,32.));
#2651=CARTESIAN_POINT('',(77.5000010430813,1.50000006705522,32.));
#2652=CARTESIAN_POINT('',(77.5000010430813,1.50067366200326,32.));
#2653=CARTESIAN_POINT('Origin',(79.5000010430813,-0.499999932944775,32.));
#2654=CARTESIAN_POINT('Origin',(56.2500008940697,-0.499999932944775,32.));
#2655=CARTESIAN_POINT('',(56.2500008940697,1.50000006705522,32.));
#2656=CARTESIAN_POINT('Origin',(63.7500008940697,9.50000006705523,32.));
#2657=CARTESIAN_POINT('',(63.7500008940697,7.50000006705523,32.));
#2658=CARTESIAN_POINT('Origin',(39.0000006705523,4.5000000372529,32.));
#2659=CARTESIAN_POINT('',(39.0000006705523,4.5000000372529,32.));
#2660=CARTESIAN_POINT('',(39.0000006705523,0.500000037252903,32.));
#2661=CARTESIAN_POINT('',(39.0000006705523,3.0006736471021,32.));
#2662=CARTESIAN_POINT('',(39.0000006705523,4.5000000372529,33.));
#2663=CARTESIAN_POINT('',(39.0000006705523,4.5000000372529,32.));
#2664=CARTESIAN_POINT('',(39.0000006705523,0.500000037252903,33.));
#2665=CARTESIAN_POINT('',(39.0000006705523,0.500000037252903,33.));
#2666=CARTESIAN_POINT('',(39.0000006705523,0.500000037252903,32.));
#2667=CARTESIAN_POINT('Origin',(39.8750006705523,2.5000000372529,33.));
#2668=CARTESIAN_POINT('',(40.7500006705523,0.500000037252903,33.));
#2669=CARTESIAN_POINT('',(40.7500006705523,4.5000000372529,33.));
#2670=CARTESIAN_POINT('',(40.7500006705523,3.5000000372529,33.));
#2671=CARTESIAN_POINT('',(49.5000006705523,0.500000037252903,33.));
#2672=CARTESIAN_POINT('',(39.0000006705523,4.5000000372529,33.));
#2673=CARTESIAN_POINT('Origin',(79.7462336541768,4.50000006705523,32.));
#2674=CARTESIAN_POINT('',(79.7462336541768,4.50000006705523,32.));
#2675=CARTESIAN_POINT('',(79.7462336541768,0.500000007450581,32.));
#2676=CARTESIAN_POINT('',(79.7462336541768,3.00067366200326,32.));
#2677=CARTESIAN_POINT('',(79.7462336541768,4.50000006705523,33.));
#2678=CARTESIAN_POINT('',(79.7462336541768,4.50000006705523,32.));
#2679=CARTESIAN_POINT('',(79.7462336541768,0.500000007450581,33.));
#2680=CARTESIAN_POINT('',(79.7462336541768,0.500000007450581,33.));
#2681=CARTESIAN_POINT('',(79.7462336541768,0.500000007450581,32.));
#2682=CARTESIAN_POINT('Origin',(80.6231174343107,2.5000000372529,33.));
#2683=CARTESIAN_POINT('',(81.5000012144446,0.500000007450581,33.));
#2684=CARTESIAN_POINT('',(81.5000012144446,4.50000006705523,33.));
#2685=CARTESIAN_POINT('',(81.5000012144446,3.50000005215406,33.));
#2686=CARTESIAN_POINT('',(90.2462336541768,0.500000007450581,33.));
#2687=CARTESIAN_POINT('',(79.7462336541768,4.50000006705523,33.));
#2688=CARTESIAN_POINT('Origin',(14.5000001490116,0.500000037252903,32.));
#2689=CARTESIAN_POINT('',(14.5000001490116,0.500000037252903,32.));
#2690=CARTESIAN_POINT('',(14.5000001490116,4.5000000372529,32.));
#2691=CARTESIAN_POINT('',(14.5000001490116,1.0006736471021,32.));
#2692=CARTESIAN_POINT('',(14.5000001490116,0.500000037252903,33.));
#2693=CARTESIAN_POINT('',(14.5000001490116,0.500000037252903,32.));
#2694=CARTESIAN_POINT('',(14.5000001490116,4.5000000372529,33.));
#2695=CARTESIAN_POINT('',(14.5000001490116,4.5000000372529,33.));
#2696=CARTESIAN_POINT('',(14.5000001490116,4.5000000372529,32.));
#2697=CARTESIAN_POINT('Origin',(13.6250001490116,2.5000000372529,33.));
#2698=CARTESIAN_POINT('',(12.7500001490116,4.5000000372529,33.));
#2699=CARTESIAN_POINT('',(12.7500001490116,0.500000037252903,33.));
#2700=CARTESIAN_POINT('',(12.7500001490116,1.5000000372529,33.));
#2701=CARTESIAN_POINT('',(4.00000014901161,4.5000000372529,33.));
#2702=CARTESIAN_POINT('',(14.5000001490116,0.500000037252903,33.));
#2703=CARTESIAN_POINT('Origin',(49.5000006705523,0.500000037252903,32.));
#2704=CARTESIAN_POINT('',(49.5000006705523,0.500000037252903,32.));
#2705=CARTESIAN_POINT('',(49.5000006705523,4.5000000372529,32.));
#2706=CARTESIAN_POINT('',(49.5000006705522,1.0006736471021,32.));
#2707=CARTESIAN_POINT('',(49.5000006705523,0.500000037252903,33.));
#2708=CARTESIAN_POINT('',(49.5000006705523,0.500000037252903,32.));
#2709=CARTESIAN_POINT('',(49.5000006705523,4.5000000372529,33.));
#2710=CARTESIAN_POINT('',(49.5000006705523,4.5000000372529,33.));
#2711=CARTESIAN_POINT('',(49.5000006705523,4.5000000372529,32.));
#2712=CARTESIAN_POINT('Origin',(48.6250006705523,2.5000000372529,33.));
#2713=CARTESIAN_POINT('',(47.7500006705523,4.5000000372529,33.));
#2714=CARTESIAN_POINT('',(47.7500006705523,0.500000037252903,33.));
#2715=CARTESIAN_POINT('',(47.7500006705523,1.5000000372529,33.));
#2716=CARTESIAN_POINT('',(39.0000006705523,4.5000000372529,33.));
#2717=CARTESIAN_POINT('',(49.5000006705523,0.500000037252903,33.));
#2718=CARTESIAN_POINT('Origin',(90.2462336541768,0.500000007450581,32.));
#2719=CARTESIAN_POINT('',(90.2462336541768,0.500000007450581,32.));
#2720=CARTESIAN_POINT('',(90.2462336541768,4.50000006705523,32.));
#2721=CARTESIAN_POINT('',(90.2462336541768,1.00067363220094,32.));
#2722=CARTESIAN_POINT('',(90.2462336541768,0.500000007450581,33.));
#2723=CARTESIAN_POINT('',(90.2462336541768,0.500000007450581,32.));
#2724=CARTESIAN_POINT('',(90.2462336541768,4.50000006705523,33.));
#2725=CARTESIAN_POINT('',(90.2462336541768,4.50000006705523,33.));
#2726=CARTESIAN_POINT('',(90.2462336541768,4.50000006705523,32.));
#2727=CARTESIAN_POINT('Origin',(89.3731174864648,2.5000000372529,33.));
#2728=CARTESIAN_POINT('',(88.5000013187528,4.50000006705523,33.));
#2729=CARTESIAN_POINT('',(88.5000013187528,0.500000007450581,33.));
#2730=CARTESIAN_POINT('',(88.5000013187528,1.50000002235174,33.));
#2731=CARTESIAN_POINT('',(79.7462336541768,4.50000006705523,33.));
#2732=CARTESIAN_POINT('',(90.2462336541768,0.500000007450581,33.));
#2733=CARTESIAN_POINT('Origin',(4.00000014901161,4.5000000372529,32.));
#2734=CARTESIAN_POINT('',(4.00000014901161,4.5000000372529,32.));
#2735=CARTESIAN_POINT('',(4.00000014901161,0.500000037252903,32.));
#2736=CARTESIAN_POINT('',(4.00000014901162,3.0006736471021,32.));
#2737=CARTESIAN_POINT('',(4.00000014901161,4.5000000372529,33.));
#2738=CARTESIAN_POINT('',(4.00000014901161,4.5000000372529,32.));
#2739=CARTESIAN_POINT('',(4.00000014901161,0.500000037252903,33.));
#2740=CARTESIAN_POINT('',(4.00000014901161,0.500000037252903,33.));
#2741=CARTESIAN_POINT('',(4.00000014901161,0.500000037252903,32.));
#2742=CARTESIAN_POINT('Origin',(4.87500014901161,2.5000000372529,33.));
#2743=CARTESIAN_POINT('',(5.75000014901161,0.500000037252903,33.));
#2744=CARTESIAN_POINT('',(5.75000014901161,4.5000000372529,33.));
#2745=CARTESIAN_POINT('',(5.75000014901161,3.5000000372529,33.));
#2746=CARTESIAN_POINT('',(14.5000001490116,0.500000037252903,33.));
#2747=CARTESIAN_POINT('',(4.00000014901161,4.5000000372529,33.));
#2748=CARTESIAN_POINT('Origin',(40.7500006705523,4.5000000372529,32.));
#2749=CARTESIAN_POINT('',(40.7500006705523,4.5000000372529,32.));
#2750=CARTESIAN_POINT('',(40.7500006705523,0.500000037252903,32.));
#2751=CARTESIAN_POINT('Origin',(81.5000012144446,4.50000006705523,32.));
#2752=CARTESIAN_POINT('',(81.5000012144446,4.50000006705523,32.));
#2753=CARTESIAN_POINT('',(81.5000012144446,0.500000007450581,32.));
#2754=CARTESIAN_POINT('Origin',(12.7500001490116,0.500000037252903,32.));
#2755=CARTESIAN_POINT('',(12.7500001490116,0.500000037252903,32.));
#2756=CARTESIAN_POINT('',(12.7500001490116,4.5000000372529,32.));
#2757=CARTESIAN_POINT('Origin',(47.7500006705523,0.500000037252903,32.));
#2758=CARTESIAN_POINT('',(47.7500006705523,0.500000037252903,32.));
#2759=CARTESIAN_POINT('',(47.7500006705523,4.5000000372529,32.));
#2760=CARTESIAN_POINT('Origin',(88.5000013187528,0.500000007450581,32.));
#2761=CARTESIAN_POINT('',(88.5000013187528,0.500000007450581,32.));
#2762=CARTESIAN_POINT('',(88.5000013187528,4.50000006705523,32.));
#2763=CARTESIAN_POINT('Origin',(5.75000014901161,4.5000000372529,32.));
#2764=CARTESIAN_POINT('',(5.75000014901161,4.5000000372529,32.));
#2765=CARTESIAN_POINT('',(5.75000014901161,0.500000037252903,32.));
#2766=CARTESIAN_POINT('Origin',(40.7500006705523,0.500000037252903,32.));
#2767=CARTESIAN_POINT('',(48.8750007078052,0.500000037252903,32.));
#2768=CARTESIAN_POINT('Origin',(47.7500006705523,4.5000000372529,32.));
#2769=CARTESIAN_POINT('',(45.3750007078052,4.5000000372529,32.));
#2770=CARTESIAN_POINT('Origin',(5.75000014901161,0.500000037252903,32.));
#2771=CARTESIAN_POINT('',(31.3750004470348,0.500000037252903,32.));
#2772=CARTESIAN_POINT('Origin',(12.7500001490116,4.5000000372529,32.));
#2773=CARTESIAN_POINT('',(32.2500004470348,4.5000000372529,32.));
#2774=CARTESIAN_POINT('Origin',(88.5000013187528,4.50000006705523,32.));
#2775=CARTESIAN_POINT('',(65.7500009797513,4.50000006705523,32.));
#2776=CARTESIAN_POINT('Origin',(81.5000012144446,0.500000007450581,32.));
#2777=CARTESIAN_POINT('',(64.8731171996174,0.500000007450581,32.));
#2778=CARTESIAN_POINT('Origin',(50.0000007450581,1.5013472569513,1.94289029309402E-15));
#2779=CARTESIAN_POINT('',(101.000001505017,0.,1.94289029309402E-15));
#2780=CARTESIAN_POINT('',(73.0000010877848,0.,1.94289029309402E-15));
#2781=CARTESIAN_POINT('',(75.5000011250377,0.,1.94289029309402E-15));
#2782=CARTESIAN_POINT('',(101.000001505017,5.75202093758101,1.94289029309402E-15));
#2783=CARTESIAN_POINT('',(-1.00000001490116,0.,1.94289029309402E-15));
#2784=CARTESIAN_POINT('',(-1.00000001490116,0.750673628475646,1.94289029309402E-15));
#2785=CARTESIAN_POINT('',(9.00000013411045,0.,1.94289029309402E-15));
#2786=CARTESIAN_POINT('',(29.5000004395843,0.,1.94289029309402E-15));
#2787=CARTESIAN_POINT('',(9.00000013411045,-7.00000010430813,1.94289029309402E-15));
#2788=CARTESIAN_POINT('',(9.00000013411045,-2.74932642367841,1.94289029309402E-15));
#2789=CARTESIAN_POINT('',(73.0000010877848,-7.00000010430813,1.94289029309402E-15));
#2790=CARTESIAN_POINT('',(61.5000009164214,-7.00000010430813,1.94289029309402E-15));
#2791=CARTESIAN_POINT('',(73.0000010877848,0.750673628475649,1.94289029309402E-15));
#2792=CARTESIAN_POINT('Origin',(101.000001505017,10.0026946182107,-2.));
#2793=CARTESIAN_POINT('',(101.000001505017,0.,32.));
#2794=CARTESIAN_POINT('',(101.000001505017,0.,-2.));
#2795=CARTESIAN_POINT('',(101.000001505017,5.75202093758101,32.));
#2796=CARTESIAN_POINT('Origin',(50.0000007450581,1.5013472569513,32.));
#2797=CARTESIAN_POINT('',(73.0000010877848,0.,32.));
#2798=CARTESIAN_POINT('',(75.5000011250377,0.,32.));
#2799=CARTESIAN_POINT('',(73.0000010877848,-7.00000010430813,32.));
#2800=CARTESIAN_POINT('',(73.0000010877848,0.750673628475649,32.));
#2801=CARTESIAN_POINT('',(9.00000013411045,-7.00000010430813,32.));
#2802=CARTESIAN_POINT('',(61.5000009164214,-7.00000010430813,32.));
#2803=CARTESIAN_POINT('',(9.00000013411045,0.,32.));
#2804=CARTESIAN_POINT('',(9.00000013411045,-2.74932642367841,32.));
#2805=CARTESIAN_POINT('',(-1.00000001490116,0.,32.));
#2806=CARTESIAN_POINT('',(29.5000004395843,0.,32.));
#2807=CARTESIAN_POINT('',(-1.00000001490116,0.750673628475646,32.));
#2808=CARTESIAN_POINT('Origin',(-1.00000001490116,0.,-2.));
#2809=CARTESIAN_POINT('',(-1.00000001490116,0.,-2.));
#2810=CARTESIAN_POINT('Origin',(9.00000013411045,0.,-2.));
#2811=CARTESIAN_POINT('',(9.00000013411045,0.,-2.));
#2812=CARTESIAN_POINT('Origin',(9.00000013411045,-7.00000010430813,-2.));
#2813=CARTESIAN_POINT('',(9.00000013411045,-7.00000010430813,-2.));
#2814=CARTESIAN_POINT('Origin',(73.0000010877848,-7.00000010430813,-2.));
#2815=CARTESIAN_POINT('',(73.0000010877848,-7.00000010430813,-2.));
#2816=CARTESIAN_POINT('Origin',(73.0000010877848,0.,-2.));
#2817=CARTESIAN_POINT('',(73.0000010877848,0.,-2.));
#2818=CARTESIAN_POINT('Origin',(101.000001505017,0.,-2.));
#2819=CARTESIAN_POINT('Origin',(75.0000011175871,-2.00000002980232,-2.));
#2820=CARTESIAN_POINT('Origin',(7.00000010430813,-2.00000002980232,-2.));
#2821=UNCERTAINTY_MEASURE_WITH_UNIT(LENGTH_MEASURE(0.01),#2825,
'DISTANCE_ACCURACY_VALUE',
'Maximum model space distance between geometric entities at asserted c
onnectivities');
#2822=UNCERTAINTY_MEASURE_WITH_UNIT(LENGTH_MEASURE(0.01),#2825,
'DISTANCE_ACCURACY_VALUE',
'Maximum model space distance between geometric entities at asserted c
onnectivities');
#2823=(
GEOMETRIC_REPRESENTATION_CONTEXT(3)
GLOBAL_UNCERTAINTY_ASSIGNED_CONTEXT((#2821))
GLOBAL_UNIT_ASSIGNED_CONTEXT((#2825,#2827,#2828))
REPRESENTATION_CONTEXT('','3D')
);
#2824=(
GEOMETRIC_REPRESENTATION_CONTEXT(3)
GLOBAL_UNCERTAINTY_ASSIGNED_CONTEXT((#2822))
GLOBAL_UNIT_ASSIGNED_CONTEXT((#2825,#2827,#2828))
REPRESENTATION_CONTEXT('','3D')
);
#2825=(
LENGTH_UNIT()
NAMED_UNIT(*)
SI_UNIT(.MILLI.,.METRE.)
);
#2826=(
LENGTH_UNIT()
NAMED_UNIT(*)
SI_UNIT($,.METRE.)
);
#2827=(
NAMED_UNIT(*)
PLANE_ANGLE_UNIT()
SI_UNIT($,.RADIAN.)
);
#2828=(
NAMED_UNIT(*)
SI_UNIT($,.STERADIAN.)
SOLID_ANGLE_UNIT()
);
#2829=SHAPE_DEFINITION_REPRESENTATION(#2830,#2831);
#2830=PRODUCT_DEFINITION_SHAPE('',$,#2833);
#2831=SHAPE_REPRESENTATION('',(#1722),#2823);
#2832=PRODUCT_DEFINITION_CONTEXT('part definition',#2837,'design');
#2833=PRODUCT_DEFINITION('2026-08-06-15-25-05-697','Front',#2834,#2832);
#2834=PRODUCT_DEFINITION_FORMATION('',$,#2839);
#2835=PRODUCT_RELATED_PRODUCT_CATEGORY('Front','Front',(#2839));
#2836=APPLICATION_PROTOCOL_DEFINITION('international standard',
'automotive_design',2009,#2837);
#2837=APPLICATION_CONTEXT(
'Core Data for Automotive Mechanical Design Process');
#2838=PRODUCT_CONTEXT('part definition',#2837,'mechanical');
#2839=PRODUCT('2026-08-06-15-25-05-697','Front',$,(#2838));
#2840=PRESENTATION_STYLE_ASSIGNMENT((#2841));
#2841=SURFACE_STYLE_USAGE(.BOTH.,#2842);
#2842=SURFACE_SIDE_STYLE('',(#2843));
#2843=SURFACE_STYLE_FILL_AREA(#2844);
#2844=FILL_AREA_STYLE('Steel - Satin',(#2845));
#2845=FILL_AREA_STYLE_COLOUR('Steel - Satin',#2846);
#2846=COLOUR_RGB('Steel - Satin',0.627450980392157,0.627450980392157,0.627450980392157);
ENDSEC;
END-ISO-10303-21;
