#include "smooth_font.h"

static const uint8_t instrument_14_bitmap[] = {
    0xA6, 0xA6, 0xA6, 0xA6, 0xA6, 0xA6, 0xA6, 0x00, 0x00, 0xAA, 0xF3, 0xF6, 0xF3, 0xF6, 0xF3, 0xF6,
    0x00, 0x0D, 0x30, 0xF1, 0x00, 0x00, 0xF1, 0x1F, 0x00, 0x0F, 0xFF, 0xFF, 0xFF, 0x30, 0x05, 0xA0,
    0x68, 0x00, 0x00, 0x67, 0x09, 0x60, 0x00, 0x0A, 0x50, 0xB3, 0x00, 0x00, 0xD3, 0x0F, 0x10, 0x06,
    0xFF, 0xFF, 0xFF, 0xA0, 0x03, 0xD0, 0x4A, 0x00, 0x00, 0x5A, 0x06, 0x80, 0x00, 0x00, 0x0A, 0xA0,
    0x00, 0x01, 0x9F, 0xFB, 0x60, 0x09, 0xDB, 0xA5, 0x80, 0x0F, 0x6A, 0xA0, 0x00, 0x0F, 0x9A, 0xA0,
    0x00, 0x07, 0xFF, 0xD5, 0x10, 0x00, 0x4D, 0xFF, 0xB0, 0x00, 0x0A, 0xA4, 0xF3, 0x08, 0x0A, 0xA3,
    0xF3, 0x2F, 0x8B, 0xB8, 0xF1, 0x02, 0x9F, 0xFB, 0x30, 0x00, 0x0A, 0xA0, 0x00, 0x1B, 0xF6, 0x00,
    0x5B, 0x03, 0xB3, 0xF0, 0x1F, 0x30, 0x3B, 0x3F, 0x06, 0xA0, 0x01, 0xBF, 0x61, 0xF2, 0x00, 0x00,
    0x00, 0x78, 0x00, 0x00, 0x00, 0x1F, 0x10, 0x00, 0x00, 0x08, 0x71, 0xDF, 0x60, 0x03, 0xF1, 0x5B,
    0x3F, 0x00, 0xA6, 0x05, 0xB3, 0xF0, 0x3F, 0x10, 0x1D, 0xF6, 0x02, 0xDF, 0xD2, 0x00, 0x0F, 0x70,
    0x7F, 0x00, 0x2F, 0x30, 0x3F, 0x20, 0x0F, 0x50, 0x00, 0x00, 0x0D, 0xF1, 0x00, 0x00, 0x7F, 0xFB,
    0x13, 0xF3, 0xF5, 0x2F, 0xA4, 0xF0, 0xF3, 0x04, 0xFF, 0xA0, 0xD9, 0x10, 0x9F, 0x90, 0x2A, 0xFF,
    0x96, 0xF5, 0x6F, 0x6F, 0x6F, 0x00, 0xA2, 0x06, 0xF2, 0x1F, 0x60, 0x5F, 0x10, 0x7A, 0x00, 0xA7,
    0x00, 0xA6, 0x00, 0xA7, 0x00, 0x7A, 0x00, 0x5F, 0x10, 0x1F, 0x60, 0x06, 0xF2, 0x00, 0xA2, 0x57,
    0x00, 0x5F, 0x30, 0x0A, 0xA0, 0x04, 0xF1, 0x00, 0xF4, 0x00, 0xB6, 0x00, 0xA6, 0x00, 0xB6, 0x00,
    0xF4, 0x04, 0xF1, 0x0A, 0xA0, 0x5F, 0x30, 0x57, 0x00, 0x00, 0x66, 0x00, 0x5A, 0xAA, 0xA5, 0x04,
    0xFF, 0x40, 0x08, 0x55, 0x90, 0x00, 0xF6, 0x00, 0x00, 0xF6, 0x00, 0xFF, 0xFF, 0xF6, 0x00, 0xF6,
    0x00, 0x00, 0xF6, 0x00, 0x3F, 0x33, 0xF3, 0x3D, 0x13, 0x30, 0xFF, 0xFF, 0xA0, 0x3F, 0x30, 0x00,
    0x00, 0x89, 0x00, 0x00, 0xF5, 0x00, 0x05, 0xF0, 0x00, 0x09, 0x80, 0x00, 0x1F, 0x40, 0x00, 0x5F,
    0x00, 0x00, 0xA7, 0x00, 0x01, 0xF2, 0x00, 0x05, 0xD0, 0x00, 0x0B, 0x60, 0x00, 0x2F, 0x10, 0x00,
    0x7B, 0x00, 0x00, 0xD5, 0x00, 0x00, 0x2A, 0xFF, 0x70, 0x9A, 0x11, 0xF5, 0xF6, 0x00, 0xAA, 0xF6,
    0x00, 0xAA, 0xF6, 0x00, 0xAA, 0xF6, 0x00, 0xAA, 0xF6, 0x00, 0xAA, 0xF6, 0x00, 0xAA, 0x9A, 0x11,
    0xF5, 0x2A, 0xFF, 0x70, 0x19, 0xF6, 0x6D, 0xF6, 0x20, 0xF6, 0x00, 0xF6, 0x00, 0xF6, 0x00, 0xF6,
    0x00, 0xF6, 0x00, 0xF6, 0x00, 0xF6, 0x00, 0xF6, 0x02, 0xAF, 0xF5, 0x00, 0xA9, 0x04, 0xF2, 0x2F,
    0x30, 0x0F, 0x60, 0x00, 0x05, 0xF4, 0x00, 0x01, 0xFD, 0x00, 0x00, 0xAF, 0x30, 0x00, 0x6F, 0x60,
    0x00, 0x2F, 0xB0, 0x00, 0x1D, 0xF1, 0x00, 0x03, 0xFF, 0xFF, 0xF6, 0x01, 0xAF, 0xD5, 0x00, 0xA9,
    0x05, 0xF1, 0x1F, 0x40, 0x0F, 0x30, 0x00, 0x05, 0xF1, 0x00, 0x0F, 0xF4, 0x00, 0x00, 0x05, 0xF1,
    0x00, 0x00, 0x0F, 0x53, 0xF1, 0x00, 0xF6, 0x1F, 0x80, 0x5F, 0x20, 0x2B, 0xFD, 0x50, 0x00, 0x1F,
    0x50, 0x00, 0x06, 0xF1, 0x00, 0x01, 0xF6, 0x00, 0x00, 0x6F, 0x10, 0x00, 0x1F, 0x80, 0xA6, 0x06,
    0xF1, 0x0A, 0x60, 0xF8, 0x00, 0xA6, 0x0F, 0xFF, 0xFF, 0xF3, 0x00, 0x00, 0xA6, 0x00, 0x00, 0x0A,
    0x60, 0xAF, 0xFF, 0xF3, 0xAA, 0x00, 0x00, 0xAA, 0x00, 0x00, 0xAF, 0xFF, 0x70, 0x78, 0x12, 0xF4,
    0x00, 0x00, 0xB6, 0x00, 0x00, 0xA6, 0xD6, 0x00, 0xB6, 0x6D, 0x12, 0xF3, 0x18, 0xFF, 0x60, 0x00,
    0x08, 0xD0, 0x00, 0x01, 0xF5, 0x00, 0x00, 0x8B, 0x00, 0x00, 0x1F, 0x30, 0x00, 0x08, 0xFF, 0xF5,
    0x00, 0xF9, 0x06, 0xF1, 0x2F, 0x30, 0x1F, 0x32, 0xF3, 0x00, 0xF3, 0x0D, 0x90, 0x5F, 0x10, 0x2B,
    0xFD, 0x50, 0x3F, 0xFF, 0xFF, 0x33, 0xF3, 0x05, 0xF1, 0x3F, 0x30, 0xAB, 0x00, 0x00, 0x1F, 0x60,
    0x00, 0x04, 0xF2, 0x00, 0x00, 0x8F, 0x00, 0x00, 0x0D, 0x80, 0x00, 0x02, 0xF4, 0x00, 0x00, 0x5F,
    0x10, 0x00, 0x0A, 0xA0, 0x00, 0x18, 0xFF, 0x70, 0x7D, 0x12, 0xF5, 0xA6, 0x00, 0xAA, 0xB7, 0x00,
    0xAA, 0x6D, 0x12, 0xF5, 0x1F, 0xFF, 0xD1, 0xB9, 0x11, 0xB9, 0xF3, 0x00, 0x6F, 0xD9, 0x11, 0xBA,
    0x2A, 0xFF, 0x91, 0x02, 0xBF, 0xD4, 0x00, 0xD9, 0x05, 0xF1, 0x2F, 0x30, 0x0F, 0x32, 0xF3, 0x01,
    0xF3, 0x0D, 0x90, 0x5F, 0x10, 0x2D, 0xFF, 0xA0, 0x00, 0x01, 0xF3, 0x00, 0x00, 0x8A, 0x00, 0x00,
    0x1F, 0x30, 0x00, 0x09, 0xA0, 0x00, 0x3F, 0x30, 0x00, 0x00, 0x00, 0x00, 0x00, 0x00, 0x00, 0x3F,
    0x30, 0x3F, 0x30, 0x00, 0x00, 0x00, 0x00, 0x00, 0x00, 0x00, 0x3F, 0x33, 0xF3, 0x3D, 0x13, 0x30,
    0x00, 0x01, 0xA0, 0x18, 0xFA, 0x1D, 0xF6, 0x00, 0x18, 0xFA, 0x00, 0x01, 0xA0, 0xFF, 0xFF, 0x60,
    0x00, 0x00, 0xFF, 0xFF, 0x60, 0xA1, 0x00, 0x0A, 0xF8, 0x10, 0x06, 0xFD, 0x1A, 0xF8, 0x10, 0xA1,
    0x00, 0x00, 0x07, 0xFF, 0x60, 0x5F, 0x13, 0xF2, 0xAA, 0x00, 0xF6, 0x00, 0x03, 0xF4, 0x00, 0x0B,
    0xD1, 0x00, 0x5F, 0x30, 0x00, 0xA9, 0x00, 0x00, 0xF6, 0x00, 0x00, 0x00, 0x00, 0x00, 0xF6, 0x00,
    0x00, 0x6B, 0xFF, 0xF8, 0x20, 0x00, 0xBB, 0x40, 0x01, 0x7F, 0x20, 0x5F, 0x15, 0xFF, 0xA1, 0x7D,
    0x0A, 0x72, 0xF4, 0x1B, 0x81, 0xF2, 0xF4, 0x6D, 0x00, 0x6D, 0x0D, 0x5F, 0x36, 0xA0, 0x06, 0xF0,
    0xA6, 0xF3, 0x6A, 0x00, 0x6F, 0x0A, 0x6F, 0x36, 0xD0, 0x06, 0xF0, 0xA6, 0xB5, 0x2F, 0x40, 0x9F,
    0x1D, 0x56, 0xD0, 0x7F, 0xF6, 0xDF, 0xA1, 0x1B, 0xA4, 0x00, 0x00, 0x00, 0x00, 0x16, 0xBF, 0xFF,
    0x30, 0x00, 0x00, 0x03, 0xF4, 0x00, 0x00, 0x00, 0x8F, 0x90, 0x00, 0x00, 0x0F, 0x9F, 0x10, 0x00,
    0x05, 0xF1, 0xF5, 0x00, 0x00, 0x98, 0x08, 0xB0, 0x00, 0x1F, 0x40, 0x4F, 0x10, 0x05, 0xF0, 0x00,
    0xD6, 0x00, 0xBF, 0xFF, 0xFF, 0xD0, 0x1F, 0x40, 0x00, 0x2F, 0x37, 0xF0, 0x00, 0x00, 0xD8, 0xAF,
    0xFF, 0xFB, 0x20, 0xAA, 0x00, 0x19, 0xD0, 0xAA, 0x00, 0x05, 0xF0, 0xAA, 0x00, 0x19, 0xA0, 0xAF,
    0xFF, 0xFD, 0x10, 0xAA, 0x00, 0x19, 0xA0, 0xAA, 0x00, 0x03, 0xF1, 0xAA, 0x00, 0x03, 0xF2, 0xAA,
    0x00, 0x19, 0xD0, 0xAF, 0xFF, 0xFA, 0x20, 0x05, 0xDF, 0xD4, 0x05, 0xF3, 0x05, 0xF4, 0xB8, 0x00,
    0x09, 0xBF, 0x60, 0x00, 0x00, 0xF6, 0x00, 0x00, 0x0F, 0x60, 0x00, 0x00, 0xF6, 0x00, 0x00, 0x0B,
    0x80, 0x00, 0x8B, 0x5F, 0x30, 0x5F, 0x40, 0x5D, 0xFD, 0x40, 0xAF, 0xFF, 0xD6, 0x00, 0xAA, 0x00,
    0x3D, 0x70, 0xAA, 0x00, 0x05, 0xF0, 0xAA, 0x00, 0x03, 0xF3, 0xAA, 0x00, 0x03, 0xF3, 0xAA, 0x00,
    0x03, 0xF3, 0xAA, 0x00, 0x03, 0xF3, 0xAA, 0x00, 0x05, 0xF0, 0xAA, 0x00, 0x3D, 0x70, 0xAF, 0xFF,
    0xD6, 0x00, 0xAF, 0xFF, 0xFF, 0x6A, 0xA0, 0x00, 0x00, 0xAA, 0x00, 0x00, 0x0A, 0xA0, 0x00, 0x00,
    0xAA, 0x00, 0x00, 0x0A, 0xFF, 0xFF, 0xA0, 0xAA, 0x00, 0x00, 0x0A, 0xA0, 0x00, 0x00, 0xAA, 0x00,
    0x00, 0x0A, 0xFF, 0xFF, 0xF6, 0xAF, 0xFF, 0xFF, 0x6A, 0xA0, 0x00, 0x00, 0xAA, 0x00, 0x00, 0x0A,
    0xA0, 0x00, 0x00, 0xAA, 0x00, 0x00, 0x0A, 0xFF, 0xFF, 0xA0, 0xAA, 0x00, 0x00, 0x0A, 0xA0, 0x00,
    0x00, 0xAA, 0x00, 0x00, 0x0A, 0xA0, 0x00, 0x00, 0x05, 0xDF, 0xD4, 0x05, 0xF3, 0x05, 0xF4, 0xB8,
    0x00, 0x09, 0xBF, 0x60, 0x00, 0x00, 0xF6, 0x00, 0x00, 0x0F, 0x60, 0x6F, 0xFF, 0xF6, 0x00, 0x06,
    0xFD, 0x70, 0x00, 0x7F, 0x5F, 0x30, 0x3F, 0x60, 0x5D, 0xFD, 0x60, 0xAA, 0x00, 0x03, 0xF3, 0xAA,
    0x00, 0x03, 0xF3, 0xAA, 0x00, 0x03, 0xF3, 0xAA, 0x00, 0x03, 0xF3, 0xAA, 0x00, 0x03, 0xF3, 0xAF,
    0xFF, 0xFF, 0xF3, 0xAA, 0x00, 0x03, 0xF3, 0xAA, 0x00, 0x03, 0xF3, 0xAA, 0x00, 0x03, 0xF3, 0xAA,
    0x00, 0x03, 0xF3, 0xAA, 0xAA, 0xAA, 0xAA, 0xAA, 0xAA, 0xAA, 0xAA, 0xAA, 0xAA, 0x00, 0x00, 0x6A,
    0x00, 0x00, 0x6A, 0x00, 0x00, 0x6A, 0x00, 0x00, 0x6A, 0x00, 0x00, 0x6A, 0x00, 0x00, 0x6A, 0x00,
    0x00, 0x6A, 0x00, 0x00, 0x7A, 0x25, 0x02, 0xF6, 0x4B, 0xFF, 0x70, 0xAA, 0x00, 0x09, 0xF1, 0xAA,
    0x00, 0x5F, 0x20, 0xAA, 0x03, 0xF5, 0x00, 0xAA, 0x1F, 0x70, 0x00, 0xAA, 0xBF, 0x70, 0x00, 0xAF,
    0xD7, 0xF2, 0x00, 0xAF, 0x21, 0xDA, 0x00, 0xAA, 0x00, 0x4F, 0x50, 0xAA, 0x00, 0x0A, 0xF1, 0xAA,
    0x00, 0x02, 0xF6, 0xAA, 0x00, 0x00, 0x0A, 0xA0, 0x00, 0x00, 0xAA, 0x00, 0x00, 0x0A, 0xA0, 0x00,
    0x00, 0xAA, 0x00, 0x00, 0x0A, 0xA0, 0x00, 0x00, 0xAA, 0x00, 0x00, 0x0A, 0xA0, 0x00, 0x00, 0xAA,
    0x00, 0x00, 0x0A, 0xFF, 0xFF, 0xF6, 0xAA, 0x00, 0x00, 0x0D, 0xAA, 0xF2, 0x00, 0x03, 0xFA, 0xAF,
    0x80, 0x00, 0xAF, 0xAA, 0xBF, 0x10, 0x1F, 0xDA, 0xA6, 0xD6, 0x08, 0xAA, 0xAA, 0x65, 0xF1, 0xF3,
    0xAA, 0xA6, 0x1F, 0xBD, 0x0A, 0xAA, 0x60, 0x6F, 0x50, 0xAA, 0xA6, 0x01, 0x61, 0x0A, 0xAA, 0x60,
    0x00, 0x00, 0xAA, 0xAB, 0x00, 0x00, 0xA6, 0xAF, 0x50, 0x00, 0xA6, 0xAF, 0xF1, 0x00, 0xA6, 0xA6,
    0xB9, 0x00, 0xA6, 0xA6, 0x2F, 0x40, 0xA6, 0xA6, 0x07, 0xF1, 0xA6, 0xA6, 0x01, 0xD7, 0xA6, 0xA6,
    0x00, 0x3F, 0xF6, 0xA6, 0x00, 0x09, 0xF6, 0xA6, 0x00, 0x01, 0xF6, 0x05, 0xDF, 0xD6, 0x05, 0xF3,
    0x03, 0xF5, 0xB7, 0x00, 0x07, 0xDF, 0x60, 0x00, 0x6F, 0xF6, 0x00, 0x06, 0xFF, 0x60, 0x00, 0x6F,
    0xF6, 0x00, 0x06, 0xFB, 0x70, 0x00, 0x7D, 0x5F, 0x30, 0x3F, 0x50, 0x5D, 0xFD, 0x60, 0xAF, 0xFF,
    0xF9, 0x1A, 0xA0, 0x01, 0xBA, 0xAA, 0x00, 0x05, 0xFA, 0xA0, 0x00, 0x5F, 0xAA, 0x00, 0x1B, 0xAA,
    0xFF, 0xFF, 0x91, 0xAA, 0x00, 0x00, 0x0A, 0xA0, 0x00, 0x00, 0xAA, 0x00, 0x00, 0x0A, 0xA0, 0x00,
    0x00, 0x05, 0xDF, 0xD6, 0x00, 0x5F, 0x30, 0x3F, 0x50, 0xB7, 0x00, 0x07, 0xD0, 0xF6, 0x00, 0x06,
    0xF0, 0xF6, 0x00, 0x06, 0xF0, 0xF6, 0x00, 0x06, 0xF0, 0xF6, 0x01, 0x56, 0xF0, 0xB7, 0x02, 0xDF,
    0xD0, 0x5F, 0x30, 0x4F, 0xF2, 0x05, 0xDF, 0xD6, 0x78, 0xAF, 0xFF, 0xF9, 0x10, 0xAA, 0x00, 0x1B,
    0xA0, 0xAA, 0x00, 0x06, 0xF0, 0xAA, 0x00, 0x06, 0xF0, 0xAA, 0x00, 0x1D, 0xA0, 0xAF, 0xFF, 0xFA,
    0x10, 0xAA, 0x01, 0xF6, 0x00, 0xAA, 0x00, 0x6F, 0x10, 0xAA, 0x00, 0x1F, 0x80, 0xAA, 0x00, 0x05,
    0xF3, 0x01, 0x7D, 0xFF, 0x81, 0x07, 0xF3, 0x01, 0x93, 0x0D, 0x60, 0x00, 0x00, 0x0D, 0x90, 0x00,
    0x00, 0x05, 0xFF, 0x96, 0x10, 0x00, 0x26, 0x9F, 0xF4, 0x00, 0x00, 0x00, 0xAA, 0x00, 0x00, 0x00,
    0x7A, 0x1B, 0x51, 0x03, 0xF6, 0x05, 0xBF, 0xFD, 0x60, 0x3F, 0xFF, 0xFF, 0xFF, 0x00, 0x03, 0xF0,
    0x00, 0x00, 0x03, 0xF0, 0x00, 0x00, 0x03, 0xF0, 0x00, 0x00, 0x03, 0xF0, 0x00, 0x00, 0x03, 0xF0,
    0x00, 0x00, 0x03, 0xF0, 0x00, 0x00, 0x03, 0xF0, 0x00, 0x00, 0x03, 0xF0, 0x00, 0x00, 0x03, 0xF0,
    0x00, 0xF6, 0x00, 0x03, 0xFF, 0x60, 0x00, 0x3F, 0xF6, 0x00, 0x03, 0xFF, 0x60, 0x00, 0x3F, 0xF6,
    0x00, 0x03, 0xFF, 0x60, 0x00, 0x3F, 0xF6, 0x00, 0x03, 0xFA, 0x70, 0x00, 0x5F, 0x5F, 0x30, 0x2D,
    0x70, 0x5D, 0xFF, 0x60, 0x8D, 0x00, 0x00, 0x8D, 0x4F, 0x20, 0x00, 0xF7, 0x0F, 0x50, 0x04, 0xF2,
    0x08, 0xB0, 0x07, 0xD0, 0x05, 0xF1, 0x0D, 0x70, 0x01, 0xF5, 0x2F, 0x20, 0x00, 0x99, 0x5D, 0x00,
    0x00, 0x5F, 0xB7, 0x00, 0x00, 0x1F, 0xF4, 0x00, 0x00, 0x09, 0xF0, 0x00, 0x9A, 0x00, 0x09, 0x70,
    0x00, 0xF7, 0x5F, 0x00, 0x0F, 0xB0, 0x01, 0xF4, 0x2F, 0x30, 0x2F, 0xF1, 0x05, 0xF1, 0x0F, 0x50,
    0x5B, 0xD4, 0x07, 0xB0, 0x09, 0x90, 0x97, 0x87, 0x0B, 0x70, 0x05, 0xD0, 0xF4, 0x5B, 0x0F, 0x40,
    0x03, 0xF5, 0xF0, 0x1F, 0x4F, 0x10, 0x00, 0xFB, 0xA0, 0x0D, 0xDB, 0x00, 0x00, 0xAF, 0x50, 0x08,
    0xF7, 0x00, 0x00, 0x6F, 0x20, 0x04, 0xF4, 0x00, 0x6F, 0x10, 0x03, 0xF5, 0x0D, 0x90, 0x0A, 0xA0,
    0x03, 0xF3, 0x5F, 0x10, 0x00, 0x8D, 0xF6, 0x00, 0x00, 0x1F, 0xD1, 0x00, 0x00, 0x1F, 0xF1, 0x00,
    0x00, 0xAA, 0xB9, 0x00, 0x04, 0xF2, 0x3F, 0x30, 0x1F, 0x70, 0x08, 0xD0, 0x7F, 0x10, 0x01, 0xF6,
    0x1F, 0x80, 0x00, 0x6F, 0x10, 0x5F, 0x10, 0x1F, 0x60, 0x00, 0xD6, 0x06, 0xF1, 0x00, 0x05, 0xF1,
    0xF6, 0x00, 0x00, 0x0D, 0xDF, 0x10, 0x00, 0x00, 0x5F, 0x60, 0x00, 0x00, 0x03, 0xF3, 0x00, 0x00,
    0x00, 0x3F, 0x30, 0x00, 0x00, 0x03, 0xF3, 0x00, 0x00, 0x00, 0x3F, 0x30, 0x00, 0x0F, 0xFF, 0xFF,
    0xA0, 0x00, 0x01, 0xF9, 0x00, 0x00, 0x8F, 0x10, 0x00, 0x3F, 0x80, 0x00, 0x0A, 0xF1, 0x00, 0x05,
    0xF6, 0x00, 0x00, 0xDD, 0x10, 0x00, 0x6F, 0x50, 0x00, 0x1F, 0xB0, 0x00, 0x03, 0xFF, 0xFF, 0xFF,
    0xAF, 0xFA, 0xA0, 0xAA, 0x0A, 0xA0, 0xAA, 0x0A, 0xA0, 0xAA, 0x0A, 0xA0, 0xAA, 0x0A, 0xA0, 0xAA,
    0x0A, 0xA0, 0xAF, 0xF0, 0x5F, 0x00, 0x00, 0x01, 0xF4, 0x00, 0x00, 0x09, 0x80, 0x00, 0x00, 0x5F,
    0x00, 0x00, 0x00, 0xF5, 0x00, 0x00, 0x08, 0x90, 0x00, 0x00, 0x4F, 0x10, 0x00, 0x00, 0xD5, 0x00,
    0x00, 0x07, 0xB0, 0x00, 0x00, 0x2F, 0x10, 0x00, 0x00, 0xD5, 0x00, 0x00, 0x06, 0xB0, 0x00, 0x00,
    0x1F, 0x20, 0xAF, 0xA0, 0x6A, 0x06, 0xA0, 0x6A, 0x06, 0xA0, 0x6A, 0x06, 0xA0, 0x6A, 0x06, 0xA0,
    0x6A, 0x06, 0xA0, 0x6A, 0xAF, 0xA0, 0x00, 0x81, 0x00, 0x06, 0xF7, 0x00, 0x2F, 0x8F, 0x30, 0xBA,
    0x08, 0xD1, 0xAF, 0xFF, 0xFF, 0x1B, 0x10, 0x0B, 0xB1, 0x01, 0xA3, 0x05, 0xDF, 0xF6, 0x00, 0x13,
    0x03, 0xF2, 0x00, 0x00, 0x0F, 0x60, 0x7F, 0xFF, 0xF6, 0x2F, 0x20, 0x0F, 0x62, 0xF4, 0x01, 0xF6,
    0x07, 0xFF, 0xAF, 0x60, 0xF6, 0x00, 0x00, 0xF6, 0x00, 0x00, 0xF6, 0x00, 0x00, 0xF9, 0xDF, 0xA1,
    0xFA, 0x11, 0xF7, 0xF6, 0x00, 0xAA, 0xF6, 0x00, 0xAA, 0xF6, 0x00, 0xAA, 0xFA, 0x11, 0xF6, 0xF9,
    0xDF, 0xA1, 0x29, 0xFF, 0x91, 0xB9, 0x11, 0xA2, 0xF4, 0x00, 0x00, 0xF3, 0x00, 0x00, 0xF4, 0x00,
    0x00, 0xB9, 0x11, 0xA2, 0x29, 0xFF, 0x91, 0x00, 0x00, 0xF6, 0x00, 0x00, 0xF6, 0x00, 0x00, 0xF6,
    0x3D, 0xF9, 0xF6, 0xD9, 0x02, 0xF6, 0xF3, 0x00, 0xF6, 0xF3, 0x00, 0xF6, 0xF3, 0x00, 0xF6, 0xD9,
    0x02, 0xF6, 0x3D, 0xFA, 0xF6, 0x19, 0xFF, 0x60, 0xA9, 0x12, 0xF3, 0xF3, 0x00, 0xA7, 0xFF, 0xFF,
    0xFA, 0xF3, 0x00, 0x00, 0xA9, 0x11, 0xA2, 0x19, 0xFF, 0x81, 0x04, 0xFF, 0x09, 0xA0, 0x0A, 0xA0,
    0x6F, 0xFF, 0x0A, 0xA0, 0x0A, 0xA0, 0x0A, 0xA0, 0x0A, 0xA0, 0x0A, 0xA0, 0x0A, 0xA0, 0x3D, 0xF9,
    0xF6, 0xD9, 0x02, 0xF6, 0xF3, 0x00, 0xF6, 0xF3, 0x00, 0xF6, 0xF3, 0x00, 0xF6, 0xD9, 0x02, 0xF6,
    0x3D, 0xFA, 0xF6, 0x00, 0x00, 0xF6, 0x77, 0x15, 0xF1, 0x3A, 0xFA, 0x40, 0xF6, 0x00, 0x00, 0xF6,
    0x00, 0x00, 0xF6, 0x00, 0x00, 0xF9, 0xDF, 0xA1, 0xFA, 0x11, 0xD8, 0xF6, 0x00, 0x7A, 0xF6, 0x00,
    0x6A, 0xF6, 0x00, 0x6A, 0xF6, 0x00, 0x6A, 0xF6, 0x00, 0x6A, 0xF6, 0x00, 0xF6, 0xF6, 0xF6, 0xF6,
    0xF6, 0xF6, 0xF6, 0x0A, 0xA0, 0x00, 0x0A, 0xA0, 0xAA, 0x0A, 0xA0, 0xAA, 0x0A, 0xA0, 0xAA, 0x0A,
    0xA0, 0xAA, 0x0B, 0x9A, 0xB2, 0xF6, 0x00, 0x00, 0x0F, 0x60, 0x00, 0x00, 0xF6, 0x00, 0x00, 0x0F,
    0x60, 0x2F, 0x70, 0xF6, 0x1B, 0x80, 0x0F, 0x6A, 0xA0, 0x00, 0xFF, 0xDF, 0x20, 0x0F, 0xB1, 0xAA,
    0x00, 0xF6, 0x01, 0xF5, 0x0F, 0x60, 0x06, 0xF1, 0xF6, 0x0F, 0x60, 0xF6, 0x0F, 0x60, 0xF6, 0x0F,
    0x60, 0xF6, 0x0F, 0x60, 0xD6, 0x05, 0xF6, 0xF9, 0xDF, 0xA1, 0xAF, 0xD2, 0xFA, 0x11, 0xFD, 0x11,
    0xA9, 0xF6, 0x00, 0xAA, 0x00, 0x6F, 0xF6, 0x00, 0xAA, 0x00, 0x6F, 0xF6, 0x00, 0xAA, 0x00, 0x6F,
    0xF6, 0x00, 0xAA, 0x00, 0x6F, 0xF6, 0x00, 0xAA, 0x00, 0x6F, 0xF9, 0xDF, 0xA1, 0xFA, 0x11, 0xD8,
    0xF6, 0x00, 0x7A, 0xF6, 0x00, 0x6A, 0xF6, 0x00, 0x6A, 0xF6, 0x00, 0x6A, 0xF6, 0x00, 0x6A, 0x2A,
    0xFF, 0x70, 0xD9, 0x12, 0xF5, 0xF3, 0x00, 0xAA, 0xF3, 0x00, 0xAA, 0xF3, 0x00, 0xAA, 0xD9, 0x12,
    0xF5, 0x2A, 0xFF, 0x70, 0xF9, 0xDF, 0xA1, 0xFA, 0x11, 0xF7, 0xF6, 0x00, 0xAA, 0xF6, 0x00, 0xAA,
    0xF6, 0x00, 0xAA, 0xFA, 0x11, 0xF6, 0xFA, 0xDF, 0xA1, 0xF6, 0x00, 0x00, 0xF6, 0x00, 0x00, 0xF6,
    0x00, 0x00, 0x3D, 0xF9, 0xF6, 0xD9, 0x02, 0xF6, 0xF3, 0x00, 0xF6, 0xF3, 0x00, 0xF6, 0xF3, 0x00,
    0xF6, 0xD9, 0x02, 0xF6, 0x3D, 0xFA, 0xF6, 0x00, 0x00, 0xF6, 0x00, 0x00, 0xF6, 0x00, 0x00, 0xF6,
    0xF9, 0xDF, 0x7F, 0xA1, 0x11, 0xF6, 0x00, 0x0F, 0x60, 0x00, 0xF6, 0x00, 0x0F, 0x60, 0x00, 0xF6,
    0x00, 0x00, 0x05, 0xDF, 0xF8, 0x10, 0xF5, 0x02, 0xA2, 0x0F, 0x63, 0x20, 0x00, 0x5D, 0xFF, 0xF2,
    0x00, 0x00, 0x1D, 0x62, 0xA3, 0x01, 0xD5, 0x18, 0xDF, 0xF8, 0x10, 0x0A, 0xA0, 0x0A, 0xA0, 0x6F,
    0xFA, 0x0A, 0xA0, 0x0A, 0xA0, 0x0A, 0xA0, 0x0A, 0xA0, 0x0A, 0xA0, 0x04, 0xFA, 0xF6, 0x00, 0xAA,
    0xF6, 0x00, 0xAA, 0xF6, 0x00, 0xAA, 0xF6, 0x00, 0xAA, 0xF6, 0x00, 0xAA, 0x9B, 0x11, 0xDA, 0x2A,
    0xFD, 0xDA, 0x5F, 0x00, 0x0D, 0x71, 0xF4, 0x03, 0xF1, 0x09, 0x80, 0x8B, 0x00, 0x4F, 0x1F, 0x50,
    0x00, 0xF9, 0xF1, 0x00, 0x07, 0xF8, 0x00, 0x00, 0x2F, 0x30, 0x00, 0x5F, 0x10, 0x2F, 0x10, 0x2F,
    0x41, 0xF4, 0x07, 0xF5, 0x05, 0xF0, 0x09, 0x70, 0xFB, 0xB0, 0x98, 0x00, 0x5B, 0x4F, 0x1F, 0x2F,
    0x40, 0x01, 0xF9, 0x80, 0x9A, 0xF1, 0x00, 0x0B, 0xF3, 0x05, 0xF9, 0x00, 0x00, 0x5D, 0x00, 0x1F,
    0x50, 0x00, 0x2F, 0x50, 0x2F, 0x40, 0x5F, 0x1B, 0x90, 0x00, 0xAD, 0xF1, 0x00, 0x04, 0xF6, 0x00,
    0x00, 0xBD, 0xF1, 0x00, 0x7F, 0x1A, 0xA0, 0x3F, 0x40, 0x1F, 0x50, 0x5F, 0x00, 0x0F, 0x51, 0xF4,
    0x04, 0xF1, 0x09, 0x80, 0x8A, 0x00, 0x5F, 0x1F, 0x50, 0x00, 0xF7, 0xF1, 0x00, 0x08, 0xF9, 0x00,
    0x00, 0x2F, 0x50, 0x00, 0x02, 0xF1, 0x00, 0x01, 0x98, 0x00, 0x00, 0xA9, 0x10, 0x00, 0xFF, 0xFF,
    0xF0, 0x00, 0x1F, 0xA0, 0x00, 0x9F, 0x10, 0x05, 0xF5, 0x00, 0x2F, 0x90, 0x00, 0xDD, 0x10, 0x00,
    0xFF, 0xFF, 0xF3, 0x09, 0xA1, 0x0B, 0x60, 0x0F, 0x60, 0x0F, 0x60, 0x0F, 0x60, 0x6F, 0x50, 0xFD,
    0x00, 0x6F, 0x50, 0x0F, 0x60, 0x0F, 0x60, 0x0F, 0x60, 0x0B, 0x60, 0x09, 0xA1, 0x01, 0xAA, 0xAA,
    0xAA, 0xAA, 0xAA, 0xAA, 0xAA, 0xAA, 0xAA, 0xAA, 0xAA, 0xAA, 0xAA, 0x09, 0x90, 0x06, 0xF0, 0x06,
    0xF0, 0x06, 0xF0, 0x06, 0xF0, 0x04, 0xF6, 0x00, 0xDF, 0x03, 0xF6, 0x06, 0xF0, 0x06, 0xF0, 0x06,
    0xF0, 0x06, 0xF0, 0x09, 0x90, 0xAA, 0x20, 0x9F, 0x71, 0xF3, 0xF3, 0x5F, 0xD1,
};
static const smooth_glyph_t instrument_14_glyphs[] = {
    {0, 0, 0, 4, 0, 0},
    {0, 2, 10, 4, 1, 1},
    {10, 4, 3, 6, 1, 1},
    {16, 9, 10, 9, 0, 1},
    {61, 8, 12, 9, 0, 0},
    {109, 9, 10, 10, 0, 1},
    {154, 8, 10, 10, 1, 1},
    {194, 2, 3, 3, 0, 1},
    {197, 4, 13, 5, 1, 0},
    {223, 4, 13, 5, 0, 0},
    {249, 6, 4, 7, 0, 1},
    {261, 6, 5, 8, 1, 4},
    {276, 3, 4, 4, 0, 10},
    {282, 5, 1, 7, 1, 7},
    {285, 3, 1, 4, 0, 10},
    {287, 6, 13, 6, 0, 0},
    {326, 6, 10, 8, 1, 1},
    {356, 4, 10, 5, 0, 1},
    {376, 7, 10, 8, 0, 1},
    {411, 7, 10, 8, 0, 1},
    {446, 7, 10, 8, 1, 1},
    {481, 6, 10, 8, 1, 1},
    {511, 7, 10, 8, 0, 1},
    {546, 7, 10, 8, 0, 1},
    {581, 6, 10, 8, 1, 1},
    {611, 7, 10, 8, 0, 1},
    {646, 3, 7, 4, 0, 4},
    {657, 3, 10, 4, 0, 4},
    {672, 5, 5, 6, 0, 4},
    {685, 5, 3, 7, 1, 5},
    {693, 5, 5, 7, 1, 4},
    {706, 6, 10, 7, 0, 1},
    {736, 11, 12, 13, 1, 1},
    {802, 9, 10, 10, 0, 1},
    {847, 8, 10, 10, 1, 1},
    {887, 7, 10, 9, 1, 1},
    {922, 8, 10, 10, 1, 1},
    {962, 7, 10, 9, 1, 1},
    {997, 7, 10, 8, 1, 1},
    {1032, 7, 10, 10, 1, 1},
    {1067, 8, 10, 10, 1, 1},
    {1107, 2, 10, 4, 1, 1},
    {1117, 6, 10, 8, 0, 1},
    {1147, 8, 10, 9, 1, 1},
    {1187, 7, 10, 9, 1, 1},
    {1222, 9, 10, 11, 1, 1},
    {1267, 8, 10, 10, 1, 1},
    {1307, 7, 10, 10, 1, 1},
    {1342, 7, 10, 9, 1, 1},
    {1377, 8, 10, 10, 1, 1},
    {1417, 8, 10, 10, 1, 1},
    {1457, 8, 10, 9, 0, 1},
    {1497, 8, 10, 7, -1, 1},
    {1537, 7, 10, 10, 1, 1},
    {1572, 8, 10, 9, 0, 1},
    {1612, 12, 10, 12, 0, 1},
    {1672, 8, 10, 8, 0, 1},
    {1712, 9, 10, 8, -1, 1},
    {1757, 7, 10, 8, 0, 1},
    {1792, 3, 13, 5, 1, 0},
    {1812, 7, 13, 6, -1, 0},
    {1858, 3, 13, 5, 0, 0},
    {1878, 6, 4, 8, 1, 0},
    {1890, 6, 1, 7, 0, 11},
    {1893, 4, 3, 5, 0, 0},
    {1899, 7, 7, 8, 0, 4},
    {1924, 6, 10, 8, 1, 1},
    {1954, 6, 7, 7, 1, 4},
    {1975, 6, 10, 8, 1, 1},
    {2005, 6, 7, 8, 1, 4},
    {2026, 4, 10, 5, 0, 1},
    {2046, 6, 10, 8, 1, 4},
    {2076, 6, 10, 8, 1, 1},
    {2106, 2, 9, 4, 1, 2},
    {2115, 3, 12, 4, 0, 2},
    {2133, 7, 10, 8, 1, 1},
    {2168, 3, 10, 5, 1, 1},
    {2183, 10, 7, 12, 1, 4},
    {2218, 6, 7, 8, 1, 4},
    {2239, 6, 7, 8, 1, 4},
    {2260, 6, 10, 8, 1, 4},
    {2290, 6, 10, 8, 1, 4},
    {2320, 5, 7, 6, 1, 4},
    {2338, 7, 7, 8, 0, 4},
    {2363, 4, 9, 5, 0, 2},
    {2381, 6, 7, 8, 1, 4},
    {2402, 7, 7, 7, 0, 4},
    {2427, 11, 7, 11, 0, 4},
    {2466, 7, 7, 8, 0, 4},
    {2491, 7, 10, 7, 0, 4},
    {2526, 6, 7, 7, 1, 4},
    {2547, 4, 14, 6, 1, 0},
    {2575, 2, 12, 4, 1, 0},
    {2587, 4, 14, 6, 0, 0},
    {2615, 6, 2, 8, 1, 5}
};
const smooth_font_t instrument_14 = {instrument_14_bitmap, instrument_14_glyphs, 32, 126, 18};

static const uint8_t instrument_18_bitmap[] = {
    0x6F, 0x36, 0xF3, 0x6F, 0x36, 0xF3, 0x6F, 0x36, 0xF3, 0x6F, 0x36, 0xF3, 0x6F, 0x30, 0x00, 0x00,
    0x06, 0xF6, 0x6F, 0x60, 0xAF, 0x3F, 0xAA, 0xF3, 0xFA, 0xAF, 0x3F, 0xAA, 0xF3, 0xFA, 0x00, 0x00,
    0xF6, 0x03, 0xF3, 0x00, 0x00, 0x1F, 0x30, 0x5F, 0x00, 0x00, 0x03, 0xF1, 0x06, 0xD0, 0x00, 0xAF,
    0xFF, 0xFF, 0xFF, 0xFA, 0x00, 0x08, 0xA0, 0x0F, 0x60, 0x00, 0x00, 0xA8, 0x01, 0xF5, 0x00, 0x00,
    0x0F, 0x60, 0x3F, 0x30, 0x00, 0x01, 0xF3, 0x05, 0xF0, 0x00, 0x00, 0x3F, 0x10, 0x7D, 0x00, 0x03,
    0xFF, 0xFF, 0xFF, 0xFF, 0xF0, 0x00, 0x8A, 0x00, 0xF6, 0x00, 0x00, 0x0A, 0x80, 0x1F, 0x50, 0x00,
    0x00, 0xF6, 0x03, 0xF3, 0x00, 0x00, 0x00, 0x00, 0xAF, 0x30, 0x00, 0x00, 0x29, 0xFF, 0xF8, 0x10,
    0x01, 0xFF, 0xFF, 0xFF, 0xD0, 0x06, 0xF8, 0xBF, 0x59, 0x40, 0x0A, 0xF3, 0xAF, 0x30, 0x00, 0x09,
    0xF5, 0xAF, 0x30, 0x00, 0x05, 0xFF, 0xFF, 0x50, 0x00, 0x00, 0x6F, 0xFF, 0xFD, 0x20, 0x00, 0x00,
    0xBF, 0xDF, 0xF1, 0x00, 0x00, 0xAF, 0x38, 0xF4, 0x00, 0x00, 0xAF, 0x36, 0xF6, 0x05, 0x92, 0xAF,
    0x6D, 0xF3, 0x1D, 0xFF, 0xFF, 0xFF, 0xB0, 0x01, 0x6B, 0xFF, 0xD8, 0x10, 0x00, 0x00, 0xAF, 0x30,
    0x00, 0x05, 0xFF, 0x50, 0x00, 0x6F, 0x10, 0x0F, 0x65, 0xF0, 0x01, 0xF8, 0x00, 0x1F, 0x33, 0xF3,
    0x06, 0xF1, 0x00, 0x1F, 0x33, 0xF3, 0x1F, 0x60, 0x00, 0x0F, 0x65, 0xF0, 0x8F, 0x10, 0x00, 0x05,
    0xFF, 0x51, 0xF6, 0x00, 0x00, 0x00, 0x00, 0x08, 0xD0, 0x00, 0x00, 0x00, 0x00, 0x2F, 0x52, 0xDF,
    0xA0, 0x00, 0x00, 0xAD, 0x08, 0xB1, 0xF5, 0x00, 0x03, 0xF4, 0x0A, 0xA0, 0xF6, 0x00, 0x0A, 0xA0,
    0x0A, 0xA0, 0xF6, 0x00, 0x4F, 0x30, 0x08, 0xB1, 0xF5, 0x00, 0xDA, 0x00, 0x02, 0xDF, 0xA0, 0x00,
    0x3B, 0xFF, 0x81, 0x00, 0x00, 0x1F, 0xFF, 0xFF, 0xA0, 0x00, 0x06, 0xF8, 0x01, 0xDF, 0x10, 0x00,
    0x6F, 0x30, 0x07, 0xF3, 0x00, 0x06, 0xF4, 0x00, 0x00, 0x00, 0x00, 0x2F, 0x80, 0x00, 0x00, 0x00,
    0x07, 0xFF, 0x50, 0x03, 0xF6, 0x05, 0xFA, 0xFF, 0x20, 0x3F, 0x60, 0xAF, 0x12, 0xFF, 0x27, 0xF3,
    0x0A, 0xF0, 0x02, 0xFF, 0xFF, 0x00, 0x9F, 0x71, 0x05, 0xFF, 0x70, 0x04, 0xFF, 0xFF, 0xFF, 0xFF,
    0x20, 0x04, 0xBF, 0xFB, 0x55, 0xFD, 0x10, 0x3F, 0x63, 0xF6, 0x3F, 0x63, 0xF6, 0x00, 0x09, 0x40,
    0x06, 0xF8, 0x01, 0xFD, 0x10, 0x6F, 0x50, 0x0D, 0xF0, 0x01, 0xF8, 0x00, 0x3F, 0x60, 0x05, 0xF3,
    0x00, 0x6F, 0x30, 0x05, 0xF3, 0x00, 0x3F, 0x60, 0x01, 0xF8, 0x00, 0x0D, 0xF0, 0x00, 0x6F, 0x50,
    0x01, 0xFD, 0x10, 0x06, 0xF8, 0x00, 0x09, 0x40, 0x2A, 0x10, 0x06, 0xF7, 0x00, 0x0A, 0xF1, 0x00,
    0x3F, 0x80, 0x00, 0xBF, 0x00, 0x06, 0xF3, 0x00, 0x4F, 0x50, 0x03, 0xF6, 0x00, 0x3F, 0x60, 0x03,
    0xF6, 0x00, 0x4F, 0x50, 0x06, 0xF3, 0x00, 0xBF, 0x00, 0x3F, 0x80, 0x0A, 0xF1, 0x06, 0xF7, 0x00,
    0x2A, 0x10, 0x00, 0x00, 0x0A, 0x60, 0x00, 0x14, 0x0A, 0x61, 0x50, 0x5F, 0xFF, 0xFF, 0xF1, 0x01,
    0x8F, 0xF5, 0x00, 0x02, 0xF8, 0xBB, 0x10, 0x03, 0xA1, 0x2A, 0x10, 0x00, 0x0F, 0xA0, 0x00, 0x00,
    0x0F, 0xA0, 0x00, 0x00, 0x0F, 0xA0, 0x00, 0xAF, 0xFF, 0xFF, 0xF6, 0xAF, 0xFF, 0xFF, 0xF6, 0x00,
    0x0F, 0xA0, 0x00, 0x00, 0x0F, 0xA0, 0x00, 0x00, 0x0F, 0xA0, 0x00, 0xFF, 0xFF, 0xFF, 0xF7, 0x80,
    0x6F, 0xFF, 0xFF, 0x36, 0xFF, 0xFF, 0xF3, 0xFF, 0xFF, 0x00, 0x00, 0x05, 0xF5, 0x00, 0x00, 0x09,
    0xF1, 0x00, 0x00, 0x1F, 0x80, 0x00, 0x00, 0x5F, 0x30, 0x00, 0x00, 0xBD, 0x00, 0x00, 0x02, 0xF7,
    0x00, 0x00, 0x07, 0xF1, 0x00, 0x00, 0x0F, 0xB0, 0x00, 0x00, 0x4F, 0x50, 0x00, 0x00, 0x9F, 0x10,
    0x00, 0x01, 0xF8, 0x00, 0x00, 0x05, 0xF4, 0x00, 0x00, 0x0B, 0xF0, 0x00, 0x00, 0x1F, 0x70, 0x00,
    0x00, 0x7F, 0x20, 0x00, 0x00, 0xDB, 0x00, 0x00, 0x00, 0x03, 0xBF, 0xFB, 0x20, 0x1F, 0xFF, 0xFF,
    0xF1, 0x7F, 0x80, 0x18, 0xF6, 0xAF, 0x10, 0x03, 0xF6, 0xAF, 0x00, 0x03, 0xF6, 0xAF, 0x00, 0x03,
    0xF6, 0xAF, 0x00, 0x03, 0xF6, 0xAF, 0x00, 0x03, 0xF6, 0xAF, 0x00, 0x03, 0xF6, 0xAF, 0x10, 0x03,
    0xF6, 0x7F, 0x80, 0x18, 0xF6, 0x1F, 0xFF, 0xFF, 0xF1, 0x03, 0xBF, 0xFA, 0x20, 0x03, 0xDF, 0x62,
    0xFF, 0xF6, 0x39, 0x8F, 0x60, 0x06, 0xF6, 0x00, 0x6F, 0x60, 0x06, 0xF6, 0x00, 0x6F, 0x60, 0x06,
    0xF6, 0x00, 0x6F, 0x60, 0x06, 0xF6, 0x00, 0x6F, 0x60, 0x06, 0xF6, 0x00, 0x6F, 0x60, 0x05, 0xDF,
    0xF8, 0x10, 0x6F, 0xFF, 0xFF, 0xB0, 0xFF, 0x30, 0x1D, 0xF2, 0x00, 0x00, 0x07, 0xF3, 0x00, 0x00,
    0x0B, 0xF1, 0x00, 0x00, 0x4F, 0x70, 0x00, 0x01, 0xFB, 0x10, 0x00, 0x1B, 0xF2, 0x00, 0x00, 0x8F,
    0x50, 0x00, 0x05, 0xF8, 0x00, 0x00, 0x2F, 0xB1, 0x00, 0x00, 0xBF, 0xFF, 0xFF, 0xF3, 0xFF, 0xFF,
    0xFF, 0xF3, 0x00, 0x5D, 0xFF, 0x81, 0x00, 0x5F, 0xFF, 0xFF, 0x80, 0x0D, 0xF3, 0x01, 0xFF, 0x00,
    0x00, 0x00, 0x0A, 0xF0, 0x00, 0x00, 0x01, 0xFD, 0x00, 0x00, 0x3F, 0xFA, 0x20, 0x00, 0x03, 0xFF,
    0xD2, 0x00, 0x00, 0x00, 0x1D, 0xF0, 0x00, 0x00, 0x00, 0x6F, 0x30, 0x00, 0x00, 0x06, 0xF3, 0x1F,
    0xD1, 0x01, 0xDF, 0x20, 0x8F, 0xFF, 0xFF, 0xA0, 0x00, 0x6D, 0xFF, 0x81, 0x00, 0x00, 0x00, 0xAF,
    0x10, 0x00, 0x00, 0x3F, 0x80, 0x00, 0x00, 0x09, 0xF1, 0x00, 0x00, 0x01, 0xF8, 0x00, 0x00, 0x00,
    0x8F, 0x20, 0x00, 0x00, 0x1F, 0xA0, 0x3F, 0x60, 0x06, 0xF3, 0x03, 0xF6, 0x01, 0xFA, 0x00, 0x3F,
    0x60, 0x5F, 0x50, 0x03, 0xF6, 0x0A, 0xFF, 0xFF, 0xFF, 0xF3, 0xAF, 0xFF, 0xFF, 0xFF, 0x30, 0x00,
    0x00, 0x3F, 0x60, 0x00, 0x00, 0x03, 0xF6, 0x00, 0x6F, 0xFF, 0xFF, 0xF0, 0x6F, 0xFF, 0xFF, 0xF0,
    0x6F, 0x60, 0x00, 0x00, 0x6F, 0x60, 0x00, 0x00, 0x6F, 0xBF, 0xF9, 0x20, 0x6F, 0xFF, 0xFF, 0xD0,
    0x6F, 0x81, 0x1B, 0xF4, 0x00, 0x00, 0x04, 0xF6, 0x00, 0x00, 0x03, 0xF6, 0x00, 0x00, 0x05, 0xF6,
    0x7F, 0x60, 0x1B, 0xF4, 0x1F, 0xFF, 0xFF, 0xB0, 0x02, 0xBF, 0xF9, 0x10, 0x00, 0x06, 0xF5, 0x00,
    0x00, 0x1F, 0xD0, 0x00, 0x00, 0x6F, 0x50, 0x00, 0x01, 0xFD, 0x00, 0x00, 0x06, 0xF5, 0x00, 0x00,
    0x1F, 0xFF, 0xF8, 0x10, 0x5F, 0xFF, 0xFF, 0x80, 0xAF, 0x50, 0x3F, 0xF0, 0xFD, 0x00, 0x09, 0xF3,
    0xFD, 0x00, 0x08, 0xF3, 0xAF, 0x50, 0x3F, 0xF0, 0x4F, 0xFF, 0xFF, 0x70, 0x05, 0xDF, 0xF6, 0x00,
    0xFF, 0xFF, 0xFF, 0xFF, 0xFF, 0xFF, 0xFF, 0xFA, 0x00, 0x1F, 0x9F, 0xA0, 0x05, 0xF5, 0x00, 0x00,
    0x9F, 0x10, 0x00, 0x1F, 0xB0, 0x00, 0x05, 0xF6, 0x00, 0x00, 0x8F, 0x20, 0x00, 0x0F, 0xF0, 0x00,
    0x03, 0xF8, 0x00, 0x00, 0x7F, 0x40, 0x00, 0x0D, 0xF1, 0x00, 0x01, 0xFA, 0x00, 0x00, 0x02, 0x9F,
    0xFB, 0x40, 0x1F, 0xFF, 0xFF, 0xF3, 0x6F, 0x81, 0x18, 0xF8, 0x6F, 0x30, 0x03, 0xFA, 0x3F, 0x81,
    0x18, 0xF5, 0x07, 0xFF, 0xFF, 0x80, 0x1B, 0xFF, 0xFF, 0xF1, 0x6F, 0x81, 0x06, 0xF8, 0xAF, 0x10,
    0x00, 0xDF, 0xAF, 0x00, 0x00, 0xDF, 0x8F, 0x81, 0x06, 0xFA, 0x2F, 0xFF, 0xFF, 0xF3, 0x02, 0x9F,
    0xFB, 0x30, 0x04, 0xDF, 0xF6, 0x00, 0x4F, 0xFF, 0xFF, 0x70, 0xAF, 0x50, 0x3F, 0xF0, 0xFD, 0x00,
    0x09, 0xF3, 0xFD, 0x00, 0x09, 0xF2, 0xAF, 0x50, 0x3F, 0xF0, 0x5F, 0xFF, 0xFF, 0x90, 0x06, 0xFF,
    0xFF, 0x30, 0x00, 0x01, 0xFA, 0x00, 0x00, 0x08, 0xF3, 0x00, 0x00, 0x1F, 0xA0, 0x00, 0x00, 0x8F,
    0x30, 0x00, 0x01, 0xFA, 0x00, 0x00, 0xFF, 0xFF, 0x00, 0x00, 0x00, 0x00, 0x00, 0xFF, 0xFF, 0xFF,
    0xFF, 0x00, 0x00, 0x00, 0x00, 0x00, 0xFF, 0xFF, 0xFF, 0xF7, 0x80, 0x00, 0x00, 0x05, 0x50, 0x00,
    0x3B, 0xF6, 0x01, 0x8F, 0xF6, 0x11, 0xDF, 0xF3, 0x00, 0x01, 0x8F, 0xF7, 0x10, 0x00, 0x3B, 0xF6,
    0x00, 0x00, 0x05, 0x50, 0xAF, 0xFF, 0xFF, 0x3A, 0xFF, 0xFF, 0xF3, 0x00, 0x00, 0x00, 0x0A, 0xFF,
    0xFF, 0xF3, 0xAF, 0xFF, 0xFF, 0x30, 0x73, 0x00, 0x00, 0xAF, 0x81, 0x00, 0x1A, 0xFF, 0x60, 0x00,
    0x6F, 0xFA, 0x1A, 0xFF, 0x60, 0xAF, 0x81, 0x00, 0x73, 0x00, 0x00, 0x02, 0xBF, 0xF7, 0x01, 0xFF,
    0xFF, 0xF6, 0x5F, 0x90, 0x3F, 0xF7, 0xF3, 0x00, 0xBF, 0x00, 0x00, 0x1F, 0xD0, 0x00, 0x07, 0xF5,
    0x00, 0x03, 0xFA, 0x00, 0x00, 0xDF, 0x10, 0x00, 0x2F, 0x80, 0x00, 0x03, 0xF6, 0x00, 0x00, 0x00,
    0x00, 0x00, 0x06, 0xF6, 0x00, 0x00, 0x6F, 0x60, 0x00, 0x00, 0x03, 0x8D, 0xFF, 0xF9, 0x30, 0x00,
    0x00, 0x8F, 0xFF, 0xFF, 0xFF, 0xF8, 0x00, 0x05, 0xFF, 0x62, 0x00, 0x15, 0xFF, 0x70, 0x0F, 0xF2,
    0x00, 0x00, 0x00, 0x1F, 0xF1, 0x4F, 0x60, 0x2A, 0xFF, 0xB3, 0x05, 0xF5, 0x6F, 0x21, 0xFF, 0xFF,
    0xFF, 0x11, 0xF7, 0x8F, 0x05, 0xF9, 0x10, 0x8F, 0x50, 0xFA, 0xAF, 0x06, 0xF3, 0x00, 0x3F, 0x60,
    0xFA, 0xAF, 0x06, 0xF3, 0x00, 0x3F, 0x60, 0xFA, 0xAF, 0x06, 0xF3, 0x00, 0x3F, 0x60, 0xFA, 0xAF,
    0x05, 0xF9, 0x11, 0x9F, 0x91, 0xFA, 0x7F, 0x11, 0xFF, 0xFF, 0xFF, 0xFF, 0xF5, 0x5F, 0x50, 0x4D,
    0xFD, 0x45, 0xFF, 0xA1, 0x1F, 0xD1, 0x00, 0x00, 0x00, 0x00, 0x00, 0x07, 0xFF, 0x51, 0x00, 0x00,
    0x00, 0x00, 0x01, 0x9F, 0xFF, 0xFF, 0xFA, 0x00, 0x00, 0x00, 0x05, 0x9F, 0xFF, 0xFA, 0x00, 0x00,
    0x00, 0x00, 0x1F, 0xB0, 0x00, 0x00, 0x00, 0x00, 0x5F, 0xF1, 0x00, 0x00, 0x00, 0x00, 0xDF, 0xF6,
    0x00, 0x00, 0x00, 0x02, 0xF5, 0xDD, 0x00, 0x00, 0x00, 0x07, 0xF1, 0x6F, 0x20, 0x00, 0x00, 0x0F,
    0xB0, 0x1F, 0x80, 0x00, 0x00, 0x4F, 0x50, 0x0B, 0xF0, 0x00, 0x00, 0x8F, 0x10, 0x05, 0xF4, 0x00,
    0x01, 0xFF, 0xFF, 0xFF, 0xF8, 0x00, 0x05, 0xFF, 0xFF, 0xFF, 0xFF, 0x10, 0x09, 0xF1, 0x00, 0x00,
    0x5F, 0x50, 0x1F, 0xB0, 0x00, 0x00, 0x1F, 0xA0, 0x5F, 0x50, 0x00, 0x00, 0x0B, 0xF1, 0x6F, 0xFF,
    0xFF, 0xF9, 0x10, 0x6F, 0xFF, 0xFF, 0xFF, 0xD0, 0x6F, 0x30, 0x00, 0x1B, 0xF3, 0x6F, 0x30, 0x00,
    0x06, 0xF3, 0x6F, 0x30, 0x00, 0x1B, 0xF1, 0x6F, 0xFF, 0xFF, 0xFD, 0x40, 0x6F, 0xFF, 0xFF, 0xFD,
    0x40, 0x6F, 0x30, 0x00, 0x1B, 0xF1, 0x6F, 0x30, 0x00, 0x04, 0xF5, 0x6F, 0x30, 0x00, 0x04, 0xF6,
    0x6F, 0x30, 0x00, 0x2B, 0xF5, 0x6F, 0xFF, 0xFF, 0xFF, 0xB0, 0x6F, 0xFF, 0xFF, 0xF8, 0x10, 0x00,
    0x5D, 0xFF, 0x81, 0x00, 0x08, 0xFF, 0xFF, 0xFF, 0x10, 0x3F, 0xF4, 0x01, 0x9F, 0x80, 0x7F, 0x50,
    0x00, 0x0D, 0xF1, 0xAF, 0x30, 0x00, 0x00, 0x00, 0xAF, 0x30, 0x00, 0x00, 0x00, 0xAF, 0x30, 0x00,
    0x00, 0x00, 0xAF, 0x30, 0x00, 0x00, 0x00, 0xAF, 0x30, 0x00, 0x00, 0x00, 0x7F, 0x50, 0x00, 0x0D,
    0xF1, 0x3F, 0xF4, 0x01, 0x8F, 0x80, 0x08, 0xFF, 0xFF, 0xFF, 0x10, 0x00, 0x6D, 0xFF, 0x81, 0x00,
    0x6F, 0xFF, 0xFF, 0xA4, 0x00, 0x6F, 0xFF, 0xFF, 0xFF, 0x60, 0x6F, 0x60, 0x01, 0x5F, 0xF1, 0x6F,
    0x60, 0x00, 0x07, 0xF5, 0x6F, 0x60, 0x00, 0x04, 0xF6, 0x6F, 0x60, 0x00, 0x03, 0xF6, 0x6F, 0x60,
    0x00, 0x03, 0xF6, 0x6F, 0x60, 0x00, 0x03, 0xF6, 0x6F, 0x60, 0x00, 0x04, 0xF6, 0x6F, 0x60, 0x00,
    0x07, 0xF5, 0x6F, 0x60, 0x01, 0x5F, 0xF1, 0x6F, 0xFF, 0xFF, 0xFF, 0x50, 0x6F, 0xFF, 0xFF, 0x94,
    0x00, 0x6F, 0xFF, 0xFF, 0xFF, 0xA6, 0xFF, 0xFF, 0xFF, 0xFA, 0x6F, 0x60, 0x00, 0x00, 0x06, 0xF6,
    0x00, 0x00, 0x00, 0x6F, 0x60, 0x00, 0x00, 0x06, 0xFF, 0xFF, 0xFF, 0xA0, 0x6F, 0xFF, 0xFF, 0xFA,
    0x06, 0xF6, 0x00, 0x00, 0x00, 0x6F, 0x60, 0x00, 0x00, 0x06, 0xF6, 0x00, 0x00, 0x00, 0x6F, 0x60,
    0x00, 0x00, 0x06, 0xFF, 0xFF, 0xFF, 0xFA, 0x6F, 0xFF, 0xFF, 0xFF, 0xA0, 0x6F, 0xFF, 0xFF, 0xFF,
    0xA6, 0xFF, 0xFF, 0xFF, 0xFA, 0x6F, 0x60, 0x00, 0x00, 0x06, 0xF6, 0x00, 0x00, 0x00, 0x6F, 0x60,
    0x00, 0x00, 0x06, 0xF6, 0x00, 0x00, 0x00, 0x6F, 0xFF, 0xFF, 0xFA, 0x06, 0xFF, 0xFF, 0xFF, 0xA0,
    0x6F, 0x60, 0x00, 0x00, 0x06, 0xF6, 0x00, 0x00, 0x00, 0x6F, 0x60, 0x00, 0x00, 0x06, 0xF6, 0x00,
    0x00, 0x00, 0x6F, 0x60, 0x00, 0x00, 0x00, 0x00, 0x5B, 0xFF, 0x81, 0x00, 0x08, 0xFF, 0xFF, 0xFF,
    0x10, 0x3F, 0xF5, 0x01, 0x9F, 0xA0, 0x7F, 0x50, 0x00, 0x0D, 0xF1, 0xAF, 0x30, 0x00, 0x00, 0x00,
    0xAF, 0x30, 0x00, 0x00, 0x00, 0xAF, 0x30, 0x0F, 0xFF, 0xF3, 0xAF, 0x30, 0x0F, 0xFF, 0xF3, 0xAF,
    0x30, 0x00, 0x06, 0xF3, 0x7F, 0x50, 0x00, 0x09, 0xF2, 0x4F, 0xF4, 0x01, 0x5F, 0xD0, 0x08, 0xFF,
    0xFF, 0xFF, 0x30, 0x00, 0x6B, 0xFF, 0x92, 0x00, 0x6F, 0x60, 0x00, 0x03, 0xFA, 0x6F, 0x60, 0x00,
    0x03, 0xFA, 0x6F, 0x60, 0x00, 0x03, 0xFA, 0x6F, 0x60, 0x00, 0x03, 0xFA, 0x6F, 0x60, 0x00, 0x03,
    0xFA, 0x6F, 0xFF, 0xFF, 0xFF, 0xFA, 0x6F, 0xFF, 0xFF, 0xFF, 0xFA, 0x6F, 0x60, 0x00, 0x03, 0xFA,
    0x6F, 0x60, 0x00, 0x03, 0xFA, 0x6F, 0x60, 0x00, 0x03, 0xFA, 0x6F, 0x60, 0x00, 0x03, 0xFA, 0x6F,
    0x60, 0x00, 0x03, 0xFA, 0x6F, 0x60, 0x00, 0x03, 0xFA, 0x6F, 0x66, 0xF6, 0x6F, 0x66, 0xF6, 0x6F,
    0x66, 0xF6, 0x6F, 0x66, 0xF6, 0x6F, 0x66, 0xF6, 0x6F, 0x66, 0xF6, 0x6F, 0x60, 0x00, 0x00, 0x03,
    0xF6, 0x00, 0x00, 0x03, 0xF6, 0x00, 0x00, 0x03, 0xF6, 0x00, 0x00, 0x03, 0xF6, 0x00, 0x00, 0x03,
    0xF6, 0x00, 0x00, 0x03, 0xF6, 0x00, 0x00, 0x03, 0xF6, 0x00, 0x00, 0x03, 0xF6, 0x00, 0x00, 0x03,
    0xF6, 0x00, 0x00, 0x05, 0xF6, 0x19, 0x30, 0x3D, 0xF3, 0x6F, 0xFF, 0xFF, 0xA0, 0x05, 0xDF, 0xF8,
    0x10, 0x6F, 0x60, 0x00, 0x0A, 0xF5, 0x06, 0xF6, 0x00, 0x07, 0xF8, 0x00, 0x6F, 0x60, 0x04, 0xFB,
    0x00, 0x06, 0xF6, 0x01, 0xFF, 0x10, 0x00, 0x6F, 0x61, 0xBF, 0x20, 0x00, 0x06, 0xF6, 0x8F, 0xF1,
    0x00, 0x00, 0x6F, 0xBF, 0xFF, 0x70, 0x00, 0x06, 0xFF, 0xA1, 0xFF, 0x10, 0x00, 0x6F, 0xD1, 0x06,
    0xFA, 0x00, 0x06, 0xF6, 0x00, 0x0D, 0xF4, 0x00, 0x6F, 0x60, 0x00, 0x3F, 0xD1, 0x06, 0xF6, 0x00,
    0x00, 0xAF, 0x60, 0x6F, 0x60, 0x00, 0x01, 0xFF, 0x10, 0x6F, 0x60, 0x00, 0x00, 0x06, 0xF6, 0x00,
    0x00, 0x00, 0x6F, 0x60, 0x00, 0x00, 0x06, 0xF6, 0x00, 0x00, 0x00, 0x6F, 0x60, 0x00, 0x00, 0x06,
    0xF6, 0x00, 0x00, 0x00, 0x6F, 0x60, 0x00, 0x00, 0x06, 0xF6, 0x00, 0x00, 0x00, 0x6F, 0x60, 0x00,
    0x00, 0x06, 0xF6, 0x00, 0x00, 0x00, 0x6F, 0x60, 0x00, 0x00, 0x06, 0xFF, 0xFF, 0xFF, 0xFA, 0x6F,
    0xFF, 0xFF, 0xFF, 0xA0, 0x6F, 0x60, 0x00, 0x00, 0x05, 0xF6, 0x6F, 0xD0, 0x00, 0x00, 0x0D, 0xF6,
    0x6F, 0xF5, 0x00, 0x00, 0x5F, 0xF6, 0x6F, 0xFB, 0x00, 0x00, 0xAF, 0xF6, 0x6F, 0xAF, 0x30, 0x02,
    0xFA, 0xF6, 0x6F, 0x5F, 0x80, 0x08, 0xF4, 0xF6, 0x6F, 0x38, 0xF1, 0x1F, 0x83, 0xF6, 0x6F, 0x33,
    0xF7, 0x6F, 0x23, 0xF6, 0x6F, 0x30, 0xAF, 0xFB, 0x03, 0xF6, 0x6F, 0x30, 0x5F, 0xF5, 0x03, 0xF6,
    0x6F, 0x30, 0x0D, 0xF0, 0x03, 0xF6, 0x6F, 0x30, 0x02, 0x20, 0x03, 0xF6, 0x6F, 0x30, 0x00, 0x00,
    0x03, 0xF6, 0x6F, 0x60, 0x00, 0x00, 0xAF, 0x6F, 0xF1, 0x00, 0x00, 0xAF, 0x6F, 0xFA, 0x00, 0x00,
    0xAF, 0x6F, 0xBF, 0x50, 0x00, 0xAF, 0x6F, 0x4F, 0xF1, 0x00, 0xAF, 0x6F, 0x34, 0xF8, 0x00, 0xAF,
    0x6F, 0x30, 0xAF, 0x30, 0xAF, 0x6F, 0x30, 0x1F, 0xD0, 0xAF, 0x6F, 0x30, 0x06, 0xF6, 0xAF, 0x6F,
    0x30, 0x00, 0xBF, 0xDF, 0x6F, 0x30, 0x00, 0x2F, 0xFF, 0x6F, 0x30, 0x00, 0x07, 0xFF, 0x6F, 0x30,
    0x00, 0x01, 0xDF, 0x00, 0x5B, 0xFF, 0x92, 0x00, 0x08, 0xFF, 0xFF, 0xFF, 0x30, 0x3F, 0xF4, 0x01,
    0x8F, 0xD0, 0x7F, 0x50, 0x00, 0x0B, 0xF2, 0xAF, 0x30, 0x00, 0x06, 0xF3, 0xAF, 0x30, 0x00, 0x06,
    0xF3, 0xAF, 0x30, 0x00, 0x06, 0xF3, 0xAF, 0x30, 0x00, 0x06, 0xF3, 0xAF, 0x30, 0x00, 0x06, 0xF3,
    0x7F, 0x50, 0x00, 0x0B, 0xF2, 0x3F, 0xF4, 0x01, 0x8F, 0xD0, 0x08, 0xFF, 0xFF, 0xFF, 0x30, 0x00,
    0x5B, 0xFF, 0x92, 0x00, 0x6F, 0xFF, 0xFF, 0xD6, 0x00, 0x6F, 0xFF, 0xFF, 0xFF, 0x70, 0x6F, 0x60,
    0x00, 0x3F, 0xF1, 0x6F, 0x60, 0x00, 0x07, 0xF3, 0x6F, 0x60, 0x00, 0x07, 0xF3, 0x6F, 0x60, 0x00,
    0x3F, 0xF1, 0x6F, 0xFF, 0xFF, 0xFF, 0x80, 0x6F, 0xFF, 0xFF, 0xD6, 0x00, 0x6F, 0x60, 0x00, 0x00,
    0x00, 0x6F, 0x60, 0x00, 0x00, 0x00, 0x6F, 0x60, 0x00, 0x00, 0x00, 0x6F, 0x60, 0x00, 0x00, 0x00,
    0x6F, 0x60, 0x00, 0x00, 0x00, 0x00, 0x5B, 0xFF, 0x92, 0x00, 0x00, 0x8F, 0xFF, 0xFF, 0xF3, 0x00,
    0x3F, 0xF4, 0x01, 0x8F, 0xD0, 0x07, 0xF5, 0x00, 0x00, 0xBF, 0x20, 0xAF, 0x30, 0x00, 0x06, 0xF3,
    0x0A, 0xF3, 0x00, 0x00, 0x6F, 0x30, 0xAF, 0x30, 0x00, 0x06, 0xF3, 0x0A, 0xF3, 0x00, 0x00, 0x6F,
    0x30, 0xAF, 0x30, 0x06, 0x36, 0xF3, 0x07, 0xF5, 0x01, 0xBF, 0xFF, 0x20, 0x3F, 0xF4, 0x01, 0xFF,
    0xF1, 0x00, 0x8F, 0xFF, 0xFF, 0xFF, 0xB2, 0x00, 0x5B, 0xFF, 0x92, 0x3D, 0x10, 0x6F, 0xFF, 0xFF,
    0xF8, 0x10, 0x6F, 0xFF, 0xFF, 0xFF, 0xB0, 0x6F, 0x60, 0x00, 0x1D, 0xF2, 0x6F, 0x60, 0x00, 0x06,
    0xF3, 0x6F, 0x60, 0x00, 0x1D, 0xF2, 0x6F, 0xFF, 0xFF, 0xFF, 0xB0, 0x6F, 0xFF, 0xFF, 0xF8, 0x10,
    0x6F, 0x60, 0x0A, 0xF4, 0x00, 0x6F, 0x60, 0x03, 0xFA, 0x00, 0x6F, 0x60, 0x00, 0xBF, 0x30, 0x6F,
    0x60, 0x00, 0x5F, 0xA0, 0x6F, 0x60, 0x00, 0x0D, 0xF2, 0x6F, 0x60, 0x00, 0x06, 0xF8, 0x00, 0x17,
    0xDF, 0xFA, 0x50, 0x01, 0xBF, 0xFF, 0xFF, 0xF8, 0x05, 0xFB, 0x20, 0x04, 0xA2, 0x06, 0xF3, 0x00,
    0x00, 0x00, 0x06, 0xF5, 0x00, 0x00, 0x00, 0x03, 0xFF, 0x96, 0x30, 0x00, 0x00, 0x4D, 0xFF, 0xFF,
    0x81, 0x00, 0x00, 0x14, 0x7D, 0xFA, 0x00, 0x00, 0x00, 0x01, 0xDF, 0x00, 0x00, 0x00, 0x00, 0xAF,
    0x06, 0x84, 0x00, 0x15, 0xFF, 0x1D, 0xFF, 0xFF, 0xFF, 0xF5, 0x01, 0x5A, 0xFF, 0xF9, 0x40, 0x3F,
    0xFF, 0xFF, 0xFF, 0xFA, 0x3F, 0xFF, 0xFF, 0xFF, 0xFA, 0x00, 0x00, 0x6F, 0x30, 0x00, 0x00, 0x00,
    0x6F, 0x30, 0x00, 0x00, 0x00, 0x6F, 0x30, 0x00, 0x00, 0x00, 0x6F, 0x30, 0x00, 0x00, 0x00, 0x6F,
    0x30, 0x00, 0x00, 0x00, 0x6F, 0x30, 0x00, 0x00, 0x00, 0x6F, 0x30, 0x00, 0x00, 0x00, 0x6F, 0x30,
    0x00, 0x00, 0x00, 0x6F, 0x30, 0x00, 0x00, 0x00, 0x6F, 0x30, 0x00, 0x00, 0x00, 0x6F, 0x30, 0x00,
    0x6F, 0x30, 0x00, 0x06, 0xF6, 0x6F, 0x30, 0x00, 0x06, 0xF6, 0x6F, 0x30, 0x00, 0x06, 0xF6, 0x6F,
    0x30, 0x00, 0x06, 0xF6, 0x6F, 0x30, 0x00, 0x06, 0xF6, 0x6F, 0x30, 0x00, 0x06, 0xF6, 0x6F, 0x30,
    0x00, 0x06, 0xF6, 0x6F, 0x30, 0x00, 0x06, 0xF6, 0x6F, 0x30, 0x00, 0x06, 0xF5, 0x6F, 0x60, 0x00,
    0x08, 0xF3, 0x2F, 0xF4, 0x01, 0x5F, 0xF1, 0x08, 0xFF, 0xFF, 0xFF, 0x50, 0x00, 0x6B, 0xFF, 0xB4,
    0x00, 0x7F, 0x50, 0x00, 0x00, 0xBF, 0x13, 0xF9, 0x00, 0x00, 0x1F, 0xB0, 0x0F, 0xF0, 0x00, 0x05,
    0xF6, 0x00, 0x8F, 0x40, 0x00, 0x9F, 0x20, 0x04, 0xF7, 0x00, 0x0F, 0xD0, 0x00, 0x0F, 0xD0, 0x04,
    0xF7, 0x00, 0x00, 0x8F, 0x20, 0x8F, 0x20, 0x00, 0x04, 0xF5, 0x0D, 0xD0, 0x00, 0x00, 0x1F, 0xB2,
    0xF7, 0x00, 0x00, 0x00, 0x9F, 0x7F, 0x40, 0x00, 0x00, 0x05, 0xFF, 0xF0, 0x00, 0x00, 0x00, 0x1F,
    0xF8, 0x00, 0x00, 0x00, 0x00, 0x9F, 0x40, 0x00, 0x00, 0x8F, 0x30, 0x00, 0x1F, 0x50, 0x00, 0x0F,
    0xD5, 0xF6, 0x00, 0x05, 0xF8, 0x00, 0x03, 0xF8, 0x1F, 0x90, 0x00, 0x8F, 0xD0, 0x00, 0x5F, 0x50,
    0xDF, 0x00, 0x0D, 0xFF, 0x10, 0x09, 0xF1, 0x08, 0xF1, 0x01, 0xF9, 0xF5, 0x00, 0xDD, 0x00, 0x5F,
    0x50, 0x5F, 0x3F, 0x80, 0x1F, 0x90, 0x02, 0xF7, 0x09, 0xF0, 0x9F, 0x04, 0xF5, 0x00, 0x0F, 0xB0,
    0xF9, 0x05, 0xF2, 0x7F, 0x20, 0x00, 0x9F, 0x2F, 0x50, 0x1F, 0x5A, 0xF0, 0x00, 0x05, 0xF9, 0xF2,
    0x00, 0xD9, 0xF9, 0x00, 0x00, 0x2F, 0xFD, 0x00, 0x08, 0xFF, 0x50, 0x00, 0x00, 0xFF, 0x80, 0x00,
    0x5F, 0xF3, 0x00, 0x00, 0x0A, 0xF5, 0x00, 0x01, 0xFF, 0x00, 0x00, 0x5F, 0x70, 0x00, 0x06, 0xF6,
    0x0B, 0xF2, 0x00, 0x1F, 0xD1, 0x02, 0xFA, 0x00, 0x8F, 0x40, 0x00, 0x7F, 0x42, 0xFA, 0x00, 0x00,
    0x1F, 0xDA, 0xF1, 0x00, 0x00, 0x05, 0xFF, 0x60, 0x00, 0x00, 0x01, 0xFF, 0x20, 0x00, 0x00, 0x06,
    0xFF, 0xA0, 0x00, 0x00, 0x1F, 0xA7, 0xF4, 0x00, 0x00, 0xAF, 0x21, 0xFD, 0x10, 0x04, 0xF8, 0x00,
    0x5F, 0x60, 0x1D, 0xF1, 0x00, 0x0B, 0xF1, 0x6F, 0x60, 0x00, 0x03, 0xFA, 0x1F, 0xF1, 0x00, 0x00,
    0xDF, 0x10, 0x6F, 0x60, 0x00, 0x5F, 0x60, 0x01, 0xFD, 0x00, 0x0D, 0xF1, 0x00, 0x06, 0xF5, 0x05,
    0xF6, 0x00, 0x00, 0x1F, 0xD0, 0xDF, 0x10, 0x00, 0x00, 0x6F, 0x8F, 0x60, 0x00, 0x00, 0x01, 0xFF,
    0xF1, 0x00, 0x00, 0x00, 0x07, 0xF7, 0x00, 0x00, 0x00, 0x00, 0x6F, 0x60, 0x00, 0x00, 0x00, 0x06,
    0xF6, 0x00, 0x00, 0x00, 0x00, 0x6F, 0x60, 0x00, 0x00, 0x00, 0x06, 0xF6, 0x00, 0x00, 0x00, 0x00,
    0x6F, 0x60, 0x00, 0x00, 0xAF, 0xFF, 0xFF, 0xFA, 0xAF, 0xFF, 0xFF, 0xFA, 0x00, 0x00, 0x08, 0xF3,
    0x00, 0x00, 0x3F, 0x90, 0x00, 0x00, 0xBF, 0x10, 0x00, 0x05, 0xF6, 0x00, 0x00, 0x1F, 0xD1, 0x00,
    0x00, 0x7F, 0x40, 0x00, 0x02, 0xFA, 0x00, 0x00, 0x0A, 0xF1, 0x00, 0x00, 0x5F, 0x70, 0x00, 0x00,
    0xFF, 0xFF, 0xFF, 0xFF, 0xFF, 0xFF, 0xFF, 0xFF, 0x3F, 0xFF, 0x3F, 0xFF, 0x3F, 0x60, 0x3F, 0x60,
    0x3F, 0x60, 0x3F, 0x60, 0x3F, 0x60, 0x3F, 0x60, 0x3F, 0x60, 0x3F, 0x60, 0x3F, 0x60, 0x3F, 0x60,
    0x3F, 0x60, 0x3F, 0x60, 0x3F, 0x60, 0x3F, 0xFF, 0x3F, 0xFF, 0x7F, 0x10, 0x00, 0x00, 0x2F, 0x70,
    0x00, 0x00, 0x0B, 0xD0, 0x00, 0x00, 0x05, 0xF4, 0x00, 0x00, 0x01, 0xF8, 0x00, 0x00, 0x00, 0x9F,
    0x10, 0x00, 0x00, 0x5F, 0x50, 0x00, 0x00, 0x0F, 0xA0, 0x00, 0x00, 0x08, 0xF1, 0x00, 0x00, 0x02,
    0xF6, 0x00, 0x00, 0x00, 0xDD, 0x00, 0x00, 0x00, 0x5F, 0x30, 0x00, 0x00, 0x1F, 0x80, 0x00, 0x00,
    0x0A, 0xF0, 0x00, 0x00, 0x05, 0xF5, 0x00, 0x00, 0x01, 0xF9, 0xAF, 0xFA, 0xAF, 0xFA, 0x00, 0xFA,
    0x00, 0xFA, 0x00, 0xFA, 0x00, 0xFA, 0x00, 0xFA, 0x00, 0xFA, 0x00, 0xFA, 0x00, 0xFA, 0x00, 0xFA,
    0x00, 0xFA, 0x00, 0xFA, 0x00, 0xFA, 0x00, 0xFA, 0xAF, 0xFA, 0xAF, 0xFA, 0x00, 0x08, 0x10, 0x00,
    0x06, 0xF8, 0x00, 0x02, 0xFF, 0xF4, 0x01, 0xBF, 0x2D, 0xF1, 0x7F, 0x50, 0x3F, 0xA0, 0xAF, 0xFF,
    0xFF, 0xF6, 0xAF, 0xFF, 0xFF, 0xF6, 0x1B, 0xF3, 0x00, 0x1B, 0xF2, 0x00, 0x1B, 0x20, 0x05, 0xDF,
    0xF8, 0x10, 0x4F, 0xFF, 0xFF, 0xB0, 0x05, 0x30, 0x1B, 0xF2, 0x00, 0x00, 0x06, 0xF3, 0x2B, 0xFF,
    0xFF, 0xF3, 0xDD, 0x10, 0x06, 0xF3, 0xFA, 0x00, 0x06, 0xF3, 0xDF, 0x20, 0x19, 0xF3, 0x29, 0xFF,
    0xD9, 0xF3, 0x6F, 0x30, 0x00, 0x00, 0x6F, 0x30, 0x00, 0x00, 0x6F, 0x30, 0x00, 0x00, 0x6F, 0x30,
    0x00, 0x00, 0x6F, 0x4A, 0xFD, 0x50, 0x6F, 0xFF, 0xFF, 0xF3, 0x6F, 0x91, 0x18, 0xF6, 0x6F, 0x30,
    0x03, 0xFA, 0x6F, 0x30, 0x03, 0xFA, 0x6F, 0x30, 0x03, 0xFA, 0x6F, 0x91, 0x18, 0xF6, 0x6F, 0xFF,
    0xFF, 0xF3, 0x6F, 0x5D, 0xFD, 0x50, 0x03, 0xBF, 0xFB, 0x30, 0x3F, 0xFF, 0xFF, 0xF2, 0x9F, 0x71,
    0x15, 0x80, 0xAF, 0x00, 0x00, 0x00, 0xAF, 0x00, 0x00, 0x00, 0xAF, 0x00, 0x00, 0x00, 0x9F, 0x71,
    0x05, 0x80, 0x3F, 0xFF, 0xFF, 0xF3, 0x03, 0xBF, 0xFB, 0x40, 0x00, 0x00, 0x06, 0xF6, 0x00, 0x00,
    0x06, 0xF6, 0x00, 0x00, 0x06, 0xF6, 0x00, 0x00, 0x06, 0xF6, 0x07, 0xFF, 0x76, 0xF6, 0x5F, 0xFF,
    0xFF, 0xF6, 0xAF, 0x50, 0x1B, 0xF6, 0xAF, 0x00, 0x06, 0xF6, 0xAF, 0x00, 0x06, 0xF6, 0xAF, 0x00,
    0x06, 0xF6, 0xAF, 0x50, 0x1B, 0xF6, 0x5F, 0xFF, 0xFF, 0xF6, 0x06, 0xFF, 0x86, 0xF6, 0x03, 0xBF,
    0xF9, 0x10, 0x2F, 0xFF, 0xFF, 0xB0, 0x8F, 0x60, 0x19, 0xF4, 0xAF, 0x00, 0x02, 0xF6, 0xAF, 0xFF,
    0xFF, 0xF6, 0xAD, 0x00, 0x00, 0x00, 0x9F, 0x51, 0x05, 0x80, 0x3F, 0xFF, 0xFF, 0xF2, 0x03, 0x9F,
    0xF9, 0x20, 0x00, 0x7F, 0xF3, 0x02, 0xFF, 0xF3, 0x03, 0xF7, 0x00, 0x03, 0xF6, 0x00, 0x3F, 0xFF,
    0xF3, 0x3F, 0xFF, 0xF3, 0x03, 0xF6, 0x00, 0x03, 0xF6, 0x00, 0x03, 0xF6, 0x00, 0x03, 0xF6, 0x00,
    0x03, 0xF6, 0x00, 0x03, 0xF6, 0x00, 0x03, 0xF6, 0x00, 0x07, 0xFF, 0x76, 0xF6, 0x5F, 0xFF, 0xFF,
    0xF6, 0xAF, 0x50, 0x1B, 0xF6, 0xAF, 0x00, 0x06, 0xF6, 0xAF, 0x00, 0x06, 0xF6, 0xAF, 0x00, 0x06,
    0xF6, 0xAF, 0x50, 0x1B, 0xF6, 0x5F, 0xFF, 0xFF, 0xF6, 0x06, 0xFF, 0x86, 0xF6, 0x01, 0x00, 0x07,
    0xF4, 0x2F, 0x63, 0x6F, 0xF1, 0x4F, 0xFF, 0xFF, 0x60, 0x02, 0x7A, 0x83, 0x00, 0x6F, 0x30, 0x00,
    0x00, 0x6F, 0x30, 0x00, 0x00, 0x6F, 0x30, 0x00, 0x00, 0x6F, 0x30, 0x00, 0x00, 0x6F, 0x4A, 0xFD,
    0x50, 0x6F, 0xFF, 0xFF, 0xF3, 0x6F, 0x91, 0x18, 0xF8, 0x6F, 0x30, 0x01, 0xFA, 0x6F, 0x30, 0x00,
    0xFA, 0x6F, 0x30, 0x00, 0xFA, 0x6F, 0x30, 0x00, 0xFA, 0x6F, 0x30, 0x00, 0xFA, 0x6F, 0x30, 0x00,
    0xFA, 0x6F, 0x36, 0xF3, 0x00, 0x00, 0x00, 0x6F, 0x36, 0xF3, 0x6F, 0x36, 0xF3, 0x6F, 0x36, 0xF3,
    0x6F, 0x36, 0xF3, 0x6F, 0x30, 0x03, 0xF6, 0x03, 0xF6, 0x00, 0x00, 0x00, 0x00, 0x03, 0xF6, 0x03,
    0xF6, 0x03, 0xF6, 0x03, 0xF6, 0x03, 0xF6, 0x03, 0xF6, 0x03, 0xF6, 0x03, 0xF6, 0x03, 0xF6, 0x03,
    0xF6, 0x26, 0xF6, 0xAF, 0xF3, 0x7A, 0x50, 0x6F, 0x30, 0x00, 0x00, 0x06, 0xF3, 0x00, 0x00, 0x00,
    0x6F, 0x30, 0x00, 0x00, 0x06, 0xF3, 0x00, 0x00, 0x00, 0x6F, 0x30, 0x07, 0xF7, 0x06, 0xF3, 0x05,
    0xF8, 0x00, 0x6F, 0x32, 0xF9, 0x00, 0x06, 0xF5, 0xFF, 0x10, 0x00, 0x6F, 0xFD, 0xF8, 0x00, 0x06,
    0xFF, 0x19, 0xF3, 0x00, 0x6F, 0x40, 0x1F, 0xD0, 0x06, 0xF3, 0x00, 0x5F, 0x60, 0x6F, 0x30, 0x00,
    0xBF, 0x10, 0x6F, 0x30, 0x6F, 0x30, 0x6F, 0x30, 0x6F, 0x30, 0x6F, 0x30, 0x6F, 0x30, 0x6F, 0x30,
    0x6F, 0x30, 0x6F, 0x30, 0x6F, 0x30, 0x6F, 0x40, 0x5F, 0xF6, 0x1A, 0xF6, 0x6F, 0x4A, 0xFD, 0x50,
    0x6F, 0xF8, 0x16, 0xFF, 0xFF, 0xFF, 0x7F, 0xFF, 0xF8, 0x6F, 0x91, 0x18, 0xFF, 0x30, 0x3F, 0xF6,
    0xF3, 0x00, 0x3F, 0xA0, 0x00, 0xAF, 0x6F, 0x30, 0x03, 0xFA, 0x00, 0x0A, 0xF6, 0xF3, 0x00, 0x3F,
    0xA0, 0x00, 0xAF, 0x6F, 0x30, 0x03, 0xFA, 0x00, 0x0A, 0xF6, 0xF3, 0x00, 0x3F, 0xA0, 0x00, 0xAF,
    0x6F, 0x30, 0x03, 0xFA, 0x00, 0x0A, 0xF0, 0x6F, 0x4A, 0xFD, 0x50, 0x6F, 0xFF, 0xFF, 0xF3, 0x6F,
    0x91, 0x18, 0xF8, 0x6F, 0x30, 0x01, 0xFA, 0x6F, 0x30, 0x00, 0xFA, 0x6F, 0x30, 0x00, 0xFA, 0x6F,
    0x30, 0x00, 0xFA, 0x6F, 0x30, 0x00, 0xFA, 0x6F, 0x30, 0x00, 0xFA, 0x04, 0xBF, 0xF9, 0x20, 0x3F,
    0xFF, 0xFF, 0xF1, 0x9F, 0x60, 0x18, 0xF6, 0xAF, 0x00, 0x03, 0xFA, 0xAF, 0x00, 0x03, 0xFA, 0xAF,
    0x00, 0x03, 0xFA, 0x9F, 0x60, 0x18, 0xF6, 0x3F, 0xFF, 0xFF, 0xF1, 0x04, 0xBF, 0xF9, 0x20, 0x6F,
    0x4A, 0xFD, 0x50, 0x6F, 0xFF, 0xFF, 0xF3, 0x6F, 0x91, 0x18, 0xF6, 0x6F, 0x30, 0x03, 0xFA, 0x6F,
    0x30, 0x03, 0xFA, 0x6F, 0x30, 0x03, 0xFA, 0x6F, 0x91, 0x18, 0xF6, 0x6F, 0xFF, 0xFF, 0xF3, 0x6F,
    0x5A, 0xFD, 0x50, 0x6F, 0x30, 0x00, 0x00, 0x6F, 0x30, 0x00, 0x00, 0x6F, 0x30, 0x00, 0x00, 0x5A,
    0x20, 0x00, 0x00, 0x07, 0xFF, 0x76, 0xF6, 0x5F, 0xFF, 0xFF, 0xF6, 0xAF, 0x50, 0x1B, 0xF6, 0xAF,
    0x00, 0x06, 0xF6, 0xAF, 0x00, 0x06, 0xF6, 0xAF, 0x00, 0x06, 0xF6, 0xAF, 0x50, 0x1B, 0xF6, 0x5F,
    0xFF, 0xFF, 0xF6, 0x06, 0xFF, 0x86, 0xF6, 0x00, 0x00, 0x06, 0xF6, 0x00, 0x00, 0x06, 0xF6, 0x00,
    0x00, 0x06, 0xF6, 0x00, 0x00, 0x05, 0xA5, 0x6F, 0x4A, 0xFD, 0x36, 0xFF, 0xFF, 0xF2, 0x6F, 0x91,
    0x13, 0x06, 0xF3, 0x00, 0x00, 0x6F, 0x30, 0x00, 0x06, 0xF3, 0x00, 0x00, 0x6F, 0x30, 0x00, 0x06,
    0xF3, 0x00, 0x00, 0x6F, 0x30, 0x00, 0x00, 0x01, 0x7F, 0xFF, 0xB6, 0x10, 0x8F, 0xFF, 0xFF, 0xB1,
    0x0A, 0xD1, 0x00, 0x00, 0x00, 0xAF, 0x76, 0x43, 0x00, 0x02, 0xDF, 0xFF, 0xFB, 0x10, 0x00, 0x02,
    0x38, 0xF5, 0x08, 0x61, 0x00, 0x6F, 0x61, 0xFF, 0xFF, 0xFF, 0xF1, 0x01, 0x8F, 0xFF, 0xA4, 0x00,
    0x03, 0xF6, 0x00, 0x3F, 0x60, 0x03, 0xF6, 0x03, 0xFF, 0xFA, 0x3F, 0xFF, 0xA0, 0x3F, 0x60, 0x03,
    0xF6, 0x00, 0x3F, 0x60, 0x03, 0xF6, 0x00, 0x3F, 0x60, 0x03, 0xFF, 0xA0, 0x07, 0xFA, 0x6F, 0x30,
    0x00, 0xFA, 0x6F, 0x30, 0x00, 0xFA, 0x6F, 0x30, 0x00, 0xFA, 0x6F, 0x30, 0x00, 0xFA, 0x6F, 0x30,
    0x00, 0xFA, 0x6F, 0x30, 0x01, 0xFA, 0x6F, 0x91, 0x18, 0xFA, 0x1F, 0xFF, 0xFD, 0xFA, 0x04, 0xDF,
    0xD2, 0xFA, 0x5F, 0x50, 0x00, 0x5F, 0x51, 0xFD, 0x00, 0x09, 0xF1, 0x08, 0xF2, 0x01, 0xF9, 0x00,
    0x2F, 0x70, 0x5F, 0x40, 0x00, 0xDD, 0x0B, 0xF0, 0x00, 0x05, 0xF4, 0xF7, 0x00, 0x00, 0x1F, 0xFF,
    0x20, 0x00, 0x00, 0x9F, 0xB0, 0x00, 0x00, 0x04, 0xF5, 0x00, 0x00, 0x2F, 0x80, 0x00, 0xBB, 0x00,
    0x08, 0xF2, 0x0F, 0xD0, 0x01, 0xFF, 0x10, 0x0D, 0xF0, 0x08, 0xF1, 0x06, 0xFF, 0x70, 0x1F, 0x80,
    0x04, 0xF5, 0x0D, 0xAA, 0xD0, 0x5F, 0x40, 0x00, 0xF8, 0x2F, 0x55, 0xF2, 0x8F, 0x00, 0x00, 0x9D,
    0x7F, 0x11, 0xF7, 0xD9, 0x00, 0x00, 0x5F, 0xD9, 0x00, 0x8F, 0xF5, 0x00, 0x00, 0x1F, 0xF4, 0x00,
    0x4F, 0xF1, 0x00, 0x00, 0x09, 0xF0, 0x00, 0x0F, 0x90, 0x00, 0x1F, 0xF1, 0x00, 0xAF, 0x30, 0x4F,
    0x90, 0x4F, 0x70, 0x00, 0x7F, 0x4F, 0xD1, 0x00, 0x01, 0xDF, 0xF3, 0x00, 0x00, 0x05, 0xFA, 0x00,
    0x00, 0x01, 0xFF, 0xF4, 0x00, 0x00, 0xAF, 0x4D, 0xF1, 0x00, 0x5F, 0x70, 0x3F, 0x90, 0x2F, 0xB0,
    0x00, 0x7F, 0x50, 0x5F, 0x50, 0x00, 0x5F, 0x51, 0xFB, 0x00, 0x0B, 0xF0, 0x08, 0xF1, 0x02, 0xF8,
    0x00, 0x3F, 0x70, 0x7F, 0x40, 0x00, 0xDD, 0x0D, 0xF0, 0x00, 0x06, 0xF5, 0xF8, 0x00, 0x00, 0x1F,
    0xFF, 0x20, 0x00, 0x00, 0xAF, 0xD0, 0x00, 0x00, 0x05, 0xF7, 0x00, 0x00, 0x00, 0x7F, 0x20, 0x00,
    0x01, 0x5F, 0xB0, 0x00, 0x00, 0x3F, 0xF5, 0x00, 0x00, 0x02, 0xA5, 0x00, 0x00, 0x00, 0xAF, 0xFF,
    0xFF, 0xAA, 0xFF, 0xFF, 0xF7, 0x00, 0x00, 0xAB, 0x10, 0x00, 0x8F, 0x10, 0x00, 0x5F, 0x40, 0x00,
    0x2F, 0x60, 0x00, 0x1F, 0x90, 0x00, 0x09, 0xFF, 0xFF, 0xFF, 0xAF, 0xFF, 0xFF, 0xF0, 0x00, 0xBF,
    0xF3, 0x02, 0xFB, 0x10, 0x03, 0xF6, 0x00, 0x03, 0xF6, 0x00, 0x03, 0xF6, 0x00, 0x03, 0xF6, 0x00,
    0x05, 0xF6, 0x00, 0xAF, 0xF2, 0x00, 0xAF, 0xF2, 0x00, 0x05, 0xF6, 0x00, 0x03, 0xF6, 0x00, 0x03,
    0xF6, 0x00, 0x03, 0xF6, 0x00, 0x03, 0xF6, 0x00, 0x02, 0xFB, 0x10, 0x00, 0xBF, 0xF3, 0x00, 0x19,
    0xF3, 0x6F, 0x66, 0xF6, 0x6F, 0x66, 0xF6, 0x6F, 0x66, 0xF6, 0x6F, 0x66, 0xF6, 0x6F, 0x66, 0xF6,
    0x6F, 0x66, 0xF6, 0x6F, 0x66, 0xF6, 0x6F, 0x66, 0xF6, 0xAF, 0xF4, 0x00, 0x05, 0xF9, 0x00, 0x00,
    0xFA, 0x00, 0x00, 0xFA, 0x00, 0x00, 0xFA, 0x00, 0x00, 0xFA, 0x00, 0x00, 0xFD, 0x00, 0x00, 0xAF,
    0xF3, 0x00, 0x9F, 0xF3, 0x00, 0xFD, 0x00, 0x00, 0xFA, 0x00, 0x00, 0xFA, 0x00, 0x00, 0xFA, 0x00,
    0x00, 0xFA, 0x00, 0x05, 0xF9, 0x00, 0xAF, 0xF4, 0x00, 0xAD, 0x50, 0x00, 0x2F, 0xF8, 0x17, 0xF8,
    0xFF, 0xFF, 0xFF, 0xAD, 0x05, 0xDF, 0x50,
};
static const smooth_glyph_t instrument_18_glyphs[] = {
    {0, 0, 0, 5, 0, 0},
    {0, 3, 13, 5, 1, 1},
    {20, 5, 4, 7, 1, 1},
    {30, 11, 13, 12, 0, 1},
    {102, 10, 15, 11, 0, 0},
    {177, 12, 13, 13, 0, 1},
    {255, 11, 13, 12, 1, 1},
    {327, 3, 4, 4, 0, 1},
    {333, 5, 17, 7, 1, 0},
    {376, 5, 17, 7, 0, 0},
    {419, 8, 6, 8, 0, 1},
    {443, 8, 8, 10, 1, 4},
    {475, 2, 5, 5, 1, 12},
    {480, 7, 2, 9, 1, 8},
    {487, 2, 2, 5, 1, 12},
    {489, 8, 16, 7, 0, 0},
    {553, 8, 13, 10, 1, 1},
    {605, 5, 13, 6, 0, 1},
    {638, 8, 13, 10, 1, 1},
    {690, 9, 13, 10, 0, 1},
    {749, 9, 13, 11, 1, 1},
    {808, 8, 13, 10, 1, 1},
    {860, 8, 13, 10, 1, 1},
    {912, 7, 13, 10, 1, 1},
    {958, 8, 13, 11, 1, 1},
    {1010, 8, 13, 10, 1, 1},
    {1062, 2, 9, 5, 1, 5},
    {1071, 2, 12, 5, 1, 5},
    {1083, 7, 7, 8, 0, 5},
    {1108, 7, 5, 9, 1, 6},
    {1126, 6, 7, 8, 1, 5},
    {1147, 7, 13, 8, 0, 1},
    {1193, 14, 17, 17, 1, 1},
    {1312, 12, 13, 12, 0, 1},
    {1390, 10, 13, 12, 1, 1},
    {1455, 10, 13, 12, 1, 1},
    {1520, 10, 13, 12, 1, 1},
    {1585, 9, 13, 11, 1, 1},
    {1644, 9, 13, 11, 1, 1},
    {1703, 10, 13, 12, 1, 1},
    {1768, 10, 13, 13, 1, 1},
    {1833, 3, 13, 5, 1, 1},
    {1853, 8, 13, 10, 0, 1},
    {1905, 11, 13, 12, 1, 1},
    {1977, 9, 13, 11, 1, 1},
    {2036, 12, 13, 15, 1, 1},
    {2114, 10, 13, 13, 1, 1},
    {2179, 10, 13, 12, 1, 1},
    {2244, 10, 13, 12, 1, 1},
    {2309, 11, 13, 12, 1, 1},
    {2381, 10, 13, 12, 1, 1},
    {2446, 10, 13, 12, 0, 1},
    {2511, 10, 13, 9, -1, 1},
    {2576, 10, 13, 12, 1, 1},
    {2641, 11, 13, 11, 0, 1},
    {2713, 15, 13, 16, 0, 1},
    {2811, 10, 13, 11, 0, 1},
    {2876, 11, 13, 10, -1, 1},
    {2948, 8, 13, 10, 1, 1},
    {3000, 4, 17, 6, 1, 0},
    {3034, 8, 16, 7, -1, 0},
    {3098, 4, 17, 6, 0, 0},
    {3132, 7, 5, 10, 1, 0},
    {3150, 8, 2, 8, 0, 13},
    {3158, 5, 3, 6, 0, 0},
    {3166, 8, 9, 10, 1, 5},
    {3202, 8, 13, 10, 1, 1},
    {3254, 8, 9, 9, 1, 5},
    {3290, 8, 13, 10, 1, 1},
    {3342, 8, 9, 10, 1, 5},
    {3378, 6, 13, 6, 0, 1},
    {3417, 8, 13, 10, 1, 5},
    {3469, 8, 13, 11, 1, 1},
    {3521, 3, 13, 5, 1, 1},
    {3541, 4, 17, 5, 0, 1},
    {3575, 9, 13, 10, 1, 1},
    {3634, 4, 13, 6, 1, 1},
    {3660, 13, 9, 16, 1, 5},
    {3719, 8, 9, 11, 1, 5},
    {3755, 8, 9, 10, 1, 5},
    {3791, 8, 13, 10, 1, 5},
    {3843, 8, 13, 10, 1, 5},
    {3895, 7, 9, 8, 1, 5},
    {3927, 9, 9, 10, 0, 5},
    {3968, 5, 12, 6, 0, 2},
    {3998, 8, 9, 11, 1, 5},
    {4034, 9, 9, 9, 0, 5},
    {4075, 14, 9, 14, 0, 5},
    {4138, 9, 9, 10, 0, 5},
    {4179, 9, 13, 9, 0, 5},
    {4238, 7, 9, 9, 1, 5},
    {4270, 6, 17, 7, 1, 0},
    {4321, 3, 16, 5, 1, 0},
    {4345, 6, 17, 7, 0, 0},
    {4396, 7, 3, 10, 1, 6}
};
const smooth_font_t instrument_18 = {instrument_18_bitmap, instrument_18_glyphs, 32, 126, 23};

static const uint8_t instrument_30_bitmap[] = {
    0x6F, 0xF6, 0x6F, 0xF6, 0x6F, 0xF6, 0x6F, 0xF6, 0x6F, 0xF6, 0x6F, 0xF6, 0x6F, 0xF6, 0x6F, 0xF6,
    0x6F, 0xF6, 0x6F, 0xF6, 0x6F, 0xF6, 0x6F, 0xF6, 0x6F, 0xF6, 0x6F, 0xF6, 0x6F, 0xF6, 0x00, 0x00,
    0x00, 0x00, 0x00, 0x00, 0x6F, 0xFA, 0x6F, 0xFA, 0x6F, 0xFA, 0xFF, 0xF0, 0x6F, 0xF6, 0xFF, 0xF0,
    0x6F, 0xF6, 0xFF, 0xF0, 0x6F, 0xF6, 0xFF, 0xF0, 0x6F, 0xF6, 0xFF, 0xF0, 0x6F, 0xF6, 0xFF, 0xF0,
    0x6F, 0xF6, 0xFF, 0xF0, 0x6F, 0xF6, 0x00, 0x00, 0x03, 0xFF, 0x20, 0x00, 0xFF, 0x50, 0x00, 0x00,
    0x00, 0x5F, 0xF0, 0x00, 0x2F, 0xF3, 0x00, 0x00, 0x00, 0x06, 0xFB, 0x00, 0x04, 0xFF, 0x00, 0x00,
    0x00, 0x00, 0xAF, 0x90, 0x00, 0x6F, 0xD0, 0x00, 0x00, 0x00, 0x0D, 0xF6, 0x00, 0x09, 0xFA, 0x00,
    0x00, 0xAF, 0xFF, 0xFF, 0xFF, 0xFF, 0xFF, 0xFF, 0xFA, 0x0A, 0xFF, 0xFF, 0xFF, 0xFF, 0xFF, 0xFF,
    0xFF, 0xA0, 0x00, 0x05, 0xFF, 0x00, 0x03, 0xFF, 0x20, 0x00, 0x00, 0x00, 0x7F, 0xA0, 0x00, 0x5F,
    0xF0, 0x00, 0x00, 0x00, 0x0A, 0xF8, 0x00, 0x06, 0xFB, 0x00, 0x00, 0x00, 0x00, 0xFF, 0x60, 0x00,
    0xAF, 0x90, 0x00, 0x00, 0x00, 0x1F, 0xF3, 0x00, 0x0D, 0xF6, 0x00, 0x00, 0x00, 0x03, 0xFF, 0x10,
    0x01, 0xFF, 0x40, 0x00, 0x00, 0x00, 0x6F, 0xF0, 0x00, 0x3F, 0xF1, 0x00, 0x00, 0xAF, 0xFF, 0xFF,
    0xFF, 0xFF, 0xFF, 0xFF, 0xFA, 0x0A, 0xFF, 0xFF, 0xFF, 0xFF, 0xFF, 0xFF, 0xFF, 0xA0, 0x00, 0x0F,
    0xF5, 0x00, 0x0A, 0xF8, 0x00, 0x00, 0x00, 0x01, 0xFF, 0x30, 0x00, 0xFF, 0x60, 0x00, 0x00, 0x00,
    0x4F, 0xF1, 0x00, 0x1F, 0xF3, 0x00, 0x00, 0x00, 0x06, 0xFF, 0x00, 0x03, 0xFF, 0x10, 0x00, 0x00,
    0x00, 0x9F, 0xA0, 0x00, 0x6F, 0xF0, 0x00, 0x00, 0x00, 0x00, 0x00, 0x00, 0xAF, 0xF3, 0x00, 0x00,
    0x00, 0x00, 0x00, 0x0A, 0xFF, 0x30, 0x00, 0x00, 0x00, 0x00, 0x59, 0xFF, 0xFF, 0xA5, 0x10, 0x00,
    0x02, 0xBF, 0xFF, 0xFF, 0xFF, 0xFF, 0x80, 0x00, 0xBF, 0xFF, 0xFF, 0xFF, 0xFF, 0xF6, 0x00, 0x5F,
    0xFF, 0x8B, 0xFF, 0x54, 0x89, 0x00, 0x09, 0xFF, 0x80, 0xAF, 0xF3, 0x00, 0x00, 0x00, 0xAF, 0xF3,
    0x0A, 0xFF, 0x30, 0x00, 0x00, 0x0A, 0xFF, 0x40, 0xAF, 0xF3, 0x00, 0x00, 0x00, 0xAF, 0xFA, 0x0A,
    0xFF, 0x30, 0x00, 0x00, 0x05, 0xFF, 0xFD, 0xDF, 0xF3, 0x00, 0x00, 0x00, 0x1B, 0xFF, 0xFF, 0xFF,
    0xA5, 0x10, 0x00, 0x00, 0x1A, 0xFF, 0xFF, 0xFF, 0xFF, 0x71, 0x00, 0x00, 0x02, 0x5D, 0xFF, 0xFF,
    0xFF, 0x90, 0x00, 0x00, 0x00, 0xAF, 0xF7, 0xBF, 0xFF, 0x30, 0x00, 0x00, 0x0A, 0xFF, 0x30, 0xBF,
    0xF6, 0x00, 0x00, 0x00, 0xAF, 0xF3, 0x06, 0xFF, 0xA0, 0x18, 0x00, 0x0A, 0xFF, 0x30, 0x6F, 0xFA,
    0x0B, 0xF8, 0x00, 0xAF, 0xF3, 0x0A, 0xFF, 0x66, 0xFF, 0xFD, 0x5B, 0xFF, 0x6A, 0xFF, 0xF4, 0x1B,
    0xFF, 0xFF, 0xFF, 0xFF, 0xFF, 0xFA, 0x00, 0x17, 0xFF, 0xFF, 0xFF, 0xFF, 0xFB, 0x10, 0x00, 0x01,
    0x7B, 0xFF, 0xFD, 0x95, 0x00, 0x00, 0x00, 0x00, 0x0A, 0xFF, 0x30, 0x00, 0x00, 0x00, 0x00, 0x00,
    0xAF, 0xF3, 0x00, 0x00, 0x00, 0x02, 0x9F, 0xFA, 0x20, 0x00, 0x00, 0x08, 0xFF, 0x10, 0x01, 0xFF,
    0xFF, 0xFF, 0x10, 0x00, 0x01, 0xFF, 0x60, 0x00, 0x5F, 0xF2, 0x2F, 0xF5, 0x00, 0x00, 0x9F, 0xD1,
    0x00, 0x06, 0xFF, 0x00, 0xFF, 0x60, 0x00, 0x3F, 0xF5, 0x00, 0x00, 0x6F, 0xF0, 0x0F, 0xF6, 0x00,
    0x0A, 0xFD, 0x00, 0x00, 0x06, 0xFF, 0x00, 0xFF, 0x60, 0x05, 0xFF, 0x30, 0x00, 0x00, 0x5F, 0xF2,
    0x2F, 0xF5, 0x00, 0xDF, 0xA0, 0x00, 0x00, 0x01, 0xFF, 0xFF, 0xFF, 0x10, 0x5F, 0xF2, 0x00, 0x00,
    0x00, 0x02, 0x9F, 0xFA, 0x20, 0x1F, 0xF8, 0x00, 0x00, 0x00, 0x00, 0x00, 0x00, 0x00, 0x06, 0xFF,
    0x10, 0x00, 0x00, 0x00, 0x00, 0x00, 0x00, 0x01, 0xFF, 0x60, 0x00, 0x00, 0x00, 0x00, 0x00, 0x00,
    0x00, 0x8F, 0xF1, 0x00, 0x00, 0x00, 0x00, 0x00, 0x00, 0x00, 0x3F, 0xF5, 0x00, 0x6D, 0xFF, 0x71,
    0x00, 0x00, 0x00, 0x0A, 0xFD, 0x00, 0x5F, 0xFF, 0xFF, 0x70, 0x00, 0x00, 0x03, 0xFF, 0x40, 0x0B,
    0xF9, 0x06, 0xFF, 0x00, 0x00, 0x00, 0xDF, 0xA0, 0x00, 0xFF, 0x60, 0x3F, 0xF2, 0x00, 0x00, 0x5F,
    0xF3, 0x00, 0x0F, 0xF6, 0x03, 0xFF, 0x30, 0x00, 0x1F, 0xF9, 0x00, 0x00, 0xFF, 0x60, 0x3F, 0xF2,
    0x00, 0x06, 0xFF, 0x10, 0x00, 0x0B, 0xF9, 0x06, 0xFF, 0x00, 0x01, 0xFF, 0x70, 0x00, 0x00, 0x5F,
    0xFF, 0xFF, 0x70, 0x00, 0x8F, 0xF1, 0x00, 0x00, 0x00, 0x6D, 0xFF, 0x71, 0x00, 0x00, 0x00, 0x39,
    0xFF, 0xFB, 0x51, 0x00, 0x00, 0x00, 0x00, 0x6F, 0xFF, 0xFF, 0xFF, 0xB1, 0x00, 0x00, 0x00, 0x3F,
    0xFF, 0xFF, 0xFF, 0xFF, 0x80, 0x00, 0x00, 0x09, 0xFF, 0xB3, 0x01, 0x8F, 0xFF, 0x10, 0x00, 0x00,
    0xFF, 0xF3, 0x00, 0x00, 0xBF, 0xF3, 0x00, 0x00, 0x0F, 0xFF, 0x00, 0x00, 0x07, 0xFF, 0x40, 0x00,
    0x00, 0xFF, 0xF0, 0x00, 0x00, 0x00, 0x00, 0x00, 0x00, 0x0B, 0xFF, 0x30, 0x00, 0x00, 0x00, 0x00,
    0x00, 0x00, 0x7F, 0xF8, 0x00, 0x00, 0x00, 0x00, 0x00, 0x00, 0x01, 0xFF, 0xF2, 0x00, 0x00, 0x00,
    0x00, 0x00, 0x02, 0xDF, 0xFF, 0xD1, 0x00, 0x00, 0x3F, 0xF6, 0x01, 0xFF, 0xFF, 0xFF, 0xB1, 0x00,
    0x05, 0xFF, 0x60, 0x8F, 0xFB, 0x2F, 0xFF, 0xB1, 0x00, 0x6F, 0xF5, 0x0F, 0xFF, 0x10, 0x2F, 0xFF,
    0xB1, 0x0A, 0xFF, 0x20, 0xFF, 0xB0, 0x00, 0x2F, 0xFF, 0xB2, 0xFF, 0xF0, 0x0F, 0xFD, 0x00, 0x00,
    0x2F, 0xFF, 0xFF, 0xF8, 0x00, 0xFF, 0xF3, 0x00, 0x00, 0x2F, 0xFF, 0xFF, 0x10, 0x09, 0xFF, 0xF6,
    0x10, 0x03, 0xAF, 0xFF, 0xB0, 0x00, 0x3F, 0xFF, 0xFF, 0xFF, 0xFF, 0xFF, 0xFF, 0x80, 0x00, 0x5F,
    0xFF, 0xFF, 0xFF, 0xFF, 0x7F, 0xFF, 0x80, 0x00, 0x18, 0xDF, 0xFF, 0xA6, 0x10, 0x2F, 0xFF, 0x80,
    0xAF, 0xF3, 0xAF, 0xF3, 0xAF, 0xF3, 0xAF, 0xF3, 0xAF, 0xF3, 0xAF, 0xF3, 0xAF, 0xF3, 0x00, 0x00,
    0x08, 0x50, 0x00, 0x00, 0x5F, 0xF6, 0x00, 0x01, 0xFF, 0xF5, 0x00, 0x09, 0xFF, 0x80, 0x00, 0x3F,
    0xFF, 0x10, 0x00, 0x8F, 0xF6, 0x00, 0x01, 0xFF, 0xF1, 0x00, 0x05, 0xFF, 0x80, 0x00, 0x09, 0xFF,
    0x40, 0x00, 0x0D, 0xFF, 0x00, 0x00, 0x0F, 0xFB, 0x00, 0x00, 0x3F, 0xF9, 0x00, 0x00, 0x3F, 0xF6,
    0x00, 0x00, 0x3F, 0xF6, 0x00, 0x00, 0x3F, 0xF6, 0x00, 0x00, 0x3F, 0xF6, 0x00, 0x00, 0x3F, 0xF6,
    0x00, 0x00, 0x3F, 0xF9, 0x00, 0x00, 0x0F, 0xFB, 0x00, 0x00, 0x0D, 0xFF, 0x00, 0x00, 0x09, 0xFF,
    0x40, 0x00, 0x05, 0xFF, 0x80, 0x00, 0x01, 0xFF, 0xF1, 0x00, 0x00, 0x8F, 0xF6, 0x00, 0x00, 0x3F,
    0xFF, 0x10, 0x00, 0x09, 0xFF, 0x80, 0x00, 0x01, 0xFF, 0xF5, 0x00, 0x00, 0x5F, 0xF5, 0x00, 0x00,
    0x08, 0x50, 0x02, 0xA0, 0x00, 0x00, 0x5F, 0xF7, 0x00, 0x00, 0x2F, 0xFF, 0x30, 0x00, 0x05, 0xFF,
    0xD0, 0x00, 0x00, 0xBF, 0xF5, 0x00, 0x00, 0x3F, 0xFD, 0x00, 0x00, 0x0B, 0xFF, 0x20, 0x00, 0x05,
    0xFF, 0x70, 0x00, 0x01, 0xFF, 0xD0, 0x00, 0x00, 0xBF, 0xF1, 0x00, 0x00, 0x8F, 0xF3, 0x00, 0x00,
    0x6F, 0xF5, 0x00, 0x00, 0x5F, 0xF6, 0x00, 0x00, 0x3F, 0xF6, 0x00, 0x00, 0x3F, 0xF6, 0x00, 0x00,
    0x3F, 0xF6, 0x00, 0x00, 0x5F, 0xF6, 0x00, 0x00, 0x6F, 0xF5, 0x00, 0x00, 0x8F, 0xF3, 0x00, 0x00,
    0xBF, 0xF1, 0x00, 0x01, 0xFF, 0xD0, 0x00, 0x05, 0xFF, 0x70, 0x00, 0x0B, 0xFF, 0x20, 0x00, 0x3F,
    0xFD, 0x00, 0x00, 0xBF, 0xF5, 0x00, 0x05, 0xFF, 0xD0, 0x00, 0x2F, 0xFF, 0x30, 0x00, 0x5F, 0xF7,
    0x00, 0x00, 0x03, 0xA0, 0x00, 0x00, 0x00, 0x00, 0x0A, 0xFA, 0x00, 0x00, 0x00, 0x00, 0x0A, 0xFA,
    0x00, 0x00, 0x01, 0x00, 0x0A, 0xFA, 0x00, 0x01, 0x09, 0xD7, 0x2A, 0xFA, 0x27, 0xD8, 0x1F, 0xFF,
    0xFF, 0xFF, 0xFF, 0xFF, 0x04, 0x8F, 0xFF, 0xFF, 0xFF, 0x84, 0x00, 0x00, 0xAF, 0xFF, 0x80, 0x00,
    0x00, 0x03, 0xFF, 0xFF, 0xF2, 0x00, 0x00, 0x1F, 0xFB, 0x1F, 0xFD, 0x10, 0x00, 0x7F, 0xF2, 0x03,
    0xFF, 0x50, 0x00, 0x07, 0x60, 0x00, 0x76, 0x00, 0x00, 0x00, 0x6F, 0xF6, 0x00, 0x00, 0x00, 0x00,
    0x6F, 0xF6, 0x00, 0x00, 0x00, 0x00, 0x6F, 0xF6, 0x00, 0x00, 0x00, 0x00, 0x6F, 0xF6, 0x00, 0x00,
    0x00, 0x00, 0x6F, 0xF6, 0x00, 0x00, 0xFF, 0xFF, 0xFF, 0xFF, 0xFF, 0xFF, 0xFF, 0xFF, 0xFF, 0xFF,
    0xFF, 0xFF, 0xFF, 0xFF, 0xFF, 0xFF, 0xFF, 0xFF, 0x00, 0x00, 0x6F, 0xF6, 0x00, 0x00, 0x00, 0x00,
    0x6F, 0xF6, 0x00, 0x00, 0x00, 0x00, 0x6F, 0xF6, 0x00, 0x00, 0x00, 0x00, 0x6F, 0xF6, 0x00, 0x00,
    0x00, 0x00, 0x6F, 0xF6, 0x00, 0x00, 0x3F, 0xFF, 0x3F, 0xFF, 0x3F, 0xFF, 0x3F, 0xFF, 0x3F, 0xFF,
    0x3F, 0xF5, 0x3F, 0x50, 0x35, 0x00, 0xAF, 0xFF, 0xFF, 0xFF, 0xFF, 0x3A, 0xFF, 0xFF, 0xFF, 0xFF,
    0xF3, 0xAF, 0xFF, 0xFF, 0xFF, 0xFF, 0x30, 0x3F, 0xFF, 0x3F, 0xFF, 0x3F, 0xFF, 0x00, 0x00, 0x00,
    0x00, 0x05, 0xFF, 0x50, 0x00, 0x00, 0x00, 0x00, 0xBF, 0xF1, 0x00, 0x00, 0x00, 0x00, 0x1F, 0xF9,
    0x00, 0x00, 0x00, 0x00, 0x06, 0xFF, 0x50, 0x00, 0x00, 0x00, 0x00, 0xDF, 0xF1, 0x00, 0x00, 0x00,
    0x00, 0x2F, 0xF8, 0x00, 0x00, 0x00, 0x00, 0x07, 0xFF, 0x40, 0x00, 0x00, 0x00, 0x00, 0xDF, 0xF0,
    0x00, 0x00, 0x00, 0x00, 0x4F, 0xF8, 0x00, 0x00, 0x00, 0x00, 0x08, 0xFF, 0x20, 0x00, 0x00, 0x00,
    0x00, 0xFF, 0xD0, 0x00, 0x00, 0x00, 0x00, 0x4F, 0xF7, 0x00, 0x00, 0x00, 0x00, 0x09, 0xFF, 0x20,
    0x00, 0x00, 0x00, 0x01, 0xFF, 0xB0, 0x00, 0x00, 0x00, 0x00, 0x5F, 0xF5, 0x00, 0x00, 0x00, 0x00,
    0x09, 0xFF, 0x10, 0x00, 0x00, 0x00, 0x01, 0xFF, 0xB0, 0x00, 0x00, 0x00, 0x00, 0x5F, 0xF5, 0x00,
    0x00, 0x00, 0x00, 0x0B, 0xFF, 0x10, 0x00, 0x00, 0x00, 0x01, 0xFF, 0x90, 0x00, 0x00, 0x00, 0x00,
    0x6F, 0xF5, 0x00, 0x00, 0x00, 0x00, 0x0D, 0xFF, 0x10, 0x00, 0x00, 0x00, 0x02, 0xFF, 0x80, 0x00,
    0x00, 0x00, 0x00, 0x7F, 0xF4, 0x00, 0x00, 0x00, 0x00, 0x0D, 0xFF, 0x00, 0x00, 0x00, 0x00, 0x04,
    0xFF, 0x80, 0x00, 0x00, 0x00, 0x00, 0x8F, 0xF2, 0x00, 0x00, 0x00, 0x00, 0x0F, 0xFD, 0x00, 0x00,
    0x00, 0x00, 0x00, 0x00, 0x17, 0xBF, 0xFF, 0xA5, 0x00, 0x00, 0x2F, 0xFF, 0xFF, 0xFF, 0xFA, 0x10,
    0x1F, 0xFF, 0xFF, 0xFF, 0xFF, 0xF7, 0x05, 0xFF, 0xF5, 0x10, 0x19, 0xFF, 0xF1, 0xAF, 0xF6, 0x00,
    0x00, 0x0D, 0xFF, 0x3A, 0xFF, 0x30, 0x00, 0x00, 0xAF, 0xF3, 0xAF, 0xF3, 0x00, 0x00, 0x0A, 0xFF,
    0x3A, 0xFF, 0x30, 0x00, 0x00, 0xAF, 0xF3, 0xAF, 0xF3, 0x00, 0x00, 0x0A, 0xFF, 0x3A, 0xFF, 0x30,
    0x00, 0x00, 0xAF, 0xF3, 0xAF, 0xF3, 0x00, 0x00, 0x0A, 0xFF, 0x3A, 0xFF, 0x30, 0x00, 0x00, 0xAF,
    0xF3, 0xAF, 0xF3, 0x00, 0x00, 0x0A, 0xFF, 0x3A, 0xFF, 0x30, 0x00, 0x00, 0xAF, 0xF3, 0xAF, 0xF3,
    0x00, 0x00, 0x0A, 0xFF, 0x3A, 0xFF, 0x30, 0x00, 0x00, 0xAF, 0xF3, 0x9F, 0xF6, 0x00, 0x00, 0x0D,
    0xFF, 0x35, 0xFF, 0xF5, 0x10, 0x19, 0xFF, 0xF1, 0x1F, 0xFF, 0xFF, 0xFF, 0xFF, 0xF7, 0x00, 0x2F,
    0xFF, 0xFF, 0xFF, 0xFA, 0x00, 0x00, 0x17, 0xBF, 0xFF, 0x95, 0x00, 0x00, 0x00, 0x5F, 0xFF, 0x31,
    0xAF, 0xFF, 0xF3, 0xAF, 0xFF, 0xFF, 0x3A, 0xFA, 0xBF, 0xF3, 0x84, 0x0A, 0xFF, 0x30, 0x00, 0xAF,
    0xF3, 0x00, 0x0A, 0xFF, 0x30, 0x00, 0xAF, 0xF3, 0x00, 0x0A, 0xFF, 0x30, 0x00, 0xAF, 0xF3, 0x00,
    0x0A, 0xFF, 0x30, 0x00, 0xAF, 0xF3, 0x00, 0x0A, 0xFF, 0x30, 0x00, 0xAF, 0xF3, 0x00, 0x0A, 0xFF,
    0x30, 0x00, 0xAF, 0xF3, 0x00, 0x0A, 0xFF, 0x30, 0x00, 0xAF, 0xF3, 0x00, 0x0A, 0xFF, 0x30, 0x00,
    0xAF, 0xF3, 0x00, 0x0A, 0xFF, 0x30, 0x00, 0x01, 0x8D, 0xFF, 0xB8, 0x10, 0x00, 0x05, 0xFF, 0xFF,
    0xFF, 0xFF, 0x50, 0x02, 0xFF, 0xFF, 0xFF, 0xFF, 0xFF, 0x10, 0x9F, 0xFB, 0x30, 0x15, 0xFF, 0xF6,
    0x1F, 0xFF, 0x20, 0x00, 0x07, 0xFF, 0xA3, 0xFF, 0xB0, 0x00, 0x00, 0x3F, 0xFA, 0x00, 0x00, 0x00,
    0x00, 0x05, 0xFF, 0x80, 0x00, 0x00, 0x00, 0x00, 0xBF, 0xF5, 0x00, 0x00, 0x00, 0x00, 0x5F, 0xFD,
    0x00, 0x00, 0x00, 0x00, 0x2F, 0xFF, 0x40, 0x00, 0x00, 0x00, 0x1B, 0xFF, 0x70, 0x00, 0x00, 0x00,
    0x09, 0xFF, 0xB0, 0x00, 0x00, 0x00, 0x05, 0xFF, 0xF1, 0x00, 0x00, 0x00, 0x03, 0xFF, 0xF3, 0x00,
    0x00, 0x00, 0x01, 0xFF, 0xF6, 0x00, 0x00, 0x00, 0x00, 0xBF, 0xFA, 0x00, 0x00, 0x00, 0x00, 0x7F,
    0xFF, 0x10, 0x00, 0x00, 0x00, 0x5F, 0xFF, 0x20, 0x00, 0x00, 0x00, 0x1F, 0xFF, 0xFF, 0xFF, 0xFF,
    0xFF, 0xF3, 0xFF, 0xFF, 0xFF, 0xFF, 0xFF, 0xFF, 0x3F, 0xFF, 0xFF, 0xFF, 0xFF, 0xFF, 0xF0, 0x00,
    0x01, 0x8D, 0xFF, 0xB7, 0x10, 0x00, 0x02, 0xFF, 0xFF, 0xFF, 0xFF, 0x20, 0x01, 0xFF, 0xFF, 0xFF,
    0xFF, 0xFD, 0x00, 0x8F, 0xFF, 0x30, 0x15, 0xFF, 0xF3, 0x0F, 0xFF, 0x30, 0x00, 0x08, 0xFF, 0x63,
    0xFF, 0xB0, 0x00, 0x00, 0x6F, 0xF6, 0x00, 0x00, 0x00, 0x00, 0x08, 0xFF, 0x40, 0x00, 0x00, 0x00,
    0x15, 0xFF, 0xB0, 0x00, 0x00, 0x0A, 0xFF, 0xFF, 0xB2, 0x00, 0x00, 0x00, 0xAF, 0xFF, 0xB1, 0x00,
    0x00, 0x00, 0x0A, 0xFF, 0xFF, 0xF2, 0x00, 0x00, 0x00, 0x00, 0x15, 0xFF, 0xF1, 0x00, 0x00, 0x00,
    0x00, 0x07, 0xFF, 0x50, 0x00, 0x00, 0x00, 0x00, 0x3F, 0xFA, 0x00, 0x00, 0x00, 0x00, 0x03, 0xFF,
    0xA8, 0xFF, 0x60, 0x00, 0x00, 0x3F, 0xFA, 0x5F, 0xFD, 0x00, 0x00, 0x06, 0xFF, 0x91, 0xFF, 0xF9,
    0x20, 0x15, 0xFF, 0xF5, 0x06, 0xFF, 0xFF, 0xFF, 0xFF, 0xFD, 0x10, 0x07, 0xFF, 0xFF, 0xFF, 0xFF,
    0x20, 0x00, 0x03, 0x9F, 0xFF, 0xB6, 0x10, 0x00, 0x00, 0x00, 0x00, 0x2F, 0xFD, 0x00, 0x00, 0x00,
    0x00, 0x00, 0x8F, 0xF5, 0x00, 0x00, 0x00, 0x00, 0x01, 0xFF, 0xF1, 0x00, 0x00, 0x00, 0x00, 0x08,
    0xFF, 0x60, 0x00, 0x00, 0x00, 0x00, 0x1F, 0xFF, 0x10, 0x00, 0x00, 0x00, 0x00, 0x6F, 0xF8, 0x00,
    0x00, 0x00, 0x00, 0x01, 0xFF, 0xF1, 0x00, 0x00, 0x00, 0x00, 0x05, 0xFF, 0x80, 0x00, 0x00, 0x00,
    0x00, 0x0D, 0xFF, 0x10, 0x06, 0x66, 0x00, 0x00, 0x5F, 0xFA, 0x00, 0x0F, 0xFF, 0x00, 0x00, 0xDF,
    0xF3, 0x00, 0x0F, 0xFF, 0x00, 0x03, 0xFF, 0xA0, 0x00, 0x0F, 0xFF, 0x00, 0x0A, 0xFF, 0x50, 0x00,
    0x0F, 0xFF, 0x00, 0x3F, 0xFD, 0x00, 0x00, 0x0F, 0xFF, 0x00, 0x8F, 0xF5, 0x00, 0x00, 0x0F, 0xFF,
    0x00, 0xFF, 0xFF, 0xFF, 0xFF, 0xFF, 0xFF, 0xF6, 0xFF, 0xFF, 0xFF, 0xFF, 0xFF, 0xFF, 0xF6, 0xFF,
    0xFF, 0xFF, 0xFF, 0xFF, 0xFF, 0xF6, 0x00, 0x00, 0x00, 0x00, 0x0F, 0xFF, 0x00, 0x00, 0x00, 0x00,
    0x00, 0x0F, 0xFF, 0x00, 0x00, 0x00, 0x00, 0x00, 0x0F, 0xFF, 0x00, 0x3F, 0xFF, 0xFF, 0xFF, 0xFF,
    0xF6, 0x03, 0xFF, 0xFF, 0xFF, 0xFF, 0xFF, 0x60, 0x3F, 0xFF, 0xFF, 0xFF, 0xFF, 0xF6, 0x03, 0xFF,
    0xA0, 0x00, 0x00, 0x00, 0x00, 0x3F, 0xFA, 0x00, 0x00, 0x00, 0x00, 0x03, 0xFF, 0xA0, 0x00, 0x00,
    0x00, 0x00, 0x3F, 0xFA, 0x00, 0x00, 0x00, 0x00, 0x03, 0xFF, 0xB6, 0xFF, 0xF9, 0x30, 0x00, 0x3F,
    0xFF, 0xFF, 0xFF, 0xFF, 0x60, 0x03, 0xFF, 0xFF, 0xFF, 0xFF, 0xFF, 0x30, 0x3F, 0xFF, 0x71, 0x03,
    0xBF, 0xF9, 0x02, 0xAA, 0x50, 0x00, 0x03, 0xFF, 0xF0, 0x00, 0x00, 0x00, 0x00, 0x0F, 0xFF, 0x10,
    0x00, 0x00, 0x00, 0x00, 0xAF, 0xF3, 0x00, 0x00, 0x00, 0x00, 0x0A, 0xFF, 0x30, 0x00, 0x00, 0x00,
    0x00, 0xFF, 0xF1, 0x9F, 0xF5, 0x00, 0x00, 0x3F, 0xFF, 0x05, 0xFF, 0xF5, 0x00, 0x3B, 0xFF, 0x90,
    0x0D, 0xFF, 0xFF, 0xFF, 0xFF, 0xF3, 0x00, 0x2D, 0xFF, 0xFF, 0xFF, 0xF5, 0x00, 0x00, 0x16, 0xBF,
    0xFD, 0x83, 0x00, 0x00, 0x00, 0x00, 0x00, 0x5F, 0xFB, 0x00, 0x00, 0x00, 0x00, 0x0D, 0xFF, 0x30,
    0x00, 0x00, 0x00, 0x05, 0xFF, 0xA0, 0x00, 0x00, 0x00, 0x01, 0xFF, 0xF3, 0x00, 0x00, 0x00, 0x00,
    0x6F, 0xF8, 0x00, 0x00, 0x00, 0x00, 0x1F, 0xFF, 0x10, 0x00, 0x00, 0x00, 0x06, 0xFF, 0x80, 0x00,
    0x00, 0x00, 0x01, 0xFF, 0xF1, 0x00, 0x00, 0x00, 0x00, 0x6F, 0xFD, 0xDF, 0xF8, 0x10, 0x00, 0x1F,
    0xFF, 0xFF, 0xFF, 0xFF, 0x20, 0x05, 0xFF, 0xFF, 0xFF, 0xFF, 0xFA, 0x00, 0xAF, 0xFB, 0x20, 0x18,
    0xFF, 0xF2, 0x0F, 0xFF, 0x10, 0x00, 0x0B, 0xFF, 0x62, 0xFF, 0xB0, 0x00, 0x00, 0x6F, 0xF7, 0x3F,
    0xFA, 0x00, 0x00, 0x03, 0xFF, 0xA3, 0xFF, 0xB0, 0x00, 0x00, 0x5F, 0xF6, 0x1F, 0xFF, 0x10, 0x00,
    0x0A, 0xFF, 0x50, 0xBF, 0xFB, 0x20, 0x16, 0xFF, 0xF1, 0x04, 0xFF, 0xFF, 0xFF, 0xFF, 0xF9, 0x00,
    0x07, 0xFF, 0xFF, 0xFF, 0xFB, 0x10, 0x00, 0x03, 0x9F, 0xFF, 0xA5, 0x00, 0x00, 0x6F, 0xFF, 0xFF,
    0xFF, 0xFF, 0xFF, 0x36, 0xFF, 0xFF, 0xFF, 0xFF, 0xFF, 0xF3, 0x6F, 0xFF, 0xFF, 0xFF, 0xFF, 0xFF,
    0x36, 0xFF, 0x60, 0x00, 0x01, 0xFF, 0xF0, 0x6F, 0xF6, 0x00, 0x00, 0x5F, 0xF8, 0x06, 0xFF, 0x60,
    0x00, 0x0A, 0xFF, 0x50, 0x00, 0x00, 0x00, 0x01, 0xFF, 0xF1, 0x00, 0x00, 0x00, 0x00, 0x5F, 0xFA,
    0x00, 0x00, 0x00, 0x00, 0x09, 0xFF, 0x50, 0x00, 0x00, 0x00, 0x00, 0xFF, 0xF1, 0x00, 0x00, 0x00,
    0x00, 0x4F, 0xFD, 0x00, 0x00, 0x00, 0x00, 0x07, 0xFF, 0x70, 0x00, 0x00, 0x00, 0x00, 0xDF, 0xF3,
    0x00, 0x00, 0x00, 0x00, 0x2F, 0xFF, 0x00, 0x00, 0x00, 0x00, 0x06, 0xFF, 0x80, 0x00, 0x00, 0x00,
    0x00, 0xBF, 0xF5, 0x00, 0x00, 0x00, 0x00, 0x1F, 0xFF, 0x10, 0x00, 0x00, 0x00, 0x05, 0xFF, 0xA0,
    0x00, 0x00, 0x00, 0x00, 0x9F, 0xF5, 0x00, 0x00, 0x00, 0x00, 0x1F, 0xFF, 0x10, 0x00, 0x00, 0x00,
    0x04, 0xFF, 0xD0, 0x00, 0x00, 0x00, 0x00, 0x05, 0xAF, 0xFF, 0x95, 0x00, 0x00, 0x1B, 0xFF, 0xFF,
    0xFF, 0xFA, 0x10, 0x0A, 0xFF, 0xFF, 0xFF, 0xFF, 0xF8, 0x02, 0xFF, 0xF8, 0x10, 0x19, 0xFF, 0xF1,
    0x6F, 0xFA, 0x00, 0x00, 0x0D, 0xFF, 0x56, 0xFF, 0x60, 0x00, 0x00, 0x6F, 0xF6, 0x6F, 0xF6, 0x00,
    0x00, 0x07, 0xFF, 0x54, 0xFF, 0xA0, 0x00, 0x00, 0xDF, 0xF2, 0x0B, 0xFF, 0x81, 0x01, 0x9F, 0xF9,
    0x00, 0x1B, 0xFF, 0xFF, 0xFF, 0xFA, 0x10, 0x01, 0x7F, 0xFF, 0xFF, 0xFF, 0x60, 0x00, 0xAF, 0xFF,
    0xFF, 0xFF, 0xFF, 0x80, 0x5F, 0xFF, 0x51, 0x01, 0x6F, 0xFF, 0x3B, 0xFF, 0x50, 0x00, 0x00, 0x5F,
    0xF9, 0xFF, 0xF0, 0x00, 0x00, 0x01, 0xFF, 0xDF, 0xFF, 0x00, 0x00, 0x00, 0x1F, 0xFF, 0xFF, 0xF4,
    0x00, 0x00, 0x05, 0xFF, 0xA8, 0xFF, 0xF5, 0x10, 0x16, 0xFF, 0xF6, 0x1F, 0xFF, 0xFF, 0xFF, 0xFF,
    0xFF, 0x10, 0x2F, 0xFF, 0xFF, 0xFF, 0xFD, 0x20, 0x00, 0x16, 0xAF, 0xFF, 0xA5, 0x10, 0x00, 0x00,
    0x03, 0x9F, 0xFF, 0xB5, 0x00, 0x00, 0x08, 0xFF, 0xFF, 0xFF, 0xFB, 0x10, 0x04, 0xFF, 0xFF, 0xFF,
    0xFF, 0xF9, 0x00, 0xBF, 0xFB, 0x20, 0x16, 0xFF, 0xF2, 0x1F, 0xFF, 0x10, 0x00, 0x08, 0xFF, 0x53,
    0xFF, 0xA0, 0x00, 0x00, 0x5F, 0xF7, 0x3F, 0xFA, 0x00, 0x00, 0x05, 0xFF, 0xA1, 0xFF, 0xF1, 0x00,
    0x00, 0x8F, 0xF6, 0x0D, 0xFF, 0xB2, 0x01, 0x6F, 0xFF, 0x50, 0x6F, 0xFF, 0xFF, 0xFF, 0xFF, 0xF2,
    0x00, 0x9F, 0xFF, 0xFF, 0xFF, 0xFD, 0x00, 0x00, 0x6B, 0xFF, 0xAF, 0xFF, 0x50, 0x00, 0x00, 0x00,
    0x06, 0xFF, 0xD0, 0x00, 0x00, 0x00, 0x01, 0xFF, 0xF5, 0x00, 0x00, 0x00, 0x00, 0x6F, 0xFD, 0x00,
    0x00, 0x00, 0x00, 0x1F, 0xFF, 0x50, 0x00, 0x00, 0x00, 0x05, 0xFF, 0xD0, 0x00, 0x00, 0x00, 0x00,
    0xDF, 0xF5, 0x00, 0x00, 0x00, 0x00, 0x5F, 0xFD, 0x00, 0x00, 0x00, 0x00, 0x0D, 0xFF, 0x50, 0x00,
    0x00, 0x00, 0x05, 0xFF, 0xD0, 0x00, 0x00, 0x00, 0x3F, 0xFF, 0x3F, 0xFF, 0x3F, 0xFF, 0x00, 0x00,
    0x00, 0x00, 0x00, 0x00, 0x00, 0x00, 0x00, 0x00, 0x00, 0x00, 0x00, 0x00, 0x00, 0x00, 0x00, 0x00,
    0x3F, 0xFF, 0x3F, 0xFF, 0x3F, 0xFF, 0x3F, 0xFF, 0x3F, 0xFF, 0x3F, 0xFF, 0x00, 0x00, 0x00, 0x00,
    0x00, 0x00, 0x00, 0x00, 0x00, 0x00, 0x00, 0x00, 0x00, 0x00, 0x00, 0x00, 0x00, 0x00, 0x3F, 0xFF,
    0x3F, 0xFF, 0x3F, 0xFF, 0x3F, 0xFF, 0x3F, 0xFF, 0x3F, 0xF5, 0x3F, 0x50, 0x35, 0x00, 0x00, 0x00,
    0x00, 0x00, 0x27, 0x00, 0x00, 0x00, 0x17, 0xFA, 0x00, 0x00, 0x04, 0xFF, 0xFA, 0x00, 0x01, 0xAF,
    0xFF, 0xF6, 0x01, 0x6F, 0xFF, 0xFA, 0x20, 0x3D, 0xFF, 0xFD, 0x40, 0x00, 0x3D, 0xFF, 0xFD, 0x50,
    0x00, 0x01, 0x6F, 0xFF, 0xFA, 0x30, 0x00, 0x01, 0xAF, 0xFF, 0xF6, 0x00, 0x00, 0x04, 0xFF, 0xFA,
    0x00, 0x00, 0x00, 0x17, 0xFA, 0x00, 0x00, 0x00, 0x00, 0x27, 0xFF, 0xFF, 0xFF, 0xFF, 0xFA, 0xFF,
    0xFF, 0xFF, 0xFF, 0xFA, 0xFF, 0xFF, 0xFF, 0xFF, 0xFA, 0x00, 0x00, 0x00, 0x00, 0x00, 0x00, 0x00,
    0x00, 0x00, 0x00, 0xFF, 0xFF, 0xFF, 0xFF, 0xFA, 0xFF, 0xFF, 0xFF, 0xFF, 0xFA, 0xFF, 0xFF, 0xFF,
    0xFF, 0xFA, 0xA1, 0x00, 0x00, 0x00, 0x00, 0xFF, 0x60, 0x00, 0x00, 0x00, 0xFF, 0xFD, 0x30, 0x00,
    0x00, 0x9F, 0xFF, 0xF9, 0x10, 0x00, 0x03, 0xBF, 0xFF, 0xF5, 0x00, 0x00, 0x05, 0xFF, 0xFF, 0xB3,
    0x00, 0x05, 0xFF, 0xFF, 0xB3, 0x03, 0xDF, 0xFF, 0xF5, 0x00, 0xAF, 0xFF, 0xF9, 0x10, 0x00, 0xFF,
    0xFD, 0x30, 0x00, 0x00, 0xFF, 0x60, 0x00, 0x00, 0x00, 0xA1, 0x00, 0x00, 0x00, 0x00, 0x00, 0x05,
    0xBF, 0xFD, 0x81, 0x00, 0x01, 0xBF, 0xFF, 0xFF, 0xFF, 0x30, 0x06, 0xFF, 0xFF, 0xFF, 0xFF, 0xF1,
    0x0F, 0xFF, 0x81, 0x05, 0xFF, 0xF5, 0x3F, 0xFD, 0x00, 0x00, 0x7F, 0xF6, 0x5F, 0xFA, 0x00, 0x00,
    0x6F, 0xF6, 0x00, 0x00, 0x00, 0x00, 0x6F, 0xF6, 0x00, 0x00, 0x00, 0x00, 0xDF, 0xF4, 0x00, 0x00,
    0x00, 0x05, 0xFF, 0xD0, 0x00, 0x00, 0x00, 0x2F, 0xFF, 0x20, 0x00, 0x00, 0x01, 0xDF, 0xF5, 0x00,
    0x00, 0x00, 0x06, 0xFF, 0xA0, 0x00, 0x00, 0x00, 0x1F, 0xFF, 0x10, 0x00, 0x00, 0x00, 0x4F, 0xFA,
    0x00, 0x00, 0x00, 0x00, 0x6F, 0xF6, 0x00, 0x00, 0x00, 0x00, 0x6F, 0xF6, 0x00, 0x00, 0x00, 0x00,
    0x00, 0x00, 0x00, 0x00, 0x00, 0x00, 0x00, 0x00, 0x00, 0x00, 0x00, 0x00, 0xAF, 0xF6, 0x00, 0x00,
    0x00, 0x00, 0xAF, 0xF6, 0x00, 0x00, 0x00, 0x00, 0xAF, 0xF6, 0x00, 0x00, 0x00, 0x00, 0x00, 0x27,
    0xAF, 0xFF, 0xFD, 0xA6, 0x10, 0x00, 0x00, 0x00, 0x00, 0x03, 0xDF, 0xFF, 0xFF, 0xFF, 0xFF, 0xFF,
    0xA1, 0x00, 0x00, 0x00, 0x05, 0xFF, 0xFF, 0xFF, 0xFF, 0xFF, 0xFF, 0xFF, 0xF5, 0x00, 0x00, 0x05,
    0xFF, 0xFF, 0x84, 0x10, 0x00, 0x25, 0xAF, 0xFF, 0xF2, 0x00, 0x01, 0xFF, 0xFB, 0x10, 0x00, 0x00,
    0x00, 0x00, 0x3D, 0xFF, 0xD0, 0x00, 0x8F, 0xFB, 0x10, 0x00, 0x00, 0x00, 0x00, 0x00, 0x1F, 0xFF,
    0x50, 0x0F, 0xFF, 0x10, 0x01, 0x6B, 0xFF, 0xFA, 0x50, 0x00, 0x4F, 0xFB, 0x04, 0xFF, 0x80, 0x01,
    0xBF, 0xFF, 0xFF, 0xFF, 0x80, 0x00, 0xDF, 0xF1, 0x6F, 0xF4, 0x00, 0x9F, 0xFF, 0xFF, 0xFF, 0xFF,
    0x60, 0x07, 0xFF, 0x39, 0xFF, 0x10, 0x1F, 0xFF, 0x61, 0x01, 0x9F, 0xFD, 0x00, 0x4F, 0xF5, 0xAF,
    0xF0, 0x04, 0xFF, 0x80, 0x00, 0x00, 0xDF, 0xF1, 0x03, 0xFF, 0x6A, 0xFF, 0x00, 0x6F, 0xF5, 0x00,
    0x00, 0x0A, 0xFF, 0x30, 0x3F, 0xF6, 0xAF, 0xF0, 0x06, 0xFF, 0x30, 0x00, 0x00, 0xAF, 0xF3, 0x03,
    0xFF, 0x6A, 0xFF, 0x00, 0x6F, 0xF3, 0x00, 0x00, 0x0A, 0xFF, 0x30, 0x3F, 0xF6, 0xAF, 0xF0, 0x06,
    0xFF, 0x30, 0x00, 0x00, 0xAF, 0xF3, 0x03, 0xFF, 0x6A, 0xFF, 0x00, 0x6F, 0xF5, 0x00, 0x00, 0x0A,
    0xFF, 0x30, 0x3F, 0xF6, 0xAF, 0xF0, 0x05, 0xFF, 0x80, 0x00, 0x01, 0xFF, 0xF3, 0x03, 0xFF, 0x6A,
    0xFF, 0x00, 0x1F, 0xFF, 0x61, 0x02, 0xBF, 0xFF, 0x70, 0x7F, 0xF5, 0x8F, 0xF1, 0x00, 0xAF, 0xFF,
    0xFF, 0xFF, 0xFF, 0xFF, 0xFF, 0xFF, 0x25, 0xFF, 0x50, 0x02, 0xFF, 0xFF, 0xFF, 0xF3, 0xBF, 0xFF,
    0xFF, 0x90, 0x2F, 0xFD, 0x00, 0x01, 0x8F, 0xFF, 0x92, 0x01, 0x8F, 0xFD, 0x61, 0x00, 0xDF, 0xF8,
    0x00, 0x00, 0x00, 0x00, 0x00, 0x00, 0x00, 0x00, 0x00, 0x05, 0xFF, 0xF8, 0x10, 0x00, 0x00, 0x00,
    0x00, 0x00, 0x00, 0x00, 0x00, 0x09, 0xFF, 0xFF, 0x73, 0x10, 0x00, 0x00, 0x00, 0x00, 0x00, 0x00,
    0x00, 0x19, 0xFF, 0xFF, 0xFF, 0xFF, 0xFF, 0xFA, 0x00, 0x00, 0x00, 0x00, 0x00, 0x05, 0xFF, 0xFF,
    0xFF, 0xFF, 0xFF, 0xA0, 0x00, 0x00, 0x00, 0x00, 0x00, 0x00, 0x47, 0xAF, 0xFF, 0xFF, 0xFA, 0x00,
    0x00, 0x00, 0x00, 0x00, 0x00, 0x00, 0x00, 0xAF, 0xF1, 0x00, 0x00, 0x00, 0x00, 0x00, 0x00, 0x00,
    0x1F, 0xFF, 0x70, 0x00, 0x00, 0x00, 0x00, 0x00, 0x00, 0x06, 0xFF, 0xFD, 0x00, 0x00, 0x00, 0x00,
    0x00, 0x00, 0x00, 0xDF, 0xFF, 0xF4, 0x00, 0x00, 0x00, 0x00, 0x00, 0x00, 0x3F, 0xF9, 0xFF, 0x80,
    0x00, 0x00, 0x00, 0x00, 0x00, 0x08, 0xFF, 0x2B, 0xFF, 0x10, 0x00, 0x00, 0x00, 0x00, 0x01, 0xFF,
    0xD0, 0x5F, 0xF5, 0x00, 0x00, 0x00, 0x00, 0x00, 0x5F, 0xF7, 0x01, 0xFF, 0xB0, 0x00, 0x00, 0x00,
    0x00, 0x0A, 0xFF, 0x20, 0x09, 0xFF, 0x10, 0x00, 0x00, 0x00, 0x01, 0xFF, 0xB0, 0x00, 0x5F, 0xF7,
    0x00, 0x00, 0x00, 0x00, 0x5F, 0xF5, 0x00, 0x01, 0xFF, 0xD0, 0x00, 0x00, 0x00, 0x0D, 0xFF, 0x10,
    0x00, 0x09, 0xFF, 0x40, 0x00, 0x00, 0x02, 0xFF, 0xB0, 0x00, 0x00, 0x5F, 0xF8, 0x00, 0x00, 0x00,
    0x8F, 0xFF, 0xFF, 0xFF, 0xFF, 0xFF, 0xF1, 0x00, 0x00, 0x0F, 0xFF, 0xFF, 0xFF, 0xFF, 0xFF, 0xFF,
    0x50, 0x00, 0x05, 0xFF, 0xFF, 0xFF, 0xFF, 0xFF, 0xFF, 0xFB, 0x00, 0x00, 0x9F, 0xF5, 0x00, 0x00,
    0x00, 0x00, 0xFF, 0xF1, 0x00, 0x1F, 0xFF, 0x10, 0x00, 0x00, 0x00, 0x08, 0xFF, 0x70, 0x05, 0xFF,
    0x90, 0x00, 0x00, 0x00, 0x00, 0x4F, 0xFD, 0x00, 0xDF, 0xF5, 0x00, 0x00, 0x00, 0x00, 0x00, 0xDF,
    0xF4, 0x2F, 0xFF, 0x00, 0x00, 0x00, 0x00, 0x00, 0x07, 0xFF, 0x80, 0x3F, 0xFF, 0xFF, 0xFF, 0xFF,
    0xF9, 0x30, 0x00, 0x3F, 0xFF, 0xFF, 0xFF, 0xFF, 0xFF, 0xF8, 0x00, 0x3F, 0xFF, 0xFF, 0xFF, 0xFF,
    0xFF, 0xFF, 0x50, 0x3F, 0xF6, 0x00, 0x00, 0x01, 0x4D, 0xFF, 0xD0, 0x3F, 0xF6, 0x00, 0x00, 0x00,
    0x01, 0xFF, 0xF1, 0x3F, 0xF6, 0x00, 0x00, 0x00, 0x00, 0xAF, 0xF3, 0x3F, 0xF6, 0x00, 0x00, 0x00,
    0x00, 0xAF, 0xF3, 0x3F, 0xF6, 0x00, 0x00, 0x00, 0x01, 0xFF, 0xF0, 0x3F, 0xF6, 0x00, 0x00, 0x00,
    0x4B, 0xFF, 0x60, 0x3F, 0xFF, 0xFF, 0xFF, 0xFF, 0xFF, 0xF8, 0x00, 0x3F, 0xFF, 0xFF, 0xFF, 0xFF,
    0xFF, 0x50, 0x00, 0x3F, 0xFF, 0xFF, 0xFF, 0xFF, 0xFF, 0xF9, 0x10, 0x3F, 0xF6, 0x00, 0x00, 0x00,
    0x29, 0xFF, 0x90, 0x3F, 0xF6, 0x00, 0x00, 0x00, 0x00, 0xDF, 0xF2, 0x3F, 0xF6, 0x00, 0x00, 0x00,
    0x00, 0x6F, 0xF6, 0x3F, 0xF6, 0x00, 0x00, 0x00, 0x00, 0x6F, 0xF6, 0x3F, 0xF6, 0x00, 0x00, 0x00,
    0x00, 0xDF, 0xF5, 0x3F, 0xF6, 0x00, 0x00, 0x01, 0x4A, 0xFF, 0xF2, 0x3F, 0xFF, 0xFF, 0xFF, 0xFF,
    0xFF, 0xFF, 0x90, 0x3F, 0xFF, 0xFF, 0xFF, 0xFF, 0xFF, 0xFA, 0x10, 0x3F, 0xFF, 0xFF, 0xFF, 0xFF,
    0xF9, 0x50, 0x00, 0x00, 0x01, 0x5A, 0xFF, 0xFA, 0x51, 0x00, 0x00, 0x02, 0xDF, 0xFF, 0xFF, 0xFF,
    0xF3, 0x00, 0x02, 0xFF, 0xFF, 0xFF, 0xFF, 0xFF, 0xF3, 0x00, 0xAF, 0xFF, 0x61, 0x01, 0x5F, 0xFF,
    0xF1, 0x3F, 0xFF, 0x50, 0x00, 0x00, 0x1D, 0xFF, 0x67, 0xFF, 0x90, 0x00, 0x00, 0x00, 0x4F, 0xFB,
    0xAF, 0xF5, 0x00, 0x00, 0x00, 0x00, 0x00, 0x0A, 0xFF, 0x30, 0x00, 0x00, 0x00, 0x00, 0x00, 0xAF,
    0xF3, 0x00, 0x00, 0x00, 0x00, 0x00, 0x0A, 0xFF, 0x30, 0x00, 0x00, 0x00, 0x00, 0x00, 0xAF, 0xF3,
    0x00, 0x00, 0x00, 0x00, 0x00, 0x0A, 0xFF, 0x30, 0x00, 0x00, 0x00, 0x00, 0x00, 0xAF, 0xF3, 0x00,
    0x00, 0x00, 0x00, 0x00, 0x0A, 0xFF, 0x30, 0x00, 0x00, 0x00, 0x00, 0x00, 0xAF, 0xF5, 0x00, 0x00,
    0x00, 0x00, 0x00, 0x07, 0xFF, 0x90, 0x00, 0x00, 0x00, 0x4F, 0xFB, 0x3F, 0xFF, 0x40, 0x00, 0x00,
    0x1D, 0xFF, 0x60, 0xAF, 0xFF, 0x61, 0x01, 0x5D, 0xFF, 0xF1, 0x02, 0xFF, 0xFF, 0xFF, 0xFF, 0xFF,
    0xF3, 0x00, 0x02, 0xDF, 0xFF, 0xFF, 0xFF, 0xF3, 0x00, 0x00, 0x01, 0x5A, 0xFF, 0xFA, 0x51, 0x00,
    0x00, 0x3F, 0xFF, 0xFF, 0xFF, 0xFB, 0x83, 0x00, 0x00, 0x3F, 0xFF, 0xFF, 0xFF, 0xFF, 0xFF, 0xA1,
    0x00, 0x3F, 0xFF, 0xFF, 0xFF, 0xFF, 0xFF, 0xFB, 0x10, 0x3F, 0xFA, 0x00, 0x00, 0x04, 0xAF, 0xFF,
    0x70, 0x3F, 0xFA, 0x00, 0x00, 0x00, 0x08, 0xFF, 0xF1, 0x3F, 0xFA, 0x00, 0x00, 0x00, 0x00, 0xFF,
    0xF3, 0x3F, 0xFA, 0x00, 0x00, 0x00, 0x00, 0x9F, 0xF6, 0x3F, 0xFA, 0x00, 0x00, 0x00, 0x00, 0x6F,
    0xF6, 0x3F, 0xFA, 0x00, 0x00, 0x00, 0x00, 0x6F, 0xF6, 0x3F, 0xFA, 0x00, 0x00, 0x00, 0x00, 0x6F,
    0xF6, 0x3F, 0xFA, 0x00, 0x00, 0x00, 0x00, 0x6F, 0xF6, 0x3F, 0xFA, 0x00, 0x00, 0x00, 0x00, 0x6F,
    0xF6, 0x3F, 0xFA, 0x00, 0x00, 0x00, 0x00, 0x6F, 0xF6, 0x3F, 0xFA, 0x00, 0x00, 0x00, 0x00, 0x6F,
    0xF6, 0x3F, 0xFA, 0x00, 0x00, 0x00, 0x00, 0x9F, 0xF6, 0x3F, 0xFA, 0x00, 0x00, 0x00, 0x00, 0xFF,
    0xF3, 0x3F, 0xFA, 0x00, 0x00, 0x00, 0x08, 0xFF, 0xF1, 0x3F, 0xFA, 0x00, 0x00, 0x04, 0xAF, 0xFF,
    0x70, 0x3F, 0xFF, 0xFF, 0xFF, 0xFF, 0xFF, 0xFB, 0x10, 0x3F, 0xFF, 0xFF, 0xFF, 0xFF, 0xFF, 0xA1,
    0x00, 0x3F, 0xFF, 0xFF, 0xFF, 0xFB, 0x83, 0x00, 0x00, 0x3F, 0xFF, 0xFF, 0xFF, 0xFF, 0xFF, 0xFF,
    0x33, 0xFF, 0xFF, 0xFF, 0xFF, 0xFF, 0xFF, 0xF3, 0x3F, 0xFF, 0xFF, 0xFF, 0xFF, 0xFF, 0xFF, 0x33,
    0xFF, 0xA0, 0x00, 0x00, 0x00, 0x00, 0x00, 0x3F, 0xFA, 0x00, 0x00, 0x00, 0x00, 0x00, 0x03, 0xFF,
    0xA0, 0x00, 0x00, 0x00, 0x00, 0x00, 0x3F, 0xFA, 0x00, 0x00, 0x00, 0x00, 0x00, 0x03, 0xFF, 0xA0,
    0x00, 0x00, 0x00, 0x00, 0x00, 0x3F, 0xFA, 0x00, 0x00, 0x00, 0x00, 0x00, 0x03, 0xFF, 0xFF, 0xFF,
    0xFF, 0xFF, 0xFA, 0x00, 0x3F, 0xFF, 0xFF, 0xFF, 0xFF, 0xFF, 0xA0, 0x03, 0xFF, 0xFF, 0xFF, 0xFF,
    0xFF, 0xFA, 0x00, 0x3F, 0xFA, 0x00, 0x00, 0x00, 0x00, 0x00, 0x03, 0xFF, 0xA0, 0x00, 0x00, 0x00,
    0x00, 0x00, 0x3F, 0xFA, 0x00, 0x00, 0x00, 0x00, 0x00, 0x03, 0xFF, 0xA0, 0x00, 0x00, 0x00, 0x00,
    0x00, 0x3F, 0xFA, 0x00, 0x00, 0x00, 0x00, 0x00, 0x03, 0xFF, 0xA0, 0x00, 0x00, 0x00, 0x00, 0x00,
    0x3F, 0xFF, 0xFF, 0xFF, 0xFF, 0xFF, 0xFF, 0x33, 0xFF, 0xFF, 0xFF, 0xFF, 0xFF, 0xFF, 0xF3, 0x3F,
    0xFF, 0xFF, 0xFF, 0xFF, 0xFF, 0xFF, 0x30, 0x3F, 0xFF, 0xFF, 0xFF, 0xFF, 0xFF, 0xFF, 0x3F, 0xFF,
    0xFF, 0xFF, 0xFF, 0xFF, 0xFF, 0x3F, 0xFF, 0xFF, 0xFF, 0xFF, 0xFF, 0xFF, 0x3F, 0xFA, 0x00, 0x00,
    0x00, 0x00, 0x00, 0x3F, 0xFA, 0x00, 0x00, 0x00, 0x00, 0x00, 0x3F, 0xFA, 0x00, 0x00, 0x00, 0x00,
    0x00, 0x3F, 0xFA, 0x00, 0x00, 0x00, 0x00, 0x00, 0x3F, 0xFA, 0x00, 0x00, 0x00, 0x00, 0x00, 0x3F,
    0xFA, 0x00, 0x00, 0x00, 0x00, 0x00, 0x3F, 0xFF, 0xFF, 0xFF, 0xFF, 0xFF, 0x60, 0x3F, 0xFF, 0xFF,
    0xFF, 0xFF, 0xFF, 0x60, 0x3F, 0xFF, 0xFF, 0xFF, 0xFF, 0xFF, 0x60, 0x3F, 0xFA, 0x00, 0x00, 0x00,
    0x00, 0x00, 0x3F, 0xFA, 0x00, 0x00, 0x00, 0x00, 0x00, 0x3F, 0xFA, 0x00, 0x00, 0x00, 0x00, 0x00,
    0x3F, 0xFA, 0x00, 0x00, 0x00, 0x00, 0x00, 0x3F, 0xFA, 0x00, 0x00, 0x00, 0x00, 0x00, 0x3F, 0xFA,
    0x00, 0x00, 0x00, 0x00, 0x00, 0x3F, 0xFA, 0x00, 0x00, 0x00, 0x00, 0x00, 0x3F, 0xFA, 0x00, 0x00,
    0x00, 0x00, 0x00, 0x3F, 0xFA, 0x00, 0x00, 0x00, 0x00, 0x00, 0x00, 0x00, 0x5A, 0xFF, 0xFA, 0x51,
    0x00, 0x00, 0x00, 0x2D, 0xFF, 0xFF, 0xFF, 0xFF, 0x40, 0x00, 0x02, 0xFF, 0xFF, 0xFF, 0xFF, 0xFF,
    0xF5, 0x00, 0x0A, 0xFF, 0xF6, 0x10, 0x15, 0xFF, 0xFF, 0x10, 0x3F, 0xFF, 0x50, 0x00, 0x00, 0x1F,
    0xFF, 0x70, 0x7F, 0xF9, 0x00, 0x00, 0x00, 0x05, 0xFF, 0xD0, 0xAF, 0xF5, 0x00, 0x00, 0x00, 0x00,
    0x00, 0x00, 0xAF, 0xF3, 0x00, 0x00, 0x00, 0x00, 0x00, 0x00, 0xAF, 0xF3, 0x00, 0x00, 0x00, 0x00,
    0x00, 0x00, 0xAF, 0xF3, 0x00, 0x03, 0xFF, 0xFF, 0xFF, 0xF3, 0xAF, 0xF3, 0x00, 0x03, 0xFF, 0xFF,
    0xFF, 0xF3, 0xAF, 0xF3, 0x00, 0x03, 0xFF, 0xFF, 0xFF, 0xF3, 0xAF, 0xF3, 0x00, 0x00, 0x00, 0x00,
    0xAF, 0xF3, 0xAF, 0xF3, 0x00, 0x00, 0x00, 0x00, 0xDF, 0xF3, 0xAF, 0xF4, 0x00, 0x00, 0x00, 0x00,
    0xFF, 0xF1, 0x8F, 0xF8, 0x00, 0x00, 0x00, 0x05, 0xFF, 0xD0, 0x5F, 0xFF, 0x20, 0x00, 0x00, 0x1D,
    0xFF, 0x70, 0x0D, 0xFF, 0xF6, 0x10, 0x05, 0xDF, 0xFF, 0x10, 0x02, 0xFF, 0xFF, 0xFF, 0xFF, 0xFF,
    0xF5, 0x00, 0x00, 0x2D, 0xFF, 0xFF, 0xFF, 0xFF, 0x50, 0x00, 0x00, 0x01, 0x5A, 0xFF, 0xFB, 0x71,
    0x00, 0x00, 0x3F, 0xFA, 0x00, 0x00, 0x00, 0x00, 0x3F, 0xFA, 0x3F, 0xFA, 0x00, 0x00, 0x00, 0x00,
    0x3F, 0xFA, 0x3F, 0xFA, 0x00, 0x00, 0x00, 0x00, 0x3F, 0xFA, 0x3F, 0xFA, 0x00, 0x00, 0x00, 0x00,
    0x3F, 0xFA, 0x3F, 0xFA, 0x00, 0x00, 0x00, 0x00, 0x3F, 0xFA, 0x3F, 0xFA, 0x00, 0x00, 0x00, 0x00,
    0x3F, 0xFA, 0x3F, 0xFA, 0x00, 0x00, 0x00, 0x00, 0x3F, 0xFA, 0x3F, 0xFA, 0x00, 0x00, 0x00, 0x00,
    0x3F, 0xFA, 0x3F, 0xFA, 0x00, 0x00, 0x00, 0x00, 0x3F, 0xFA, 0x3F, 0xFF, 0xFF, 0xFF, 0xFF, 0xFF,
    0xFF, 0xFA, 0x3F, 0xFF, 0xFF, 0xFF, 0xFF, 0xFF, 0xFF, 0xFA, 0x3F, 0xFF, 0xFF, 0xFF, 0xFF, 0xFF,
    0xFF, 0xFA, 0x3F, 0xFA, 0x00, 0x00, 0x00, 0x00, 0x3F, 0xFA, 0x3F, 0xFA, 0x00, 0x00, 0x00, 0x00,
    0x3F, 0xFA, 0x3F, 0xFA, 0x00, 0x00, 0x00, 0x00, 0x3F, 0xFA, 0x3F, 0xFA, 0x00, 0x00, 0x00, 0x00,
    0x3F, 0xFA, 0x3F, 0xFA, 0x00, 0x00, 0x00, 0x00, 0x3F, 0xFA, 0x3F, 0xFA, 0x00, 0x00, 0x00, 0x00,
    0x3F, 0xFA, 0x3F, 0xFA, 0x00, 0x00, 0x00, 0x00, 0x3F, 0xFA, 0x3F, 0xFA, 0x00, 0x00, 0x00, 0x00,
    0x3F, 0xFA, 0x3F, 0xFA, 0x00, 0x00, 0x00, 0x00, 0x3F, 0xFA, 0x3F, 0xFA, 0x3F, 0xFA, 0x3F, 0xFA,
    0x3F, 0xFA, 0x3F, 0xFA, 0x3F, 0xFA, 0x3F, 0xFA, 0x3F, 0xFA, 0x3F, 0xFA, 0x3F, 0xFA, 0x3F, 0xFA,
    0x3F, 0xFA, 0x3F, 0xFA, 0x3F, 0xFA, 0x3F, 0xFA, 0x3F, 0xFA, 0x3F, 0xFA, 0x3F, 0xFA, 0x3F, 0xFA,
    0x3F, 0xFA, 0x3F, 0xFA, 0x00, 0x00, 0x00, 0x00, 0x06, 0xFF, 0x60, 0x00, 0x00, 0x00, 0x00, 0x6F,
    0xF6, 0x00, 0x00, 0x00, 0x00, 0x06, 0xFF, 0x60, 0x00, 0x00, 0x00, 0x00, 0x6F, 0xF6, 0x00, 0x00,
    0x00, 0x00, 0x06, 0xFF, 0x60, 0x00, 0x00, 0x00, 0x00, 0x6F, 0xF6, 0x00, 0x00, 0x00, 0x00, 0x06,
    0xFF, 0x60, 0x00, 0x00, 0x00, 0x00, 0x6F, 0xF6, 0x00, 0x00, 0x00, 0x00, 0x06, 0xFF, 0x60, 0x00,
    0x00, 0x00, 0x00, 0x6F, 0xF6, 0x00, 0x00, 0x00, 0x00, 0x06, 0xFF, 0x60, 0x00, 0x00, 0x00, 0x00,
    0x6F, 0xF6, 0x00, 0x00, 0x00, 0x00, 0x06, 0xFF, 0x60, 0x00, 0x00, 0x00, 0x00, 0x6F, 0xF6, 0x00,
    0x00, 0x00, 0x00, 0x06, 0xFF, 0x60, 0x00, 0x00, 0x00, 0x00, 0x8F, 0xF6, 0x00, 0x31, 0x00, 0x00,
    0x1F, 0xFF, 0x30, 0x6F, 0xB2, 0x00, 0x4D, 0xFF, 0xD0, 0x3F, 0xFF, 0xFF, 0xFF, 0xFF, 0xF4, 0x00,
    0x5F, 0xFF, 0xFF, 0xFF, 0xF6, 0x00, 0x00, 0x18, 0xDF, 0xFD, 0x82, 0x00, 0x00, 0x3F, 0xFA, 0x00,
    0x00, 0x00, 0x01, 0xFF, 0xF8, 0x03, 0xFF, 0xA0, 0x00, 0x00, 0x00, 0xBF, 0xFB, 0x00, 0x3F, 0xFA,
    0x00, 0x00, 0x00, 0x8F, 0xFD, 0x10, 0x03, 0xFF, 0xA0, 0x00, 0x00, 0x5F, 0xFF, 0x20, 0x00, 0x3F,
    0xFA, 0x00, 0x00, 0x2F, 0xFF, 0x40, 0x00, 0x03, 0xFF, 0xA0, 0x00, 0x1F, 0xFF, 0x50, 0x00, 0x00,
    0x3F, 0xFA, 0x00, 0x0B, 0xFF, 0x80, 0x00, 0x00, 0x03, 0xFF, 0xA0, 0x08, 0xFF, 0xB0, 0x00, 0x00,
    0x00, 0x3F, 0xFA, 0x05, 0xFF, 0xF5, 0x00, 0x00, 0x00, 0x03, 0xFF, 0xA2, 0xFF, 0xFF, 0xF1, 0x00,
    0x00, 0x00, 0x3F, 0xFB, 0xFF, 0xFF, 0xFF, 0x80, 0x00, 0x00, 0x03, 0xFF, 0xFF, 0xF5, 0x5F, 0xFF,
    0x30, 0x00, 0x00, 0x3F, 0xFF, 0xF8, 0x00, 0xBF, 0xFB, 0x00, 0x00, 0x03, 0xFF, 0xFB, 0x00, 0x03,
    0xFF, 0xF5, 0x00, 0x00, 0x3F, 0xFD, 0x10, 0x00, 0x08, 0xFF, 0xF1, 0x00, 0x03, 0xFF, 0xA0, 0x00,
    0x00, 0x1F, 0xFF, 0x80, 0x00, 0x3F, 0xFA, 0x00, 0x00, 0x00, 0x5F, 0xFF, 0x30, 0x03, 0xFF, 0xA0,
    0x00, 0x00, 0x00, 0xBF, 0xFB, 0x00, 0x3F, 0xFA, 0x00, 0x00, 0x00, 0x03, 0xFF, 0xF5, 0x03, 0xFF,
    0xA0, 0x00, 0x00, 0x00, 0x08, 0xFF, 0xF1, 0x3F, 0xFA, 0x00, 0x00, 0x00, 0x00, 0x1F, 0xFF, 0x90,
    0x3F, 0xFA, 0x00, 0x00, 0x00, 0x00, 0x00, 0x03, 0xFF, 0xA0, 0x00, 0x00, 0x00, 0x00, 0x00, 0x3F,
    0xFA, 0x00, 0x00, 0x00, 0x00, 0x00, 0x03, 0xFF, 0xA0, 0x00, 0x00, 0x00, 0x00, 0x00, 0x3F, 0xFA,
    0x00, 0x00, 0x00, 0x00, 0x00, 0x03, 0xFF, 0xA0, 0x00, 0x00, 0x00, 0x00, 0x00, 0x3F, 0xFA, 0x00,
    0x00, 0x00, 0x00, 0x00, 0x03, 0xFF, 0xA0, 0x00, 0x00, 0x00, 0x00, 0x00, 0x3F, 0xFA, 0x00, 0x00,
    0x00, 0x00, 0x00, 0x03, 0xFF, 0xA0, 0x00, 0x00, 0x00, 0x00, 0x00, 0x3F, 0xFA, 0x00, 0x00, 0x00,
    0x00, 0x00, 0x03, 0xFF, 0xA0, 0x00, 0x00, 0x00, 0x00, 0x00, 0x3F, 0xFA, 0x00, 0x00, 0x00, 0x00,
    0x00, 0x03, 0xFF, 0xA0, 0x00, 0x00, 0x00, 0x00, 0x00, 0x3F, 0xFA, 0x00, 0x00, 0x00, 0x00, 0x00,
    0x03, 0xFF, 0xA0, 0x00, 0x00, 0x00, 0x00, 0x00, 0x3F, 0xFA, 0x00, 0x00, 0x00, 0x00, 0x00, 0x03,
    0xFF, 0xA0, 0x00, 0x00, 0x00, 0x00, 0x00, 0x3F, 0xFF, 0xFF, 0xFF, 0xFF, 0xFF, 0xFF, 0x33, 0xFF,
    0xFF, 0xFF, 0xFF, 0xFF, 0xFF, 0xF3, 0x3F, 0xFF, 0xFF, 0xFF, 0xFF, 0xFF, 0xFF, 0x30, 0x3F, 0xF8,
    0x00, 0x00, 0x00, 0x00, 0x00, 0x03, 0xFF, 0xA3, 0xFF, 0xF1, 0x00, 0x00, 0x00, 0x00, 0x00, 0xAF,
    0xFA, 0x3F, 0xFF, 0x70, 0x00, 0x00, 0x00, 0x00, 0x2F, 0xFF, 0xA3, 0xFF, 0xFF, 0x10, 0x00, 0x00,
    0x00, 0x08, 0xFF, 0xFA, 0x3F, 0xFF, 0xF6, 0x00, 0x00, 0x00, 0x01, 0xFF, 0xFF, 0xA3, 0xFF, 0xFF,
    0xD0, 0x00, 0x00, 0x00, 0x6F, 0xFF, 0xFA, 0x3F, 0xFF, 0xFF, 0x50, 0x00, 0x00, 0x1F, 0xFF, 0xFF,
    0xA3, 0xFF, 0x8F, 0xFD, 0x00, 0x00, 0x05, 0xFF, 0x8F, 0xFA, 0x3F, 0xF6, 0x8F, 0xF3, 0x00, 0x00,
    0xDF, 0xF3, 0xFF, 0xA3, 0xFF, 0x63, 0xFF, 0xA0, 0x00, 0x5F, 0xF6, 0x3F, 0xFA, 0x3F, 0xF6, 0x0A,
    0xFF, 0x10, 0x0B, 0xFF, 0x13, 0xFF, 0xA3, 0xFF, 0x60, 0x5F, 0xF8, 0x03, 0xFF, 0x80, 0x3F, 0xFA,
    0x3F, 0xF6, 0x00, 0xDF, 0xF1, 0x9F, 0xF2, 0x03, 0xFF, 0xA3, 0xFF, 0x60, 0x05, 0xFF, 0x8F, 0xFA,
    0x00, 0x3F, 0xFA, 0x3F, 0xF6, 0x00, 0x1F, 0xFF, 0xFF, 0x40, 0x03, 0xFF, 0xA3, 0xFF, 0x60, 0x00,
    0x6F, 0xFF, 0xD0, 0x00, 0x3F, 0xFA, 0x3F, 0xF6, 0x00, 0x01, 0xFF, 0xF5, 0x00, 0x03, 0xFF, 0xA3,
    0xFF, 0x60, 0x00, 0x08, 0xFF, 0x10, 0x00, 0x3F, 0xFA, 0x3F, 0xF6, 0x00, 0x00, 0x00, 0x00, 0x00,
    0x03, 0xFF, 0xA3, 0xFF, 0x60, 0x00, 0x00, 0x00, 0x00, 0x00, 0x3F, 0xFA, 0x3F, 0xF6, 0x00, 0x00,
    0x00, 0x00, 0x00, 0x03, 0xFF, 0xA0, 0x3F, 0xF9, 0x00, 0x00, 0x00, 0x00, 0x06, 0xFF, 0x63, 0xFF,
    0xF4, 0x00, 0x00, 0x00, 0x00, 0x6F, 0xF6, 0x3F, 0xFF, 0xD1, 0x00, 0x00, 0x00, 0x06, 0xFF, 0x63,
    0xFF, 0xFF, 0x70, 0x00, 0x00, 0x00, 0x6F, 0xF6, 0x3F, 0xFF, 0xFF, 0x30, 0x00, 0x00, 0x06, 0xFF,
    0x63, 0xFF, 0xDF, 0xFD, 0x00, 0x00, 0x00, 0x6F, 0xF6, 0x3F, 0xF6, 0xAF, 0xF6, 0x00, 0x00, 0x06,
    0xFF, 0x63, 0xFF, 0x61, 0xFF, 0xF2, 0x00, 0x00, 0x6F, 0xF6, 0x3F, 0xF6, 0x06, 0xFF, 0xB0, 0x00,
    0x06, 0xFF, 0x63, 0xFF, 0x60, 0x0B, 0xFF, 0x50, 0x00, 0x6F, 0xF6, 0x3F, 0xF6, 0x00, 0x2F, 0xFF,
    0x10, 0x06, 0xFF, 0x63, 0xFF, 0x60, 0x00, 0x6F, 0xFA, 0x00, 0x6F, 0xF6, 0x3F, 0xF6, 0x00, 0x01,
    0xDF, 0xF4, 0x06, 0xFF, 0x63, 0xFF, 0x60, 0x00, 0x03, 0xFF, 0xF1, 0x6F, 0xF6, 0x3F, 0xF6, 0x00,
    0x00, 0x07, 0xFF, 0x96, 0xFF, 0x63, 0xFF, 0x60, 0x00, 0x00, 0x1D, 0xFF, 0xAF, 0xF6, 0x3F, 0xF6,
    0x00, 0x00, 0x00, 0x3F, 0xFF, 0xFF, 0x63, 0xFF, 0x60, 0x00, 0x00, 0x00, 0x9F, 0xFF, 0xF6, 0x3F,
    0xF6, 0x00, 0x00, 0x00, 0x01, 0xFF, 0xFF, 0x63, 0xFF, 0x60, 0x00, 0x00, 0x00, 0x04, 0xFF, 0xF6,
    0x3F, 0xF6, 0x00, 0x00, 0x00, 0x00, 0x09, 0xFF, 0x60, 0x00, 0x01, 0x5A, 0xFF, 0xFB, 0x71, 0x00,
    0x00, 0x00, 0x2D, 0xFF, 0xFF, 0xFF, 0xFF, 0x60, 0x00, 0x02, 0xFF, 0xFF, 0xFF, 0xFF, 0xFF, 0xF6,
    0x00, 0x0B, 0xFF, 0xF6, 0x10, 0x14, 0xDF, 0xFF, 0x20, 0x3F, 0xFF, 0x30, 0x00, 0x00, 0x1B, 0xFF,
    0x80, 0x7F, 0xF8, 0x00, 0x00, 0x00, 0x04, 0xFF, 0xF0, 0xAF, 0xF5, 0x00, 0x00, 0x00, 0x00, 0xFF,
    0xF1, 0xAF, 0xF3, 0x00, 0x00, 0x00, 0x00, 0xFF, 0xF3, 0xAF, 0xF3, 0x00, 0x00, 0x00, 0x00, 0xFF,
    0xF3, 0xAF, 0xF3, 0x00, 0x00, 0x00, 0x00, 0xFF, 0xF3, 0xAF, 0xF3, 0x00, 0x00, 0x00, 0x00, 0xFF,
    0xF3, 0xAF, 0xF3, 0x00, 0x00, 0x00, 0x00, 0xFF, 0xF3, 0xAF, 0xF3, 0x00, 0x00, 0x00, 0x00, 0xFF,
    0xF3, 0xAF, 0xF3, 0x00, 0x00, 0x00, 0x00, 0xFF, 0xF3, 0xAF, 0xF5, 0x00, 0x00, 0x00, 0x00, 0xFF,
    0xF1, 0x7F, 0xF8, 0x00, 0x00, 0x00, 0x04, 0xFF, 0xF0, 0x3F, 0xFF, 0x30, 0x00, 0x00, 0x1B, 0xFF,
    0x80, 0x0B, 0xFF, 0xF6, 0x10, 0x14, 0xDF, 0xFF, 0x20, 0x02, 0xFF, 0xFF, 0xFF, 0xFF, 0xFF, 0xF6,
    0x00, 0x00, 0x2D, 0xFF, 0xFF, 0xFF, 0xFF, 0x60, 0x00, 0x00, 0x01, 0x5A, 0xFF, 0xFB, 0x71, 0x00,
    0x00, 0x3F, 0xFF, 0xFF, 0xFF, 0xFF, 0xB6, 0x10, 0x00, 0x3F, 0xFF, 0xFF, 0xFF, 0xFF, 0xFF, 0xF2,
    0x00, 0x3F, 0xFF, 0xFF, 0xFF, 0xFF, 0xFF, 0xFF, 0x10, 0x3F, 0xFA, 0x00, 0x00, 0x00, 0x5F, 0xFF,
    0x80, 0x3F, 0xFA, 0x00, 0x00, 0x00, 0x03, 0xFF, 0xF0, 0x3F, 0xFA, 0x00, 0x00, 0x00, 0x00, 0xDF,
    0xF3, 0x3F, 0xFA, 0x00, 0x00, 0x00, 0x00, 0xAF, 0xF3, 0x3F, 0xFA, 0x00, 0x00, 0x00, 0x00, 0xDF,
    0xF3, 0x3F, 0xFA, 0x00, 0x00, 0x00, 0x03, 0xFF, 0xF1, 0x3F, 0xFA, 0x00, 0x00, 0x00, 0x5F, 0xFF,
    0x90, 0x3F, 0xFF, 0xFF, 0xFF, 0xFF, 0xFF, 0xFF, 0x10, 0x3F, 0xFF, 0xFF, 0xFF, 0xFF, 0xFF, 0xF2,
    0x00, 0x3F, 0xFF, 0xFF, 0xFF, 0xFF, 0xB7, 0x10, 0x00, 0x3F, 0xFA, 0x00, 0x00, 0x00, 0x00, 0x00,
    0x00, 0x3F, 0xFA, 0x00, 0x00, 0x00, 0x00, 0x00, 0x00, 0x3F, 0xFA, 0x00, 0x00, 0x00, 0x00, 0x00,
    0x00, 0x3F, 0xFA, 0x00, 0x00, 0x00, 0x00, 0x00, 0x00, 0x3F, 0xFA, 0x00, 0x00, 0x00, 0x00, 0x00,
    0x00, 0x3F, 0xFA, 0x00, 0x00, 0x00, 0x00, 0x00, 0x00, 0x3F, 0xFA, 0x00, 0x00, 0x00, 0x00, 0x00,
    0x00, 0x3F, 0xFA, 0x00, 0x00, 0x00, 0x00, 0x00, 0x00, 0x00, 0x01, 0x5A, 0xFF, 0xFB, 0x71, 0x00,
    0x00, 0x00, 0x02, 0xDF, 0xFF, 0xFF, 0xFF, 0xF6, 0x00, 0x00, 0x02, 0xFF, 0xFF, 0xFF, 0xFF, 0xFF,
    0xF6, 0x00, 0x00, 0xBF, 0xFF, 0x61, 0x01, 0x4D, 0xFF, 0xF2, 0x00, 0x3F, 0xFF, 0x30, 0x00, 0x00,
    0x1B, 0xFF, 0x80, 0x07, 0xFF, 0x80, 0x00, 0x00, 0x00, 0x4F, 0xFF, 0x00, 0xAF, 0xF5, 0x00, 0x00,
    0x00, 0x00, 0xFF, 0xF1, 0x0A, 0xFF, 0x30, 0x00, 0x00, 0x00, 0x0F, 0xFF, 0x30, 0xAF, 0xF3, 0x00,
    0x00, 0x00, 0x00, 0xFF, 0xF3, 0x0A, 0xFF, 0x30, 0x00, 0x00, 0x00, 0x0F, 0xFF, 0x30, 0xAF, 0xF3,
    0x00, 0x00, 0x00, 0x00, 0xFF, 0xF3, 0x0A, 0xFF, 0x30, 0x00, 0x00, 0x00, 0x0F, 0xFF, 0x30, 0xAF,
    0xF3, 0x00, 0x00, 0x00, 0x00, 0xFF, 0xF3, 0x0A, 0xFF, 0x30, 0x00, 0x02, 0x70, 0x0F, 0xFF, 0x30,
    0xAF, 0xF5, 0x00, 0x01, 0xBF, 0xB1, 0xFF, 0xF1, 0x07, 0xFF, 0x80, 0x00, 0x1A, 0xFF, 0xFF, 0xFF,
    0x00, 0x3F, 0xFF, 0x30, 0x00, 0x07, 0xFF, 0xFF, 0x80, 0x00, 0xBF, 0xFF, 0x61, 0x01, 0x4F, 0xFF,
    0xF9, 0x10, 0x02, 0xFF, 0xFF, 0xFF, 0xFF, 0xFF, 0xFF, 0xFB, 0x20, 0x02, 0xDF, 0xFF, 0xFF, 0xFF,
    0xF6, 0x9F, 0xFD, 0x00, 0x01, 0x5A, 0xFF, 0xFB, 0x71, 0x00, 0x6F, 0x30, 0x00, 0x00, 0x00, 0x00,
    0x00, 0x00, 0x00, 0x10, 0x3F, 0xFF, 0xFF, 0xFF, 0xFF, 0xD8, 0x10, 0x00, 0x3F, 0xFF, 0xFF, 0xFF,
    0xFF, 0xFF, 0xF5, 0x00, 0x3F, 0xFF, 0xFF, 0xFF, 0xFF, 0xFF, 0xFF, 0x30, 0x3F, 0xFA, 0x00, 0x00,
    0x00, 0x3F, 0xFF, 0xB0, 0x3F, 0xFA, 0x00, 0x00, 0x00, 0x03, 0xFF, 0xF1, 0x3F, 0xFA, 0x00, 0x00,
    0x00, 0x00, 0xFF, 0xF3, 0x3F, 0xFA, 0x00, 0x00, 0x00, 0x00, 0xFF, 0xF3, 0x3F, 0xFA, 0x00, 0x00,
    0x00, 0x03, 0xFF, 0xF1, 0x3F, 0xFA, 0x00, 0x00, 0x00, 0x3F, 0xFF, 0xB0, 0x3F, 0xFF, 0xFF, 0xFF,
    0xFF, 0xFF, 0xFF, 0x30, 0x3F, 0xFF, 0xFF, 0xFF, 0xFF, 0xFF, 0xF5, 0x00, 0x3F, 0xFF, 0xFF, 0xFF,
    0xFF, 0xFA, 0x10, 0x00, 0x3F, 0xFA, 0x00, 0x00, 0x8F, 0xFA, 0x00, 0x00, 0x3F, 0xFA, 0x00, 0x00,
    0x1F, 0xFF, 0x30, 0x00, 0x3F, 0xFA, 0x00, 0x00, 0x08, 0xFF, 0xA0, 0x00, 0x3F, 0xFA, 0x00, 0x00,
    0x01, 0xFF, 0xF3, 0x00, 0x3F, 0xFA, 0x00, 0x00, 0x00, 0x8F, 0xFB, 0x00, 0x3F, 0xFA, 0x00, 0x00,
    0x00, 0x1F, 0xFF, 0x50, 0x3F, 0xFA, 0x00, 0x00, 0x00, 0x08, 0xFF, 0xD0, 0x3F, 0xFA, 0x00, 0x00,
    0x00, 0x01, 0xFF, 0xF5, 0x3F, 0xFA, 0x00, 0x00, 0x00, 0x00, 0x8F, 0xFD, 0x00, 0x00, 0x17, 0xAF,
    0xFF, 0xD8, 0x40, 0x00, 0x00, 0x07, 0xFF, 0xFF, 0xFF, 0xFF, 0xFD, 0x30, 0x00, 0x7F, 0xFF, 0xFF,
    0xFF, 0xFF, 0xFF, 0xF3, 0x01, 0xFF, 0xFA, 0x41, 0x00, 0x38, 0xFF, 0xA0, 0x06, 0xFF, 0x90, 0x00,
    0x00, 0x00, 0x1A, 0x10, 0x09, 0xFF, 0x40, 0x00, 0x00, 0x00, 0x00, 0x00, 0x0A, 0xFF, 0x40, 0x00,
    0x00, 0x00, 0x00, 0x00, 0x06, 0xFF, 0xB1, 0x00, 0x00, 0x00, 0x00, 0x00, 0x03, 0xFF, 0xFD, 0x52,
    0x00, 0x00, 0x00, 0x00, 0x00, 0x8F, 0xFF, 0xFF, 0xFA, 0x74, 0x10, 0x00, 0x00, 0x06, 0xFF, 0xFF,
    0xFF, 0xFF, 0xF6, 0x00, 0x00, 0x00, 0x04, 0x6A, 0xFF, 0xFF, 0xFF, 0x80, 0x00, 0x00, 0x00, 0x00,
    0x01, 0x5A, 0xFF, 0xF5, 0x00, 0x00, 0x00, 0x00, 0x00, 0x00, 0x8F, 0xF9, 0x00, 0x00, 0x00, 0x00,
    0x00, 0x00, 0x1F, 0xFA, 0x00, 0x00, 0x00, 0x00, 0x00, 0x00, 0x1F, 0xFA, 0x03, 0xA1, 0x00, 0x00,
    0x00, 0x00, 0x6F, 0xF9, 0x1F, 0xFF, 0x84, 0x10, 0x01, 0x49, 0xFF, 0xF5, 0x5F, 0xFF, 0xFF, 0xFF,
    0xFF, 0xFF, 0xFF, 0xA0, 0x03, 0xAF, 0xFF, 0xFF, 0xFF, 0xFF, 0xF9, 0x10, 0x00, 0x02, 0x7A, 0xFF,
    0xFF, 0xA7, 0x20, 0x00, 0x3F, 0xFF, 0xFF, 0xFF, 0xFF, 0xFF, 0xFF, 0xFA, 0x3F, 0xFF, 0xFF, 0xFF,
    0xFF, 0xFF, 0xFF, 0xFA, 0x3F, 0xFF, 0xFF, 0xFF, 0xFF, 0xFF, 0xFF, 0xFA, 0x00, 0x00, 0x00, 0x3F,
    0xFA, 0x00, 0x00, 0x00, 0x00, 0x00, 0x00, 0x3F, 0xFA, 0x00, 0x00, 0x00, 0x00, 0x00, 0x00, 0x3F,
    0xFA, 0x00, 0x00, 0x00, 0x00, 0x00, 0x00, 0x3F, 0xFA, 0x00, 0x00, 0x00, 0x00, 0x00, 0x00, 0x3F,
    0xFA, 0x00, 0x00, 0x00, 0x00, 0x00, 0x00, 0x3F, 0xFA, 0x00, 0x00, 0x00, 0x00, 0x00, 0x00, 0x3F,
    0xFA, 0x00, 0x00, 0x00, 0x00, 0x00, 0x00, 0x3F, 0xFA, 0x00, 0x00, 0x00, 0x00, 0x00, 0x00, 0x3F,
    0xFA, 0x00, 0x00, 0x00, 0x00, 0x00, 0x00, 0x3F, 0xFA, 0x00, 0x00, 0x00, 0x00, 0x00, 0x00, 0x3F,
    0xFA, 0x00, 0x00, 0x00, 0x00, 0x00, 0x00, 0x3F, 0xFA, 0x00, 0x00, 0x00, 0x00, 0x00, 0x00, 0x3F,
    0xFA, 0x00, 0x00, 0x00, 0x00, 0x00, 0x00, 0x3F, 0xFA, 0x00, 0x00, 0x00, 0x00, 0x00, 0x00, 0x3F,
    0xFA, 0x00, 0x00, 0x00, 0x00, 0x00, 0x00, 0x3F, 0xFA, 0x00, 0x00, 0x00, 0x00, 0x00, 0x00, 0x3F,
    0xFA, 0x00, 0x00, 0x00, 0x00, 0x00, 0x00, 0x3F, 0xFA, 0x00, 0x00, 0x00, 0xAF, 0xF3, 0x00, 0x00,
    0x00, 0x00, 0xAF, 0xF3, 0xAF, 0xF3, 0x00, 0x00, 0x00, 0x00, 0xAF, 0xF3, 0xAF, 0xF3, 0x00, 0x00,
    0x00, 0x00, 0xAF, 0xF3, 0xAF, 0xF3, 0x00, 0x00, 0x00, 0x00, 0xAF, 0xF3, 0xAF, 0xF3, 0x00, 0x00,
    0x00, 0x00, 0xAF, 0xF3, 0xAF, 0xF3, 0x00, 0x00, 0x00, 0x00, 0xAF, 0xF3, 0xAF, 0xF3, 0x00, 0x00,
    0x00, 0x00, 0xAF, 0xF3, 0xAF, 0xF3, 0x00, 0x00, 0x00, 0x00, 0xAF, 0xF3, 0xAF, 0xF3, 0x00, 0x00,
    0x00, 0x00, 0xAF, 0xF3, 0xAF, 0xF3, 0x00, 0x00, 0x00, 0x00, 0xAF, 0xF3, 0xAF, 0xF3, 0x00, 0x00,
    0x00, 0x00, 0xAF, 0xF3, 0xAF, 0xF3, 0x00, 0x00, 0x00, 0x00, 0xAF, 0xF3, 0xAF, 0xF3, 0x00, 0x00,
    0x00, 0x00, 0xAF, 0xF3, 0xAF, 0xF3, 0x00, 0x00, 0x00, 0x00, 0xAF, 0xF3, 0x7F, 0xF5, 0x00, 0x00,
    0x00, 0x00, 0xAF, 0xF3, 0x5F, 0xF9, 0x00, 0x00, 0x00, 0x01, 0xFF, 0xF1, 0x2F, 0xFF, 0x30, 0x00,
    0x00, 0x08, 0xFF, 0xB0, 0x0A, 0xFF, 0xF6, 0x10, 0x03, 0x9F, 0xFF, 0x50, 0x02, 0xFF, 0xFF, 0xFF,
    0xFF, 0xFF, 0xFA, 0x00, 0x00, 0x2D, 0xFF, 0xFF, 0xFF, 0xFF, 0x91, 0x00, 0x00, 0x01, 0x5A, 0xFF,
    0xFD, 0x83, 0x00, 0x00, 0x5F, 0xFD, 0x00, 0x00, 0x00, 0x00, 0x02, 0xFF, 0xF1, 0x1F, 0xFF, 0x10,
    0x00, 0x00, 0x00, 0x07, 0xFF, 0x90, 0x09, 0xFF, 0x50, 0x00, 0x00, 0x00, 0x0D, 0xFF, 0x50, 0x05,
    0xFF, 0xB0, 0x00, 0x00, 0x00, 0x2F, 0xFF, 0x10, 0x01, 0xFF, 0xF1, 0x00, 0x00, 0x00, 0x5F, 0xF9,
    0x00, 0x00, 0x9F, 0xF5, 0x00, 0x00, 0x00, 0xBF, 0xF5, 0x00, 0x00, 0x5F, 0xF9, 0x00, 0x00, 0x01,
    0xFF, 0xF1, 0x00, 0x00, 0x1F, 0xFF, 0x10, 0x00, 0x05, 0xFF, 0x90, 0x00, 0x00, 0x09, 0xFF, 0x40,
    0x00, 0x09, 0xFF, 0x50, 0x00, 0x00, 0x05, 0xFF, 0x80, 0x00, 0x1F, 0xFF, 0x10, 0x00, 0x00, 0x01,
    0xFF, 0xF0, 0x00, 0x5F, 0xF9, 0x00, 0x00, 0x00, 0x00, 0xBF, 0xF3, 0x00, 0x8F, 0xF5, 0x00, 0x00,
    0x00, 0x00, 0x5F, 0xF7, 0x00, 0xFF, 0xF1, 0x00, 0x00, 0x00, 0x00, 0x1F, 0xFD, 0x04, 0xFF, 0x90,
    0x00, 0x00, 0x00, 0x00, 0x0B, 0xFF, 0x28, 0xFF, 0x50, 0x00, 0x00, 0x00, 0x00, 0x05, 0xFF, 0x6D,
    0xFF, 0x10, 0x00, 0x00, 0x00, 0x00, 0x01, 0xFF, 0xFF, 0xF9, 0x00, 0x00, 0x00, 0x00, 0x00, 0x00,
    0xBF, 0xFF, 0xF5, 0x00, 0x00, 0x00, 0x00, 0x00, 0x00, 0x5F, 0xFF, 0xF1, 0x00, 0x00, 0x00, 0x00,
    0x00, 0x00, 0x1F, 0xFF, 0x90, 0x00, 0x00, 0x00, 0x00, 0x00, 0x00, 0x0B, 0xFF, 0x50, 0x00, 0x00,
    0x00, 0x5F, 0xF9, 0x00, 0x00, 0x00, 0x05, 0xFD, 0x00, 0x00, 0x00, 0x03, 0xFF, 0xD2, 0xFF, 0xD0,
    0x00, 0x00, 0x00, 0xAF, 0xF1, 0x00, 0x00, 0x00, 0x6F, 0xF8, 0x0F, 0xFF, 0x10, 0x00, 0x00, 0x0F,
    0xFF, 0x50, 0x00, 0x00, 0x0A, 0xFF, 0x50, 0x9F, 0xF5, 0x00, 0x00, 0x03, 0xFF, 0xF8, 0x00, 0x00,
    0x00, 0xFF, 0xF1, 0x05, 0xFF, 0x70, 0x00, 0x00, 0x6F, 0xFF, 0xF0, 0x00, 0x00, 0x2F, 0xFD, 0x00,
    0x2F, 0xFB, 0x00, 0x00, 0x0B, 0xFF, 0xFF, 0x20, 0x00, 0x05, 0xFF, 0x80, 0x00, 0xFF, 0xF0, 0x00,
    0x01, 0xFF, 0xFF, 0xF5, 0x00, 0x00, 0x8F, 0xF5, 0x00, 0x09, 0xFF, 0x30, 0x00, 0x4F, 0xF5, 0xDF,
    0x90, 0x00, 0x0D, 0xFF, 0x10, 0x00, 0x5F, 0xF6, 0x00, 0x07, 0xFF, 0x28, 0xFF, 0x00, 0x01, 0xFF,
    0xD0, 0x00, 0x02, 0xFF, 0xA0, 0x00, 0xDF, 0xD0, 0x5F, 0xF3, 0x00, 0x4F, 0xF8, 0x00, 0x00, 0x0F,
    0xFF, 0x00, 0x1F, 0xF8, 0x01, 0xFF, 0x60, 0x07, 0xFF, 0x50, 0x00, 0x00, 0x9F, 0xF2, 0x05, 0xFF,
    0x40, 0x0B, 0xFA, 0x00, 0xAF, 0xF1, 0x00, 0x00, 0x05, 0xFF, 0x50, 0x8F, 0xF1, 0x00, 0x7F, 0xF1,
    0x0F, 0xFD, 0x00, 0x00, 0x00, 0x2F, 0xF8, 0x0D, 0xFB, 0x00, 0x04, 0xFF, 0x43, 0xFF, 0x80, 0x00,
    0x00, 0x00, 0xFF, 0xD2, 0xFF, 0x60, 0x00, 0x1F, 0xF7, 0x5F, 0xF5, 0x00, 0x00, 0x00, 0x0A, 0xFF,
    0x6F, 0xF2, 0x00, 0x00, 0xAF, 0xB9, 0xFF, 0x10, 0x00, 0x00, 0x00, 0x6F, 0xFF, 0xFF, 0x00, 0x00,
    0x06, 0xFF, 0xFF, 0xD0, 0x00, 0x00, 0x00, 0x03, 0xFF, 0xFF, 0x90, 0x00, 0x00, 0x2F, 0xFF, 0xF8,
    0x00, 0x00, 0x00, 0x00, 0x0F, 0xFF, 0xF5, 0x00, 0x00, 0x00, 0xFF, 0xFF, 0x50, 0x00, 0x00, 0x00,
    0x00, 0xAF, 0xFF, 0x10, 0x00, 0x00, 0x09, 0xFF, 0xF1, 0x00, 0x00, 0x00, 0x00, 0x06, 0xFF, 0xB0,
    0x00, 0x00, 0x00, 0x5F, 0xFD, 0x00, 0x00, 0x00, 0x3F, 0xFF, 0x10, 0x00, 0x00, 0x00, 0x3F, 0xFF,
    0x10, 0x7F, 0xFA, 0x00, 0x00, 0x00, 0x0B, 0xFF, 0x60, 0x01, 0xFF, 0xF4, 0x00, 0x00, 0x05, 0xFF,
    0xB0, 0x00, 0x04, 0xFF, 0xD1, 0x00, 0x01, 0xFF, 0xF3, 0x00, 0x00, 0x0A, 0xFF, 0x60, 0x00, 0x8F,
    0xF8, 0x00, 0x00, 0x00, 0x1F, 0xFF, 0x10, 0x3F, 0xFF, 0x10, 0x00, 0x00, 0x00, 0x6F, 0xFA, 0x0B,
    0xFF, 0x50, 0x00, 0x00, 0x00, 0x00, 0xBF, 0xF9, 0xFF, 0xA0, 0x00, 0x00, 0x00, 0x00, 0x03, 0xFF,
    0xFF, 0xF1, 0x00, 0x00, 0x00, 0x00, 0x00, 0x07, 0xFF, 0xF6, 0x00, 0x00, 0x00, 0x00, 0x00, 0x00,
    0x4F, 0xFF, 0x30, 0x00, 0x00, 0x00, 0x00, 0x00, 0x0B, 0xFF, 0xFB, 0x00, 0x00, 0x00, 0x00, 0x00,
    0x06, 0xFF, 0xFF, 0xF5, 0x00, 0x00, 0x00, 0x00, 0x01, 0xFF, 0xF3, 0xFF, 0xF1, 0x00, 0x00, 0x00,
    0x00, 0x9F, 0xF6, 0x06, 0xFF, 0x90, 0x00, 0x00, 0x00, 0x4F, 0xFD, 0x10, 0x1D, 0xFF, 0x40, 0x00,
    0x00, 0x1D, 0xFF, 0x40, 0x00, 0x4F, 0xFD, 0x10, 0x00, 0x06, 0xFF, 0xA0, 0x00, 0x00, 0xAF, 0xF7,
    0x00, 0x02, 0xFF, 0xF1, 0x00, 0x00, 0x01, 0xFF, 0xF2, 0x00, 0xAF, 0xF6, 0x00, 0x00, 0x00, 0x06,
    0xFF, 0xB0, 0x5F, 0xFD, 0x10, 0x00, 0x00, 0x00, 0x1D, 0xFF, 0x50, 0x1F, 0xFF, 0x10, 0x00, 0x00,
    0x00, 0x1F, 0xFF, 0x30, 0x8F, 0xF8, 0x00, 0x00, 0x00, 0x06, 0xFF, 0xA0, 0x01, 0xFF, 0xF1, 0x00,
    0x00, 0x01, 0xFF, 0xF3, 0x00, 0x08, 0xFF, 0x80, 0x00, 0x00, 0x6F, 0xFA, 0x00, 0x00, 0x1F, 0xFF,
    0x10, 0x00, 0x1F, 0xFF, 0x20, 0x00, 0x00, 0x8F, 0xF8, 0x00, 0x06, 0xFF, 0x80, 0x00, 0x00, 0x01,
    0xFF, 0xF1, 0x01, 0xFF, 0xF1, 0x00, 0x00, 0x00, 0x06, 0xFF, 0x80, 0x6F, 0xF8, 0x00, 0x00, 0x00,
    0x00, 0x1F, 0xFF, 0x2F, 0xFF, 0x10, 0x00, 0x00, 0x00, 0x00, 0x6F, 0xFF, 0xFF, 0x80, 0x00, 0x00,
    0x00, 0x00, 0x01, 0xFF, 0xFF, 0xF1, 0x00, 0x00, 0x00, 0x00, 0x00, 0x06, 0xFF, 0xF6, 0x00, 0x00,
    0x00, 0x00, 0x00, 0x00, 0x1F, 0xFF, 0x10, 0x00, 0x00, 0x00, 0x00, 0x00, 0x00, 0xFF, 0xF0, 0x00,
    0x00, 0x00, 0x00, 0x00, 0x00, 0x0F, 0xFF, 0x00, 0x00, 0x00, 0x00, 0x00, 0x00, 0x00, 0xFF, 0xF0,
    0x00, 0x00, 0x00, 0x00, 0x00, 0x00, 0x0F, 0xFF, 0x00, 0x00, 0x00, 0x00, 0x00, 0x00, 0x00, 0xFF,
    0xF0, 0x00, 0x00, 0x00, 0x00, 0x00, 0x00, 0x0F, 0xFF, 0x00, 0x00, 0x00, 0x00, 0x00, 0x00, 0x00,
    0xFF, 0xF0, 0x00, 0x00, 0x00, 0x00, 0x00, 0x00, 0x0F, 0xFF, 0x00, 0x00, 0x00, 0x00, 0x0F, 0xFF,
    0xFF, 0xFF, 0xFF, 0xFF, 0xFA, 0x0F, 0xFF, 0xFF, 0xFF, 0xFF, 0xFF, 0xFA, 0x0F, 0xFF, 0xFF, 0xFF,
    0xFF, 0xFF, 0xF9, 0x00, 0x00, 0x00, 0x00, 0x02, 0xFF, 0xF1, 0x00, 0x00, 0x00, 0x00, 0x0A, 0xFF,
    0x60, 0x00, 0x00, 0x00, 0x00, 0x5F, 0xFD, 0x10, 0x00, 0x00, 0x00, 0x01, 0xFF, 0xF4, 0x00, 0x00,
    0x00, 0x00, 0x08, 0xFF, 0xA0, 0x00, 0x00, 0x00, 0x00, 0x3F, 0xFF, 0x10, 0x00, 0x00, 0x00, 0x00,
    0xBF, 0xF6, 0x00, 0x00, 0x00, 0x00, 0x05, 0xFF, 0xD1, 0x00, 0x00, 0x00, 0x00, 0x1F, 0xFF, 0x40,
    0x00, 0x00, 0x00, 0x00, 0x8F, 0xFA, 0x00, 0x00, 0x00, 0x00, 0x03, 0xFF, 0xF1, 0x00, 0x00, 0x00,
    0x00, 0x0B, 0xFF, 0x60, 0x00, 0x00, 0x00, 0x00, 0x5F, 0xFD, 0x10, 0x00, 0x00, 0x00, 0x01, 0xFF,
    0xF4, 0x00, 0x00, 0x00, 0x00, 0x08, 0xFF, 0xA0, 0x00, 0x00, 0x00, 0x00, 0x2F, 0xFF, 0xFF, 0xFF,
    0xFF, 0xFF, 0xFF, 0x3F, 0xFF, 0xFF, 0xFF, 0xFF, 0xFF, 0xFF, 0x3F, 0xFF, 0xFF, 0xFF, 0xFF, 0xFF,
    0xFF, 0x3F, 0xFF, 0xFF, 0x63, 0xFF, 0xFF, 0xF6, 0x3F, 0xFF, 0xFF, 0x63, 0xFF, 0xA0, 0x00, 0x3F,
    0xFA, 0x00, 0x03, 0xFF, 0xA0, 0x00, 0x3F, 0xFA, 0x00, 0x03, 0xFF, 0xA0, 0x00, 0x3F, 0xFA, 0x00,
    0x03, 0xFF, 0xA0, 0x00, 0x3F, 0xFA, 0x00, 0x03, 0xFF, 0xA0, 0x00, 0x3F, 0xFA, 0x00, 0x03, 0xFF,
    0xA0, 0x00, 0x3F, 0xFA, 0x00, 0x03, 0xFF, 0xA0, 0x00, 0x3F, 0xFA, 0x00, 0x03, 0xFF, 0xA0, 0x00,
    0x3F, 0xFA, 0x00, 0x03, 0xFF, 0xA0, 0x00, 0x3F, 0xFA, 0x00, 0x03, 0xFF, 0xA0, 0x00, 0x3F, 0xFA,
    0x00, 0x03, 0xFF, 0xA0, 0x00, 0x3F, 0xFA, 0x00, 0x03, 0xFF, 0xA0, 0x00, 0x3F, 0xFF, 0xFF, 0x63,
    0xFF, 0xFF, 0xF6, 0x3F, 0xFF, 0xFF, 0x60, 0x1F, 0xFB, 0x00, 0x00, 0x00, 0x00, 0x00, 0x09, 0xFF,
    0x10, 0x00, 0x00, 0x00, 0x00, 0x05, 0xFF, 0x50, 0x00, 0x00, 0x00, 0x00, 0x01, 0xFF, 0xD0, 0x00,
    0x00, 0x00, 0x00, 0x00, 0x8F, 0xF2, 0x00, 0x00, 0x00, 0x00, 0x00, 0x4F, 0xF7, 0x00, 0x00, 0x00,
    0x00, 0x00, 0x0F, 0xFD, 0x00, 0x00, 0x00, 0x00, 0x00, 0x08, 0xFF, 0x40, 0x00, 0x00, 0x00, 0x00,
    0x03, 0xFF, 0x80, 0x00, 0x00, 0x00, 0x00, 0x00, 0xDF, 0xF0, 0x00, 0x00, 0x00, 0x00, 0x00, 0x7F,
    0xF4, 0x00, 0x00, 0x00, 0x00, 0x00, 0x2F, 0xF9, 0x00, 0x00, 0x00, 0x00, 0x00, 0x0D, 0xFF, 0x10,
    0x00, 0x00, 0x00, 0x00, 0x05, 0xFF, 0x50, 0x00, 0x00, 0x00, 0x00, 0x01, 0xFF, 0x90, 0x00, 0x00,
    0x00, 0x00, 0x00, 0xBF, 0xF1, 0x00, 0x00, 0x00, 0x00, 0x00, 0x5F, 0xF5, 0x00, 0x00, 0x00, 0x00,
    0x00, 0x1F, 0xFB, 0x00, 0x00, 0x00, 0x00, 0x00, 0x09, 0xFF, 0x10, 0x00, 0x00, 0x00, 0x00, 0x05,
    0xFF, 0x60, 0x00, 0x00, 0x00, 0x00, 0x01, 0xFF, 0xD0, 0x00, 0x00, 0x00, 0x00, 0x00, 0x8F, 0xF2,
    0x00, 0x00, 0x00, 0x00, 0x00, 0x4F, 0xF7, 0x00, 0x00, 0x00, 0x00, 0x00, 0x0F, 0xFD, 0x00, 0x00,
    0x00, 0x00, 0x00, 0x08, 0xFF, 0x40, 0x00, 0x00, 0x00, 0x00, 0x02, 0xFF, 0x80, 0x00, 0x00, 0x00,
    0x00, 0x00, 0xDF, 0xF0, 0x00, 0x00, 0x00, 0x00, 0x00, 0x7F, 0xF4, 0x6F, 0xFF, 0xFF, 0x6F, 0xFF,
    0xFF, 0x6F, 0xFF, 0xFF, 0x00, 0x0A, 0xFF, 0x00, 0x0A, 0xFF, 0x00, 0x0A, 0xFF, 0x00, 0x0A, 0xFF,
    0x00, 0x0A, 0xFF, 0x00, 0x0A, 0xFF, 0x00, 0x0A, 0xFF, 0x00, 0x0A, 0xFF, 0x00, 0x0A, 0xFF, 0x00,
    0x0A, 0xFF, 0x00, 0x0A, 0xFF, 0x00, 0x0A, 0xFF, 0x00, 0x0A, 0xFF, 0x00, 0x0A, 0xFF, 0x00, 0x0A,
    0xFF, 0x00, 0x0A, 0xFF, 0x00, 0x0A, 0xFF, 0x00, 0x0A, 0xFF, 0x00, 0x0A, 0xFF, 0x00, 0x0A, 0xFF,
    0x00, 0x0A, 0xFF, 0x00, 0x0A, 0xFF, 0x00, 0x0A, 0xFF, 0x6F, 0xFF, 0xFF, 0x6F, 0xFF, 0xFF, 0x6F,
    0xFF, 0xFF, 0x00, 0x00, 0x00, 0x91, 0x00, 0x00, 0x00, 0x00, 0x00, 0x6F, 0xA0, 0x00, 0x00, 0x00,
    0x00, 0x2F, 0xFF, 0x50, 0x00, 0x00, 0x00, 0x1D, 0xFF, 0xFF, 0x20, 0x00, 0x00, 0x09, 0xFF, 0x9F,
    0xFD, 0x10, 0x00, 0x05, 0xFF, 0xB0, 0x7F, 0xF9, 0x00, 0x02, 0xFF, 0xF2, 0x01, 0xDF, 0xF5, 0x01,
    0xBF, 0xF6, 0x00, 0x03, 0xFF, 0xF2, 0x6F, 0xFF, 0xFF, 0xFF, 0xFF, 0xFF, 0xA6, 0xFF, 0xFF, 0xFF,
    0xFF, 0xFF, 0xFA, 0x6F, 0xFF, 0xFF, 0xFF, 0xFF, 0xFF, 0xA0, 0x5F, 0xF7, 0x00, 0x02, 0xFF, 0xF4,
    0x00, 0x05, 0xFF, 0xF2, 0x00, 0x05, 0xFF, 0xB1, 0x00, 0x08, 0xFF, 0x30, 0x00, 0x08, 0x50, 0x00,
    0x03, 0x9F, 0xFF, 0xB7, 0x10, 0x00, 0x08, 0xFF, 0xFF, 0xFF, 0xFF, 0x30, 0x04, 0xFF, 0xFF, 0xFF,
    0xFF, 0xFF, 0x10, 0x04, 0xD6, 0x20, 0x05, 0xFF, 0xF5, 0x00, 0x00, 0x00, 0x00, 0x05, 0xFF, 0xA0,
    0x00, 0x00, 0x00, 0x00, 0x1F, 0xFA, 0x00, 0x49, 0xFF, 0xFF, 0xFF, 0xFF, 0xA0, 0x6F, 0xFF, 0xFF,
    0xFF, 0xFF, 0xFA, 0x1F, 0xFF, 0x30, 0x00, 0x00, 0xFF, 0xA3, 0xFF, 0x70, 0x00, 0x00, 0x0F, 0xFA,
    0x6F, 0xF6, 0x00, 0x00, 0x00, 0xFF, 0xA3, 0xFF, 0x80, 0x00, 0x00, 0x1F, 0xFA, 0x1F, 0xFF, 0x51,
    0x00, 0x29, 0xFF, 0xA0, 0x5F, 0xFF, 0xFF, 0xFF, 0xFF, 0xFA, 0x00, 0x38, 0xDF, 0xFD, 0x81, 0xFF,
    0xA0, 0xAF, 0xF3, 0x00, 0x00, 0x00, 0x00, 0x0A, 0xFF, 0x30, 0x00, 0x00, 0x00, 0x00, 0xAF, 0xF3,
    0x00, 0x00, 0x00, 0x00, 0x0A, 0xFF, 0x30, 0x00, 0x00, 0x00, 0x00, 0xAF, 0xF3, 0x00, 0x00, 0x00,
    0x00, 0x0A, 0xFF, 0x30, 0x00, 0x00, 0x00, 0x00, 0xAF, 0xF3, 0x18, 0xFF, 0xD8, 0x10, 0x0A, 0xFF,
    0x4B, 0xFF, 0xFF, 0xFF, 0x10, 0xAF, 0xFD, 0xFF, 0xFF, 0xFF, 0xFA, 0x0A, 0xFF, 0xF6, 0x10, 0x19,
    0xFF, 0xF1, 0xAF, 0xF8, 0x00, 0x00, 0x0D, 0xFF, 0x3A, 0xFF, 0x40, 0x00, 0x00, 0x8F, 0xF6, 0xAF,
    0xF3, 0x00, 0x00, 0x06, 0xFF, 0x6A, 0xFF, 0x30, 0x00, 0x00, 0x6F, 0xF6, 0xAF, 0xF3, 0x00, 0x00,
    0x06, 0xFF, 0x6A, 0xFF, 0x50, 0x00, 0x00, 0x7F, 0xF6, 0xAF, 0xF8, 0x00, 0x00, 0x0D, 0xFF, 0x3A,
    0xFF, 0xF6, 0x10, 0x19, 0xFF, 0xF1, 0xAF, 0xFF, 0xFF, 0xFF, 0xFF, 0xFA, 0x0A, 0xFF, 0x6F, 0xFF,
    0xFF, 0xFD, 0x10, 0xAF, 0xF3, 0x29, 0xFF, 0xD7, 0x10, 0x00, 0x00, 0x16, 0xBF, 0xFF, 0xA5, 0x10,
    0x02, 0xFF, 0xFF, 0xFF, 0xFF, 0xF4, 0x1F, 0xFF, 0xFF, 0xFF, 0xFF, 0xF8, 0x8F, 0xFF, 0x51, 0x01,
    0x4A, 0x50, 0xFF, 0xF5, 0x00, 0x00, 0x00, 0x00, 0xFF, 0xF0, 0x00, 0x00, 0x00, 0x00, 0xFF, 0xF0,
    0x00, 0x00, 0x00, 0x00, 0xFF, 0xF0, 0x00, 0x00, 0x00, 0x00, 0xFF, 0xF0, 0x00, 0x00, 0x00, 0x00,
    0xFF, 0xF0, 0x00, 0x00, 0x00, 0x00, 0xFF, 0xF5, 0x00, 0x00, 0x00, 0x00, 0x8F, 0xFF, 0x51, 0x01,
    0x4A, 0x50, 0x1F, 0xFF, 0xFF, 0xFF, 0xFF, 0xF8, 0x02, 0xFF, 0xFF, 0xFF, 0xFF, 0xF5, 0x00, 0x16,
    0xAF, 0xFF, 0xA6, 0x10, 0x00, 0x00, 0x00, 0x00, 0x0F, 0xFF, 0x00, 0x00, 0x00, 0x00, 0x0F, 0xFF,
    0x00, 0x00, 0x00, 0x00, 0x0F, 0xFF, 0x00, 0x00, 0x00, 0x00, 0x0F, 0xFF, 0x00, 0x00, 0x00, 0x00,
    0x0F, 0xFF, 0x00, 0x00, 0x00, 0x00, 0x0F, 0xFF, 0x00, 0x5B, 0xFF, 0x92, 0x0F, 0xFF, 0x08, 0xFF,
    0xFF, 0xFF, 0x4F, 0xFF, 0x5F, 0xFF, 0xFF, 0xFF, 0xFF, 0xFF, 0xBF, 0xFF, 0x40, 0x04, 0xFF, 0xFF,
    0xFF, 0xF3, 0x00, 0x00, 0x5F, 0xFF, 0xFF, 0xF0, 0x00, 0x00, 0x0F, 0xFF, 0xFF, 0xF0, 0x00, 0x00,
    0x0F, 0xFF, 0xFF, 0xF0, 0x00, 0x00, 0x0F, 0xFF, 0xFF, 0xF0, 0x00, 0x00, 0x0F, 0xFF, 0xFF, 0xF0,
    0x00, 0x00, 0x0F, 0xFF, 0xFF, 0xF3, 0x00, 0x00, 0x5F, 0xFF, 0xBF, 0xFD, 0x40, 0x05, 0xFF, 0xFF,
    0x5F, 0xFF, 0xFF, 0xFF, 0xFF, 0xFF, 0x08, 0xFF, 0xFF, 0xFF, 0x5F, 0xFF, 0x00, 0x5B, 0xFF, 0xB4,
    0x0F, 0xFF, 0x00, 0x16, 0xBF, 0xFD, 0x81, 0x00, 0x00, 0x2F, 0xFF, 0xFF, 0xFF, 0xF2, 0x00, 0x1F,
    0xFF, 0xFF, 0xFF, 0xFF, 0xF1, 0x06, 0xFF, 0xF5, 0x10, 0x3D, 0xFF, 0x60, 0xBF, 0xF4, 0x00, 0x00,
    0x2F, 0xFD, 0x0F, 0xFD, 0x00, 0x00, 0x00, 0xBF, 0xF1, 0xFF, 0xA0, 0x00, 0x00, 0x06, 0xFF, 0x3F,
    0xFF, 0xFF, 0xFF, 0xFF, 0xFF, 0xF3, 0xFF, 0xFF, 0xFF, 0xFF, 0xFF, 0xFF, 0x3F, 0xFD, 0x00, 0x00,
    0x00, 0x00, 0x00, 0xDF, 0xF3, 0x00, 0x00, 0x00, 0x00, 0x07, 0xFF, 0xF5, 0x10, 0x14, 0xA6, 0x00,
    0x1F, 0xFF, 0xFF, 0xFF, 0xFF, 0xF8, 0x00, 0x2F, 0xFF, 0xFF, 0xFF, 0xFD, 0x30, 0x00, 0x15, 0xAF,
    0xFF, 0x95, 0x00, 0x00, 0x00, 0x17, 0xFF, 0xFA, 0x00, 0x8F, 0xFF, 0xFA, 0x01, 0xFF, 0xFF, 0xFA,
    0x03, 0xFF, 0xD1, 0x00, 0x03, 0xFF, 0xA0, 0x00, 0x03, 0xFF, 0xA0, 0x00, 0xAF, 0xFF, 0xFF, 0xFA,
    0xAF, 0xFF, 0xFF, 0xFA, 0xAF, 0xFF, 0xFF, 0xFA, 0x03, 0xFF, 0xA0, 0x00, 0x03, 0xFF, 0xA0, 0x00,
    0x03, 0xFF, 0xA0, 0x00, 0x03, 0xFF, 0xA0, 0x00, 0x03, 0xFF, 0xA0, 0x00, 0x03, 0xFF, 0xA0, 0x00,
    0x03, 0xFF, 0xA0, 0x00, 0x03, 0xFF, 0xA0, 0x00, 0x03, 0xFF, 0xA0, 0x00, 0x03, 0xFF, 0xA0, 0x00,
    0x03, 0xFF, 0xA0, 0x00, 0x03, 0xFF, 0xA0, 0x00, 0x00, 0x5B, 0xFF, 0x92, 0x0F, 0xFF, 0x08, 0xFF,
    0xFF, 0xFF, 0x4F, 0xFF, 0x5F, 0xFF, 0xFF, 0xFF, 0xFF, 0xFF, 0xBF, 0xFF, 0x40, 0x04, 0xFF, 0xFF,
    0xFF, 0xF3, 0x00, 0x00, 0x5F, 0xFF, 0xFF, 0xF0, 0x00, 0x00, 0x0F, 0xFF, 0xFF, 0xF0, 0x00, 0x00,
    0x0F, 0xFF, 0xFF, 0xF0, 0x00, 0x00, 0x0F, 0xFF, 0xFF, 0xF0, 0x00, 0x00, 0x0F, 0xFF, 0xFF, 0xF0,
    0x00, 0x00, 0x0F, 0xFF, 0xFF, 0xF3, 0x00, 0x00, 0x5F, 0xFF, 0xBF, 0xFD, 0x40, 0x05, 0xFF, 0xFF,
    0x5F, 0xFF, 0xFF, 0xFF, 0xFF, 0xFF, 0x08, 0xFF, 0xFF, 0xFF, 0x5F, 0xFF, 0x00, 0x5B, 0xFF, 0xB4,
    0x0F, 0xFF, 0x00, 0x00, 0x00, 0x00, 0x1F, 0xFF, 0x00, 0x00, 0x00, 0x00, 0x5F, 0xFA, 0x02, 0x81,
    0x00, 0x04, 0xFF, 0xF6, 0x4F, 0xFF, 0xDA, 0xFF, 0xFF, 0xF1, 0x2F, 0xFF, 0xFF, 0xFF, 0xFF, 0x20,
    0x01, 0x8F, 0xFF, 0xFF, 0x81, 0x00, 0x00, 0x00, 0x13, 0x10, 0x00, 0x00, 0xAF, 0xF3, 0x00, 0x00,
    0x00, 0x00, 0x0A, 0xFF, 0x30, 0x00, 0x00, 0x00, 0x00, 0xAF, 0xF3, 0x00, 0x00, 0x00, 0x00, 0x0A,
    0xFF, 0x30, 0x00, 0x00, 0x00, 0x00, 0xAF, 0xF3, 0x00, 0x00, 0x00, 0x00, 0x0A, 0xFF, 0x30, 0x00,
    0x00, 0x00, 0x00, 0xAF, 0xF3, 0x18, 0xFF, 0xF8, 0x10, 0x0A, 0xFF, 0x4B, 0xFF, 0xFF, 0xFF, 0x20,
    0xAF, 0xFF, 0xFF, 0xFF, 0xFF, 0xFB, 0x0A, 0xFF, 0xF6, 0x10, 0x19, 0xFF, 0xF2, 0xAF, 0xF8, 0x00,
    0x00, 0x0A, 0xFF, 0x6A, 0xFF, 0x40, 0x00, 0x00, 0x6F, 0xF6, 0xAF, 0xF3, 0x00, 0x00, 0x06, 0xFF,
    0x6A, 0xFF, 0x30, 0x00, 0x00, 0x6F, 0xF6, 0xAF, 0xF3, 0x00, 0x00, 0x06, 0xFF, 0x6A, 0xFF, 0x30,
    0x00, 0x00, 0x6F, 0xF6, 0xAF, 0xF3, 0x00, 0x00, 0x06, 0xFF, 0x6A, 0xFF, 0x30, 0x00, 0x00, 0x6F,
    0xF6, 0xAF, 0xF3, 0x00, 0x00, 0x06, 0xFF, 0x6A, 0xFF, 0x30, 0x00, 0x00, 0x6F, 0xF6, 0xAF, 0xF3,
    0x00, 0x00, 0x06, 0xFF, 0x60, 0xAF, 0xF3, 0xAF, 0xF3, 0xAF, 0xF3, 0x00, 0x00, 0x00, 0x00, 0x00,
    0x00, 0xAF, 0xF3, 0xAF, 0xF3, 0xAF, 0xF3, 0xAF, 0xF3, 0xAF, 0xF3, 0xAF, 0xF3, 0xAF, 0xF3, 0xAF,
    0xF3, 0xAF, 0xF3, 0xAF, 0xF3, 0xAF, 0xF3, 0xAF, 0xF3, 0xAF, 0xF3, 0xAF, 0xF3, 0xAF, 0xF3, 0x00,
    0x3F, 0xFA, 0x00, 0x3F, 0xFA, 0x00, 0x3F, 0xFA, 0x00, 0x00, 0x00, 0x00, 0x00, 0x00, 0x00, 0x00,
    0x00, 0x00, 0x3F, 0xFA, 0x00, 0x3F, 0xFA, 0x00, 0x3F, 0xFA, 0x00, 0x3F, 0xFA, 0x00, 0x3F, 0xFA,
    0x00, 0x3F, 0xFA, 0x00, 0x3F, 0xFA, 0x00, 0x3F, 0xFA, 0x00, 0x3F, 0xFA, 0x00, 0x3F, 0xFA, 0x00,
    0x3F, 0xFA, 0x00, 0x3F, 0xFA, 0x00, 0x3F, 0xFA, 0x00, 0x3F, 0xFA, 0x00, 0x3F, 0xFA, 0x00, 0x3F,
    0xFA, 0x00, 0x3F, 0xFA, 0x00, 0x4F, 0xFA, 0x7A, 0xFF, 0xF9, 0xAF, 0xFF, 0xF4, 0xAF, 0xFF, 0x60,
    0x23, 0x30, 0x00, 0xAF, 0xF3, 0x00, 0x00, 0x00, 0x00, 0x00, 0xAF, 0xF3, 0x00, 0x00, 0x00, 0x00,
    0x00, 0xAF, 0xF3, 0x00, 0x00, 0x00, 0x00, 0x00, 0xAF, 0xF3, 0x00, 0x00, 0x00, 0x00, 0x00, 0xAF,
    0xF3, 0x00, 0x00, 0x00, 0x00, 0x00, 0xAF, 0xF3, 0x00, 0x00, 0x00, 0x00, 0x00, 0xAF, 0xF3, 0x00,
    0x00, 0x1D, 0xFF, 0x70, 0xAF, 0xF3, 0x00, 0x00, 0xBF, 0xF8, 0x00, 0xAF, 0xF3, 0x00, 0x08, 0xFF,
    0x90, 0x00, 0xAF, 0xF3, 0x00, 0x6F, 0xFB, 0x10, 0x00, 0xAF, 0xF3, 0x05, 0xFF, 0xB1, 0x00, 0x00,
    0xAF, 0xF3, 0x2F, 0xFF, 0x10, 0x00, 0x00, 0xAF, 0xF4, 0xFF, 0xFF, 0x50, 0x00, 0x00, 0xAF, 0xFF,
    0xFF, 0xFF, 0xF1, 0x00, 0x00, 0xAF, 0xFF, 0xF5, 0x6F, 0xF9, 0x00, 0x00, 0xAF, 0xFF, 0x50, 0x1D,
    0xFF, 0x30, 0x00, 0xAF, 0xF6, 0x00, 0x03, 0xFF, 0xD1, 0x00, 0xAF, 0xF3, 0x00, 0x00, 0x9F, 0xF6,
    0x00, 0xAF, 0xF3, 0x00, 0x00, 0x1F, 0xFF, 0x20, 0xAF, 0xF3, 0x00, 0x00, 0x06, 0xFF, 0xA0, 0xAF,
    0xF3, 0x00, 0x00, 0x00, 0xBF, 0xF5, 0xAF, 0xF3, 0x00, 0xAF, 0xF3, 0x00, 0xAF, 0xF3, 0x00, 0xAF,
    0xF3, 0x00, 0xAF, 0xF3, 0x00, 0xAF, 0xF3, 0x00, 0xAF, 0xF3, 0x00, 0xAF, 0xF3, 0x00, 0xAF, 0xF3,
    0x00, 0xAF, 0xF3, 0x00, 0xAF, 0xF3, 0x00, 0xAF, 0xF3, 0x00, 0xAF, 0xF3, 0x00, 0xAF, 0xF3, 0x00,
    0xAF, 0xF3, 0x00, 0xAF, 0xF3, 0x00, 0xAF, 0xF3, 0x00, 0x9F, 0xF6, 0x00, 0x5F, 0xFF, 0xFA, 0x1F,
    0xFF, 0xFA, 0x02, 0xAF, 0xFA, 0xAF, 0xF3, 0x18, 0xFF, 0xF8, 0x10, 0x01, 0x8F, 0xFD, 0x81, 0x00,
    0xAF, 0xF4, 0xBF, 0xFF, 0xFF, 0xF1, 0x1D, 0xFF, 0xFF, 0xFF, 0x20, 0xAF, 0xFD, 0xFF, 0xFF, 0xFF,
    0xFA, 0xAF, 0xFF, 0xFF, 0xFF, 0xA0, 0xAF, 0xFF, 0x61, 0x01, 0x9F, 0xFF, 0xF8, 0x10, 0x19, 0xFF,
    0xF2, 0xAF, 0xF8, 0x00, 0x00, 0x1D, 0xFF, 0xA0, 0x00, 0x00, 0xDF, 0xF5, 0xAF, 0xF4, 0x00, 0x00,
    0x08, 0xFF, 0x60, 0x00, 0x00, 0x6F, 0xF6, 0xAF, 0xF3, 0x00, 0x00, 0x06, 0xFF, 0x60, 0x00, 0x00,
    0x6F, 0xF6, 0xAF, 0xF3, 0x00, 0x00, 0x06, 0xFF, 0x60, 0x00, 0x00, 0x6F, 0xF6, 0xAF, 0xF3, 0x00,
    0x00, 0x06, 0xFF, 0x60, 0x00, 0x00, 0x6F, 0xF6, 0xAF, 0xF3, 0x00, 0x00, 0x06, 0xFF, 0x60, 0x00,
    0x00, 0x6F, 0xF6, 0xAF, 0xF3, 0x00, 0x00, 0x06, 0xFF, 0x60, 0x00, 0x00, 0x6F, 0xF6, 0xAF, 0xF3,
    0x00, 0x00, 0x06, 0xFF, 0x60, 0x00, 0x00, 0x6F, 0xF6, 0xAF, 0xF3, 0x00, 0x00, 0x06, 0xFF, 0x60,
    0x00, 0x00, 0x6F, 0xF6, 0xAF, 0xF3, 0x00, 0x00, 0x06, 0xFF, 0x60, 0x00, 0x00, 0x6F, 0xF6, 0xAF,
    0xF3, 0x00, 0x00, 0x06, 0xFF, 0x60, 0x00, 0x00, 0x6F, 0xF6, 0xAF, 0xF3, 0x18, 0xFF, 0xF8, 0x10,
    0x0A, 0xFF, 0x4B, 0xFF, 0xFF, 0xFF, 0x20, 0xAF, 0xFD, 0xFF, 0xFF, 0xFF, 0xFB, 0x0A, 0xFF, 0xF6,
    0x10, 0x19, 0xFF, 0xF2, 0xAF, 0xF8, 0x00, 0x00, 0x0A, 0xFF, 0x6A, 0xFF, 0x40, 0x00, 0x00, 0x6F,
    0xF6, 0xAF, 0xF3, 0x00, 0x00, 0x06, 0xFF, 0x6A, 0xFF, 0x30, 0x00, 0x00, 0x6F, 0xF6, 0xAF, 0xF3,
    0x00, 0x00, 0x06, 0xFF, 0x6A, 0xFF, 0x30, 0x00, 0x00, 0x6F, 0xF6, 0xAF, 0xF3, 0x00, 0x00, 0x06,
    0xFF, 0x6A, 0xFF, 0x30, 0x00, 0x00, 0x6F, 0xF6, 0xAF, 0xF3, 0x00, 0x00, 0x06, 0xFF, 0x6A, 0xFF,
    0x30, 0x00, 0x00, 0x6F, 0xF6, 0xAF, 0xF3, 0x00, 0x00, 0x06, 0xFF, 0x60, 0x00, 0x17, 0xBF, 0xFF,
    0x93, 0x00, 0x00, 0x5F, 0xFF, 0xFF, 0xFF, 0xF8, 0x00, 0x1F, 0xFF, 0xFF, 0xFF, 0xFF, 0xF6, 0x08,
    0xFF, 0xF5, 0x00, 0x2B, 0xFF, 0xF0, 0xFF, 0xF4, 0x00, 0x00, 0x1F, 0xFF, 0x3F, 0xFF, 0x00, 0x00,
    0x00, 0x8F, 0xF5, 0xFF, 0xF0, 0x00, 0x00, 0x06, 0xFF, 0x6F, 0xFF, 0x00, 0x00, 0x00, 0x6F, 0xF6,
    0xFF, 0xF0, 0x00, 0x00, 0x06, 0xFF, 0x6F, 0xFF, 0x00, 0x00, 0x00, 0x8F, 0xF5, 0xFF, 0xF5, 0x00,
    0x00, 0x1F, 0xFF, 0x38, 0xFF, 0xF5, 0x00, 0x2B, 0xFF, 0xF0, 0x1F, 0xFF, 0xFF, 0xFF, 0xFF, 0xF6,
    0x00, 0x5F, 0xFF, 0xFF, 0xFF, 0xF8, 0x00, 0x00, 0x17, 0xBF, 0xFF, 0x93, 0x00, 0x00, 0xAF, 0xF3,
    0x18, 0xFF, 0xD8, 0x10, 0x0A, 0xFF, 0x4B, 0xFF, 0xFF, 0xFF, 0x10, 0xAF, 0xFD, 0xFF, 0xFF, 0xFF,
    0xFA, 0x0A, 0xFF, 0xF6, 0x10, 0x19, 0xFF, 0xF1, 0xAF, 0xF8, 0x00, 0x00, 0x0D, 0xFF, 0x3A, 0xFF,
    0x40, 0x00, 0x00, 0x8F, 0xF6, 0xAF, 0xF3, 0x00, 0x00, 0x06, 0xFF, 0x6A, 0xFF, 0x30, 0x00, 0x00,
    0x6F, 0xF6, 0xAF, 0xF3, 0x00, 0x00, 0x06, 0xFF, 0x6A, 0xFF, 0x50, 0x00, 0x00, 0x7F, 0xF6, 0xAF,
    0xF8, 0x00, 0x00, 0x0D, 0xFF, 0x3A, 0xFF, 0xF6, 0x10, 0x19, 0xFF, 0xF1, 0xAF, 0xFF, 0xFF, 0xFF,
    0xFF, 0xFA, 0x0A, 0xFF, 0x5F, 0xFF, 0xFF, 0xFD, 0x10, 0xAF, 0xF3, 0x19, 0xFF, 0xD7, 0x10, 0x0A,
    0xFF, 0x30, 0x00, 0x00, 0x00, 0x00, 0xAF, 0xF3, 0x00, 0x00, 0x00, 0x00, 0x0A, 0xFF, 0x30, 0x00,
    0x00, 0x00, 0x00, 0xAF, 0xF3, 0x00, 0x00, 0x00, 0x00, 0x0A, 0xFF, 0x30, 0x00, 0x00, 0x00, 0x00,
    0xAF, 0xF3, 0x00, 0x00, 0x00, 0x00, 0x02, 0x33, 0x10, 0x00, 0x00, 0x00, 0x00, 0x00, 0x5B, 0xFF,
    0x92, 0x0F, 0xFF, 0x08, 0xFF, 0xFF, 0xFF, 0x4F, 0xFF, 0x5F, 0xFF, 0xFF, 0xFF, 0xFF, 0xFF, 0xBF,
    0xFF, 0x40, 0x04, 0xFF, 0xFF, 0xFF, 0xF3, 0x00, 0x00, 0x5F, 0xFF, 0xFF, 0xF0, 0x00, 0x00, 0x0F,
    0xFF, 0xFF, 0xF0, 0x00, 0x00, 0x0F, 0xFF, 0xFF, 0xF0, 0x00, 0x00, 0x0F, 0xFF, 0xFF, 0xF0, 0x00,
    0x00, 0x0F, 0xFF, 0xFF, 0xF0, 0x00, 0x00, 0x0F, 0xFF, 0xFF, 0xF3, 0x00, 0x00, 0x5F, 0xFF, 0xBF,
    0xFD, 0x40, 0x05, 0xFF, 0xFF, 0x5F, 0xFF, 0xFF, 0xFF, 0xFF, 0xFF, 0x08, 0xFF, 0xFF, 0xFF, 0x5F,
    0xFF, 0x00, 0x5B, 0xFF, 0xB4, 0x0F, 0xFF, 0x00, 0x00, 0x00, 0x00, 0x0F, 0xFF, 0x00, 0x00, 0x00,
    0x00, 0x0F, 0xFF, 0x00, 0x00, 0x00, 0x00, 0x0F, 0xFF, 0x00, 0x00, 0x00, 0x00, 0x0F, 0xFF, 0x00,
    0x00, 0x00, 0x00, 0x0F, 0xFF, 0x00, 0x00, 0x00, 0x00, 0x0F, 0xFF, 0x00, 0x00, 0x00, 0x00, 0x03,
    0x33, 0xAF, 0xF3, 0x18, 0xFF, 0xD6, 0x1A, 0xFF, 0x4B, 0xFF, 0xFF, 0xF5, 0xAF, 0xFD, 0xFF, 0xFF,
    0xFA, 0x0A, 0xFF, 0xF6, 0x10, 0x2A, 0x10, 0xAF, 0xF8, 0x00, 0x00, 0x00, 0x0A, 0xFF, 0x40, 0x00,
    0x00, 0x00, 0xAF, 0xF3, 0x00, 0x00, 0x00, 0x0A, 0xFF, 0x30, 0x00, 0x00, 0x00, 0xAF, 0xF3, 0x00,
    0x00, 0x00, 0x0A, 0xFF, 0x30, 0x00, 0x00, 0x00, 0xAF, 0xF3, 0x00, 0x00, 0x00, 0x0A, 0xFF, 0x30,
    0x00, 0x00, 0x00, 0xAF, 0xF3, 0x00, 0x00, 0x00, 0x0A, 0xFF, 0x30, 0x00, 0x00, 0x00, 0xAF, 0xF3,
    0x00, 0x00, 0x00, 0x00, 0x00, 0x15, 0xAF, 0xFF, 0xD9, 0x51, 0x00, 0x1B, 0xFF, 0xFF, 0xFF, 0xFF,
    0xF6, 0x08, 0xFF, 0xFF, 0xFF, 0xFF, 0xFF, 0x60, 0xFF, 0xF5, 0x10, 0x02, 0x59, 0x80, 0x0F, 0xFA,
    0x00, 0x00, 0x00, 0x00, 0x00, 0xFF, 0xF5, 0x10, 0x00, 0x00, 0x00, 0x09, 0xFF, 0xFF, 0xFF, 0xDA,
    0x61, 0x00, 0x1A, 0xFF, 0xFF, 0xFF, 0xFF, 0xF2, 0x00, 0x02, 0x56, 0x6A, 0xAF, 0xFF, 0xB0, 0x00,
    0x00, 0x00, 0x00, 0x1F, 0xFF, 0x06, 0x60, 0x00, 0x00, 0x00, 0xAF, 0xF3, 0xFF, 0xD5, 0x10, 0x01,
    0x6F, 0xFF, 0xAF, 0xFF, 0xFF, 0xFF, 0xFF, 0xFF, 0x80, 0x6F, 0xFF, 0xFF, 0xFF, 0xFF, 0xB1, 0x00,
    0x17, 0xAF, 0xFF, 0xF9, 0x50, 0x00, 0x03, 0xFF, 0xA0, 0x00, 0x3F, 0xFA, 0x00, 0x03, 0xFF, 0xA0,
    0x00, 0x3F, 0xFA, 0x00, 0x03, 0xFF, 0xA0, 0x0A, 0xFF, 0xFF, 0xFF, 0xAF, 0xFF, 0xFF, 0xFA, 0xFF,
    0xFF, 0xFF, 0x03, 0xFF, 0xA0, 0x00, 0x3F, 0xFA, 0x00, 0x03, 0xFF, 0xA0, 0x00, 0x3F, 0xFA, 0x00,
    0x03, 0xFF, 0xA0, 0x00, 0x3F, 0xFA, 0x00, 0x03, 0xFF, 0xA0, 0x00, 0x3F, 0xFA, 0x00, 0x03, 0xFF,
    0xD1, 0x00, 0x1F, 0xFF, 0xFF, 0x00, 0xAF, 0xFF, 0xF0, 0x01, 0x8F, 0xFF, 0xAF, 0xF3, 0x00, 0x00,
    0x06, 0xFF, 0x6A, 0xFF, 0x30, 0x00, 0x00, 0x6F, 0xF6, 0xAF, 0xF3, 0x00, 0x00, 0x06, 0xFF, 0x6A,
    0xFF, 0x30, 0x00, 0x00, 0x6F, 0xF6, 0xAF, 0xF3, 0x00, 0x00, 0x06, 0xFF, 0x6A, 0xFF, 0x30, 0x00,
    0x00, 0x6F, 0xF6, 0xAF, 0xF3, 0x00, 0x00, 0x06, 0xFF, 0x6A, 0xFF, 0x30, 0x00, 0x00, 0x6F, 0xF6,
    0xAF, 0xF3, 0x00, 0x00, 0x06, 0xFF, 0x69, 0xFF, 0x50, 0x00, 0x00, 0x6F, 0xF6, 0x6F, 0xF9, 0x00,
    0x00, 0x0B, 0xFF, 0x64, 0xFF, 0xF6, 0x10, 0x18, 0xFF, 0xF6, 0x0D, 0xFF, 0xFF, 0xFF, 0xFF, 0xFF,
    0x60, 0x2F, 0xFF, 0xFF, 0xFB, 0x7F, 0xF6, 0x00, 0x18, 0xFF, 0xF8, 0x16, 0xFF, 0x60, 0x1F, 0xFF,
    0x10, 0x00, 0x00, 0x0D, 0xFF, 0x20, 0x9F, 0xF5, 0x00, 0x00, 0x02, 0xFF, 0xD0, 0x04, 0xFF, 0x90,
    0x00, 0x00, 0x7F, 0xF5, 0x00, 0x0F, 0xFF, 0x10, 0x00, 0x0F, 0xFF, 0x10, 0x00, 0x7F, 0xF5, 0x00,
    0x04, 0xFF, 0x90, 0x00, 0x01, 0xFF, 0xB0, 0x00, 0x8F, 0xF4, 0x00, 0x00, 0x0B, 0xFF, 0x10, 0x0F,
    0xFF, 0x00, 0x00, 0x00, 0x5F, 0xF5, 0x04, 0xFF, 0x70, 0x00, 0x00, 0x01, 0xFF, 0xB0, 0x8F, 0xF2,
    0x00, 0x00, 0x00, 0x08, 0xFF, 0x2F, 0xFB, 0x00, 0x00, 0x00, 0x00, 0x3F, 0xFD, 0xFF, 0x50, 0x00,
    0x00, 0x00, 0x00, 0xDF, 0xFF, 0xF1, 0x00, 0x00, 0x00, 0x00, 0x06, 0xFF, 0xF8, 0x00, 0x00, 0x00,
    0x00, 0x00, 0x1F, 0xFF, 0x40, 0x00, 0x00, 0x00, 0x00, 0x00, 0xAF, 0xD0, 0x00, 0x00, 0x00, 0xBF,
    0xF3, 0x00, 0x00, 0x07, 0xFD, 0x00, 0x00, 0x00, 0xFF, 0xF2, 0x6F, 0xF6, 0x00, 0x00, 0x0D, 0xFF,
    0x30, 0x00, 0x02, 0xFF, 0xD0, 0x2F, 0xFA, 0x00, 0x00, 0x3F, 0xFF, 0x80, 0x00, 0x05, 0xFF, 0x70,
    0x0D, 0xFF, 0x00, 0x00, 0x8F, 0xFF, 0xF0, 0x00, 0x09, 0xFF, 0x20, 0x07, 0xFF, 0x30, 0x00, 0xFF,
    0xFF, 0xF4, 0x00, 0x0F, 0xFF, 0x00, 0x03, 0xFF, 0x60, 0x04, 0xFF, 0x5F, 0xF9, 0x00, 0x2F, 0xF8,
    0x00, 0x00, 0xFF, 0xB0, 0x08, 0xFF, 0x18, 0xFF, 0x10, 0x5F, 0xF4, 0x00, 0x00, 0x8F, 0xF1, 0x1F,
    0xF8, 0x04, 0xFF, 0x50, 0x9F, 0xF0, 0x00, 0x00, 0x4F, 0xF4, 0x5F, 0xF4, 0x00, 0xFF, 0x90, 0xFF,
    0x90, 0x00, 0x00, 0x0F, 0xF7, 0x9F, 0xF0, 0x00, 0x8F, 0xF4, 0xFF, 0x50, 0x00, 0x00, 0x09, 0xFD,
    0xFF, 0x70, 0x00, 0x2F, 0xFD, 0xFF, 0x10, 0x00, 0x00, 0x05, 0xFF, 0xFF, 0x20, 0x00, 0x0D, 0xFF,
    0xF9, 0x00, 0x00, 0x00, 0x01, 0xFF, 0xFD, 0x00, 0x00, 0x07, 0xFF, 0xF5, 0x00, 0x00, 0x00, 0x00,
    0xAF, 0xF6, 0x00, 0x00, 0x01, 0xFF, 0xF1, 0x00, 0x00, 0x00, 0x00, 0x5F, 0xF1, 0x00, 0x00, 0x00,
    0xBF, 0xB0, 0x00, 0x00, 0x7F, 0xFA, 0x00, 0x00, 0x04, 0xFF, 0xF1, 0x0B, 0xFF, 0x50, 0x00, 0x1D,
    0xFF, 0x40, 0x02, 0xFF, 0xF1, 0x00, 0x7F, 0xF9, 0x00, 0x00, 0x6F, 0xFA, 0x02, 0xFF, 0xF1, 0x00,
    0x00, 0x0B, 0xFF, 0x4B, 0xFF, 0x40, 0x00, 0x00, 0x02, 0xFF, 0xFF, 0xF9, 0x00, 0x00, 0x00, 0x00,
    0x5F, 0xFF, 0xF1, 0x00, 0x00, 0x00, 0x00, 0x1F, 0xFF, 0x60, 0x00, 0x00, 0x00, 0x00, 0x7F, 0xFF,
    0xF1, 0x00, 0x00, 0x00, 0x04, 0xFF, 0xFF, 0xFA, 0x00, 0x00, 0x00, 0x1F, 0xFF, 0x4A, 0xFF, 0x50,
    0x00, 0x00, 0x9F, 0xF8, 0x01, 0xFF, 0xF2, 0x00, 0x05, 0xFF, 0xD1, 0x00, 0x5F, 0xFB, 0x00, 0x1F,
    0xFF, 0x30, 0x00, 0x0A, 0xFF, 0x60, 0xAF, 0xF6, 0x00, 0x00, 0x01, 0xFF, 0xF3, 0x1F, 0xFF, 0x00,
    0x00, 0x00, 0x1F, 0xFF, 0x10, 0x9F, 0xF4, 0x00, 0x00, 0x05, 0xFF, 0x80, 0x05, 0xFF, 0x90, 0x00,
    0x00, 0x9F, 0xF4, 0x00, 0x0F, 0xFF, 0x10, 0x00, 0x1F, 0xFF, 0x00, 0x00, 0x8F, 0xF5, 0x00, 0x05,
    0xFF, 0x80, 0x00, 0x02, 0xFF, 0xB0, 0x00, 0x9F, 0xF4, 0x00, 0x00, 0x0D, 0xFF, 0x10, 0x1F, 0xFD,
    0x00, 0x00, 0x00, 0x5F, 0xF5, 0x05, 0xFF, 0x70, 0x00, 0x00, 0x01, 0xFF, 0xD0, 0x9F, 0xF2, 0x00,
    0x00, 0x00, 0x09, 0xFF, 0x3F, 0xFD, 0x00, 0x00, 0x00, 0x00, 0x5F, 0xFD, 0xFF, 0x70, 0x00, 0x00,
    0x00, 0x00, 0xFF, 0xFF, 0xF1, 0x00, 0x00, 0x00, 0x00, 0x08, 0xFF, 0xFB, 0x00, 0x00, 0x00, 0x00,
    0x00, 0x2F, 0xFF, 0x50, 0x00, 0x00, 0x00, 0x00, 0x00, 0xDF, 0xF1, 0x00, 0x00, 0x00, 0x00, 0x00,
    0x1F, 0xFA, 0x00, 0x00, 0x00, 0x00, 0x00, 0x05, 0xFF, 0x50, 0x00, 0x00, 0x00, 0x00, 0x01, 0xDF,
    0xF1, 0x00, 0x00, 0x00, 0x00, 0x2A, 0xFF, 0xF9, 0x00, 0x00, 0x00, 0x00, 0x03, 0xFF, 0xFF, 0x30,
    0x00, 0x00, 0x00, 0x00, 0x3F, 0xFD, 0x40, 0x00, 0x00, 0x00, 0x00, 0x01, 0x31, 0x00, 0x00, 0x00,
    0x00, 0x00, 0xFF, 0xFF, 0xFF, 0xFF, 0xFF, 0xA0, 0xFF, 0xFF, 0xFF, 0xFF, 0xFF, 0xA0, 0xFF, 0xFF,
    0xFF, 0xFF, 0xFF, 0x90, 0x00, 0x00, 0x00, 0x1F, 0xFF, 0x10, 0x00, 0x00, 0x00, 0xAF, 0xF3, 0x00,
    0x00, 0x00, 0x07, 0xFF, 0x60, 0x00, 0x00, 0x00, 0x5F, 0xFA, 0x00, 0x00, 0x00, 0x02, 0xFF, 0xD1,
    0x00, 0x00, 0x00, 0x1D, 0xFF, 0x20, 0x00, 0x00, 0x00, 0x9F, 0xF5, 0x00, 0x00, 0x00, 0x06, 0xFF,
    0x90, 0x00, 0x00, 0x00, 0x4F, 0xFB, 0x10, 0x00, 0x00, 0x00, 0xFF, 0xFF, 0xFF, 0xFF, 0xFF, 0xF3,
    0xFF, 0xFF, 0xFF, 0xFF, 0xFF, 0xF3, 0xFF, 0xFF, 0xFF, 0xFF, 0xFF, 0xF3, 0x00, 0x01, 0xBF, 0xFF,
    0x30, 0x00, 0xAF, 0xFF, 0xF3, 0x00, 0x1F, 0xFF, 0x51, 0x00, 0x05, 0xFF, 0x90, 0x00, 0x00, 0x6F,
    0xF6, 0x00, 0x00, 0x06, 0xFF, 0x60, 0x00, 0x00, 0x6F, 0xF6, 0x00, 0x00, 0x06, 0xFF, 0x60, 0x00,
    0x00, 0x6F, 0xF6, 0x00, 0x00, 0x06, 0xFF, 0x60, 0x00, 0x00, 0x6F, 0xF6, 0x00, 0x00, 0x07, 0xFF,
    0x60, 0x00, 0x03, 0xFF, 0xF4, 0x00, 0x0F, 0xFF, 0xFF, 0x10, 0x00, 0xFF, 0xFF, 0x50, 0x00, 0x0F,
    0xFF, 0xFD, 0x00, 0x00, 0x03, 0xFF, 0xF4, 0x00, 0x00, 0x07, 0xFF, 0x60, 0x00, 0x00, 0x6F, 0xF6,
    0x00, 0x00, 0x06, 0xFF, 0x60, 0x00, 0x00, 0x6F, 0xF6, 0x00, 0x00, 0x06, 0xFF, 0x60, 0x00, 0x00,
    0x6F, 0xF6, 0x00, 0x00, 0x06, 0xFF, 0x60, 0x00, 0x00, 0x6F, 0xF6, 0x00, 0x00, 0x05, 0xFF, 0x90,
    0x00, 0x00, 0x1F, 0xFF, 0x51, 0x00, 0x00, 0xAF, 0xFF, 0xF3, 0x00, 0x01, 0xBF, 0xFF, 0x30, 0x00,
    0x01, 0x6B, 0xF3, 0x3F, 0xFA, 0x3F, 0xFA, 0x3F, 0xFA, 0x3F, 0xFA, 0x3F, 0xFA, 0x3F, 0xFA, 0x3F,
    0xFA, 0x3F, 0xFA, 0x3F, 0xFA, 0x3F, 0xFA, 0x3F, 0xFA, 0x3F, 0xFA, 0x3F, 0xFA, 0x3F, 0xFA, 0x3F,
    0xFA, 0x3F, 0xFA, 0x3F, 0xFA, 0x3F, 0xFA, 0x3F, 0xFA, 0x3F, 0xFA, 0x3F, 0xFA, 0x3F, 0xFA, 0x3F,
    0xFA, 0x3F, 0xFA, 0x3F, 0xFA, 0x3F, 0xFA, 0x3F, 0xFA, 0x6F, 0xFF, 0xA0, 0x00, 0x06, 0xFF, 0xFF,
    0x60, 0x00, 0x01, 0x8F, 0xFF, 0x00, 0x00, 0x00, 0xDF, 0xF2, 0x00, 0x00, 0x0A, 0xFF, 0x30, 0x00,
    0x00, 0xAF, 0xF3, 0x00, 0x00, 0x0A, 0xFF, 0x30, 0x00, 0x00, 0xAF, 0xF3, 0x00, 0x00, 0x0A, 0xFF,
    0x30, 0x00, 0x00, 0xAF, 0xF3, 0x00, 0x00, 0x0A, 0xFF, 0x30, 0x00, 0x00, 0xAF, 0xF5, 0x00, 0x00,
    0x06, 0xFF, 0xB1, 0x00, 0x00, 0x1F, 0xFF, 0xFA, 0x00, 0x00, 0x8F, 0xFF, 0xA0, 0x00, 0x1F, 0xFF,
    0xFA, 0x00, 0x06, 0xFF, 0xB1, 0x00, 0x00, 0xAF, 0xF5, 0x00, 0x00, 0x0A, 0xFF, 0x30, 0x00, 0x00,
    0xAF, 0xF3, 0x00, 0x00, 0x0A, 0xFF, 0x30, 0x00, 0x00, 0xAF, 0xF3, 0x00, 0x00, 0x0A, 0xFF, 0x30,
    0x00, 0x00, 0xAF, 0xF3, 0x00, 0x00, 0x0A, 0xFF, 0x30, 0x00, 0x00, 0xDF, 0xF2, 0x00, 0x01, 0x8F,
    0xFF, 0x00, 0x06, 0xFF, 0xFF, 0x60, 0x00, 0x6F, 0xFF, 0xB1, 0x00, 0x06, 0xFA, 0x50, 0x00, 0x00,
    0x07, 0xFF, 0x93, 0x00, 0x1F, 0xF6, 0x5F, 0xFF, 0xFF, 0x71, 0x5F, 0xF6, 0xAF, 0xFF, 0xFF, 0xFF,
    0xFF, 0xF3, 0xFF, 0xD1, 0x3B, 0xFF, 0xFF, 0xF0, 0xFF, 0xA0, 0x00, 0x6D, 0xFD, 0x20,
};
static const smooth_glyph_t instrument_30_glyphs[] = {
    {0, 0, 0, 9, 0, 0},
    {0, 4, 21, 9, 2, 3},
    {42, 8, 7, 12, 2, 3},
    {70, 17, 21, 19, 1, 3},
    {249, 15, 25, 18, 1, 1},
    {437, 19, 21, 21, 1, 3},
    {637, 17, 21, 20, 2, 3},
    {816, 4, 7, 6, 1, 3},
    {830, 8, 29, 11, 2, 0},
    {946, 8, 29, 11, 0, 0},
    {1062, 12, 11, 13, 0, 1},
    {1128, 12, 13, 16, 2, 8},
    {1206, 4, 8, 7, 1, 21},
    {1222, 11, 3, 15, 2, 15},
    {1239, 4, 3, 7, 1, 21},
    {1245, 13, 28, 12, 0, 0},
    {1427, 13, 21, 17, 2, 3},
    {1564, 7, 21, 10, 1, 3},
    {1638, 13, 21, 16, 1, 3},
    {1775, 13, 21, 16, 1, 3},
    {1912, 14, 21, 18, 2, 3},
    {2059, 13, 21, 17, 2, 3},
    {2196, 13, 21, 16, 1, 3},
    {2333, 13, 21, 16, 1, 3},
    {2470, 13, 21, 17, 2, 3},
    {2607, 13, 21, 16, 1, 3},
    {2744, 4, 15, 7, 1, 9},
    {2774, 4, 20, 7, 1, 9},
    {2814, 10, 12, 13, 1, 8},
    {2874, 10, 8, 14, 2, 10},
    {2914, 10, 12, 13, 2, 8},
    {2974, 12, 21, 13, 0, 3},
    {3100, 23, 27, 27, 2, 3},
    {3411, 19, 21, 20, 0, 3},
    {3611, 16, 21, 20, 2, 3},
    {3779, 15, 21, 19, 2, 3},
    {3937, 16, 21, 20, 2, 3},
    {4105, 15, 21, 18, 2, 3},
    {4263, 14, 21, 17, 2, 3},
    {4410, 16, 21, 20, 2, 3},
    {4578, 16, 21, 21, 2, 3},
    {4746, 4, 21, 9, 2, 3},
    {4788, 13, 21, 16, 0, 3},
    {4925, 17, 21, 20, 2, 3},
    {5104, 15, 21, 18, 2, 3},
    {5262, 19, 21, 24, 2, 3},
    {5462, 17, 21, 22, 2, 3},
    {5641, 16, 21, 20, 2, 3},
    {5809, 16, 21, 19, 2, 3},
    {5977, 17, 22, 20, 2, 3},
    {6164, 16, 21, 20, 2, 3},
    {6332, 16, 21, 19, 1, 3},
    {6500, 16, 21, 15, -1, 3},
    {6668, 16, 21, 20, 2, 3},
    {6836, 18, 21, 18, 0, 3},
    {7025, 25, 21, 26, 0, 3},
    {7288, 17, 21, 18, 0, 3},
    {7467, 17, 21, 16, -1, 3},
    {7646, 14, 21, 17, 1, 3},
    {7793, 7, 29, 9, 2, 0},
    {7895, 14, 28, 12, -2, 0},
    {8091, 6, 29, 9, 0, 0},
    {8178, 13, 8, 16, 1, 1},
    {8230, 13, 3, 14, 0, 24},
    {8250, 7, 6, 9, 1, 0},
    {8271, 13, 15, 16, 1, 9},
    {8369, 13, 21, 17, 2, 3},
    {8506, 12, 15, 15, 2, 9},
    {8596, 12, 21, 17, 2, 3},
    {8722, 13, 15, 17, 2, 9},
    {8820, 8, 21, 10, 1, 3},
    {8904, 12, 22, 17, 2, 9},
    {9036, 13, 21, 17, 2, 3},
    {9173, 4, 21, 8, 2, 3},
    {9215, 6, 28, 9, 0, 3},
    {9299, 14, 21, 16, 2, 3},
    {9446, 6, 21, 9, 2, 3},
    {9509, 22, 15, 26, 2, 9},
    {9674, 13, 15, 17, 2, 9},
    {9772, 13, 15, 17, 2, 9},
    {9870, 13, 22, 17, 2, 9},
    {10013, 12, 22, 17, 2, 9},
    {10145, 11, 15, 13, 2, 9},
    {10228, 13, 15, 16, 1, 9},
    {10326, 7, 20, 10, 1, 4},
    {10396, 13, 15, 17, 2, 9},
    {10494, 15, 15, 15, 0, 9},
    {10607, 22, 15, 24, 1, 9},
    {10772, 14, 15, 16, 1, 9},
    {10877, 15, 22, 15, 0, 9},
    {11042, 12, 15, 15, 2, 9},
    {11132, 9, 30, 11, 2, 0},
    {11267, 4, 27, 9, 2, 0},
    {11321, 9, 30, 11, 0, 0},
    {11456, 12, 5, 16, 2, 11}
};
const smooth_font_t instrument_30 = {instrument_30_bitmap, instrument_30_glyphs, 32, 126, 38};