#include "splash_bitmap.h"

const size_t splash_bitmap_rgb565_size = sizeof(splash_bitmap_rgb565);

const uint8_t splash_bitmap_rgb565[SPLASH_BITMAP_WIDTH * SPLASH_BITMAP_HEIGHT * 2U] = {
    0x00, 0x00, 0x00, 0x00, 0x00, 0x00, 0x00, 0x00, 0x00, 0x00, 0x00, 0x00, 0x00, 0x00, 0x00, 0x00, 
    0x00, 0x00, 0x00, 0x00, 0x00, 0x00, 0x00, 0x00, 0x00, 0x00, 0x00, 0x00, 0x00, 0x00, 0x00, 0x00, 
    0x00, 0x00, 0x00, 0x00, 0x00, 0x00, 0x00, 0x00, 0x00, 0x00, 0x00, 0x00, 0x00, 0x00, 0x00, 0x00, 
    0x00, 0x00, 0x00, 0x00, 0x00, 0x00, 0x00, 0x00, 0x00, 0x00, 0x00, 0x00, 0x00, 0x00, 0x00, 0x00, 
    0x00, 0x00, 0x00, 0x00, 0x00, 0x00, 0x00, 0x00, 0x00, 0x00, 0x00, 0x00, 0x00, 0x00, 0x00, 0x00, 
    0x00, 0x00, 0x00, 0x00, 0x00, 0x00, 0x00, 0x00, 0x00, 0x00, 0x00, 0x00, 0x00, 0x00, 0x00, 0x00, 
    0x00, 0x00, 0x00, 0x00, 0x00, 0x00, 0x00, 0x00, 0x00, 0x00, 0x00, 0x00, 0x00, 0x00, 0x00, 0x00, 
    0x00, 0x00, 0x00, 0x00, 0x00, 0x00, 0x00, 0x00, 0x00, 0x00, 0x00, 0x00, 0x00, 0x00, 0x00, 0x00, 
    0x00, 0x00, 0x00, 0x00, 0x00, 0x00, 0x00, 0x00, 0x00, 0x00, 0x00, 0x00, 0x00, 0x00, 0x00, 0x00, 
    0x00, 0x00, 0x00, 0x00, 0x00, 0x00, 0x00, 0x00, 0x00, 0x00, 0x00, 0x00, 0x00, 0x00, 0x00, 0x00, 
    0x00, 0x00, 0x00, 0x00, 0x00, 0x00, 0x00, 0x00, 0x00, 0x00, 0x00, 0x00, 0x00, 0x00, 0x00, 0x00, 
    0x00, 0x00, 0x00, 0x00, 0x00, 0x00, 0x00, 0x00, 0x00, 0x00, 0x00, 0x00, 0x00, 0x00, 0x00, 0x00, 
    0x00, 0x00, 0x00, 0x00, 0x00, 0x00, 0x00, 0x00, 0x00, 0x00, 0x00, 0x00, 0x00, 0x00, 0x00, 0x00, 
    0x00, 0x00, 0x00, 0x00, 0x00, 0x00, 0x00, 0x00, 0x00, 0x00, 0x00, 0x00, 0x00, 0x00, 0x00, 0x00, 
    0x00, 0x00, 0x00, 0x00, 0x00, 0x00, 0x00, 0x00, 0x00, 0x00, 0x00, 0x00, 0x00, 0x00, 0x00, 0x00, 
    0x00, 0x00, 0x00, 0x00, 0x00, 0x00, 0x00, 0x00, 0x00, 0x00, 0x00, 0x00, 0x00, 0x00, 0x00, 0x00, 
    0x00, 0x00, 0x00, 0x00, 0x00, 0x00, 0x00, 0x00, 0x00, 0x00, 0x00, 0x00, 0x00, 0x00, 0x00, 0x00, 
    0x00, 0x00, 0x00, 0x00, 0x00, 0x00, 0x00, 0x00, 0x00, 0x00, 0x00, 0x00, 0x00, 0x00, 0x00, 0x00, 
    0x00, 0x00, 0x00, 0x00, 0x00, 0x00, 0x00, 0x00, 0x00, 0x00, 0x00, 0x00, 0x00, 0x00, 0x00, 0x00, 
    0x00, 0x00, 0x00, 0x00, 0x00, 0x00, 0x00, 0x00, 0x00, 0x00, 0x00, 0x00, 0x00, 0x00, 0x00, 0x00, 
    0x00, 0x00, 0x00, 0x00, 0x00, 0x00, 0x00, 0x00, 0x00, 0x00, 0x00, 0x00, 0x00, 0x00, 0x00, 0x00, 
    0x00, 0x00, 0x00, 0x00, 0x00, 0x00, 0x00, 0x00, 0x00, 0x00, 0x00, 0x00, 0x00, 0x00, 0x00, 0x00, 
    0x00, 0x00, 0x00, 0x00, 0x00, 0x00, 0x00, 0x00, 0x00, 0x00, 0x00, 0x00, 0x00, 0x00, 0x00, 0x00, 
    0x00, 0x00, 0x00, 0x00, 0x00, 0x00, 0x00, 0x00, 0x00, 0x00, 0x00, 0x00, 0x00, 0x00, 0x00, 0x00, 
    0x00, 0x00, 0x00, 0x00, 0x00, 0x00, 0x00, 0x00, 0x00, 0x00, 0x00, 0x00, 0x00, 0x00, 0x00, 0x00, 
    0x00, 0x00, 0x00, 0x00, 0x00, 0x00, 0x00, 0x00, 0x00, 0x00, 0x00, 0x00, 0x00, 0x00, 0x00, 0x00, 
    0x00, 0x00, 0x00, 0x00, 0x00, 0x00, 0x00, 0x00, 0x00, 0x00, 0x00, 0x00, 0x00, 0x00, 0x00, 0x00, 
    0x00, 0x00, 0x00, 0x00, 0x00, 0x00, 0x00, 0x00, 0x00, 0x00, 0x00, 0x00, 0x00, 0x00, 0x00, 0x00, 
    0x00, 0x00, 0x00, 0x00, 0x00, 0x00, 0x00, 0x00, 0x00, 0x00, 0x00, 0x00, 0x00, 0x00, 0x00, 0x00, 
    0x00, 0x00, 0x00, 0x00, 0x00, 0x00, 0x00, 0x00, 0x00, 0x00, 0x00, 0x00, 0x00, 0x00, 0x00, 0x00, 
    0x00, 0x00, 0x00, 0x00, 0x00, 0x00, 0x00, 0x00, 0x00, 0x00, 0x00, 0x00, 0x00, 0x00, 0x00, 0x00, 
    0x00, 0x00, 0x00, 0x00, 0x00, 0x00, 0x00, 0x00, 0x00, 0x00, 0x00, 0x00, 0x00, 0x00, 0x00, 0x00, 
    0x00, 0x00, 0x00, 0x00, 0x00, 0x00, 0x00, 0x00, 0x00, 0x00, 0x00, 0x00, 0x00, 0x00, 0x00, 0x00, 
    0x00, 0x00, 0x00, 0x00, 0x00, 0x00, 0x00, 0x00, 0x00, 0x00, 0x00, 0x00, 0x00, 0x00, 0x00, 0x00, 
    0x00, 0x00, 0x00, 0x00, 0x00, 0x00, 0x00, 0x00, 0x00, 0x00, 0x00, 0x00, 0x00, 0x00, 0x00, 0x00, 
    0x00, 0x00, 0x00, 0x00, 0x00, 0x00, 0x00, 0x00, 0x00, 0x00, 0x00, 0x00, 0x00, 0x00, 0x00, 0x00, 
    0x00, 0x00, 0x00, 0x00, 0x00, 0x00, 0x00, 0x00, 0x00, 0x00, 0x00, 0x00, 0x00, 0x00, 0x00, 0x00, 
    0x00, 0x00, 0x00, 0x00, 0x00, 0x00, 0x00, 0x00, 0x00, 0x00, 0x00, 0x00, 0x00, 0x00, 0x00, 0x00, 
    0x00, 0x00, 0x00, 0x00, 0x00, 0x00, 0x00, 0x00, 0x00, 0x00, 0x00, 0x00, 0x00, 0x00, 0x00, 0x00, 
    0x00, 0x00, 0x00, 0x00, 0x00, 0x00, 0x00, 0x00, 0x00, 0x00, 0x00, 0x00, 0x00, 0x00, 0x00, 0x00, 
    0x00, 0x00, 0x00, 0x00, 0x00, 0x00, 0x00, 0x00, 0x00, 0x00, 0x00, 0x00, 0x00, 0x00, 0x00, 0x00, 
    0x00, 0x00, 0x00, 0x00, 0x00, 0x00, 0x00, 0x00, 0x00, 0x00, 0x00, 0x00, 0x00, 0x00, 0x00, 0x00, 
    0x00, 0x00, 0x00, 0x00, 0x00, 0x00, 0x00, 0x00, 0x00, 0x00, 0x00, 0x00, 0x00, 0x00, 0x00, 0x00, 
    0x00, 0x00, 0x00, 0x00, 0x00, 0x00, 0x00, 0x00, 0x00, 0x00, 0x00, 0x00, 0x00, 0x00, 0x00, 0x00, 
    0x00, 0x00, 0x00, 0x00, 0x00, 0x00, 0x00, 0x00, 0x00, 0x00, 0x00, 0x00, 0x00, 0x00, 0x00, 0x00, 
    0x00, 0x00, 0x00, 0x00, 0x00, 0x00, 0x00, 0x00, 0x00, 0x00, 0x00, 0x00, 0x00, 0x00, 0x00, 0x00, 
    0x00, 0x00, 0x00, 0x00, 0x00, 0x00, 0x00, 0x00, 0x00, 0x00, 0x00, 0x00, 0x00, 0x00, 0x00, 0x00, 
    0x00, 0x00, 0x00, 0x00, 0x00, 0x00, 0x00, 0x00, 0x00, 0x00, 0x00, 0x00, 0x00, 0x00, 0x00, 0x00, 
    0x00, 0x00, 0x00, 0x00, 0x00, 0x00, 0x00, 0x00, 0x00, 0x00, 0x00, 0x00, 0x00, 0x00, 0x00, 0x00, 
    0x00, 0x00, 0x00, 0x00, 0x00, 0x00, 0x00, 0x00, 0x00, 0x00, 0x00, 0x00, 0x00, 0x00, 0x00, 0x00, 
    0x00, 0x00, 0x00, 0x00, 0x00, 0x00, 0x00, 0x00, 0x00, 0x00, 0x00, 0x00, 0x00, 0x00, 0x00, 0x00, 
    0x00, 0x00, 0x00, 0x00, 0x00, 0x00, 0x00, 0x00, 0x00, 0x00, 0x00, 0x00, 0x00, 0x00, 0x00, 0x00, 
    0x00, 0x00, 0x00, 0x00, 0x00, 0x00, 0x00, 0x00, 0x00, 0x00, 0x00, 0x00, 0x00, 0x00, 0x00, 0x00, 
    0x00, 0x00, 0x00, 0x00, 0x00, 0x00, 0x00, 0x00, 0x00, 0x00, 0x00, 0x00, 0x00, 0x00, 0x00, 0x00, 
    0x00, 0x00, 0x00, 0x00, 0x00, 0x00, 0x00, 0x00, 0x00, 0x00, 0x00, 0x00, 0x00, 0x00, 0x00, 0x00, 
    0x00, 0x00, 0x00, 0x00, 0x00, 0x00, 0x00, 0x00, 0x00, 0x00, 0x00, 0x00, 0x00, 0x00, 0x00, 0x00, 
    0x00, 0x00, 0x00, 0x00, 0x00, 0x00, 0x00, 0x00, 0x00, 0x00, 0x00, 0x00, 0x00, 0x00, 0x00, 0x00, 
    0x00, 0x00, 0x00, 0x00, 0x00, 0x00, 0x00, 0x00, 0x00, 0x00, 0x00, 0x00, 0x00, 0x00, 0x00, 0x00, 
    0x00, 0x00, 0x00, 0x00, 0x00, 0x00, 0x00, 0x00, 0x00, 0x00, 0x00, 0x00, 0x00, 0x00, 0x00, 0x00, 
    0x00, 0x00, 0x00, 0x00, 0x00, 0x00, 0x00, 0x00, 0x00, 0x00, 0x00, 0x00, 0x00, 0x00, 0x00, 0x00, 
    0x00, 0x00, 0x00, 0x00, 0x00, 0x00, 0x00, 0x00, 0x00, 0x00, 0x00, 0x00, 0x00, 0x00, 0x00, 0x00, 
    0x00, 0x00, 0x00, 0x00, 0x00, 0x00, 0x00, 0x00, 0x00, 0x00, 0x00, 0x00, 0x00, 0x00, 0x00, 0x00, 
    0x00, 0x00, 0x00, 0x00, 0x00, 0x00, 0x00, 0x00, 0x00, 0x00, 0x00, 0x00, 0x00, 0x00, 0x00, 0x00, 
    0x00, 0x00, 0x00, 0x00, 0x00, 0x00, 0x00, 0x00, 0x00, 0x00, 0x00, 0x00, 0x00, 0x00, 0x00, 0x00, 
    0x00, 0x00, 0x00, 0x00, 0x00, 0x00, 0x00, 0x00, 0x00, 0x00, 0x00, 0x00, 0x00, 0x00, 0x00, 0x00, 
    0x00, 0x00, 0x00, 0x00, 0x00, 0x00, 0x00, 0x00, 0x00, 0x00, 0x00, 0x00, 0x00, 0x00, 0x00, 0x00, 
    0x00, 0x00, 0x00, 0x00, 0x00, 0x00, 0x00, 0x00, 0x00, 0x00, 0x00, 0x00, 0x00, 0x00, 0x00, 0x00, 
    0x00, 0x00, 0x00, 0x00, 0x00, 0x00, 0x00, 0x00, 0x00, 0x00, 0x00, 0x00, 0x00, 0x00, 0x00, 0x00, 
    0x00, 0x00, 0x00, 0x00, 0x00, 0x00, 0x00, 0x00, 0x00, 0x00, 0x00, 0x00, 0x00, 0x00, 0x00, 0x00, 
    0x00, 0x00, 0x00, 0x00, 0x00, 0x00, 0x00, 0x00, 0x00, 0x00, 0x00, 0x00, 0x00, 0x00, 0x00, 0x00, 
    0x00, 0x00, 0x00, 0x00, 0x00, 0x00, 0x00, 0x00, 0x00, 0x00, 0x00, 0x00, 0x00, 0x00, 0x00, 0x00, 
    0x00, 0x00, 0x00, 0x00, 0x00, 0x00, 0x00, 0x00, 0x00, 0x00, 0x00, 0x00, 0x00, 0x00, 0x00, 0x00, 
    0x00, 0x00, 0x00, 0x00, 0x00, 0x00, 0x00, 0x00, 0x00, 0x00, 0x00, 0x00, 0x00, 0x00, 0x00, 0x00, 
    0x00, 0x00, 0x00, 0x00, 0x00, 0x00, 0x00, 0x00, 0x00, 0x00, 0x00, 0x00, 0x00, 0x00, 0x00, 0x00, 
    0x00, 0x00, 0x00, 0x00, 0x00, 0x00, 0x00, 0x00, 0x00, 0x00, 0x00, 0x00, 0x00, 0x00, 0x00, 0x00, 
    0x00, 0x00, 0x00, 0x00, 0x00, 0x00, 0x00, 0x00, 0x00, 0x00, 0x00, 0x00, 0x00, 0x00, 0x00, 0x00, 
    0x00, 0x00, 0x00, 0x00, 0x00, 0x00, 0x00, 0x00, 0x00, 0x00, 0x00, 0x00, 0x00, 0x00, 0x00, 0x00, 
    0x00, 0x00, 0x00, 0x00, 0x00, 0x00, 0x00, 0x00, 0x00, 0x00, 0x00, 0x00, 0x00, 0x00, 0x00, 0x00, 
    0x00, 0x00, 0x00, 0x00, 0x00, 0x00, 0x00, 0x00, 0x00, 0x00, 0x00, 0x00, 0x00, 0x00, 0x00, 0x00, 
    0x00, 0x00, 0x00, 0x00, 0x00, 0x00, 0x00, 0x00, 0x00, 0x00, 0x00, 0x00, 0x00, 0x00, 0x00, 0x00, 
    0x00, 0x00, 0x00, 0x00, 0x00, 0x00, 0x00, 0x00, 0x00, 0x00, 0x00, 0x00, 0x00, 0x00, 0x00, 0x00, 
    0x00, 0x00, 0x00, 0x00, 0x00, 0x00, 0x00, 0x00, 0x00, 0x00, 0x00, 0x00, 0x00, 0x00, 0x00, 0x00, 
    0x00, 0x00, 0x00, 0x00, 0x00, 0x00, 0x00, 0x00, 0x00, 0x00, 0x00, 0x00, 0x00, 0x00, 0x00, 0x00, 
    0x00, 0x00, 0x00, 0x00, 0x00, 0x00, 0x00, 0x00, 0x00, 0x00, 0x00, 0x00, 0x00, 0x00, 0x00, 0x00, 
    0x00, 0x00, 0x00, 0x00, 0x00, 0x00, 0x00, 0x00, 0x00, 0x00, 0x00, 0x00, 0x00, 0x00, 0x00, 0x00, 
    0x00, 0x00, 0x00, 0x00, 0x00, 0x00, 0x00, 0x00, 0x00, 0x00, 0x00, 0x00, 0x00, 0x00, 0x00, 0x00, 
    0x00, 0x00, 0x00, 0x00, 0x00, 0x00, 0x00, 0x00, 0x00, 0x00, 0x00, 0x00, 0x00, 0x00, 0x00, 0x00, 
    0x00, 0x00, 0x00, 0x00, 0x00, 0x00, 0x00, 0x00, 0x00, 0x00, 0x00, 0x00, 0x00, 0x00, 0x00, 0x00, 
    0x00, 0x00, 0x00, 0x00, 0x00, 0x00, 0x00, 0x00, 0x00, 0x00, 0x00, 0x00, 0x00, 0x00, 0x00, 0x00, 
    0x00, 0x00, 0x00, 0x00, 0x00, 0x00, 0x00, 0x00, 0x00, 0x00, 0x00, 0x00, 0x00, 0x00, 0x00, 0x00, 
    0x00, 0x00, 0x00, 0x00, 0x00, 0x00, 0x00, 0x00, 0x00, 0x00, 0x00, 0x00, 0x00, 0x00, 0x00, 0x00, 
    0x00, 0x00, 0x00, 0x00, 0x00, 0x00, 0x00, 0x00, 0x00, 0x00, 0x00, 0x00, 0x00, 0x00, 0x00, 0x00, 
    0x00, 0x00, 0x00, 0x00, 0x00, 0x00, 0x00, 0x00, 0x00, 0x00, 0x00, 0x00, 0x00, 0x00, 0x00, 0x00, 
    0x00, 0x00, 0x00, 0x00, 0x00, 0x00, 0x00, 0x00, 0x00, 0x00, 0x00, 0x00, 0x00, 0x00, 0x00, 0x00, 
    0x00, 0x00, 0x00, 0x00, 0x00, 0x00, 0x00, 0x00, 0x00, 0x00, 0x00, 0x00, 0x00, 0x00, 0x00, 0x00, 
    0x00, 0x00, 0x00, 0x00, 0x00, 0x00, 0x00, 0x00, 0x00, 0x00, 0x00, 0x00, 0x00, 0x00, 0x00, 0x00, 
    0x00, 0x00, 0x00, 0x00, 0x00, 0x00, 0x00, 0x00, 0x00, 0x00, 0x00, 0x00, 0x00, 0x00, 0x00, 0x00, 
    0x00, 0x00, 0x00, 0x00, 0x00, 0x00, 0x00, 0x00, 0x00, 0x00, 0x00, 0x00, 0x00, 0x00, 0x00, 0x00, 
    0x00, 0x00, 0x00, 0x00, 0x00, 0x00, 0x00, 0x00, 0x00, 0x00, 0x00, 0x00, 0x00, 0x00, 0x00, 0x00, 
    0x00, 0x00, 0x00, 0x00, 0x00, 0x00, 0x00, 0x00, 0x00, 0x00, 0x00, 0x00, 0x00, 0x00, 0x00, 0x00, 
    0x00, 0x00, 0x00, 0x00, 0x00, 0x00, 0x00, 0x00, 0x00, 0x00, 0x00, 0x00, 0x00, 0x00, 0x00, 0x00, 
    0x00, 0x00, 0x00, 0x00, 0x00, 0x00, 0x00, 0x00, 0x00, 0x00, 0x00, 0x00, 0x00, 0x00, 0x00, 0x00, 
    0x00, 0x00, 0x00, 0x00, 0x00, 0x00, 0x00, 0x00, 0x00, 0x00, 0x00, 0x00, 0x00, 0x00, 0x00, 0x00, 
    0x00, 0x00, 0x00, 0x00, 0x00, 0x00, 0x00, 0x00, 0x00, 0x00, 0x00, 0x00, 0x00, 0x00, 0x00, 0x00, 
    0x00, 0x00, 0x00, 0x00, 0x00, 0x00, 0x00, 0x00, 0x00, 0x00, 0x00, 0x00, 0x00, 0x00, 0x00, 0x00, 
    0x00, 0x00, 0x00, 0x00, 0x00, 0x00, 0x00, 0x00, 0x00, 0x00, 0x00, 0x00, 0x00, 0x00, 0x00, 0x00, 
    0x00, 0x00, 0x00, 0x00, 0x00, 0x00, 0x00, 0x00, 0x00, 0x00, 0x00, 0x00, 0x00, 0x00, 0x00, 0x00, 
    0x00, 0x00, 0x00, 0x00, 0x00, 0x00, 0x00, 0x00, 0x00, 0x00, 0x00, 0x00, 0x00, 0x00, 0x00, 0x00, 
    0x00, 0x00, 0x00, 0x00, 0x00, 0x00, 0x00, 0x00, 0x00, 0x00, 0x00, 0x00, 0x00, 0x00, 0x00, 0x00, 
    0x00, 0x00, 0x00, 0x00, 0x00, 0x00, 0x00, 0x00, 0x00, 0x00, 0x00, 0x00, 0x00, 0x00, 0x00, 0x00, 
    0x00, 0x00, 0x00, 0x00, 0x00, 0x00, 0x00, 0x00, 0x00, 0x00, 0x00, 0x00, 0x00, 0x00, 0x00, 0x00, 
    0x00, 0x00, 0x00, 0x00, 0x00, 0x00, 0x00, 0x00, 0x00, 0x00, 0x00, 0x00, 0x00, 0x00, 0x00, 0x00, 
    0x00, 0x00, 0x00, 0x00, 0x00, 0x00, 0x00, 0x00, 0x00, 0x00, 0x00, 0x00, 0x00, 0x00, 0x00, 0x00, 
    0x00, 0x00, 0x00, 0x00, 0x00, 0x00, 0x00, 0x00, 0x00, 0x00, 0x00, 0x00, 0x00, 0x00, 0x00, 0x00, 
    0x00, 0x00, 0x00, 0x00, 0x00, 0x00, 0x00, 0x00, 0x00, 0x00, 0x00, 0x00, 0x00, 0x00, 0x00, 0x00, 
    0x00, 0x00, 0x00, 0x00, 0x00, 0x00, 0x00, 0x00, 0x00, 0x00, 0x00, 0x00, 0x00, 0x00, 0x00, 0x00, 
    0x00, 0x00, 0x00, 0x00, 0x00, 0x00, 0x00, 0x00, 0x00, 0x00, 0x00, 0x00, 0x00, 0x00, 0x00, 0x00, 
    0x00, 0x00, 0x00, 0x00, 0x00, 0x00, 0x00, 0x00, 0x00, 0x00, 0x00, 0x00, 0x00, 0x00, 0x00, 0x00, 
    0x00, 0x00, 0x00, 0x00, 0x00, 0x00, 0x00, 0x00, 0x00, 0x00, 0x00, 0x00, 0x00, 0x00, 0x00, 0x00, 
    0x00, 0x00, 0x00, 0x00, 0x00, 0x00, 0x00, 0x00, 0x00, 0x00, 0x00, 0x00, 0x00, 0x00, 0x00, 0x00, 
    0x00, 0x00, 0x00, 0x00, 0x00, 0x00, 0x00, 0x00, 0x00, 0x00, 0x00, 0x00, 0x00, 0x00, 0x00, 0x00, 
    0x00, 0x00, 0x00, 0x00, 0x00, 0x00, 0x00, 0x00, 0x00, 0x00, 0x00, 0x00, 0x00, 0x00, 0x00, 0x00, 
    0x00, 0x00, 0x00, 0x00, 0x00, 0x00, 0x00, 0x00, 0x00, 0x00, 0x00, 0x00, 0x00, 0x00, 0x00, 0x00, 
    0x00, 0x00, 0x00, 0x00, 0x00, 0x00, 0x00, 0x00, 0x00, 0x00, 0x00, 0x00, 0x00, 0x00, 0x00, 0x00, 
    0x00, 0x00, 0x00, 0x00, 0x00, 0x00, 0x00, 0x00, 0x00, 0x00, 0x00, 0x00, 0x00, 0x00, 0x00, 0x00, 
    0x00, 0x00, 0x00, 0x00, 0x00, 0x00, 0x00, 0x00, 0x00, 0x00, 0x00, 0x00, 0x00, 0x00, 0x00, 0x00, 
    0x00, 0x00, 0x00, 0x00, 0x00, 0x00, 0x00, 0x00, 0x00, 0x00, 0x00, 0x00, 0x00, 0x00, 0x00, 0x00, 
    0x00, 0x00, 0x00, 0x00, 0x00, 0x00, 0x00, 0x00, 0x00, 0x00, 0x00, 0x00, 0x00, 0x00, 0x00, 0x00, 
    0x00, 0x00, 0x00, 0x00, 0x00, 0x00, 0x00, 0x00, 0x00, 0x00, 0x00, 0x00, 0x00, 0x00, 0x00, 0x00, 
    0x00, 0x00, 0x00, 0x00, 0x00, 0x00, 0x00, 0x00, 0x00, 0x00, 0x00, 0x00, 0x00, 0x00, 0x00, 0x00, 
    0x00, 0x00, 0x00, 0x00, 0x00, 0x00, 0x00, 0x00, 0x00, 0x00, 0x00, 0x00, 0x00, 0x00, 0x00, 0x00, 
    0x00, 0x00, 0x00, 0x00, 0x00, 0x00, 0x00, 0x00, 0x00, 0x00, 0x00, 0x00, 0x00, 0x00, 0x00, 0x00, 
    0x00, 0x00, 0x00, 0x00, 0x00, 0x00, 0x00, 0x00, 0x00, 0x00, 0x00, 0x00, 0x00, 0x00, 0x00, 0x00, 
    0x00, 0x00, 0x00, 0x00, 0x00, 0x00, 0x00, 0x00, 0x00, 0x00, 0x00, 0x00, 0x00, 0x00, 0x00, 0x00, 
    0x00, 0x00, 0x00, 0x00, 0x00, 0x00, 0x00, 0x00, 0x00, 0x00, 0x00, 0x00, 0x00, 0x00, 0x00, 0x00, 
    0x00, 0x00, 0x00, 0x00, 0x00, 0x00, 0x00, 0x00, 0x00, 0x00, 0x00, 0x00, 0x00, 0x00, 0x00, 0x00, 
    0x00, 0x00, 0x00, 0x00, 0x00, 0x00, 0x00, 0x00, 0x00, 0x00, 0x00, 0x00, 0x00, 0x00, 0x00, 0x00, 
    0x00, 0x00, 0x00, 0x00, 0x00, 0x00, 0x00, 0x00, 0x00, 0x00, 0x00, 0x00, 0x00, 0x00, 0x00, 0x00, 
    0x00, 0x00, 0x00, 0x00, 0x00, 0x00, 0x00, 0x00, 0x00, 0x00, 0x00, 0x00, 0x00, 0x00, 0x00, 0x00, 
    0x00, 0x00, 0x00, 0x00, 0x00, 0x00, 0x00, 0x00, 0x00, 0x00, 0x00, 0x00, 0x00, 0x00, 0x00, 0x00, 
    0x00, 0x00, 0x00, 0x00, 0x00, 0x00, 0x00, 0x00, 0x00, 0x00, 0x00, 0x00, 0x00, 0x00, 0x00, 0x00, 
    0x00, 0x00, 0x00, 0x00, 0x00, 0x00, 0x00, 0x00, 0x00, 0x00, 0x00, 0x00, 0x00, 0x00, 0x00, 0x00, 
    0x00, 0x00, 0x00, 0x00, 0x00, 0x00, 0x00, 0x00, 0x00, 0x00, 0x00, 0x00, 0x00, 0x00, 0x00, 0x00, 
    0x00, 0x00, 0x00, 0x00, 0x00, 0x00, 0x00, 0x00, 0x00, 0x00, 0x00, 0x00, 0x00, 0x00, 0x00, 0x00, 
    0x00, 0x00, 0x00, 0x00, 0x00, 0x00, 0x00, 0x00, 0x00, 0x00, 0x00, 0x00, 0x00, 0x00, 0x00, 0x00, 
    0x00, 0x00, 0x00, 0x00, 0x00, 0x00, 0x00, 0x00, 0x00, 0x00, 0x00, 0x00, 0x00, 0x00, 0x00, 0x00, 
    0x00, 0x00, 0x00, 0x00, 0x00, 0x00, 0x00, 0x00, 0x00, 0x00, 0x00, 0x00, 0x00, 0x00, 0x00, 0x00, 
    0x00, 0x00, 0x00, 0x00, 0x00, 0x00, 0x00, 0x00, 0x00, 0x00, 0x00, 0x00, 0x00, 0x00, 0x00, 0x00, 
    0x00, 0x00, 0x00, 0x00, 0x00, 0x00, 0x00, 0x00, 0x00, 0x00, 0x00, 0x00, 0x00, 0x00, 0x00, 0x00, 
    0x00, 0x00, 0x00, 0x00, 0x00, 0x00, 0x00, 0x00, 0x00, 0x00, 0x00, 0x00, 0x00, 0x00, 0x00, 0x00, 
    0x00, 0x00, 0x00, 0x00, 0x00, 0x00, 0x00, 0x00, 0x00, 0x00, 0x00, 0x00, 0x00, 0x00, 0x00, 0x00, 
    0x00, 0x00, 0x00, 0x00, 0x00, 0x00, 0x00, 0x00, 0x00, 0x00, 0x00, 0x00, 0x00, 0x00, 0x00, 0x00, 
    0x00, 0x00, 0x00, 0x00, 0x00, 0x00, 0x00, 0x00, 0x00, 0x00, 0x00, 0x00, 0x00, 0x00, 0x00, 0x00, 
    0x00, 0x00, 0x00, 0x00, 0x00, 0x00, 0x00, 0x00, 0x00, 0x00, 0x00, 0x00, 0x00, 0x00, 0x00, 0x00, 
    0x00, 0x00, 0x00, 0x00, 0x00, 0x00, 0x00, 0x00, 0x00, 0x00, 0x00, 0x00, 0x00, 0x00, 0x00, 0x00, 
    0x00, 0x00, 0x00, 0x00, 0x00, 0x00, 0x00, 0x00, 0x00, 0x00, 0x00, 0x00, 0x00, 0x00, 0x00, 0x00, 
    0x00, 0x00, 0x00, 0x00, 0x00, 0x00, 0x00, 0x00, 0x00, 0x00, 0x00, 0x00, 0x00, 0x00, 0x00, 0x00, 
    0x00, 0x00, 0x00, 0x00, 0x00, 0x00, 0x00, 0x00, 0x00, 0x00, 0x00, 0x00, 0x00, 0x00, 0x00, 0x00, 
    0x00, 0x00, 0x00, 0x00, 0x00, 0x00, 0x00, 0x00, 0x00, 0x00, 0x00, 0x00, 0x00, 0x00, 0x00, 0x00, 
    0x00, 0x00, 0x00, 0x00, 0x00, 0x00, 0x00, 0x00, 0x00, 0x00, 0x00, 0x00, 0x00, 0x00, 0x00, 0x00, 
    0x00, 0x00, 0x00, 0x00, 0x00, 0x00, 0x00, 0x00, 0x00, 0x00, 0x00, 0x00, 0x00, 0x00, 0x00, 0x00, 
    0x00, 0x00, 0x00, 0x00, 0x00, 0x00, 0x00, 0x00, 0x00, 0x00, 0x00, 0x00, 0x00, 0x00, 0x00, 0x00, 
    0x00, 0x00, 0x00, 0x00, 0x00, 0x00, 0x00, 0x00, 0x00, 0x00, 0x00, 0x00, 0x00, 0x00, 0x00, 0x00, 
    0x00, 0x00, 0x00, 0x00, 0x00, 0x00, 0x00, 0x00, 0x00, 0x00, 0x00, 0x00, 0x00, 0x00, 0x00, 0x00, 
    0x00, 0x00, 0x00, 0x00, 0x00, 0x00, 0x00, 0x00, 0x00, 0x00, 0x00, 0x00, 0x00, 0x00, 0x00, 0x00, 
    0x00, 0x00, 0x00, 0x00, 0x00, 0x00, 0x00, 0x00, 0x00, 0x00, 0x00, 0x00, 0x00, 0x00, 0x00, 0x00, 
    0x00, 0x00, 0x00, 0x00, 0x00, 0x00, 0x00, 0x00, 0x00, 0x00, 0x00, 0x00, 0x00, 0x00, 0x00, 0x00, 
    0x00, 0x00, 0x00, 0x00, 0x00, 0x00, 0x00, 0x00, 0x00, 0x00, 0x00, 0x00, 0x00, 0x00, 0x00, 0x00, 
    0x00, 0x00, 0x00, 0x00, 0x00, 0x00, 0x00, 0x00, 0x00, 0x00, 0x00, 0x00, 0x00, 0x00, 0x00, 0x00, 
    0x00, 0x00, 0x00, 0x00, 0x00, 0x00, 0x00, 0x00, 0x00, 0x00, 0x00, 0x00, 0x00, 0x00, 0x00, 0x00, 
    0x00, 0x00, 0x00, 0x00, 0x00, 0x00, 0x00, 0x00, 0x00, 0x00, 0x00, 0x00, 0x00, 0x00, 0x00, 0x00, 
    0x00, 0x00, 0x00, 0x00, 0x00, 0x00, 0x00, 0x00, 0x00, 0x00, 0x00, 0x00, 0x00, 0x00, 0x00, 0x00, 
    0x00, 0x00, 0x00, 0x00, 0x00, 0x00, 0x00, 0x00, 0x00, 0x00, 0x00, 0x00, 0x00, 0x00, 0x00, 0x00, 
    0x00, 0x00, 0x00, 0x00, 0x00, 0x00, 0x00, 0x00, 0x00, 0x00, 0x00, 0x00, 0x00, 0x00, 0x00, 0x00, 
    0x00, 0x00, 0x00, 0x00, 0x00, 0x00, 0x00, 0x00, 0x00, 0x00, 0x00, 0x00, 0x00, 0x00, 0x00, 0x00, 
    0x00, 0x00, 0x00, 0x00, 0x00, 0x00, 0x00, 0x00, 0x00, 0x00, 0x00, 0x00, 0x00, 0x00, 0x00, 0x00, 
    0x00, 0x00, 0x00, 0x00, 0x00, 0x00, 0x00, 0x00, 0x00, 0x00, 0x00, 0x00, 0x00, 0x00, 0x00, 0x00, 
    0x00, 0x00, 0x00, 0x00, 0x00, 0x00, 0x00, 0x00, 0x00, 0x00, 0x00, 0x00, 0x00, 0x00, 0x00, 0x00, 
    0x00, 0x00, 0x00, 0x00, 0x00, 0x00, 0x00, 0x00, 0x00, 0x00, 0x00, 0x00, 0x00, 0x00, 0x00, 0x00, 
    0x00, 0x00, 0x00, 0x00, 0x00, 0x00, 0x00, 0x00, 0x00, 0x00, 0x00, 0x00, 0x00, 0x00, 0x00, 0x00, 
    0x00, 0x00, 0x00, 0x00, 0x00, 0x00, 0x00, 0x00, 0x00, 0x00, 0x00, 0x00, 0x00, 0x00, 0x00, 0x00, 
    0x00, 0x00, 0x00, 0x00, 0x00, 0x00, 0x00, 0x00, 0x00, 0x00, 0x00, 0x00, 0x00, 0x00, 0x00, 0x00, 
    0x00, 0x00, 0x00, 0x00, 0x00, 0x00, 0x00, 0x00, 0x00, 0x00, 0x00, 0x00, 0x00, 0x00, 0x00, 0x00, 
    0x00, 0x00, 0x00, 0x00, 0x00, 0x00, 0x00, 0x00, 0x00, 0x00, 0x00, 0x00, 0x00, 0x00, 0x00, 0x00, 
    0x00, 0x00, 0x00, 0x00, 0x00, 0x00, 0x00, 0x00, 0x00, 0x00, 0x00, 0x00, 0x00, 0x00, 0x00, 0x00, 
    0x00, 0x00, 0x00, 0x00, 0x00, 0x00, 0x00, 0x00, 0x00, 0x00, 0x00, 0x00, 0x00, 0x00, 0x00, 0x00, 
    0x00, 0x00, 0x00, 0x00, 0x00, 0x00, 0x00, 0x00, 0x00, 0x00, 0x00, 0x00, 0x00, 0x00, 0x00, 0x00, 
    0x00, 0x00, 0x00, 0x00, 0x00, 0x00, 0x00, 0x00, 0x00, 0x00, 0x00, 0x00, 0x00, 0x00, 0x00, 0x00, 
    0x00, 0x00, 0x00, 0x00, 0x00, 0x00, 0x00, 0x00, 0x00, 0x00, 0x00, 0x00, 0x00, 0x00, 0x00, 0x00, 
    0x00, 0x00, 0x00, 0x00, 0x00, 0x00, 0x00, 0x00, 0x00, 0x00, 0x00, 0x00, 0x00, 0x00, 0x00, 0x00, 
    0x00, 0x00, 0x00, 0x00, 0x00, 0x00, 0x00, 0x00, 0x00, 0x00, 0x00, 0x00, 0x00, 0x00, 0x00, 0x00, 
    0x00, 0x00, 0x00, 0x00, 0x00, 0x00, 0x00, 0x00, 0x00, 0x00, 0x00, 0x00, 0x00, 0x00, 0x00, 0x00, 
    0x00, 0x00, 0x00, 0x00, 0x00, 0x00, 0x00, 0x00, 0x00, 0x00, 0x00, 0x00, 0x00, 0x00, 0x00, 0x00, 
    0x00, 0x00, 0x00, 0x00, 0x00, 0x00, 0x00, 0x00, 0x00, 0x00, 0x00, 0x00, 0x00, 0x00, 0x00, 0x00, 
    0x00, 0x00, 0x00, 0x00, 0x00, 0x00, 0x00, 0x00, 0x00, 0x00, 0x00, 0x00, 0x00, 0x00, 0x00, 0x00, 
    0x00, 0x00, 0x00, 0x00, 0x00, 0x00, 0x00, 0x00, 0x00, 0x00, 0x00, 0x00, 0x00, 0x00, 0x00, 0x00, 
    0x00, 0x00, 0x00, 0x00, 0x00, 0x00, 0x00, 0x00, 0x00, 0x00, 0x00, 0x00, 0x00, 0x00, 0x00, 0x00, 
    0x00, 0x00, 0x00, 0x00, 0x00, 0x00, 0x00, 0x00, 0x00, 0x00, 0x00, 0x00, 0x00, 0x00, 0x00, 0x00, 
    0x00, 0x00, 0x00, 0x00, 0x00, 0x00, 0x00, 0x00, 0x00, 0x00, 0x00, 0x00, 0x00, 0x00, 0x00, 0x00, 
    0x00, 0x00, 0x00, 0x00, 0x00, 0x00, 0x00, 0x00, 0x00, 0x00, 0x00, 0x00, 0x00, 0x00, 0x00, 0x00, 
    0x00, 0x00, 0x00, 0x00, 0x00, 0x00, 0x00, 0x00, 0x00, 0x00, 0x00, 0x00, 0x00, 0x00, 0x00, 0x00, 
    0x00, 0x00, 0x00, 0x00, 0x00, 0x00, 0x00, 0x00, 0x00, 0x00, 0x00, 0x00, 0x00, 0x00, 0x00, 0x00, 
    0x00, 0x00, 0x00, 0x00, 0x00, 0x00, 0x00, 0x00, 0x00, 0x00, 0x00, 0x00, 0x00, 0x00, 0x00, 0x00, 
    0x00, 0x00, 0x00, 0x00, 0x00, 0x00, 0x00, 0x00, 0x00, 0x00, 0x00, 0x00, 0x00, 0x00, 0x00, 0x00, 
    0x00, 0x00, 0x00, 0x00, 0x00, 0x00, 0x00, 0x00, 0x00, 0x00, 0x00, 0x00, 0x00, 0x00, 0x00, 0x00, 
    0x00, 0x00, 0x00, 0x00, 0x00, 0x00, 0x00, 0x00, 0x00, 0x00, 0x00, 0x00, 0x00, 0x00, 0x00, 0x00, 
    0x00, 0x00, 0x00, 0x00, 0x00, 0x00, 0x00, 0x00, 0x00, 0x00, 0x00, 0x00, 0x00, 0x00, 0x00, 0x00, 
    0x00, 0x00, 0x00, 0x00, 0x00, 0x00, 0x00, 0x00, 0x00, 0x00, 0x00, 0x00, 0x00, 0x00, 0x00, 0x00, 
    0x00, 0x00, 0x00, 0x00, 0x00, 0x00, 0x00, 0x00, 0x00, 0x00, 0x00, 0x00, 0x00, 0x00, 0x00, 0x00, 
    0x00, 0x00, 0x00, 0x00, 0x00, 0x00, 0x00, 0x00, 0x00, 0x00, 0x00, 0x00, 0x00, 0x00, 0x00, 0x00, 
    0x00, 0x00, 0x00, 0x00, 0x00, 0x00, 0x00, 0x00, 0x00, 0x00, 0x00, 0x00, 0x00, 0x00, 0x00, 0x00, 
    0x00, 0x00, 0x00, 0x00, 0x00, 0x00, 0x00, 0x00, 0x00, 0x00, 0x00, 0x00, 0x00, 0x00, 0x00, 0x00, 
    0x00, 0x00, 0x00, 0x00, 0x00, 0x00, 0x00, 0x00, 0x00, 0x00, 0x00, 0x00, 0x00, 0x00, 0x00, 0x00, 
    0x00, 0x00, 0x00, 0x00, 0x00, 0x00, 0x00, 0x00, 0x00, 0x00, 0x00, 0x00, 0x00, 0x00, 0x00, 0x00, 
    0x00, 0x00, 0x00, 0x00, 0x00, 0x00, 0x00, 0x00, 0x00, 0x00, 0x00, 0x00, 0x00, 0x00, 0x00, 0x00, 
    0x00, 0x00, 0x00, 0x00, 0x00, 0x00, 0x00, 0x00, 0x00, 0x00, 0x00, 0x00, 0x00, 0x00, 0x00, 0x00, 
    0x00, 0x00, 0x00, 0x00, 0x00, 0x00, 0x00, 0x00, 0x00, 0x00, 0x00, 0x00, 0x00, 0x00, 0x00, 0x00, 
    0x00, 0x00, 0x00, 0x00, 0x00, 0x00, 0x00, 0x00, 0x00, 0x00, 0x00, 0x00, 0x00, 0x00, 0x00, 0x00, 
    0x00, 0x00, 0x00, 0x00, 0x00, 0x00, 0x00, 0x00, 0x00, 0x00, 0x00, 0x00, 0x00, 0x00, 0x00, 0x00, 
    0x00, 0x00, 0x00, 0x00, 0x00, 0x00, 0x00, 0x00, 0x00, 0x00, 0x00, 0x00, 0x00, 0x00, 0x00, 0x00, 
    0x00, 0x00, 0x00, 0x00, 0x00, 0x00, 0x00, 0x00, 0x00, 0x00, 0x00, 0x00, 0x00, 0x00, 0x00, 0x00, 
    0x00, 0x00, 0x00, 0x00, 0x00, 0x00, 0x00, 0x00, 0x00, 0x00, 0x00, 0x00, 0x00, 0x00, 0x00, 0x00, 
    0x00, 0x00, 0x00, 0x00, 0x00, 0x00, 0x00, 0x00, 0x00, 0x00, 0x00, 0x00, 0x00, 0x00, 0x00, 0x00, 
    0x00, 0x00, 0x00, 0x00, 0x00, 0x00, 0x00, 0x00, 0x00, 0x00, 0x00, 0x00, 0x00, 0x00, 0x00, 0x00, 
    0x00, 0x00, 0x00, 0x00, 0x00, 0x00, 0x00, 0x00, 0x00, 0x00, 0x00, 0x00, 0x00, 0x00, 0x00, 0x00, 
    0x00, 0x00, 0x00, 0x00, 0x00, 0x00, 0x00, 0x00, 0x00, 0x00, 0x00, 0x00, 0x00, 0x00, 0x00, 0x00, 
    0x00, 0x00, 0x00, 0x00, 0x00, 0x00, 0x00, 0x00, 0x00, 0x00, 0x00, 0x00, 0x00, 0x00, 0x00, 0x00, 
    0x00, 0x00, 0x00, 0x00, 0x00, 0x00, 0x00, 0x00, 0x00, 0x00, 0x00, 0x00, 0x00, 0x00, 0x00, 0x00, 
    0x00, 0x00, 0x00, 0x00, 0x00, 0x00, 0x00, 0x00, 0x00, 0x00, 0x00, 0x00, 0x00, 0x00, 0x00, 0x00, 
    0x00, 0x00, 0x00, 0x00, 0x00, 0x00, 0x00, 0x00, 0x00, 0x00, 0x00, 0x00, 0x00, 0x00, 0x00, 0x00, 
    0x00, 0x00, 0x00, 0x00, 0x00, 0x00, 0x00, 0x00, 0x00, 0x00, 0x00, 0x00, 0x00, 0x00, 0x00, 0x00, 
    0x00, 0x00, 0x00, 0x00, 0x00, 0x00, 0x00, 0x00, 0x00, 0x00, 0x00, 0x00, 0x00, 0x00, 0x00, 0x00, 
    0x00, 0x00, 0x00, 0x00, 0x00, 0x00, 0x00, 0x00, 0x00, 0x00, 0x00, 0x00, 0x00, 0x00, 0x00, 0x00, 
    0x00, 0x00, 0x00, 0x00, 0x00, 0x00, 0x00, 0x00, 0x00, 0x00, 0x00, 0x00, 0x00, 0x00, 0x00, 0x00, 
    0x00, 0x00, 0x00, 0x00, 0x00, 0x00, 0x00, 0x00, 0x00, 0x00, 0x00, 0x00, 0x00, 0x00, 0x00, 0x00, 
    0x00, 0x00, 0x00, 0x00, 0x00, 0x00, 0x00, 0x00, 0x00, 0x00, 0x00, 0x00, 0x00, 0x00, 0x00, 0x00, 
    0x00, 0x00, 0x00, 0x00, 0x00, 0x00, 0x00, 0x00, 0x00, 0x00, 0x00, 0x00, 0x00, 0x00, 0x00, 0x00, 
    0x00, 0x00, 0x00, 0x00, 0x00, 0x00, 0x00, 0x00, 0x00, 0x00, 0x00, 0x00, 0x00, 0x00, 0x00, 0x00, 
    0x00, 0x00, 0x00, 0x00, 0x00, 0x00, 0x00, 0x00, 0x00, 0x00, 0x00, 0x00, 0x00, 0x00, 0x00, 0x00, 
    0x00, 0x00, 0x00, 0x00, 0x00, 0x00, 0x00, 0x00, 0x00, 0x00, 0x00, 0x00, 0x00, 0x00, 0x00, 0x00, 
    0x00, 0x00, 0x00, 0x00, 0x00, 0x00, 0x00, 0x00, 0x00, 0x00, 0x00, 0x00, 0x00, 0x00, 0x00, 0x00, 
    0x00, 0x00, 0x00, 0x00, 0x00, 0x00, 0x00, 0x00, 0x00, 0x00, 0x00, 0x00, 0x00, 0x00, 0x00, 0x00, 
    0x00, 0x00, 0x00, 0x00, 0x00, 0x00, 0x00, 0x00, 0x00, 0x00, 0x00, 0x00, 0x00, 0x00, 0x00, 0x00, 
    0x00, 0x00, 0x00, 0x00, 0x00, 0x00, 0x00, 0x00, 0x00, 0x00, 0x00, 0x00, 0x00, 0x00, 0x00, 0x00, 
    0x00, 0x00, 0x00, 0x00, 0x00, 0x00, 0x00, 0x00, 0x00, 0x00, 0x00, 0x00, 0x00, 0x00, 0x00, 0x00, 
    0x00, 0x00, 0x00, 0x00, 0x00, 0x00, 0x00, 0x00, 0x00, 0x00, 0x00, 0x00, 0x00, 0x00, 0x00, 0x00, 
    0x00, 0x00, 0x00, 0x00, 0x00, 0x00, 0x00, 0x00, 0x00, 0x00, 0x00, 0x00, 0x00, 0x00, 0x00, 0x00, 
    0x00, 0x00, 0x00, 0x00, 0x00, 0x00, 0x00, 0x00, 0x00, 0x00, 0x00, 0x00, 0x00, 0x00, 0x00, 0x00, 
    0x00, 0x00, 0x00, 0x00, 0x00, 0x00, 0x00, 0x00, 0x00, 0x00, 0x00, 0x00, 0x00, 0x00, 0x00, 0x00, 
    0x00, 0x00, 0x00, 0x00, 0x00, 0x00, 0x00, 0x00, 0x00, 0x00, 0x00, 0x00, 0x00, 0x00, 0x00, 0x00, 
    0x00, 0x00, 0x00, 0x00, 0x00, 0x00, 0x00, 0x00, 0x00, 0x00, 0x00, 0x00, 0x00, 0x00, 0x00, 0x00, 
    0x00, 0x00, 0x00, 0x00, 0x00, 0x00, 0x00, 0x00, 0x00, 0x00, 0x00, 0x00, 0x00, 0x00, 0x00, 0x00, 
    0x00, 0x00, 0x00, 0x00, 0x00, 0x00, 0x00, 0x00, 0x00, 0x00, 0x00, 0x00, 0x00, 0x00, 0x00, 0x00, 
    0x00, 0x00, 0x00, 0x00, 0x00, 0x00, 0x00, 0x00, 0x00, 0x00, 0x00, 0x00, 0x00, 0x00, 0x00, 0x00, 
    0x00, 0x00, 0x00, 0x00, 0x00, 0x00, 0x00, 0x00, 0x00, 0x00, 0x00, 0x00, 0x00, 0x00, 0x00, 0x00, 
    0x00, 0x00, 0x00, 0x00, 0x00, 0x00, 0x00, 0x00, 0x00, 0x00, 0x00, 0x00, 0x00, 0x00, 0x00, 0x00, 
    0x00, 0x00, 0x00, 0x00, 0x00, 0x00, 0x00, 0x00, 0x00, 0x00, 0x00, 0x00, 0x00, 0x00, 0x00, 0x00, 
    0x00, 0x00, 0x00, 0x00, 0x00, 0x00, 0x00, 0x00, 0x00, 0x00, 0x00, 0x00, 0x00, 0x00, 0x00, 0x00, 
    0x00, 0x00, 0x00, 0x00, 0x00, 0x00, 0x00, 0x00, 0x00, 0x00, 0x00, 0x00, 0x00, 0x00, 0x00, 0x00, 
    0x00, 0x00, 0x00, 0x00, 0x00, 0x00, 0x00, 0x00, 0x00, 0x00, 0x00, 0x00, 0x00, 0x00, 0x00, 0x00, 
    0x00, 0x00, 0x00, 0x00, 0x00, 0x00, 0x00, 0x00, 0x00, 0x00, 0x00, 0x00, 0x00, 0x00, 0x00, 0x00, 
    0x00, 0x00, 0x00, 0x00, 0x00, 0x00, 0x00, 0x00, 0x00, 0x00, 0x00, 0x00, 0x00, 0x00, 0x00, 0x00, 
    0x00, 0x00, 0x00, 0x00, 0x00, 0x00, 0x00, 0x00, 0x00, 0x00, 0x00, 0x00, 0x00, 0x00, 0x00, 0x00, 
    0x00, 0x00, 0x00, 0x00, 0x00, 0x00, 0x00, 0x00, 0x00, 0x00, 0x00, 0x00, 0x00, 0x00, 0x00, 0x00, 
    0x00, 0x00, 0x00, 0x00, 0x00, 0x00, 0x00, 0x00, 0x00, 0x00, 0x00, 0x00, 0x00, 0x00, 0x00, 0x00, 
    0x00, 0x00, 0x00, 0x00, 0x00, 0x00, 0x00, 0x00, 0x00, 0x00, 0x00, 0x00, 0x00, 0x00, 0x00, 0x00, 
    0x00, 0x00, 0x00, 0x00, 0x00, 0x00, 0x00, 0x00, 0x00, 0x00, 0x00, 0x00, 0x00, 0x00, 0x00, 0x00, 
    0x00, 0x00, 0x00, 0x00, 0x00, 0x00, 0x00, 0x00, 0x00, 0x00, 0x00, 0x00, 0x00, 0x00, 0x00, 0x00, 
    0x00, 0x00, 0x00, 0x00, 0x00, 0x00, 0x00, 0x00, 0x00, 0x00, 0x00, 0x00, 0x00, 0x00, 0x00, 0x00, 
    0x00, 0x00, 0x00, 0x00, 0x00, 0x00, 0x00, 0x00, 0x00, 0x00, 0x00, 0x00, 0x00, 0x00, 0x00, 0x00, 
    0x00, 0x00, 0x00, 0x00, 0x00, 0x00, 0x00, 0x00, 0x00, 0x00, 0x00, 0x00, 0x00, 0x00, 0x00, 0x00, 
    0x00, 0x00, 0x00, 0x00, 0x00, 0x00, 0x00, 0x00, 0x00, 0x00, 0x00, 0x00, 0x00, 0x00, 0x00, 0x00, 
    0x00, 0x00, 0x00, 0x00, 0x00, 0x00, 0x00, 0x00, 0x00, 0x00, 0x00, 0x00, 0x00, 0x00, 0x00, 0x00, 
    0x00, 0x00, 0x00, 0x00, 0x00, 0x00, 0x00, 0x00, 0x00, 0x00, 0x00, 0x00, 0x00, 0x00, 0x00, 0x00, 
    0x00, 0x00, 0x00, 0x00, 0x00, 0x00, 0x00, 0x00, 0x00, 0x00, 0x00, 0x00, 0x00, 0x00, 0x00, 0x00, 
    0x00, 0x00, 0x00, 0x00, 0x00, 0x00, 0x00, 0x00, 0x00, 0x00, 0x00, 0x00, 0x00, 0x00, 0x00, 0x00, 
    0x00, 0x00, 0x00, 0x00, 0x00, 0x00, 0x00, 0x00, 0x00, 0x00, 0x00, 0x00, 0x00, 0x00, 0x00, 0x00, 
    0x00, 0x00, 0x00, 0x00, 0x00, 0x00, 0x00, 0x00, 0x00, 0x00, 0x00, 0x00, 0x00, 0x00, 0x00, 0x00, 
    0x00, 0x00, 0x00, 0x00, 0x00, 0x00, 0x00, 0x00, 0x00, 0x00, 0x00, 0x00, 0x00, 0x00, 0x00, 0x00, 
    0x00, 0x00, 0x00, 0x00, 0x00, 0x00, 0x00, 0x00, 0x00, 0x00, 0x00, 0x00, 0x00, 0x00, 0x00, 0x00, 
    0x00, 0x00, 0x00, 0x00, 0x00, 0x00, 0x00, 0x00, 0x00, 0x00, 0x00, 0x00, 0x00, 0x00, 0x00, 0x00, 
    0x00, 0x00, 0x00, 0x00, 0x00, 0x00, 0x00, 0x00, 0x00, 0x00, 0x00, 0x00, 0x00, 0x00, 0x00, 0x00, 
    0x00, 0x00, 0x00, 0x00, 0x00, 0x00, 0x00, 0x00, 0x00, 0x00, 0x00, 0x00, 0x00, 0x00, 0x00, 0x00, 
    0x00, 0x00, 0x00, 0x00, 0x00, 0x00, 0x00, 0x00, 0x00, 0x00, 0x00, 0x00, 0x00, 0x00, 0x00, 0x00, 
    0x00, 0x00, 0x00, 0x00, 0x00, 0x00, 0x00, 0x00, 0x00, 0x00, 0x00, 0x00, 0x00, 0x00, 0x00, 0x00, 
    0x00, 0x00, 0x00, 0x00, 0x00, 0x00, 0x00, 0x00, 0x00, 0x00, 0x00, 0x00, 0x00, 0x00, 0x00, 0x00, 
    0x00, 0x00, 0x00, 0x00, 0x00, 0x00, 0x00, 0x00, 0x00, 0x00, 0x00, 0x00, 0x00, 0x00, 0x00, 0x00, 
    0x00, 0x00, 0x00, 0x00, 0x00, 0x00, 0x00, 0x00, 0x00, 0x00, 0x00, 0x00, 0x00, 0x00, 0x00, 0x00, 
    0x00, 0x00, 0x00, 0x00, 0x00, 0x00, 0x00, 0x00, 0x00, 0x00, 0x00, 0x00, 0x00, 0x00, 0x00, 0x00, 
    0x00, 0x00, 0x00, 0x00, 0x00, 0x00, 0x00, 0x00, 0x00, 0x00, 0x00, 0x00, 0x00, 0x00, 0x00, 0x00, 
    0x00, 0x00, 0x00, 0x00, 0x00, 0x00, 0x00, 0x00, 0x00, 0x00, 0x00, 0x00, 0x00, 0x00, 0x00, 0x00, 
    0x00, 0x00, 0x00, 0x00, 0x00, 0x00, 0x00, 0x00, 0x00, 0x00, 0x00, 0x00, 0x00, 0x00, 0x00, 0x00, 
    0x00, 0x00, 0x00, 0x00, 0x00, 0x00, 0x00, 0x00, 0x00, 0x00, 0x00, 0x00, 0x00, 0x00, 0x00, 0x00, 
    0x00, 0x00, 0x00, 0x00, 0x00, 0x00, 0x00, 0x00, 0x00, 0x00, 0x00, 0x00, 0x00, 0x00, 0x00, 0x00, 
    0x00, 0x00, 0x00, 0x00, 0x00, 0x00, 0x00, 0x00, 0x00, 0x00, 0x00, 0x00, 0x00, 0x00, 0x00, 0x00, 
    0x00, 0x00, 0x00, 0x00, 0x00, 0x00, 0x00, 0x00, 0x00, 0x00, 0x00, 0x00, 0x00, 0x00, 0x00, 0x00, 
    0x00, 0x00, 0x00, 0x00, 0x00, 0x00, 0x00, 0x00, 0x00, 0x00, 0x00, 0x00, 0x00, 0x00, 0x00, 0x00, 
    0x00, 0x00, 0x00, 0x00, 0x00, 0x00, 0x00, 0x00, 0x00, 0x00, 0x00, 0x00, 0x00, 0x00, 0x00, 0x00, 
    0x00, 0x00, 0x00, 0x00, 0x00, 0x00, 0x00, 0x00, 0x00, 0x00, 0x00, 0x00, 0x00, 0x00, 0x00, 0x00, 
    0x00, 0x00, 0x00, 0x00, 0x00, 0x00, 0x00, 0x00, 0x00, 0x00, 0x00, 0x00, 0x00, 0x00, 0x00, 0x00, 
    0x00, 0x00, 0x00, 0x00, 0x00, 0x00, 0x00, 0x00, 0x00, 0x00, 0x00, 0x00, 0x00, 0x00, 0x00, 0x00, 
    0x00, 0x00, 0x00, 0x00, 0x00, 0x00, 0x00, 0x00, 0x00, 0x00, 0x00, 0x00, 0x00, 0x00, 0x00, 0x00, 
    0x00, 0x00, 0x00, 0x00, 0x00, 0x00, 0x00, 0x00, 0x00, 0x00, 0x00, 0x00, 0x00, 0x00, 0x00, 0x00, 
    0x00, 0x00, 0x00, 0x00, 0x00, 0x00, 0x00, 0x00, 0x00, 0x00, 0x00, 0x00, 0x00, 0x00, 0x00, 0x00, 
    0x00, 0x00, 0x00, 0x00, 0x00, 0x00, 0x00, 0x00, 0x00, 0x00, 0x00, 0x00, 0x00, 0x00, 0x00, 0x00, 
    0x00, 0x00, 0x00, 0x00, 0x00, 0x00, 0x00, 0x00, 0x00, 0x00, 0x00, 0x00, 0x00, 0x00, 0x00, 0x00, 
    0x00, 0x00, 0x00, 0x00, 0x00, 0x00, 0x00, 0x00, 0x00, 0x00, 0x00, 0x00, 0x00, 0x00, 0x00, 0x00, 
    0x00, 0x00, 0x00, 0x00, 0x00, 0x00, 0x00, 0x00, 0x00, 0x00, 0x00, 0x00, 0x00, 0x00, 0x00, 0x00, 
    0x00, 0x00, 0x00, 0x00, 0x00, 0x00, 0x00, 0x00, 0x00, 0x00, 0x00, 0x00, 0x00, 0x00, 0x00, 0x00, 
    0x00, 0x00, 0x00, 0x00, 0x00, 0x00, 0x00, 0x00, 0x00, 0x00, 0x00, 0x00, 0x00, 0x00, 0x00, 0x00, 
    0x00, 0x00, 0x00, 0x00, 0x00, 0x00, 0x00, 0x00, 0x00, 0x00, 0x00, 0x00, 0x00, 0x00, 0x00, 0x00, 
    0x00, 0x00, 0x00, 0x00, 0x00, 0x00, 0x00, 0x00, 0x00, 0x00, 0x00, 0x00, 0x00, 0x00, 0x00, 0x00, 
    0x00, 0x00, 0x00, 0x00, 0x00, 0x00, 0x00, 0x00, 0x00, 0x00, 0x00, 0x00, 0x00, 0x00, 0x00, 0x00, 
    0x00, 0x00, 0x00, 0x00, 0x00, 0x00, 0x00, 0x00, 0x00, 0x00, 0x00, 0x00, 0x00, 0x00, 0x00, 0x00, 
    0x00, 0x00, 0x00, 0x00, 0x00, 0x00, 0x00, 0x00, 0x00, 0x00, 0x00, 0x00, 0x00, 0x00, 0x00, 0x00, 
    0x00, 0x00, 0x00, 0x00, 0x00, 0x00, 0x00, 0x00, 0x00, 0x00, 0x00, 0x00, 0x00, 0x00, 0x00, 0x00, 
    0x00, 0x00, 0x00, 0x00, 0x00, 0x00, 0x00, 0x00, 0x00, 0x00, 0x00, 0x00, 0x00, 0x00, 0x00, 0x00, 
    0x00, 0x00, 0x00, 0x00, 0x00, 0x00, 0x00, 0x00, 0x00, 0x00, 0x00, 0x00, 0x00, 0x00, 0x00, 0x00, 
    0x00, 0x00, 0x00, 0x00, 0x00, 0x00, 0x00, 0x00, 0x00, 0x00, 0x00, 0x00, 0x00, 0x00, 0x00, 0x00, 
    0x00, 0x00, 0x00, 0x00, 0x00, 0x00, 0x00, 0x00, 0x00, 0x00, 0x00, 0x00, 0x00, 0x00, 0x00, 0x00, 
    0x00, 0x00, 0x00, 0x00, 0x00, 0x00, 0x00, 0x00, 0x00, 0x00, 0x00, 0x00, 0x00, 0x00, 0x00, 0x00, 
    0x00, 0x00, 0x00, 0x00, 0x00, 0x00, 0x00, 0x00, 0x00, 0x00, 0x00, 0x00, 0x00, 0x00, 0x00, 0x00, 
    0x00, 0x00, 0x00, 0x00, 0x00, 0x00, 0x00, 0x00, 0x00, 0x00, 0x00, 0x00, 0x00, 0x00, 0x00, 0x00, 
    0x00, 0x00, 0x00, 0x00, 0x00, 0x00, 0x00, 0x00, 0x00, 0x00, 0x00, 0x00, 0x00, 0x00, 0x00, 0x00, 
    0x00, 0x00, 0x00, 0x00, 0x00, 0x00, 0x00, 0x00, 0x00, 0x00, 0x00, 0x00, 0x00, 0x00, 0x00, 0x00, 
    0x00, 0x00, 0x00, 0x00, 0x00, 0x00, 0x00, 0x00, 0x00, 0x00, 0x00, 0x00, 0x00, 0x00, 0x00, 0x00, 
    0x00, 0x00, 0x00, 0x00, 0x00, 0x00, 0x00, 0x00, 0x00, 0x00, 0x00, 0x00, 0x00, 0x00, 0x00, 0x00, 
    0x00, 0x00, 0x00, 0x00, 0x00, 0x00, 0x00, 0x00, 0x00, 0x00, 0x00, 0x00, 0x00, 0x00, 0x00, 0x00, 
    0x00, 0x00, 0x00, 0x00, 0x00, 0x00, 0x00, 0x00, 0x00, 0x00, 0x00, 0x00, 0x00, 0x00, 0x00, 0x00, 
    0x00, 0x00, 0x00, 0x00, 0x00, 0x00, 0x00, 0x00, 0x00, 0x00, 0x00, 0x00, 0x00, 0x00, 0x00, 0x00, 
    0x00, 0x00, 0x00, 0x00, 0x00, 0x00, 0x00, 0x00, 0x00, 0x00, 0x00, 0x00, 0x00, 0x00, 0x00, 0x00, 
    0x00, 0x00, 0x00, 0x00, 0x00, 0x00, 0x00, 0x00, 0x00, 0x00, 0x00, 0x00, 0x00, 0x00, 0x00, 0x00, 
    0x00, 0x00, 0x00, 0x00, 0x00, 0x00, 0x00, 0x00, 0x00, 0x00, 0x00, 0x00, 0x00, 0x00, 0x00, 0x00, 
    0x00, 0x00, 0x00, 0x00, 0x00, 0x00, 0x00, 0x00, 0x00, 0x00, 0x00, 0x00, 0x00, 0x00, 0x00, 0x00, 
    0x00, 0x00, 0x00, 0x00, 0x00, 0x00, 0x00, 0x00, 0x00, 0x00, 0x00, 0x00, 0x00, 0x00, 0x00, 0x00, 
    0x00, 0x00, 0x00, 0x00, 0x00, 0x00, 0x00, 0x00, 0x00, 0x00, 0x00, 0x00, 0x00, 0x00, 0x00, 0x00, 
    0x00, 0x00, 0x00, 0x00, 0x00, 0x00, 0x00, 0x00, 0x00, 0x00, 0x00, 0x00, 0x00, 0x00, 0x00, 0x00, 
    0x00, 0x00, 0x00, 0x00, 0x00, 0x00, 0x00, 0x00, 0x00, 0x00, 0x00, 0x00, 0x00, 0x00, 0x00, 0x00, 
    0x00, 0x00, 0x00, 0x00, 0x00, 0x00, 0x00, 0x00, 0x00, 0x00, 0x00, 0x00, 0x00, 0x00, 0x00, 0x00, 
    0x00, 0x00, 0x00, 0x00, 0x00, 0x00, 0x00, 0x00, 0x00, 0x00, 0x00, 0x00, 0x00, 0x00, 0x00, 0x00, 
    0x00, 0x00, 0x00, 0x00, 0x00, 0x00, 0x00, 0x00, 0x00, 0x00, 0x00, 0x00, 0x00, 0x00, 0x00, 0x00, 
    0x00, 0x00, 0x00, 0x00, 0x00, 0x00, 0x00, 0x00, 0x00, 0x00, 0x00, 0x00, 0x00, 0x00, 0x00, 0x00, 
    0x00, 0x00, 0x00, 0x00, 0x00, 0x00, 0x00, 0x00, 0x00, 0x00, 0x00, 0x00, 0x00, 0x00, 0x00, 0x00, 
    0x00, 0x00, 0x00, 0x00, 0x00, 0x00, 0x00, 0x00, 0x00, 0x00, 0x00, 0x00, 0x00, 0x00, 0x00, 0x00, 
    0x00, 0x00, 0x00, 0x00, 0x00, 0x00, 0x00, 0x00, 0x00, 0x00, 0x00, 0x00, 0x00, 0x00, 0x00, 0x00, 
    0x00, 0x00, 0x00, 0x00, 0x00, 0x00, 0x00, 0x00, 0x00, 0x00, 0x00, 0x00, 0x00, 0x00, 0x00, 0x00, 
    0x00, 0x00, 0x00, 0x00, 0x00, 0x00, 0x00, 0x00, 0x00, 0x00, 0x00, 0x00, 0x00, 0x00, 0x00, 0x00, 
    0x00, 0x00, 0x00, 0x00, 0x00, 0x00, 0x00, 0x00, 0x00, 0x00, 0x00, 0x00, 0x00, 0x00, 0x00, 0x00, 
    0x00, 0x00, 0x00, 0x00, 0x00, 0x00, 0x00, 0x00, 0x00, 0x00, 0x00, 0x00, 0x00, 0x00, 0x00, 0x00, 
    0x00, 0x00, 0x00, 0x00, 0x00, 0x00, 0x00, 0x00, 0x00, 0x00, 0x00, 0x00, 0x00, 0x00, 0x00, 0x00, 
    0x00, 0x00, 0x00, 0x00, 0x00, 0x00, 0x00, 0x00, 0x00, 0x00, 0x00, 0x00, 0x00, 0x00, 0x00, 0x00, 
    0x00, 0x00, 0x00, 0x00, 0x00, 0x00, 0x00, 0x00, 0x00, 0x00, 0x00, 0x00, 0x00, 0x00, 0x00, 0x00, 
    0x00, 0x00, 0x00, 0x00, 0x00, 0x00, 0x00, 0x00, 0x00, 0x00, 0x00, 0x00, 0x00, 0x00, 0x00, 0x00, 
    0x00, 0x00, 0x00, 0x00, 0x00, 0x00, 0x00, 0x00, 0x00, 0x00, 0x00, 0x00, 0x00, 0x00, 0x00, 0x00, 
    0x00, 0x00, 0x00, 0x00, 0x00, 0x00, 0x00, 0x00, 0x00, 0x00, 0x00, 0x00, 0x00, 0x00, 0x00, 0x00, 
    0x00, 0x00, 0x00, 0x00, 0x00, 0x00, 0x00, 0x00, 0x00, 0x00, 0x00, 0x00, 0x00, 0x00, 0x00, 0x00, 
    0x00, 0x00, 0x00, 0x00, 0x00, 0x00, 0x00, 0x00, 0x00, 0x00, 0x00, 0x00, 0x00, 0x00, 0x00, 0x00, 
    0x00, 0x00, 0x00, 0x00, 0x00, 0x00, 0x00, 0x00, 0x00, 0x00, 0x00, 0x00, 0x00, 0x00, 0x00, 0x00, 
    0x00, 0x00, 0x00, 0x00, 0x00, 0x00, 0x00, 0x00, 0x00, 0x00, 0x00, 0x00, 0x00, 0x00, 0x00, 0x00, 
    0x00, 0x00, 0x00, 0x00, 0x00, 0x00, 0x00, 0x00, 0x00, 0x00, 0x00, 0x00, 0x00, 0x00, 0x00, 0x00, 
    0x00, 0x00, 0x00, 0x00, 0x00, 0x00, 0x00, 0x00, 0x00, 0x00, 0x00, 0x00, 0x00, 0x00, 0x00, 0x00, 
    0x00, 0x00, 0x00, 0x00, 0x00, 0x00, 0x00, 0x00, 0x00, 0x00, 0x00, 0x00, 0x00, 0x00, 0x00, 0x00, 
    0x00, 0x00, 0x00, 0x00, 0x00, 0x00, 0x00, 0x00, 0x00, 0x00, 0x00, 0x00, 0x00, 0x00, 0x00, 0x00, 
    0x00, 0x00, 0x00, 0x00, 0x00, 0x00, 0x00, 0x00, 0x00, 0x00, 0x00, 0x00, 0x00, 0x00, 0x00, 0x00, 
    0x00, 0x00, 0x00, 0x00, 0x00, 0x00, 0x00, 0x00, 0x00, 0x00, 0x00, 0x00, 0x00, 0x00, 0x00, 0x00, 
    0x00, 0x00, 0x00, 0x00, 0x00, 0x00, 0x00, 0x00, 0x00, 0x00, 0x00, 0x00, 0x00, 0x00, 0x00, 0x00, 
    0x00, 0x00, 0x00, 0x00, 0x00, 0x00, 0x00, 0x00, 0x00, 0x00, 0x00, 0x00, 0x00, 0x00, 0x00, 0x00, 
    0x00, 0x00, 0x00, 0x00, 0x00, 0x00, 0x00, 0x00, 0x00, 0x00, 0x00, 0x00, 0x00, 0x00, 0x00, 0x00, 
    0x00, 0x00, 0x00, 0x00, 0x00, 0x00, 0x00, 0x00, 0x00, 0x00, 0x00, 0x00, 0x00, 0x00, 0x00, 0x00, 
    0x00, 0x00, 0x00, 0x00, 0x00, 0x00, 0x00, 0x00, 0x00, 0x00, 0x00, 0x00, 0x00, 0x00, 0x00, 0x00, 
    0x00, 0x00, 0x00, 0x00, 0x00, 0x00, 0x00, 0x00, 0x00, 0x00, 0x00, 0x00, 0x00, 0x00, 0x00, 0x00, 
    0x00, 0x00, 0x00, 0x00, 0x00, 0x00, 0x00, 0x00, 0x00, 0x00, 0x00, 0x00, 0x00, 0x00, 0x00, 0x00, 
    0x00, 0x00, 0x00, 0x00, 0x00, 0x00, 0x00, 0x00, 0x00, 0x00, 0x00, 0x00, 0x00, 0x00, 0x00, 0x00, 
    0x00, 0x00, 0x00, 0x00, 0x00, 0x00, 0x00, 0x00, 0x00, 0x00, 0x00, 0x00, 0x00, 0x00, 0x00, 0x00, 
    0x00, 0x00, 0x00, 0x00, 0x00, 0x00, 0x00, 0x00, 0x00, 0x00, 0x00, 0x00, 0x00, 0x00, 0x00, 0x00, 
    0x00, 0x00, 0x00, 0x00, 0x00, 0x00, 0x00, 0x00, 0x00, 0x00, 0x00, 0x00, 0x00, 0x00, 0x00, 0x00, 
    0x00, 0x00, 0x00, 0x00, 0x00, 0x00, 0x00, 0x00, 0x00, 0x00, 0x00, 0x00, 0x00, 0x00, 0x00, 0x00, 
    0x00, 0x00, 0x00, 0x00, 0x00, 0x00, 0x00, 0x00, 0x00, 0x00, 0x00, 0x00, 0x00, 0x00, 0x00, 0x00, 
    0x00, 0x00, 0x00, 0x00, 0x00, 0x00, 0x00, 0x00, 0x00, 0x00, 0x00, 0x00, 0x00, 0x00, 0x00, 0x00, 
    0x00, 0x00, 0x00, 0x00, 0x00, 0x00, 0x00, 0x00, 0x00, 0x00, 0x00, 0x00, 0x00, 0x00, 0x00, 0x00, 
    0x00, 0x00, 0x00, 0x00, 0x00, 0x00, 0x00, 0x00, 0x00, 0x00, 0x00, 0x00, 0x00, 0x00, 0x00, 0x00, 
    0x00, 0x00, 0x00, 0x00, 0x00, 0x00, 0x00, 0x00, 0x00, 0x00, 0x00, 0x00, 0x00, 0x00, 0x00, 0x00, 
    0x00, 0x00, 0x00, 0x00, 0x00, 0x00, 0x00, 0x00, 0x00, 0x00, 0x00, 0x00, 0x00, 0x00, 0x00, 0x00, 
    0x00, 0x00, 0x00, 0x00, 0x00, 0x00, 0x00, 0x00, 0x00, 0x00, 0x00, 0x00, 0x00, 0x00, 0x00, 0x00, 
    0x00, 0x00, 0x00, 0x00, 0x00, 0x00, 0x00, 0x00, 0x00, 0x00, 0x00, 0x00, 0x00, 0x00, 0x00, 0x00, 
    0x00, 0x00, 0x00, 0x00, 0x00, 0x00, 0x00, 0x00, 0x00, 0x00, 0x00, 0x00, 0x00, 0x00, 0x00, 0x00, 
    0x00, 0x00, 0x00, 0x00, 0x00, 0x00, 0x00, 0x00, 0x00, 0x00, 0x00, 0x00, 0x00, 0x00, 0x00, 0x00, 
    0x00, 0x00, 0x00, 0x00, 0x00, 0x00, 0x00, 0x00, 0x00, 0x00, 0x00, 0x00, 0x00, 0x00, 0x00, 0x00, 
    0x00, 0x00, 0x00, 0x00, 0x00, 0x00, 0x00, 0x00, 0x00, 0x00, 0x00, 0x00, 0x00, 0x00, 0x00, 0x00, 
    0x00, 0x00, 0x00, 0x00, 0x00, 0x00, 0x00, 0x00, 0x00, 0x00, 0x00, 0x00, 0x00, 0x00, 0x00, 0x00, 
    0x00, 0x00, 0x00, 0x00, 0x00, 0x00, 0x00, 0x00, 0x00, 0x00, 0x00, 0x00, 0x00, 0x00, 0x00, 0x00, 
    0x00, 0x00, 0x00, 0x00, 0x00, 0x00, 0x00, 0x00, 0x00, 0x00, 0x00, 0x00, 0x00, 0x00, 0x00, 0x00, 
    0x00, 0x00, 0x00, 0x00, 0x00, 0x00, 0x00, 0x00, 0x00, 0x00, 0x00, 0x00, 0x00, 0x00, 0x00, 0x00, 
    0x00, 0x00, 0x00, 0x00, 0x00, 0x00, 0x00, 0x00, 0x00, 0x00, 0x00, 0x00, 0x00, 0x00, 0x00, 0x00, 
    0x00, 0x00, 0x00, 0x00, 0x00, 0x00, 0x00, 0x00, 0x00, 0x00, 0x00, 0x00, 0x00, 0x00, 0x00, 0x00, 
    0x00, 0x00, 0x00, 0x00, 0x00, 0x00, 0x00, 0x00, 0x00, 0x00, 0x00, 0x00, 0x00, 0x00, 0x00, 0x00, 
    0x00, 0x00, 0x00, 0x00, 0x00, 0x00, 0x00, 0x00, 0x00, 0x00, 0x00, 0x00, 0x00, 0x00, 0x00, 0x00, 
    0x00, 0x00, 0x00, 0x00, 0x00, 0x00, 0x00, 0x00, 0x00, 0x00, 0x00, 0x00, 0x00, 0x00, 0x00, 0x00, 
    0x00, 0x00, 0x00, 0x00, 0x00, 0x00, 0x00, 0x00, 0x00, 0x00, 0x00, 0x00, 0x00, 0x00, 0x00, 0x00, 
    0x00, 0x00, 0x00, 0x00, 0x00, 0x00, 0x00, 0x00, 0x00, 0x00, 0x00, 0x00, 0x00, 0x00, 0x00, 0x00, 
    0x00, 0x00, 0x00, 0x00, 0x00, 0x00, 0x00, 0x00, 0x00, 0x00, 0x00, 0x00, 0x00, 0x00, 0x00, 0x00, 
    0x00, 0x00, 0x00, 0x00, 0x00, 0x00, 0x00, 0x00, 0x00, 0x00, 0x00, 0x00, 0x00, 0x00, 0x00, 0x00, 
    0x00, 0x00, 0x00, 0x00, 0x00, 0x00, 0x00, 0x00, 0x00, 0x00, 0x00, 0x00, 0x00, 0x00, 0x00, 0x00, 
    0x00, 0x00, 0x00, 0x00, 0x00, 0x00, 0x00, 0x00, 0x00, 0x00, 0x00, 0x00, 0x00, 0x00, 0x00, 0x00, 
    0x00, 0x00, 0x00, 0x00, 0x00, 0x00, 0x00, 0x00, 0x00, 0x00, 0x00, 0x00, 0x00, 0x00, 0x00, 0x00, 
    0x00, 0x00, 0x00, 0x00, 0x00, 0x00, 0x00, 0x00, 0x00, 0x00, 0x00, 0x00, 0x00, 0x00, 0x00, 0x00, 
    0x00, 0x00, 0x00, 0x00, 0x00, 0x00, 0x00, 0x00, 0x00, 0x00, 0x00, 0x00, 0x00, 0x00, 0x00, 0x00, 
    0x00, 0x00, 0x00, 0x00, 0x00, 0x00, 0x00, 0x00, 0x00, 0x00, 0x00, 0x00, 0x00, 0x00, 0x00, 0x00, 
    0x00, 0x00, 0x00, 0x00, 0x00, 0x00, 0x00, 0x00, 0x00, 0x00, 0x00, 0x00, 0x00, 0x00, 0x00, 0x00, 
    0x00, 0x00, 0x00, 0x00, 0x00, 0x00, 0x00, 0x00, 0x00, 0x00, 0x00, 0x00, 0x00, 0x00, 0x00, 0x00, 
    0x00, 0x00, 0x00, 0x00, 0x00, 0x00, 0x00, 0x00, 0x00, 0x00, 0x00, 0x00, 0x00, 0x00, 0x00, 0x00, 
    0x00, 0x00, 0x00, 0x00, 0x00, 0x00, 0x00, 0x00, 0x00, 0x00, 0x00, 0x00, 0x00, 0x00, 0x00, 0x00, 
    0x00, 0x00, 0x00, 0x00, 0x00, 0x00, 0x00, 0x00, 0x00, 0x00, 0x00, 0x00, 0x00, 0x00, 0x00, 0x00, 
    0x00, 0x00, 0x00, 0x00, 0x00, 0x00, 0x00, 0x00, 0x00, 0x00, 0x00, 0x00, 0x00, 0x00, 0x00, 0x00, 
    0x00, 0x00, 0x00, 0x00, 0x00, 0x00, 0x00, 0x00, 0x00, 0x00, 0x00, 0x00, 0x00, 0x00, 0x00, 0x00, 
    0x00, 0x00, 0x00, 0x00, 0x00, 0x00, 0x00, 0x00, 0x00, 0x00, 0x00, 0x00, 0x00, 0x00, 0x00, 0x00, 
    0x00, 0x00, 0x00, 0x00, 0x00, 0x00, 0x00, 0x00, 0x00, 0x00, 0x00, 0x00, 0x00, 0x00, 0x00, 0x00, 
    0x00, 0x00, 0x00, 0x00, 0x00, 0x00, 0x00, 0x00, 0x00, 0x00, 0x00, 0x00, 0x00, 0x00, 0x00, 0x00, 
    0x00, 0x00, 0x00, 0x00, 0x00, 0x00, 0x00, 0x00, 0x00, 0x00, 0x00, 0x00, 0x00, 0x00, 0x00, 0x00, 
    0x00, 0x00, 0x00, 0x00, 0x00, 0x00, 0x00, 0x00, 0x00, 0x00, 0x00, 0x00, 0x00, 0x00, 0x00, 0x00, 
    0x00, 0x00, 0x00, 0x00, 0x00, 0x00, 0x00, 0x00, 0x00, 0x00, 0x00, 0x00, 0x00, 0x00, 0x00, 0x00, 
    0x00, 0x00, 0x00, 0x00, 0x00, 0x00, 0x00, 0x00, 0x00, 0x00, 0x00, 0x00, 0x00, 0x00, 0x00, 0x00, 
    0x00, 0x00, 0x00, 0x00, 0x00, 0x00, 0x00, 0x00, 0x00, 0x00, 0x00, 0x00, 0x00, 0x00, 0x00, 0x00, 
    0x00, 0x00, 0x00, 0x00, 0x00, 0x00, 0x00, 0x00, 0x00, 0x00, 0x00, 0x00, 0x00, 0x00, 0x00, 0x00, 
    0x00, 0x00, 0x00, 0x00, 0x00, 0x00, 0x00, 0x00, 0x00, 0x00, 0x00, 0x00, 0x00, 0x00, 0x00, 0x00, 
    0x00, 0x00, 0x00, 0x00, 0x00, 0x00, 0x00, 0x00, 0x00, 0x00, 0x00, 0x00, 0x00, 0x00, 0x00, 0x00, 
    0x00, 0x00, 0x00, 0x00, 0x00, 0x00, 0x00, 0x00, 0x00, 0x00, 0x00, 0x00, 0x00, 0x00, 0x00, 0x00, 
    0x00, 0x00, 0x00, 0x00, 0x00, 0x00, 0x00, 0x00, 0x00, 0x00, 0x00, 0x00, 0x00, 0x00, 0x00, 0x00, 
    0x00, 0x00, 0x00, 0x00, 0x00, 0x00, 0x00, 0x00, 0x00, 0x00, 0x00, 0x00, 0x00, 0x00, 0x00, 0x00, 
    0x00, 0x00, 0x00, 0x00, 0x00, 0x00, 0x00, 0x00, 0x00, 0x00, 0x00, 0x00, 0x00, 0x00, 0x00, 0x00, 
    0x00, 0x00, 0x00, 0x00, 0x00, 0x00, 0x00, 0x00, 0x00, 0x00, 0x00, 0x00, 0x00, 0x00, 0x00, 0x00, 
    0x00, 0x00, 0x00, 0x00, 0x00, 0x00, 0x00, 0x00, 0x00, 0x00, 0x00, 0x00, 0x00, 0x00, 0x00, 0x00, 
    0x00, 0x00, 0x00, 0x00, 0x00, 0x00, 0x00, 0x00, 0x00, 0x00, 0x00, 0x00, 0x00, 0x00, 0x00, 0x00, 
    0x00, 0x00, 0x00, 0x00, 0x00, 0x00, 0x00, 0x00, 0x00, 0x00, 0x00, 0x00, 0x00, 0x00, 0x00, 0x00, 
    0x00, 0x00, 0x00, 0x00, 0x00, 0x00, 0x00, 0x00, 0x00, 0x00, 0x00, 0x00, 0x00, 0x00, 0x00, 0x00, 
    0x00, 0x00, 0x00, 0x00, 0x00, 0x00, 0x00, 0x00, 0x00, 0x00, 0x00, 0x00, 0x00, 0x00, 0x00, 0x00, 
    0x00, 0x00, 0x00, 0x00, 0x00, 0x00, 0x00, 0x00, 0x00, 0x00, 0x00, 0x00, 0x00, 0x00, 0x00, 0x00, 
    0x00, 0x00, 0x00, 0x00, 0x00, 0x00, 0x00, 0x00, 0x00, 0x00, 0x00, 0x00, 0x00, 0x00, 0x00, 0x00, 
    0x00, 0x00, 0x00, 0x00, 0x00, 0x00, 0x00, 0x00, 0x00, 0x00, 0x00, 0x00, 0x00, 0x00, 0x00, 0x00, 
    0x00, 0x00, 0x00, 0x00, 0x00, 0x00, 0x00, 0x00, 0x00, 0x00, 0x00, 0x00, 0x00, 0x00, 0x00, 0x00, 
    0x00, 0x00, 0x00, 0x00, 0x00, 0x00, 0x00, 0x00, 0x00, 0x00, 0x00, 0x00, 0x00, 0x00, 0x00, 0x00, 
    0x00, 0x00, 0x00, 0x00, 0x00, 0x00, 0x00, 0x00, 0x00, 0x00, 0x00, 0x00, 0x00, 0x00, 0x00, 0x00, 
    0x00, 0x00, 0x00, 0x00, 0x00, 0x00, 0x00, 0x00, 0x00, 0x00, 0x00, 0x00, 0x00, 0x00, 0x00, 0x00, 
    0x00, 0x00, 0x00, 0x00, 0x00, 0x00, 0x00, 0x00, 0x00, 0x00, 0x00, 0x00, 0x00, 0x00, 0x00, 0x00, 
    0x00, 0x00, 0x00, 0x00, 0x00, 0x00, 0x00, 0x00, 0x00, 0x00, 0x00, 0x00, 0x00, 0x00, 0x00, 0x00, 
    0x00, 0x00, 0x00, 0x00, 0x00, 0x00, 0x00, 0x00, 0x00, 0x00, 0x00, 0x00, 0x00, 0x00, 0x00, 0x00, 
    0x00, 0x00, 0x00, 0x00, 0x00, 0x00, 0x00, 0x00, 0x00, 0x00, 0x00, 0x00, 0x00, 0x00, 0x00, 0x00, 
    0x00, 0x00, 0x00, 0x00, 0x00, 0x00, 0x00, 0x00, 0x00, 0x00, 0x00, 0x00, 0x00, 0x00, 0x00, 0x00, 
    0x00, 0x00, 0x00, 0x00, 0x00, 0x00, 0x00, 0x00, 0x00, 0x00, 0x00, 0x00, 0x00, 0x00, 0x00, 0x00, 
    0x00, 0x00, 0x00, 0x00, 0x00, 0x00, 0x00, 0x00, 0x00, 0x00, 0x00, 0x00, 0x00, 0x00, 0x00, 0x00, 
    0x00, 0x00, 0x00, 0x00, 0x00, 0x00, 0x00, 0x00, 0x00, 0x00, 0x00, 0x00, 0x00, 0x00, 0x00, 0x00, 
    0x00, 0x00, 0x00, 0x00, 0x00, 0x00, 0x00, 0x00, 0x00, 0x00, 0x00, 0x00, 0x00, 0x00, 0x00, 0x00, 
    0x00, 0x00, 0x00, 0x00, 0x00, 0x00, 0x00, 0x00, 0x00, 0x00, 0x00, 0x00, 0x00, 0x00, 0x00, 0x00, 
    0x00, 0x00, 0x00, 0x00, 0x00, 0x00, 0x00, 0x00, 0x00, 0x00, 0x00, 0x00, 0x00, 0x00, 0x00, 0x00, 
    0x00, 0x00, 0x00, 0x00, 0x00, 0x00, 0x00, 0x00, 0x00, 0x00, 0x00, 0x00, 0x00, 0x00, 0x00, 0x00, 
    0x00, 0x00, 0x00, 0x00, 0x00, 0x00, 0x00, 0x00, 0x00, 0x00, 0x00, 0x00, 0x00, 0x00, 0x00, 0x00, 
    0x00, 0x00, 0x00, 0x00, 0x00, 0x00, 0x00, 0x00, 0x00, 0x00, 0x00, 0x00, 0x00, 0x00, 0x00, 0x00, 
    0x00, 0x00, 0x00, 0x00, 0x00, 0x00, 0x00, 0x00, 0x00, 0x00, 0x00, 0x00, 0x00, 0x00, 0x00, 0x00, 
    0x00, 0x00, 0x00, 0x00, 0x00, 0x00, 0x00, 0x00, 0x00, 0x00, 0x00, 0x00, 0x00, 0x00, 0x00, 0x00, 
    0x00, 0x00, 0x00, 0x00, 0x00, 0x00, 0x00, 0x00, 0x00, 0x00, 0x00, 0x00, 0x00, 0x00, 0x00, 0x00, 
    0x00, 0x00, 0x00, 0x00, 0x00, 0x00, 0x00, 0x00, 0x00, 0x00, 0x00, 0x00, 0x00, 0x00, 0x00, 0x00, 
    0x00, 0x00, 0x00, 0x00, 0x00, 0x00, 0x00, 0x00, 0x00, 0x00, 0x00, 0x00, 0x00, 0x00, 0x00, 0x00, 
    0x00, 0x00, 0x00, 0x00, 0x00, 0x00, 0x00, 0x00, 0x00, 0x00, 0x00, 0x00, 0x00, 0x00, 0x00, 0x00, 
    0x00, 0x00, 0x00, 0x00, 0x00, 0x00, 0x00, 0x00, 0x00, 0x00, 0x00, 0x00, 0x00, 0x00, 0x00, 0x00, 
    0x00, 0x00, 0x00, 0x00, 0x00, 0x00, 0x00, 0x00, 0x00, 0x00, 0x00, 0x00, 0x00, 0x00, 0x00, 0x00, 
    0x00, 0x00, 0x00, 0x00, 0x00, 0x00, 0x00, 0x00, 0x00, 0x00, 0x00, 0x00, 0x00, 0x00, 0x00, 0x00, 
    0x00, 0x00, 0x00, 0x00, 0x00, 0x00, 0x00, 0x00, 0x00, 0x00, 0x00, 0x00, 0x00, 0x00, 0x00, 0x00, 
    0x00, 0x00, 0x00, 0x00, 0x00, 0x00, 0x00, 0x00, 0x00, 0x00, 0x00, 0x00, 0x00, 0x00, 0x00, 0x00, 
    0x00, 0x00, 0x00, 0x00, 0x00, 0x00, 0x00, 0x00, 0x00, 0x00, 0x00, 0x00, 0x00, 0x00, 0x00, 0x00, 
    0x00, 0x00, 0x00, 0x00, 0x00, 0x00, 0x00, 0x00, 0x00, 0x00, 0x00, 0x00, 0x00, 0x00, 0x00, 0x00, 
    0x00, 0x00, 0x00, 0x00, 0x00, 0x00, 0x00, 0x00, 0x00, 0x00, 0x00, 0x00, 0x00, 0x00, 0x00, 0x00, 
    0x00, 0x00, 0x00, 0x00, 0x00, 0x00, 0x00, 0x00, 0x00, 0x00, 0x00, 0x00, 0x00, 0x00, 0x00, 0x00, 
    0x00, 0x00, 0x00, 0x00, 0x00, 0x00, 0x00, 0x00, 0x00, 0x00, 0x00, 0x00, 0x00, 0x00, 0x00, 0x00, 
    0x00, 0x00, 0x00, 0x00, 0x00, 0x00, 0x00, 0x00, 0x00, 0x00, 0x00, 0x00, 0x00, 0x00, 0x00, 0x00, 
    0x00, 0x00, 0x00, 0x00, 0x00, 0x00, 0x00, 0x00, 0x00, 0x00, 0x00, 0x00, 0x00, 0x00, 0x00, 0x00, 
    0x00, 0x00, 0x00, 0x00, 0x00, 0x00, 0x00, 0x00, 0x00, 0x00, 0x00, 0x00, 0x00, 0x00, 0x00, 0x00, 
    0x00, 0x00, 0x00, 0x00, 0x00, 0x00, 0x00, 0x00, 0x00, 0x00, 0x00, 0x00, 0x00, 0x00, 0x00, 0x00, 
    0x00, 0x00, 0x00, 0x00, 0x00, 0x00, 0x00, 0x00, 0x00, 0x00, 0x00, 0x00, 0x00, 0x00, 0x00, 0x00, 
    0x00, 0x00, 0x00, 0x00, 0x00, 0x00, 0x00, 0x00, 0x00, 0x00, 0x00, 0x00, 0x00, 0x00, 0x00, 0x00, 
    0x00, 0x00, 0x00, 0x00, 0x00, 0x00, 0x00, 0x00, 0x00, 0x00, 0x00, 0x00, 0x00, 0x00, 0x00, 0x00, 
    0x00, 0x00, 0x00, 0x00, 0x00, 0x00, 0x00, 0x00, 0x00, 0x00, 0x00, 0x00, 0x00, 0x00, 0x00, 0x00, 
    0x00, 0x00, 0x00, 0x00, 0x00, 0x00, 0x00, 0x00, 0x00, 0x00, 0x00, 0x00, 0x00, 0x00, 0x00, 0x00, 
    0x00, 0x00, 0x00, 0x00, 0x00, 0x00, 0x00, 0x00, 0x00, 0x00, 0x00, 0x00, 0x00, 0x00, 0x00, 0x00, 
    0x00, 0x00, 0x00, 0x00, 0x00, 0x00, 0x00, 0x00, 0x00, 0x00, 0x00, 0x00, 0x00, 0x00, 0x00, 0x00, 
    0x00, 0x00, 0x00, 0x00, 0x00, 0x00, 0x00, 0x00, 0x00, 0x00, 0x00, 0x00, 0x00, 0x00, 0x00, 0x00, 
    0x00, 0x00, 0x00, 0x00, 0x00, 0x00, 0x00, 0x00, 0x00, 0x00, 0x00, 0x00, 0x00, 0x00, 0x00, 0x00, 
    0x00, 0x00, 0x00, 0x00, 0x00, 0x00, 0x00, 0x00, 0x00, 0x00, 0x00, 0x00, 0x00, 0x00, 0x00, 0x00, 
    0x00, 0x00, 0x00, 0x00, 0x00, 0x00, 0x00, 0x00, 0x00, 0x00, 0x00, 0x00, 0x00, 0x00, 0x00, 0x00, 
    0x00, 0x00, 0x00, 0x00, 0x00, 0x00, 0x00, 0x00, 0x00, 0x00, 0x00, 0x00, 0x00, 0x00, 0x00, 0x00, 
    0x00, 0x00, 0x00, 0x00, 0x00, 0x00, 0x00, 0x00, 0x00, 0x00, 0x00, 0x00, 0x00, 0x00, 0x00, 0x00, 
    0x00, 0x00, 0x00, 0x00, 0x00, 0x00, 0x00, 0x00, 0x00, 0x00, 0x00, 0x00, 0x00, 0x00, 0x00, 0x00, 
    0x00, 0x00, 0x00, 0x00, 0x00, 0x00, 0x00, 0x00, 0x00, 0x00, 0x00, 0x00, 0x00, 0x00, 0x00, 0x00, 
    0x00, 0x00, 0x00, 0x00, 0x00, 0x00, 0x00, 0x00, 0x00, 0x00, 0x00, 0x00, 0x00, 0x00, 0x00, 0x00, 
    0x00, 0x00, 0x00, 0x00, 0x00, 0x00, 0x00, 0x00, 0x00, 0x00, 0x00, 0x00, 0x00, 0x00, 0x00, 0x00, 
    0x00, 0x00, 0x00, 0x00, 0x00, 0x00, 0x00, 0x00, 0x00, 0x00, 0x00, 0x00, 0x00, 0x00, 0x00, 0x00, 
    0x00, 0x00, 0x00, 0x00, 0x00, 0x00, 0x00, 0x00, 0x00, 0x00, 0x00, 0x00, 0x00, 0x00, 0x00, 0x00, 
    0x00, 0x00, 0x00, 0x00, 0x00, 0x00, 0x00, 0x00, 0x00, 0x00, 0x00, 0x00, 0x00, 0x00, 0x00, 0x00, 
    0x00, 0x00, 0x00, 0x00, 0x00, 0x00, 0x00, 0x00, 0x00, 0x00, 0x00, 0x00, 0x00, 0x00, 0x00, 0x00, 
    0x00, 0x00, 0x00, 0x00, 0x00, 0x00, 0x00, 0x00, 0x00, 0x00, 0x00, 0x00, 0x00, 0x00, 0x00, 0x00, 
    0x00, 0x00, 0x00, 0x00, 0x00, 0x00, 0x00, 0x00, 0x00, 0x00, 0x00, 0x00, 0x00, 0x00, 0x00, 0x00, 
    0x00, 0x00, 0x00, 0x00, 0x00, 0x00, 0x00, 0x00, 0x00, 0x00, 0x00, 0x00, 0x00, 0x00, 0x00, 0x00, 
    0x00, 0x00, 0x00, 0x00, 0x00, 0x00, 0x00, 0x00, 0x00, 0x00, 0x00, 0x00, 0x00, 0x00, 0x00, 0x00, 
    0x00, 0x00, 0x00, 0x00, 0x00, 0x00, 0x00, 0x00, 0x00, 0x00, 0x00, 0x00, 0x00, 0x00, 0x00, 0x00, 
    0x00, 0x00, 0x00, 0x00, 0x00, 0x00, 0x00, 0x00, 0x00, 0x00, 0x00, 0x00, 0x00, 0x00, 0x00, 0x00, 
    0x00, 0x00, 0x00, 0x00, 0x00, 0x00, 0x00, 0x00, 0x00, 0x00, 0x00, 0x00, 0x00, 0x00, 0x00, 0x00, 
    0x00, 0x00, 0x00, 0x00, 0x00, 0x00, 0x00, 0x00, 0x00, 0x00, 0x00, 0x00, 0x00, 0x00, 0x00, 0x00, 
    0x00, 0x00, 0x00, 0x00, 0x00, 0x00, 0x00, 0x00, 0x00, 0x00, 0x00, 0x00, 0x00, 0x00, 0x00, 0x00, 
    0x00, 0x00, 0x00, 0x00, 0x00, 0x00, 0x00, 0x00, 0x00, 0x00, 0x00, 0x00, 0x00, 0x00, 0x00, 0x00, 
    0x00, 0x00, 0x00, 0x00, 0x00, 0x00, 0x00, 0x00, 0x00, 0x00, 0x00, 0x00, 0x00, 0x00, 0x00, 0x00, 
    0x00, 0x00, 0x00, 0x00, 0x00, 0x00, 0x00, 0x00, 0x00, 0x00, 0x00, 0x00, 0x00, 0x00, 0x00, 0x00, 
    0x00, 0x00, 0x00, 0x00, 0x00, 0x00, 0x00, 0x00, 0x00, 0x00, 0x00, 0x00, 0x00, 0x00, 0x00, 0x00, 
    0x00, 0x00, 0x00, 0x00, 0x00, 0x00, 0x00, 0x00, 0x00, 0x00, 0x00, 0x00, 0x00, 0x00, 0x00, 0x00, 
    0x00, 0x00, 0x00, 0x00, 0x00, 0x00, 0x00, 0x00, 0x00, 0x00, 0x00, 0x00, 0x00, 0x00, 0x00, 0x00, 
    0x00, 0x00, 0x00, 0x00, 0x00, 0x00, 0x00, 0x00, 0x00, 0x00, 0x00, 0x00, 0x00, 0x00, 0x00, 0x00, 
    0x00, 0x00, 0x00, 0x00, 0x00, 0x00, 0x00, 0x00, 0x00, 0x00, 0x00, 0x00, 0x00, 0x00, 0x00, 0x00, 
    0x00, 0x00, 0x00, 0x00, 0x00, 0x00, 0x00, 0x00, 0x00, 0x00, 0x00, 0x00, 0x00, 0x00, 0x00, 0x00, 
    0x00, 0x00, 0x00, 0x00, 0x00, 0x00, 0x00, 0x00, 0x00, 0x00, 0x00, 0x00, 0x00, 0x00, 0x00, 0x00, 
    0x00, 0x00, 0x00, 0x00, 0x00, 0x00, 0x00, 0x00, 0x00, 0x00, 0x00, 0x00, 0x00, 0x00, 0x00, 0x00, 
    0x00, 0x00, 0x00, 0x00, 0x00, 0x00, 0x00, 0x00, 0x00, 0x00, 0x00, 0x00, 0x00, 0x00, 0x00, 0x00, 
    0x00, 0x00, 0x00, 0x00, 0x00, 0x00, 0x00, 0x00, 0x00, 0x00, 0x00, 0x00, 0x00, 0x00, 0x00, 0x00, 
    0x00, 0x00, 0x00, 0x00, 0x00, 0x00, 0x00, 0x00, 0x00, 0x00, 0x00, 0x00, 0x00, 0x00, 0x00, 0x00, 
    0x00, 0x00, 0x00, 0x00, 0x00, 0x00, 0x00, 0x00, 0x00, 0x00, 0x00, 0x00, 0x00, 0x00, 0x00, 0x00, 
    0x00, 0x00, 0x00, 0x00, 0x00, 0x00, 0x00, 0x00, 0x00, 0x00, 0x00, 0x00, 0x00, 0x00, 0x00, 0x00, 
    0x00, 0x00, 0x00, 0x00, 0x00, 0x00, 0x00, 0x00, 0x00, 0x00, 0x00, 0x00, 0x00, 0x00, 0x00, 0x00, 
    0x00, 0x00, 0x00, 0x00, 0x00, 0x00, 0x00, 0x00, 0x00, 0x00, 0x00, 0x00, 0x00, 0x00, 0x00, 0x00, 
    0x00, 0x00, 0x00, 0x00, 0x00, 0x00, 0x00, 0x00, 0x00, 0x00, 0x00, 0x00, 0x00, 0x00, 0x00, 0x00, 
    0x00, 0x00, 0x00, 0x00, 0x00, 0x00, 0x00, 0x00, 0x00, 0x00, 0x00, 0x00, 0x00, 0x00, 0x00, 0x00, 
    0x00, 0x00, 0x00, 0x00, 0x00, 0x00, 0x00, 0x00, 0x00, 0x00, 0x00, 0x00, 0x00, 0x00, 0x00, 0x00, 
    0x00, 0x00, 0x00, 0x00, 0x00, 0x00, 0x00, 0x00, 0x00, 0x00, 0x00, 0x00, 0x00, 0x00, 0x00, 0x00, 
    0x00, 0x00, 0x00, 0x00, 0x00, 0x00, 0x00, 0x00, 0x00, 0x00, 0x00, 0x00, 0x00, 0x00, 0x00, 0x00, 
    0x00, 0x00, 0x00, 0x00, 0x00, 0x00, 0x00, 0x00, 0x00, 0x00, 0x00, 0x00, 0x00, 0x00, 0x00, 0x00, 
    0x00, 0x00, 0x00, 0x00, 0x00, 0x00, 0x00, 0x00, 0x00, 0x00, 0x00, 0x00, 0x00, 0x00, 0x00, 0x00, 
    0x00, 0x00, 0x00, 0x00, 0x00, 0x00, 0x00, 0x00, 0x00, 0x00, 0x00, 0x00, 0x00, 0x00, 0x00, 0x00, 
    0x00, 0x00, 0x00, 0x00, 0x00, 0x00, 0x00, 0x00, 0x00, 0x00, 0x00, 0x00, 0x00, 0x00, 0x00, 0x00, 
    0x00, 0x00, 0x00, 0x00, 0x00, 0x00, 0x00, 0x00, 0x00, 0x00, 0x00, 0x00, 0x00, 0x00, 0x00, 0x00, 
    0x00, 0x00, 0x00, 0x00, 0x00, 0x00, 0x00, 0x00, 0x00, 0x00, 0x00, 0x00, 0x00, 0x00, 0x00, 0x00, 
    0x00, 0x00, 0x00, 0x00, 0x00, 0x00, 0x00, 0x00, 0x00, 0x00, 0x00, 0x00, 0x00, 0x00, 0x00, 0x00, 
    0x00, 0x00, 0x00, 0x00, 0x00, 0x00, 0x00, 0x00, 0x00, 0x00, 0x00, 0x00, 0x00, 0x00, 0x00, 0x00, 
    0x00, 0x00, 0x00, 0x00, 0x00, 0x00, 0x00, 0x00, 0x00, 0x00, 0x00, 0x00, 0x00, 0x00, 0x00, 0x00, 
    0x00, 0x00, 0x00, 0x00, 0x00, 0x00, 0x00, 0x00, 0x00, 0x00, 0x00, 0x00, 0x00, 0x00, 0x00, 0x00, 
    0x00, 0x00, 0x00, 0x00, 0x00, 0x00, 0x00, 0x00, 0x00, 0x00, 0x00, 0x00, 0x00, 0x00, 0x00, 0x00, 
    0x00, 0x00, 0x00, 0x00, 0x00, 0x00, 0x00, 0x00, 0x00, 0x00, 0x00, 0x00, 0x00, 0x00, 0x00, 0x00, 
    0x00, 0x00, 0x00, 0x00, 0x00, 0x00, 0x00, 0x00, 0x00, 0x00, 0x00, 0x00, 0x00, 0x00, 0x00, 0x00, 
    0x00, 0x00, 0x00, 0x00, 0x00, 0x00, 0x00, 0x00, 0x00, 0x00, 0x00, 0x00, 0x00, 0x00, 0x00, 0x00, 
    0x00, 0x00, 0x00, 0x00, 0x00, 0x00, 0x00, 0x00, 0x00, 0x00, 0x00, 0x00, 0x00, 0x00, 0x00, 0x00, 
    0x00, 0x00, 0x00, 0x00, 0x00, 0x00, 0x00, 0x00, 0x00, 0x00, 0x00, 0x00, 0x00, 0x00, 0x00, 0x00, 
    0x00, 0x00, 0x00, 0x00, 0x00, 0x00, 0x00, 0x00, 0x00, 0x00, 0x00, 0x00, 0x00, 0x00, 0x00, 0x00, 
    0x00, 0x00, 0x00, 0x00, 0x00, 0x00, 0x00, 0x00, 0x00, 0x00, 0x00, 0x00, 0x00, 0x00, 0x00, 0x00, 
    0x00, 0x00, 0x00, 0x00, 0x00, 0x00, 0x00, 0x00, 0x00, 0x00, 0x00, 0x00, 0x00, 0x00, 0x00, 0x00, 
    0x00, 0x00, 0x00, 0x00, 0x00, 0x00, 0x00, 0x00, 0x00, 0x00, 0x00, 0x00, 0x00, 0x00, 0x00, 0x00, 
    0x00, 0x00, 0x00, 0x00, 0x00, 0x00, 0x00, 0x00, 0x00, 0x00, 0x00, 0x00, 0x00, 0x00, 0x00, 0x00, 
    0x00, 0x00, 0x00, 0x00, 0x00, 0x00, 0x00, 0x00, 0x00, 0x00, 0x00, 0x00, 0x00, 0x00, 0x00, 0x00, 
    0x00, 0x00, 0x00, 0x00, 0x00, 0x00, 0x00, 0x00, 0x00, 0x00, 0x00, 0x00, 0x00, 0x00, 0x00, 0x00, 
    0x00, 0x00, 0x00, 0x00, 0x00, 0x00, 0x00, 0x00, 0x00, 0x00, 0x00, 0x00, 0x00, 0x00, 0x00, 0x00, 
    0x00, 0x00, 0x00, 0x00, 0x00, 0x00, 0x00, 0x00, 0x00, 0x00, 0x00, 0x00, 0x00, 0x00, 0x00, 0x00, 
    0x00, 0x00, 0x00, 0x00, 0x00, 0x00, 0x00, 0x00, 0x00, 0x00, 0x00, 0x00, 0x00, 0x00, 0x00, 0x00, 
    0x00, 0x00, 0x00, 0x00, 0x00, 0x00, 0x00, 0x00, 0x00, 0x00, 0x00, 0x00, 0x00, 0x00, 0x00, 0x00, 
    0x00, 0x00, 0x00, 0x00, 0x00, 0x00, 0x00, 0x00, 0x00, 0x00, 0x00, 0x00, 0x00, 0x00, 0x00, 0x00, 
    0x00, 0x00, 0x00, 0x00, 0x00, 0x00, 0x00, 0x00, 0x00, 0x00, 0x00, 0x00, 0x00, 0x00, 0x00, 0x00, 
    0x00, 0x00, 0x00, 0x00, 0x00, 0x00, 0x00, 0x00, 0x00, 0x00, 0x00, 0x00, 0x00, 0x00, 0x00, 0x00, 
    0x00, 0x00, 0x00, 0x00, 0x00, 0x00, 0x00, 0x00, 0x00, 0x00, 0x00, 0x00, 0x00, 0x00, 0x00, 0x00, 
    0x00, 0x00, 0x00, 0x00, 0x00, 0x00, 0x00, 0x00, 0x00, 0x00, 0x00, 0x00, 0x00, 0x00, 0x00, 0x00, 
    0x00, 0x00, 0x00, 0x00, 0x00, 0x00, 0x00, 0x00, 0x00, 0x00, 0x00, 0x00, 0x00, 0x00, 0x00, 0x00, 
    0x00, 0x00, 0x00, 0x00, 0x00, 0x00, 0x00, 0x00, 0x00, 0x00, 0x00, 0x00, 0x00, 0x00, 0x00, 0x00, 
    0x00, 0x00, 0x00, 0x00, 0x00, 0x00, 0x00, 0x00, 0x00, 0x00, 0x00, 0x00, 0x00, 0x00, 0x00, 0x00, 
    0x00, 0x00, 0x00, 0x00, 0x00, 0x00, 0x00, 0x00, 0x00, 0x00, 0x00, 0x00, 0x00, 0x00, 0x00, 0x00, 
    0x00, 0x00, 0x00, 0x00, 0x00, 0x00, 0x00, 0x00, 0x00, 0x00, 0x00, 0x00, 0x00, 0x00, 0x00, 0x00, 
    0x00, 0x00, 0x00, 0x00, 0x00, 0x00, 0x00, 0x00, 0x00, 0x00, 0x00, 0x00, 0x00, 0x00, 0x00, 0x00, 
    0x00, 0x00, 0x00, 0x00, 0x00, 0x00, 0x00, 0x00, 0x00, 0x00, 0x00, 0x00, 0x00, 0x00, 0x00, 0x00, 
    0x00, 0x00, 0x00, 0x00, 0x00, 0x00, 0x00, 0x00, 0x00, 0x00, 0x00, 0x00, 0x00, 0x00, 0x00, 0x00, 
    0x00, 0x00, 0x00, 0x00, 0x00, 0x00, 0x00, 0x00, 0x00, 0x00, 0x00, 0x00, 0x00, 0x00, 0x00, 0x00, 
    0x00, 0x00, 0x00, 0x00, 0x00, 0x00, 0x00, 0x00, 0x00, 0x00, 0x00, 0x00, 0x00, 0x00, 0x00, 0x00, 
    0x00, 0x00, 0x00, 0x00, 0x00, 0x00, 0x00, 0x00, 0x00, 0x00, 0x00, 0x00, 0x00, 0x00, 0x00, 0x00, 
    0x00, 0x00, 0x00, 0x00, 0x00, 0x00, 0x00, 0x00, 0x00, 0x00, 0x00, 0x00, 0x00, 0x00, 0x00, 0x00, 
    0x00, 0x00, 0x00, 0x00, 0x00, 0x00, 0x00, 0x00, 0x00, 0x00, 0x00, 0x00, 0x00, 0x00, 0x00, 0x00, 
    0x00, 0x00, 0x00, 0x00, 0x00, 0x00, 0x00, 0x00, 0x00, 0x00, 0x00, 0x00, 0x00, 0x00, 0x00, 0x00, 
    0x00, 0x00, 0x00, 0x00, 0x00, 0x00, 0x00, 0x00, 0x00, 0x00, 0x00, 0x00, 0x00, 0x00, 0x00, 0x00, 
    0x00, 0x00, 0x00, 0x00, 0x00, 0x00, 0x00, 0x00, 0x00, 0x00, 0x00, 0x00, 0x00, 0x00, 0x00, 0x00, 
    0x00, 0x00, 0x00, 0x00, 0x00, 0x00, 0x00, 0x00, 0x00, 0x00, 0x00, 0x00, 0x00, 0x00, 0x00, 0x00, 
    0x00, 0x00, 0x00, 0x00, 0x00, 0x00, 0x00, 0x00, 0x00, 0x00, 0x00, 0x00, 0x00, 0x00, 0x00, 0x00, 
    0x00, 0x00, 0x00, 0x00, 0x00, 0x00, 0x00, 0x00, 0x00, 0x00, 0x00, 0x00, 0x00, 0x00, 0x00, 0x00, 
    0x00, 0x00, 0x00, 0x00, 0x00, 0x00, 0x00, 0x00, 0x00, 0x00, 0x00, 0x00, 0x00, 0x00, 0x00, 0x00, 
    0x00, 0x00, 0x00, 0x00, 0x00, 0x00, 0x00, 0x00, 0x00, 0x00, 0x00, 0x00, 0x00, 0x00, 0x00, 0x00, 
    0x00, 0x00, 0x00, 0x00, 0x00, 0x00, 0x00, 0x00, 0x00, 0x00, 0x00, 0x00, 0x00, 0x00, 0x00, 0x00, 
    0x00, 0x00, 0x00, 0x00, 0x00, 0x00, 0x00, 0x00, 0x00, 0x00, 0x00, 0x00, 0x00, 0x00, 0x00, 0x00, 
    0x00, 0x00, 0x00, 0x00, 0x00, 0x00, 0x00, 0x00, 0x00, 0x00, 0x00, 0x00, 0x00, 0x00, 0x00, 0x00, 
    0x00, 0x00, 0x00, 0x00, 0x00, 0x00, 0x00, 0x00, 0x00, 0x00, 0x00, 0x00, 0x00, 0x00, 0x00, 0x00, 
    0x00, 0x00, 0x00, 0x00, 0x00, 0x00, 0x00, 0x00, 0x00, 0x00, 0x00, 0x00, 0x00, 0x00, 0x00, 0x00, 
    0x00, 0x00, 0x00, 0x00, 0x00, 0x00, 0x00, 0x00, 0x00, 0x00, 0x00, 0x00, 0x00, 0x00, 0x00, 0x00, 
    0x00, 0x00, 0x00, 0x00, 0x00, 0x00, 0x00, 0x00, 0x00, 0x00, 0x00, 0x00, 0x00, 0x00, 0x00, 0x00, 
    0x00, 0x00, 0x00, 0x00, 0x00, 0x00, 0x00, 0x00, 0x00, 0x00, 0x00, 0x00, 0x00, 0x00, 0x00, 0x00, 
    0x00, 0x00, 0x00, 0x00, 0x00, 0x00, 0x00, 0x00, 0x00, 0x00, 0x00, 0x00, 0x00, 0x00, 0x00, 0x00, 
    0x00, 0x00, 0x00, 0x00, 0x00, 0x00, 0x00, 0x00, 0x00, 0x00, 0x00, 0x00, 0x00, 0x00, 0x00, 0x00, 
    0x00, 0x00, 0x00, 0x00, 0x00, 0x00, 0x00, 0x00, 0x00, 0x00, 0x00, 0x00, 0x00, 0x00, 0x00, 0x00, 
    0x00, 0x00, 0x00, 0x00, 0x00, 0x00, 0x00, 0x00, 0x00, 0x00, 0x00, 0x00, 0x00, 0x00, 0x00, 0x00, 
    0x00, 0x00, 0x00, 0x00, 0x00, 0x00, 0x00, 0x00, 0x00, 0x00, 0x00, 0x00, 0x00, 0x00, 0x00, 0x00, 
    0x00, 0x00, 0x00, 0x00, 0x00, 0x00, 0x00, 0x00, 0x00, 0x00, 0x00, 0x00, 0x00, 0x00, 0x00, 0x00, 
    0x00, 0x00, 0x00, 0x00, 0x00, 0x00, 0x00, 0x00, 0x00, 0x00, 0x00, 0x00, 0x00, 0x00, 0x00, 0x00, 
    0x00, 0x00, 0x00, 0x00, 0x00, 0x00, 0x00, 0x00, 0x00, 0x00, 0x00, 0x00, 0x00, 0x00, 0x00, 0x00, 
    0x00, 0x00, 0x00, 0x00, 0x00, 0x00, 0x00, 0x00, 0x00, 0x00, 0x00, 0x00, 0x00, 0x00, 0x00, 0x00, 
    0x00, 0x00, 0x00, 0x00, 0x00, 0x00, 0x00, 0x00, 0x00, 0x00, 0x00, 0x00, 0x00, 0x00, 0x00, 0x00, 
    0x00, 0x00, 0x00, 0x00, 0x00, 0x00, 0x00, 0x00, 0x00, 0x00, 0x00, 0x00, 0x00, 0x00, 0x00, 0x00, 
    0x00, 0x00, 0x00, 0x00, 0x00, 0x00, 0x00, 0x00, 0x00, 0x00, 0x00, 0x00, 0x00, 0x00, 0x00, 0x00, 
    0x00, 0x00, 0x00, 0x00, 0x00, 0x00, 0x00, 0x00, 0x00, 0x00, 0x00, 0x00, 0x00, 0x00, 0x00, 0x00, 
    0x00, 0x00, 0x00, 0x00, 0x00, 0x00, 0x00, 0x00, 0x00, 0x00, 0x00, 0x00, 0x00, 0x00, 0x00, 0x00, 
    0x00, 0x00, 0x00, 0x00, 0x00, 0x00, 0x00, 0x00, 0x00, 0x00, 0x00, 0x00, 0x00, 0x00, 0x00, 0x00, 
    0x00, 0x00, 0x00, 0x00, 0x00, 0x00, 0x00, 0x00, 0x00, 0x00, 0x00, 0x00, 0x00, 0x00, 0x00, 0x00, 
    0x00, 0x00, 0x00, 0x00, 0x00, 0x00, 0x00, 0x00, 0x00, 0x00, 0x00, 0x00, 0x00, 0x00, 0x00, 0x00, 
    0x00, 0x00, 0x00, 0x00, 0x00, 0x00, 0x00, 0x00, 0x00, 0x00, 0x00, 0x00, 0x00, 0x00, 0x00, 0x00, 
    0x00, 0x00, 0x00, 0x00, 0x00, 0x00, 0x00, 0x00, 0x00, 0x00, 0x00, 0x00, 0x00, 0x00, 0x00, 0x00, 
    0x00, 0x00, 0x00, 0x00, 0x00, 0x00, 0x00, 0x00, 0x00, 0x00, 0x00, 0x00, 0x00, 0x00, 0x00, 0x00, 
    0x00, 0x00, 0x00, 0x00, 0x00, 0x00, 0x00, 0x00, 0x00, 0x00, 0x00, 0x00, 0x00, 0x00, 0x00, 0x00, 
    0x00, 0x00, 0x00, 0x00, 0x00, 0x00, 0x00, 0x00, 0x00, 0x00, 0x00, 0x00, 0x00, 0x00, 0x00, 0x00, 
    0x00, 0x00, 0x00, 0x00, 0x00, 0x00, 0x00, 0x00, 0x00, 0x00, 0x00, 0x00, 0x00, 0x00, 0x00, 0x00, 
    0x00, 0x00, 0x00, 0x00, 0x00, 0x00, 0x00, 0x00, 0x00, 0x00, 0x00, 0x00, 0x00, 0x00, 0x00, 0x00, 
    0x00, 0x00, 0x00, 0x00, 0x00, 0x00, 0x00, 0x00, 0x00, 0x00, 0x00, 0x00, 0x00, 0x00, 0x00, 0x00, 
    0x00, 0x00, 0x00, 0x00, 0x00, 0x00, 0x00, 0x00, 0x00, 0x00, 0x00, 0x00, 0x00, 0x00, 0x00, 0x00, 
    0x00, 0x00, 0x00, 0x00, 0x00, 0x00, 0x00, 0x00, 0x00, 0x00, 0x00, 0x00, 0x00, 0x00, 0x00, 0x00, 
    0x00, 0x00, 0x00, 0x00, 0x00, 0x00, 0x00, 0x00, 0x00, 0x00, 0x00, 0x00, 0x00, 0x00, 0x00, 0x00, 
    0x00, 0x00, 0x00, 0x00, 0x00, 0x00, 0x00, 0x00, 0x00, 0x00, 0x00, 0x00, 0x00, 0x00, 0x00, 0x00, 
    0x00, 0x00, 0x00, 0x00, 0x00, 0x00, 0x00, 0x00, 0x00, 0x00, 0x00, 0x00, 0x00, 0x00, 0x00, 0x00, 
    0x00, 0x00, 0x00, 0x00, 0x00, 0x00, 0x00, 0x00, 0x00, 0x00, 0x00, 0x00, 0x00, 0x00, 0x00, 0x00, 
    0x00, 0x00, 0x00, 0x00, 0x00, 0x00, 0x00, 0x00, 0x00, 0x00, 0x00, 0x00, 0x00, 0x00, 0x00, 0x00, 
    0x00, 0x00, 0x00, 0x00, 0x00, 0x00, 0x00, 0x00, 0x00, 0x00, 0x00, 0x00, 0x00, 0x00, 0x00, 0x00, 
    0x00, 0x00, 0x00, 0x00, 0x00, 0x00, 0x00, 0x00, 0x00, 0x00, 0x00, 0x00, 0x00, 0x00, 0x00, 0x00, 
    0x00, 0x00, 0x00, 0x00, 0x00, 0x00, 0x00, 0x00, 0x00, 0x00, 0x00, 0x00, 0x00, 0x00, 0x00, 0x00, 
    0x00, 0x00, 0x00, 0x00, 0x00, 0x00, 0x00, 0x00, 0x00, 0x00, 0x00, 0x00, 0x00, 0x00, 0x00, 0x00, 
    0x00, 0x00, 0x00, 0x00, 0x00, 0x00, 0x00, 0x00, 0x00, 0x00, 0x00, 0x00, 0x00, 0x00, 0x00, 0x00, 
    0x00, 0x00, 0x00, 0x00, 0x00, 0x00, 0x00, 0x00, 0x00, 0x00, 0x00, 0x00, 0x00, 0x00, 0x00, 0x00, 
    0x00, 0x00, 0x00, 0x00, 0x00, 0x00, 0x00, 0x00, 0x00, 0x00, 0x00, 0x00, 0x00, 0x00, 0x00, 0x00, 
    0x00, 0x00, 0x00, 0x00, 0x00, 0x00, 0x00, 0x00, 0x00, 0x00, 0x00, 0x00, 0x00, 0x00, 0x00, 0x00, 
    0x00, 0x00, 0x00, 0x00, 0x00, 0x00, 0x00, 0x00, 0x00, 0x00, 0x00, 0x00, 0x00, 0x00, 0x00, 0x00, 
    0x00, 0x00, 0x00, 0x00, 0x00, 0x00, 0x00, 0x00, 0x00, 0x00, 0x00, 0x00, 0x00, 0x00, 0x00, 0x00, 
    0x00, 0x00, 0x00, 0x00, 0x00, 0x00, 0x00, 0x00, 0x00, 0x00, 0x00, 0x00, 0x00, 0x00, 0x00, 0x00, 
    0x00, 0x00, 0x00, 0x00, 0x00, 0x00, 0x00, 0x00, 0x00, 0x00, 0x00, 0x00, 0x00, 0x00, 0x00, 0x00, 
    0x00, 0x00, 0x00, 0x00, 0x00, 0x00, 0x00, 0x00, 0x00, 0x00, 0x00, 0x00, 0x00, 0x00, 0x00, 0x00, 
    0x00, 0x00, 0x00, 0x00, 0x00, 0x00, 0x00, 0x00, 0x00, 0x00, 0x00, 0x00, 0x00, 0x00, 0x00, 0x00, 
    0x00, 0x00, 0x00, 0x00, 0x00, 0x00, 0x00, 0x00, 0x00, 0x00, 0x00, 0x00, 0x00, 0x00, 0x00, 0x00, 
    0x00, 0x00, 0x00, 0x00, 0x00, 0x00, 0x00, 0x00, 0x00, 0x00, 0x00, 0x00, 0x00, 0x00, 0x00, 0x00, 
    0x00, 0x00, 0x00, 0x00, 0x00, 0x00, 0x00, 0x00, 0x00, 0x00, 0x00, 0x00, 0x00, 0x00, 0x00, 0x00, 
    0x00, 0x00, 0x00, 0x00, 0x00, 0x00, 0x00, 0x00, 0x00, 0x00, 0x00, 0x00, 0x00, 0x00, 0x00, 0x00, 
    0x00, 0x00, 0x00, 0x00, 0x00, 0x00, 0x00, 0x00, 0x00, 0x00, 0x00, 0x00, 0x00, 0x00, 0x00, 0x00, 
    0x00, 0x00, 0x00, 0x00, 0x00, 0x00, 0x00, 0x00, 0x00, 0x00, 0x00, 0x00, 0x00, 0x00, 0x00, 0x00, 
    0x00, 0x00, 0x00, 0x00, 0x00, 0x00, 0x00, 0x00, 0x00, 0x00, 0x00, 0x00, 0x00, 0x00, 0x00, 0x00, 
    0x00, 0x00, 0x00, 0x00, 0x00, 0x00, 0x00, 0x00, 0x00, 0x00, 0x00, 0x00, 0x00, 0x00, 0x00, 0x00, 
    0x00, 0x00, 0x00, 0x00, 0x00, 0x00, 0x00, 0x00, 0x00, 0x00, 0x00, 0x00, 0x00, 0x00, 0x00, 0x00, 
    0x00, 0x00, 0x00, 0x00, 0x00, 0x00, 0x00, 0x00, 0x00, 0x00, 0x00, 0x00, 0x00, 0x00, 0x00, 0x00, 
    0x00, 0x00, 0x00, 0x00, 0x00, 0x00, 0x00, 0x00, 0x00, 0x00, 0x00, 0x00, 0x00, 0x00, 0x00, 0x00, 
    0x00, 0x00, 0x00, 0x00, 0x00, 0x00, 0x00, 0x00, 0x00, 0x00, 0x00, 0x00, 0x00, 0x00, 0x00, 0x00, 
    0x00, 0x00, 0x00, 0x00, 0x00, 0x00, 0x00, 0x00, 0x00, 0x00, 0x00, 0x00, 0x00, 0x00, 0x00, 0x00, 
    0x00, 0x00, 0x00, 0x00, 0x00, 0x00, 0x00, 0x00, 0x00, 0x00, 0x00, 0x00, 0x00, 0x00, 0x00, 0x00, 
    0x00, 0x00, 0x00, 0x00, 0x00, 0x00, 0x00, 0x00, 0x00, 0x00, 0x00, 0x00, 0x00, 0x00, 0x00, 0x00, 
    0x00, 0x00, 0x00, 0x00, 0x00, 0x00, 0x00, 0x00, 0x00, 0x00, 0x00, 0x00, 0x00, 0x00, 0x00, 0x00, 
    0x00, 0x00, 0x00, 0x00, 0x00, 0x00, 0x00, 0x00, 0x00, 0x00, 0x00, 0x00, 0x00, 0x00, 0x00, 0x00, 
    0x00, 0x00, 0x00, 0x00, 0x00, 0x00, 0x00, 0x00, 0x00, 0x00, 0x00, 0x00, 0x00, 0x00, 0x00, 0x00, 
    0x00, 0x00, 0x00, 0x00, 0x00, 0x00, 0x00, 0x00, 0x00, 0x00, 0x00, 0x00, 0x00, 0x00, 0x00, 0x00, 
    0x00, 0x00, 0x00, 0x00, 0x00, 0x00, 0x00, 0x00, 0x00, 0x00, 0x00, 0x00, 0x00, 0x00, 0x00, 0x00, 
    0x00, 0x00, 0x00, 0x00, 0x00, 0x00, 0x00, 0x00, 0x00, 0x00, 0x00, 0x00, 0x00, 0x00, 0x00, 0x00, 
    0x00, 0x00, 0x00, 0x00, 0x00, 0x00, 0x00, 0x00, 0x00, 0x00, 0x00, 0x00, 0x00, 0x00, 0x00, 0x00, 
    0x00, 0x00, 0x00, 0x00, 0x00, 0x00, 0x00, 0x00, 0x00, 0x00, 0x00, 0x00, 0x00, 0x00, 0x00, 0x00, 
    0x00, 0x00, 0x00, 0x00, 0x00, 0x00, 0x00, 0x00, 0x00, 0x00, 0x00, 0x00, 0x00, 0x00, 0x00, 0x00, 
    0x00, 0x00, 0x00, 0x00, 0x00, 0x00, 0x00, 0x00, 0x00, 0x00, 0x00, 0x00, 0x00, 0x00, 0x00, 0x00, 
    0x00, 0x00, 0x00, 0x00, 0x00, 0x00, 0x00, 0x00, 0x00, 0x00, 0x00, 0x00, 0x00, 0x00, 0x00, 0x00, 
    0x00, 0x00, 0x00, 0x00, 0x00, 0x00, 0x00, 0x00, 0x00, 0x00, 0x00, 0x00, 0x00, 0x00, 0x00, 0x00, 
    0x00, 0x00, 0x00, 0x00, 0x00, 0x00, 0x00, 0x00, 0x00, 0x00, 0x00, 0x00, 0x00, 0x00, 0x00, 0x00, 
    0x00, 0x00, 0x00, 0x00, 0x00, 0x00, 0x00, 0x00, 0x00, 0x00, 0x00, 0x00, 0x00, 0x00, 0x00, 0x00, 
    0x00, 0x00, 0x00, 0x00, 0x00, 0x00, 0x00, 0x00, 0x00, 0x00, 0x00, 0x00, 0x00, 0x00, 0x00, 0x00, 
    0x00, 0x00, 0x00, 0x00, 0x00, 0x00, 0x00, 0x00, 0x00, 0x00, 0x00, 0x00, 0x00, 0x00, 0x00, 0x00, 
    0x00, 0x00, 0x00, 0x00, 0x00, 0x00, 0x00, 0x00, 0x00, 0x00, 0x00, 0x00, 0x00, 0x00, 0x00, 0x00, 
    0x00, 0x00, 0x00, 0x00, 0x00, 0x00, 0x00, 0x00, 0x00, 0x00, 0x00, 0x00, 0x00, 0x00, 0x00, 0x00, 
    0x00, 0x00, 0x00, 0x00, 0x00, 0x00, 0x00, 0x00, 0x00, 0x00, 0x00, 0x00, 0x00, 0x00, 0x00, 0x00, 
    0x00, 0x00, 0x00, 0x00, 0x00, 0x00, 0x00, 0x00, 0x00, 0x00, 0x00, 0x00, 0x00, 0x00, 0x00, 0x00, 
    0x00, 0x00, 0x00, 0x00, 0x00, 0x00, 0x00, 0x00, 0x00, 0x00, 0x00, 0x00, 0x00, 0x00, 0x00, 0x00, 
    0x00, 0x00, 0x00, 0x00, 0x00, 0x00, 0x00, 0x00, 0x00, 0x00, 0x00, 0x00, 0x00, 0x00, 0x00, 0x00, 
    0x00, 0x00, 0x00, 0x00, 0x00, 0x00, 0x00, 0x00, 0x00, 0x00, 0x00, 0x00, 0x00, 0x00, 0x00, 0x00, 
    0x00, 0x00, 0x00, 0x00, 0x00, 0x00, 0x00, 0x00, 0x00, 0x00, 0x00, 0x00, 0x00, 0x00, 0x00, 0x00, 
    0x00, 0x00, 0x00, 0x00, 0x00, 0x00, 0x00, 0x00, 0x00, 0x00, 0x00, 0x00, 0x00, 0x00, 0x00, 0x00, 
    0x00, 0x00, 0x00, 0x00, 0x00, 0x00, 0x00, 0x00, 0x00, 0x00, 0x00, 0x00, 0x00, 0x00, 0x00, 0x00, 
    0x00, 0x00, 0x00, 0x00, 0x00, 0x00, 0x00, 0x00, 0x00, 0x00, 0x00, 0x00, 0x00, 0x00, 0x00, 0x00, 
    0x00, 0x00, 0x00, 0x00, 0x00, 0x00, 0x00, 0x00, 0x00, 0x00, 0x00, 0x00, 0x00, 0x00, 0x00, 0x00, 
    0x00, 0x00, 0x00, 0x00, 0x00, 0x00, 0x00, 0x00, 0x00, 0x00, 0x00, 0x00, 0x00, 0x00, 0x00, 0x00, 
    0x00, 0x00, 0x00, 0x00, 0x00, 0x00, 0x00, 0x00, 0x00, 0x00, 0x00, 0x00, 0x00, 0x00, 0x00, 0x00, 
    0x00, 0x00, 0x00, 0x00, 0x00, 0x00, 0x00, 0x00, 0x00, 0x00, 0x00, 0x00, 0x00, 0x00, 0x00, 0x00, 
    0x00, 0x00, 0x00, 0x00, 0x00, 0x00, 0x00, 0x00, 0x00, 0x00, 0x00, 0x00, 0x00, 0x00, 0x00, 0x00, 
    0x00, 0x00, 0x00, 0x00, 0x00, 0x00, 0x00, 0x00, 0x00, 0x00, 0x00, 0x00, 0x00, 0x00, 0x00, 0x00, 
    0x00, 0x00, 0x00, 0x00, 0x00, 0x00, 0x00, 0x00, 0x00, 0x00, 0x00, 0x00, 0x00, 0x00, 0x00, 0x00, 
    0x00, 0x00, 0x00, 0x00, 0x00, 0x00, 0x00, 0x00, 0x00, 0x00, 0x00, 0x00, 0x00, 0x00, 0x00, 0x00, 
    0x00, 0x00, 0x00, 0x00, 0x00, 0x00, 0x00, 0x00, 0x00, 0x00, 0x00, 0x00, 0x00, 0x00, 0x00, 0x00, 
    0x00, 0x00, 0x00, 0x00, 0x00, 0x00, 0x00, 0x00, 0x00, 0x00, 0x00, 0x00, 0x00, 0x00, 0x00, 0x00, 
    0x00, 0x00, 0x00, 0x00, 0x00, 0x00, 0x00, 0x00, 0x00, 0x00, 0x00, 0x00, 0x00, 0x00, 0x00, 0x00, 
    0x00, 0x00, 0x00, 0x00, 0x00, 0x00, 0x00, 0x00, 0x00, 0x00, 0x00, 0x00, 0x00, 0x00, 0x00, 0x00, 
    0x00, 0x00, 0x00, 0x00, 0x00, 0x00, 0x00, 0x00, 0x00, 0x00, 0x00, 0x00, 0x00, 0x00, 0x00, 0x00, 
    0x00, 0x00, 0x00, 0x00, 0x00, 0x00, 0x00, 0x00, 0x00, 0x00, 0x00, 0x00, 0x00, 0x00, 0x00, 0x00, 
    0x00, 0x00, 0x00, 0x00, 0x00, 0x00, 0x00, 0x00, 0x00, 0x00, 0x00, 0x00, 0x00, 0x00, 0x00, 0x00, 
    0x00, 0x00, 0x00, 0x00, 0x00, 0x00, 0x00, 0x00, 0x00, 0x00, 0x00, 0x00, 0x00, 0x00, 0x00, 0x00, 
    0x00, 0x00, 0x00, 0x00, 0x00, 0x00, 0x00, 0x00, 0x00, 0x00, 0x00, 0x00, 0x00, 0x00, 0x00, 0x00, 
    0x00, 0x00, 0x00, 0x00, 0x00, 0x00, 0x00, 0x00, 0x00, 0x00, 0x00, 0x00, 0x00, 0x00, 0x00, 0x00, 
    0x00, 0x00, 0x00, 0x00, 0x00, 0x00, 0x00, 0x00, 0x00, 0x00, 0x00, 0x00, 0x00, 0x00, 0x00, 0x00, 
    0x00, 0x00, 0x00, 0x00, 0x00, 0x00, 0x00, 0x00, 0x00, 0x00, 0x00, 0x00, 0x00, 0x00, 0x00, 0x00, 
    0x00, 0x00, 0x00, 0x00, 0x00, 0x00, 0x00, 0x00, 0x00, 0x00, 0x00, 0x00, 0x00, 0x00, 0x00, 0x00, 
    0x00, 0x00, 0x00, 0x00, 0x00, 0x00, 0x00, 0x00, 0x00, 0x00, 0x00, 0x00, 0x00, 0x00, 0x00, 0x00, 
    0x00, 0x00, 0x00, 0x00, 0x00, 0x00, 0x00, 0x00, 0x00, 0x00, 0x00, 0x00, 0x00, 0x00, 0x00, 0x00, 
    0x00, 0x00, 0x00, 0x00, 0x00, 0x00, 0x00, 0x00, 0x00, 0x00, 0x00, 0x00, 0x00, 0x00, 0x00, 0x00, 
    0x00, 0x00, 0x00, 0x00, 0x00, 0x00, 0x00, 0x00, 0x00, 0x00, 0x00, 0x00, 0x00, 0x00, 0x00, 0x00, 
    0x00, 0x00, 0x00, 0x00, 0x00, 0x00, 0x00, 0x00, 0x00, 0x00, 0x00, 0x00, 0x00, 0x00, 0x00, 0x00, 
    0x00, 0x00, 0x00, 0x00, 0x00, 0x00, 0x00, 0x00, 0x00, 0x00, 0x00, 0x00, 0x00, 0x00, 0x00, 0x00, 
    0x00, 0x00, 0x00, 0x00, 0x00, 0x00, 0x00, 0x00, 0x00, 0x00, 0x00, 0x00, 0x00, 0x00, 0x00, 0x00, 
    0x00, 0x00, 0x00, 0x00, 0x00, 0x00, 0x00, 0x00, 0x00, 0x00, 0x00, 0x00, 0x00, 0x00, 0x00, 0x00, 
    0x00, 0x00, 0x00, 0x00, 0x00, 0x00, 0x00, 0x00, 0x00, 0x00, 0x00, 0x00, 0x00, 0x00, 0x00, 0x00, 
    0x00, 0x00, 0x00, 0x00, 0x00, 0x00, 0x00, 0x00, 0x00, 0x00, 0x00, 0x00, 0x00, 0x00, 0x00, 0x00, 
    0x00, 0x00, 0x00, 0x00, 0x00, 0x00, 0x00, 0x00, 0x00, 0x00, 0x00, 0x00, 0x00, 0x00, 0x00, 0x00, 
    0x00, 0x00, 0x00, 0x00, 0x00, 0x00, 0x00, 0x00, 0x00, 0x00, 0x00, 0x00, 0x00, 0x00, 0x00, 0x00, 
    0x00, 0x00, 0x00, 0x00, 0x00, 0x00, 0x00, 0x00, 0x00, 0x00, 0x00, 0x00, 0x00, 0x00, 0x00, 0x00, 
    0x00, 0x00, 0x00, 0x00, 0x00, 0x00, 0x00, 0x00, 0x00, 0x00, 0x00, 0x00, 0x00, 0x00, 0x00, 0x00, 
    0x00, 0x00, 0x00, 0x00, 0x00, 0x00, 0x00, 0x00, 0x00, 0x00, 0x00, 0x00, 0x00, 0x00, 0x00, 0x00, 
    0x00, 0x00, 0x00, 0x00, 0x00, 0x00, 0x00, 0x00, 0x00, 0x00, 0x00, 0x00, 0x00, 0x00, 0x00, 0x00, 
    0x00, 0x00, 0x00, 0x00, 0x00, 0x00, 0x00, 0x00, 0x00, 0x00, 0x00, 0x00, 0x00, 0x00, 0x00, 0x00, 
    0x00, 0x00, 0x00, 0x00, 0x00, 0x00, 0x00, 0x00, 0x00, 0x00, 0x00, 0x00, 0x00, 0x00, 0x00, 0x00, 
    0x00, 0x00, 0x00, 0x00, 0x00, 0x00, 0x00, 0x00, 0x00, 0x00, 0x00, 0x00, 0x00, 0x00, 0x00, 0x00, 
    0x00, 0x00, 0x00, 0x00, 0x00, 0x00, 0x00, 0x00, 0x00, 0x00, 0x00, 0x00, 0x00, 0x00, 0x00, 0x00, 
    0x00, 0x00, 0x00, 0x00, 0x00, 0x00, 0x00, 0x00, 0x00, 0x00, 0x00, 0x00, 0x00, 0x00, 0x00, 0x00, 
    0x00, 0x00, 0x00, 0x00, 0x00, 0x00, 0x00, 0x00, 0x00, 0x00, 0x00, 0x00, 0x00, 0x00, 0x00, 0x00, 
    0x00, 0x00, 0x00, 0x00, 0x00, 0x00, 0x00, 0x00, 0x00, 0x00, 0x00, 0x00, 0x00, 0x00, 0x00, 0x00, 
    0x00, 0x00, 0x00, 0x00, 0x00, 0x00, 0x00, 0x00, 0x00, 0x00, 0x00, 0x00, 0x00, 0x00, 0x00, 0x00, 
    0x00, 0x00, 0x00, 0x00, 0x00, 0x00, 0x00, 0x00, 0x00, 0x00, 0x00, 0x00, 0x00, 0x00, 0x00, 0x00, 
    0x00, 0x00, 0x00, 0x00, 0x00, 0x00, 0x00, 0x00, 0x00, 0x00, 0x00, 0x00, 0x00, 0x00, 0x00, 0x00, 
    0x00, 0x00, 0x00, 0x00, 0x00, 0x00, 0x00, 0x00, 0x00, 0x00, 0x00, 0x00, 0x00, 0x00, 0x00, 0x00, 
    0x00, 0x00, 0x00, 0x00, 0x00, 0x00, 0x00, 0x00, 0x00, 0x00, 0x00, 0x00, 0x00, 0x00, 0x00, 0x00, 
    0x00, 0x00, 0x00, 0x00, 0x00, 0x00, 0x00, 0x00, 0x00, 0x00, 0x00, 0x00, 0x00, 0x00, 0x00, 0x00, 
    0x00, 0x00, 0x00, 0x00, 0x00, 0x00, 0x00, 0x00, 0x00, 0x00, 0x00, 0x00, 0x00, 0x00, 0x00, 0x00, 
    0x00, 0x00, 0x00, 0x00, 0x00, 0x00, 0x00, 0x00, 0x00, 0x00, 0x00, 0x00, 0x00, 0x00, 0x00, 0x00, 
    0x00, 0x00, 0x00, 0x00, 0x00, 0x00, 0x00, 0x00, 0x00, 0x00, 0x00, 0x00, 0x00, 0x00, 0x00, 0x00, 
    0x00, 0x00, 0x00, 0x00, 0x00, 0x00, 0x00, 0x00, 0x00, 0x00, 0x00, 0x00, 0x00, 0x00, 0x00, 0x00, 
    0x00, 0x00, 0x00, 0x00, 0x00, 0x00, 0x00, 0x00, 0x00, 0x00, 0x00, 0x00, 0x00, 0x00, 0x00, 0x00, 
    0x00, 0x00, 0x00, 0x00, 0x00, 0x00, 0x00, 0x00, 0x00, 0x00, 0x00, 0x00, 0x00, 0x00, 0x00, 0x00, 
    0x00, 0x00, 0x00, 0x00, 0x00, 0x00, 0x00, 0x00, 0x00, 0x00, 0x00, 0x00, 0x00, 0x00, 0x00, 0x00, 
    0x00, 0x00, 0x00, 0x00, 0x00, 0x00, 0x00, 0x00, 0x00, 0x00, 0x00, 0x00, 0x00, 0x00, 0x00, 0x00, 
    0x00, 0x00, 0x00, 0x00, 0x00, 0x00, 0x00, 0x00, 0x00, 0x00, 0x00, 0x00, 0x00, 0x00, 0x00, 0x00, 
    0x00, 0x00, 0x00, 0x00, 0x00, 0x00, 0x00, 0x00, 0x00, 0x00, 0x00, 0x00, 0x00, 0x00, 0x00, 0x00, 
    0x00, 0x00, 0x00, 0x00, 0x00, 0x00, 0x00, 0x00, 0x00, 0x00, 0x00, 0x00, 0x00, 0x00, 0x00, 0x00, 
    0x00, 0x00, 0x00, 0x00, 0x00, 0x00, 0x00, 0x00, 0x00, 0x00, 0x00, 0x00, 0x00, 0x00, 0x00, 0x00, 
    0x00, 0x00, 0x00, 0x00, 0x00, 0x00, 0x00, 0x00, 0x00, 0x00, 0x00, 0x00, 0x00, 0x00, 0x00, 0x00, 
    0x00, 0x00, 0x00, 0x00, 0x00, 0x00, 0x00, 0x00, 0x00, 0x00, 0x00, 0x00, 0x00, 0x00, 0x00, 0x00, 
    0x00, 0x00, 0x00, 0x00, 0x00, 0x00, 0x00, 0x00, 0x00, 0x00, 0x00, 0x00, 0x00, 0x00, 0x00, 0x00, 
    0x00, 0x00, 0x00, 0x00, 0x00, 0x00, 0x00, 0x00, 0x00, 0x00, 0x00, 0x00, 0x00, 0x00, 0x00, 0x00, 
    0x00, 0x00, 0x00, 0x00, 0x00, 0x00, 0x00, 0x00, 0x00, 0x00, 0x00, 0x00, 0x00, 0x00, 0x00, 0x00, 
    0x00, 0x00, 0x00, 0x00, 0x00, 0x00, 0x00, 0x00, 0x00, 0x00, 0x00, 0x00, 0x00, 0x00, 0x00, 0x00, 
    0x00, 0x00, 0x00, 0x00, 0x00, 0x00, 0x00, 0x00, 0x00, 0x00, 0x00, 0x00, 0x00, 0x00, 0x00, 0x00, 
    0x00, 0x00, 0x00, 0x00, 0x00, 0x00, 0x00, 0x00, 0x00, 0x00, 0x00, 0x00, 0x00, 0x00, 0x00, 0x00, 
    0x00, 0x00, 0x00, 0x00, 0x00, 0x00, 0x00, 0x00, 0x00, 0x00, 0x00, 0x00, 0x00, 0x00, 0x00, 0x00, 
    0x00, 0x00, 0x00, 0x00, 0x00, 0x00, 0x00, 0x00, 0x00, 0x00, 0x00, 0x00, 0x00, 0x00, 0x00, 0x00, 
    0x00, 0x00, 0x00, 0x00, 0x00, 0x00, 0x00, 0x00, 0x00, 0x00, 0x00, 0x00, 0x00, 0x00, 0x00, 0x00, 
    0x00, 0x00, 0x00, 0x00, 0x00, 0x00, 0x00, 0x00, 0x00, 0x00, 0x00, 0x00, 0x00, 0x00, 0x00, 0x00, 
    0x00, 0x00, 0x00, 0x00, 0x00, 0x00, 0x00, 0x00, 0x00, 0x00, 0x00, 0x00, 0x00, 0x00, 0x00, 0x00, 
    0x00, 0x00, 0x00, 0x00, 0x00, 0x00, 0x00, 0x00, 0x00, 0x00, 0x00, 0x00, 0x00, 0x00, 0x00, 0x00, 
    0x00, 0x00, 0x00, 0x00, 0x00, 0x00, 0x00, 0x00, 0x00, 0x00, 0x00, 0x00, 0x00, 0x00, 0x00, 0x00, 
    0x00, 0x00, 0x00, 0x00, 0x00, 0x00, 0x00, 0x00, 0x00, 0x00, 0x00, 0x00, 0x00, 0x00, 0x00, 0x00, 
    0x00, 0x00, 0x00, 0x00, 0x00, 0x00, 0x00, 0x00, 0x00, 0x00, 0x00, 0x00, 0x00, 0x00, 0x00, 0x00, 
    0x00, 0x00, 0x00, 0x00, 0x00, 0x00, 0x00, 0x00, 0x00, 0x00, 0x00, 0x00, 0x00, 0x00, 0x00, 0x00, 
    0x00, 0x00, 0x00, 0x00, 0x00, 0x00, 0x00, 0x00, 0x00, 0x00, 0x00, 0x00, 0x00, 0x00, 0x00, 0x00, 
    0x00, 0x00, 0x00, 0x00, 0x00, 0x00, 0x00, 0x00, 0x00, 0x00, 0x00, 0x00, 0x00, 0x00, 0x00, 0x00, 
    0x00, 0x00, 0x00, 0x00, 0x00, 0x00, 0x00, 0x00, 0x00, 0x00, 0x00, 0x00, 0x00, 0x00, 0x00, 0x00, 
    0x00, 0x00, 0x00, 0x00, 0x00, 0x00, 0x00, 0x00, 0x00, 0x00, 0x00, 0x00, 0x00, 0x00, 0x00, 0x00, 
    0x00, 0x00, 0x00, 0x00, 0x00, 0x00, 0x00, 0x00, 0x00, 0x00, 0x00, 0x00, 0x00, 0x00, 0x00, 0x00, 
    0x00, 0x00, 0x00, 0x00, 0x00, 0x00, 0x00, 0x00, 0x00, 0x00, 0x00, 0x00, 0x00, 0x00, 0x00, 0x00, 
    0x00, 0x00, 0x00, 0x00, 0x00, 0x00, 0x00, 0x00, 0x00, 0x00, 0x00, 0x00, 0x00, 0x00, 0x00, 0x00, 
    0x00, 0x00, 0x00, 0x00, 0x00, 0x00, 0x00, 0x00, 0x00, 0x00, 0x00, 0x00, 0x00, 0x00, 0x00, 0x00, 
    0x00, 0x00, 0x00, 0x00, 0x00, 0x00, 0x00, 0x00, 0x00, 0x00, 0x00, 0x00, 0x00, 0x00, 0x00, 0x00, 
    0x00, 0x00, 0x00, 0x00, 0x00, 0x00, 0x00, 0x00, 0x00, 0x00, 0x00, 0x00, 0x00, 0x00, 0x00, 0x00, 
    0x00, 0x00, 0x00, 0x00, 0x00, 0x00, 0x00, 0x00, 0x00, 0x00, 0x00, 0x00, 0x00, 0x00, 0x00, 0x00, 
    0x00, 0x00, 0x00, 0x00, 0x00, 0x00, 0x00, 0x00, 0x00, 0x00, 0x00, 0x00, 0x00, 0x00, 0x00, 0x00, 
    0x00, 0x00, 0x00, 0x00, 0x00, 0x00, 0x00, 0x00, 0x00, 0x00, 0x00, 0x00, 0x00, 0x00, 0x00, 0x00, 
    0x00, 0x00, 0x00, 0x00, 0x00, 0x00, 0x00, 0x00, 0x00, 0x00, 0x00, 0x00, 0x00, 0x00, 0x00, 0x00, 
    0x00, 0x00, 0x00, 0x00, 0x00, 0x00, 0x00, 0x00, 0x00, 0x00, 0x00, 0x00, 0x00, 0x00, 0x00, 0x00, 
    0x00, 0x00, 0x00, 0x00, 0x00, 0x00, 0x00, 0x00, 0x00, 0x00, 0x00, 0x00, 0x00, 0x00, 0x00, 0x00, 
    0x00, 0x00, 0x00, 0x00, 0x00, 0x00, 0x00, 0x00, 0x00, 0x00, 0x00, 0x00, 0x00, 0x00, 0x00, 0x00, 
    0x00, 0x00, 0x00, 0x00, 0x00, 0x00, 0x00, 0x00, 0x00, 0x00, 0x00, 0x00, 0x00, 0x00, 0x00, 0x00, 
    0x00, 0x00, 0x00, 0x00, 0x00, 0x00, 0x00, 0x00, 0x00, 0x00, 0x00, 0x00, 0x00, 0x00, 0x00, 0x00, 
    0x00, 0x00, 0x00, 0x00, 0x00, 0x00, 0x00, 0x00, 0x00, 0x00, 0x00, 0x00, 0x00, 0x00, 0x00, 0x00, 
    0x00, 0x00, 0x00, 0x00, 0x00, 0x00, 0x00, 0x00, 0x00, 0x00, 0x00, 0x00, 0x00, 0x00, 0x00, 0x00, 
    0x00, 0x00, 0x00, 0x00, 0x00, 0x00, 0x00, 0x00, 0x00, 0x00, 0x00, 0x00, 0x00, 0x00, 0x00, 0x00, 
    0x00, 0x00, 0x00, 0x00, 0x00, 0x00, 0x00, 0x00, 0x00, 0x00, 0x00, 0x00, 0x00, 0x00, 0x00, 0x00, 
    0x00, 0x00, 0x00, 0x00, 0x00, 0x00, 0x00, 0x00, 0x00, 0x00, 0x00, 0x00, 0x00, 0x00, 0x00, 0x00, 
    0x00, 0x00, 0x00, 0x00, 0x00, 0x00, 0x00, 0x00, 0x00, 0x00, 0x00, 0x00, 0x00, 0x00, 0x00, 0x00, 
    0x00, 0x00, 0x00, 0x00, 0x00, 0x00, 0x00, 0x00, 0x00, 0x00, 0x00, 0x00, 0x00, 0x00, 0x00, 0x00, 
    0x00, 0x00, 0x00, 0x00, 0x00, 0x00, 0x00, 0x00, 0x00, 0x00, 0x00, 0x00, 0x00, 0x00, 0x00, 0x00, 
    0x00, 0x00, 0x00, 0x00, 0x00, 0x00, 0x00, 0x00, 0x00, 0x00, 0x00, 0x00, 0x00, 0x00, 0x00, 0x00, 
    0x00, 0x00, 0x00, 0x00, 0x00, 0x00, 0x00, 0x00, 0x00, 0x00, 0x00, 0x00, 0x00, 0x00, 0x00, 0x00, 
    0x00, 0x00, 0x00, 0x00, 0x00, 0x00, 0x00, 0x00, 0x00, 0x00, 0x00, 0x00, 0x00, 0x00, 0x00, 0x00, 
    0x00, 0x00, 0x00, 0x00, 0x00, 0x00, 0x00, 0x00, 0x00, 0x00, 0x00, 0x00, 0x00, 0x00, 0x00, 0x00, 
    0x00, 0x00, 0x00, 0x00, 0x00, 0x00, 0x00, 0x00, 0x00, 0x00, 0x00, 0x00, 0x00, 0x00, 0x00, 0x00, 
    0x00, 0x00, 0x00, 0x00, 0x00, 0x00, 0x00, 0x00, 0x00, 0x00, 0x00, 0x00, 0x00, 0x00, 0x00, 0x00, 
    0x00, 0x00, 0x00, 0x00, 0x00, 0x00, 0x00, 0x00, 0x00, 0x00, 0x00, 0x00, 0x00, 0x00, 0x00, 0x00, 
    0x00, 0x00, 0x00, 0x00, 0x00, 0x00, 0x00, 0x00, 0x00, 0x00, 0x00, 0x00, 0x00, 0x00, 0x00, 0x00, 
    0x00, 0x00, 0x00, 0x00, 0x00, 0x00, 0x00, 0x00, 0x00, 0x00, 0x00, 0x00, 0x00, 0x00, 0x00, 0x00, 
    0x00, 0x00, 0x00, 0x00, 0x00, 0x00, 0x00, 0x00, 0x00, 0x00, 0x00, 0x00, 0x00, 0x00, 0x00, 0x00, 
    0x00, 0x00, 0x00, 0x00, 0x00, 0x00, 0x00, 0x00, 0x00, 0x00, 0x00, 0x00, 0x00, 0x00, 0x00, 0x00, 
    0x00, 0x00, 0x00, 0x00, 0x00, 0x00, 0x00, 0x00, 0x00, 0x00, 0x00, 0x00, 0x00, 0x00, 0x00, 0x00, 
    0x00, 0x00, 0x00, 0x00, 0x00, 0x00, 0x00, 0x00, 0x00, 0x00, 0x00, 0x00, 0x00, 0x00, 0x00, 0x00, 
    0x00, 0x00, 0x00, 0x00, 0x00, 0x00, 0x00, 0x00, 0x00, 0x00, 0x00, 0x00, 0x00, 0x00, 0x00, 0x00, 
    0x00, 0x00, 0x00, 0x00, 0x00, 0x00, 0x00, 0x00, 0x00, 0x00, 0x00, 0x00, 0x00, 0x00, 0x00, 0x00, 
    0x00, 0x00, 0x00, 0x00, 0x00, 0x00, 0x00, 0x00, 0x00, 0x00, 0x00, 0x00, 0x00, 0x00, 0x00, 0x00, 
    0x00, 0x00, 0x00, 0x00, 0x00, 0x00, 0x00, 0x00, 0x00, 0x00, 0x00, 0x00, 0x00, 0x00, 0x00, 0x00, 
    0x00, 0x00, 0x00, 0x00, 0x00, 0x00, 0x00, 0x00, 0x00, 0x00, 0x00, 0x00, 0x00, 0x00, 0x00, 0x00, 
    0x00, 0x00, 0x00, 0x00, 0x00, 0x00, 0x00, 0x00, 0x00, 0x00, 0x00, 0x00, 0x00, 0x00, 0x00, 0x00, 
    0x00, 0x00, 0x00, 0x00, 0x00, 0x00, 0x00, 0x00, 0x00, 0x00, 0x00, 0x00, 0x00, 0x00, 0x00, 0x00, 
    0x00, 0x00, 0x00, 0x00, 0x00, 0x00, 0x00, 0x00, 0x00, 0x00, 0x00, 0x00, 0x00, 0x00, 0x00, 0x00, 
    0x00, 0x00, 0x00, 0x00, 0x00, 0x00, 0x00, 0x00, 0x00, 0x00, 0x00, 0x00, 0x00, 0x00, 0x00, 0x00, 
    0x00, 0x00, 0x00, 0x00, 0x00, 0x00, 0x00, 0x00, 0x00, 0x00, 0x00, 0x00, 0x00, 0x00, 0x00, 0x00, 
    0x00, 0x00, 0x00, 0x00, 0x00, 0x00, 0x00, 0x00, 0x00, 0x00, 0x00, 0x00, 0x00, 0x00, 0x00, 0x00, 
    0x00, 0x00, 0x00, 0x00, 0x00, 0x00, 0x00, 0x00, 0x00, 0x00, 0x00, 0x00, 0x00, 0x00, 0x00, 0x00, 
    0x00, 0x00, 0x00, 0x00, 0x00, 0x00, 0x00, 0x00, 0x00, 0x00, 0x00, 0x00, 0x00, 0x00, 0x00, 0x00, 
    0x00, 0x00, 0x00, 0x00, 0x00, 0x00, 0x00, 0x00, 0x00, 0x00, 0x00, 0x00, 0x00, 0x00, 0x00, 0x00, 
    0x00, 0x00, 0x00, 0x00, 0x00, 0x00, 0x00, 0x00, 0x00, 0x00, 0x00, 0x00, 0x00, 0x00, 0x00, 0x00, 
    0x00, 0x00, 0x00, 0x00, 0x00, 0x00, 0x00, 0x00, 0x00, 0x00, 0x00, 0x00, 0x00, 0x00, 0x00, 0x00, 
    0x00, 0x00, 0x00, 0x00, 0x00, 0x00, 0x00, 0x00, 0x00, 0x00, 0x00, 0x00, 0x00, 0x00, 0x00, 0x00, 
    0x00, 0x00, 0x00, 0x00, 0x00, 0x00, 0x00, 0x00, 0x00, 0x00, 0x00, 0x00, 0x00, 0x00, 0x00, 0x00, 
    0x00, 0x00, 0x00, 0x00, 0x00, 0x00, 0x00, 0x00, 0x00, 0x00, 0x00, 0x00, 0x00, 0x00, 0x00, 0x00, 
    0x00, 0x00, 0x00, 0x00, 0x00, 0x00, 0x00, 0x00, 0x00, 0x00, 0x00, 0x00, 0x00, 0x00, 0x00, 0x00, 
    0x00, 0x00, 0x00, 0x00, 0x00, 0x00, 0x00, 0x00, 0x00, 0x00, 0x00, 0x00, 0x00, 0x00, 0x00, 0x00, 
    0x00, 0x00, 0x00, 0x00, 0x00, 0x00, 0x00, 0x00, 0x00, 0x00, 0x00, 0x00, 0x00, 0x00, 0x00, 0x00, 
    0x00, 0x00, 0x00, 0x00, 0x00, 0x00, 0x00, 0x00, 0x00, 0x00, 0x00, 0x00, 0x00, 0x00, 0x00, 0x00, 
    0x00, 0x00, 0x00, 0x00, 0x00, 0x00, 0x00, 0x00, 0x00, 0x00, 0x00, 0x00, 0x00, 0x00, 0x00, 0x00, 
    0x00, 0x00, 0x00, 0x00, 0x00, 0x00, 0x00, 0x00, 0x00, 0x00, 0x00, 0x00, 0x00, 0x00, 0x00, 0x00, 
    0x00, 0x00, 0x00, 0x00, 0x00, 0x00, 0x00, 0x00, 0x00, 0x00, 0x00, 0x00, 0x00, 0x00, 0x00, 0x00, 
    0x00, 0x00, 0x00, 0x00, 0x00, 0x00, 0x00, 0x00, 0x00, 0x00, 0x00, 0x00, 0x00, 0x00, 0x00, 0x00, 
    0x00, 0x00, 0x00, 0x00, 0x00, 0x00, 0x00, 0x00, 0x00, 0x00, 0x00, 0x00, 0x00, 0x00, 0x00, 0x00, 
    0x00, 0x00, 0x00, 0x00, 0x00, 0x00, 0x00, 0x00, 0x00, 0x00, 0x00, 0x00, 0x00, 0x00, 0x00, 0x00, 
    0x00, 0x00, 0x00, 0x00, 0x00, 0x00, 0x00, 0x00, 0x00, 0x00, 0x00, 0x00, 0x00, 0x00, 0x00, 0x00, 
    0x00, 0x00, 0x00, 0x00, 0x00, 0x00, 0x00, 0x00, 0x00, 0x00, 0x00, 0x00, 0x00, 0x00, 0x00, 0x00, 
    0x00, 0x00, 0x00, 0x00, 0x00, 0x00, 0x00, 0x00, 0x00, 0x00, 0x00, 0x00, 0x00, 0x00, 0x00, 0x00, 
    0x00, 0x00, 0x00, 0x00, 0x00, 0x00, 0x00, 0x00, 0x00, 0x00, 0x00, 0x00, 0x00, 0x00, 0x00, 0x00, 
    0x00, 0x00, 0x00, 0x00, 0x00, 0x00, 0x00, 0x00, 0x00, 0x00, 0x00, 0x00, 0x00, 0x00, 0x00, 0x00, 
    0x00, 0x00, 0x00, 0x00, 0x00, 0x00, 0x00, 0x00, 0x00, 0x00, 0x00, 0x00, 0x00, 0x00, 0x00, 0x00, 
    0x00, 0x00, 0x00, 0x00, 0x00, 0x00, 0x00, 0x00, 0x00, 0x00, 0x00, 0x00, 0x00, 0x00, 0x00, 0x00, 
    0x00, 0x00, 0x00, 0x00, 0x00, 0x00, 0x00, 0x00, 0x00, 0x00, 0x00, 0x00, 0x00, 0x00, 0x00, 0x00, 
    0x00, 0x00, 0x00, 0x00, 0x00, 0x00, 0x00, 0x00, 0x00, 0x00, 0x00, 0x00, 0x00, 0x00, 0x00, 0x00, 
    0x00, 0x00, 0x00, 0x00, 0x00, 0x00, 0x00, 0x00, 0x00, 0x00, 0x00, 0x00, 0x00, 0x00, 0x00, 0x00, 
    0x00, 0x00, 0x00, 0x00, 0x00, 0x00, 0x00, 0x00, 0x00, 0x00, 0x00, 0x00, 0x00, 0x00, 0x00, 0x00, 
    0x00, 0x00, 0x00, 0x00, 0x00, 0x00, 0x00, 0x00, 0x00, 0x00, 0x00, 0x00, 0x00, 0x00, 0x00, 0x00, 
    0x00, 0x00, 0x00, 0x00, 0x00, 0x00, 0x00, 0x00, 0x00, 0x00, 0x00, 0x00, 0x00, 0x00, 0x00, 0x00, 
    0x00, 0x00, 0x00, 0x00, 0x00, 0x00, 0x00, 0x00, 0x00, 0x00, 0x00, 0x00, 0x00, 0x00, 0x00, 0x00, 
    0x00, 0x00, 0x00, 0x00, 0x00, 0x00, 0x00, 0x00, 0x00, 0x00, 0x00, 0x00, 0x00, 0x00, 0x00, 0x00, 
    0x00, 0x00, 0x00, 0x00, 0x00, 0x00, 0x00, 0x00, 0x00, 0x00, 0x00, 0x00, 0x00, 0x00, 0x00, 0x00, 
    0x00, 0x00, 0x00, 0x00, 0x00, 0x00, 0x00, 0x00, 0x00, 0x00, 0x00, 0x00, 0x00, 0x00, 0x00, 0x00, 
    0x00, 0x00, 0x00, 0x00, 0x00, 0x00, 0x00, 0x00, 0x00, 0x00, 0x00, 0x00, 0x00, 0x00, 0x00, 0x00, 
    0x00, 0x00, 0x00, 0x00, 0x00, 0x00, 0x00, 0x00, 0x00, 0x00, 0x00, 0x00, 0x00, 0x00, 0x00, 0x00, 
    0x00, 0x00, 0x00, 0x00, 0x00, 0x00, 0x00, 0x00, 0x00, 0x00, 0x00, 0x00, 0x00, 0x00, 0x00, 0x00, 
    0x00, 0x00, 0x00, 0x00, 0x00, 0x00, 0x00, 0x00, 0x00, 0x00, 0x00, 0x00, 0x00, 0x00, 0x00, 0x00, 
    0x00, 0x00, 0x00, 0x00, 0x00, 0x00, 0x00, 0x00, 0x00, 0x00, 0x00, 0x00, 0x00, 0x00, 0x00, 0x00, 
    0x00, 0x00, 0x00, 0x00, 0x00, 0x00, 0x00, 0x00, 0x00, 0x00, 0x00, 0x00, 0x00, 0x00, 0x00, 0x00, 
    0x00, 0x00, 0x00, 0x00, 0x00, 0x00, 0x00, 0x00, 0x00, 0x00, 0x00, 0x00, 0x00, 0x00, 0x00, 0x00, 
    0x00, 0x00, 0x00, 0x00, 0x00, 0x00, 0x00, 0x00, 0x00, 0x00, 0x00, 0x00, 0x00, 0x00, 0x00, 0x00, 
    0x00, 0x00, 0x00, 0x00, 0x00, 0x00, 0x00, 0x00, 0x00, 0x00, 0x00, 0x00, 0x00, 0x00, 0x00, 0x00, 
    0x00, 0x00, 0x00, 0x00, 0x00, 0x00, 0x00, 0x00, 0x00, 0x00, 0x00, 0x00, 0x00, 0x00, 0x00, 0x00, 
    0x00, 0x00, 0x00, 0x00, 0x00, 0x00, 0x00, 0x00, 0x00, 0x00, 0x00, 0x00, 0x00, 0x00, 0x00, 0x00, 
    0x00, 0x00, 0x00, 0x00, 0x00, 0x00, 0x00, 0x00, 0x00, 0x00, 0x00, 0x00, 0x00, 0x00, 0x00, 0x00, 
    0x00, 0x00, 0x00, 0x00, 0x00, 0x00, 0x00, 0x00, 0x00, 0x00, 0x00, 0x00, 0x00, 0x00, 0x00, 0x00, 
    0x00, 0x00, 0x00, 0x00, 0x00, 0x00, 0x00, 0x00, 0x00, 0x00, 0x00, 0x00, 0x00, 0x00, 0x00, 0x00, 
    0x00, 0x00, 0x00, 0x00, 0x00, 0x00, 0x00, 0x00, 0x00, 0x00, 0x00, 0x00, 0x00, 0x00, 0x00, 0x00, 
    0x00, 0x00, 0x00, 0x00, 0x00, 0x00, 0x00, 0x00, 0x00, 0x00, 0x00, 0x00, 0x00, 0x00, 0x00, 0x00, 
    0x00, 0x00, 0x00, 0x00, 0x00, 0x00, 0x00, 0x00, 0x00, 0x00, 0x00, 0x00, 0x00, 0x00, 0x00, 0x00, 
    0x00, 0x00, 0x00, 0x00, 0x00, 0x00, 0x00, 0x00, 0x00, 0x00, 0x00, 0x00, 0x00, 0x00, 0x00, 0x00, 
    0x00, 0x00, 0x00, 0x00, 0x00, 0x00, 0x00, 0x00, 0x00, 0x00, 0x00, 0x00, 0x00, 0x00, 0x00, 0x00, 
    0x00, 0x00, 0x00, 0x00, 0x00, 0x00, 0x00, 0x00, 0x00, 0x00, 0x00, 0x00, 0x00, 0x00, 0x00, 0x00, 
    0x00, 0x00, 0x00, 0x00, 0x00, 0x00, 0x00, 0x00, 0x00, 0x00, 0x00, 0x00, 0x00, 0x00, 0x01, 0x03, 
    0x01, 0xA6, 0x0A, 0x07, 0x0A, 0x68, 0x0A, 0x68, 0x0A, 0x68, 0x0A, 0x68, 0x0A, 0x48, 0x0A, 0x28, 
    0x09, 0xC6, 0x01, 0x03, 0x00, 0x00, 0x00, 0x00, 0x00, 0x00, 0x00, 0x00, 0x00, 0x00, 0x00, 0x00, 
    0x00, 0x00, 0x00, 0x00, 0x00, 0x00, 0x00, 0x00, 0x00, 0x00, 0x00, 0x00, 0x00, 0x00, 0x00, 0x00, 
    0x00, 0x00, 0x00, 0x00, 0x00, 0x00, 0x00, 0x00, 0x00, 0x00, 0x00, 0x00, 0x00, 0x00, 0x00, 0x00, 
    0x00, 0x00, 0x00, 0x00, 0x00, 0x00, 0x00, 0x00, 0x00, 0x00, 0x00, 0x00, 0x00, 0x00, 0x00, 0x00, 
    0x00, 0x00, 0x00, 0x00, 0x00, 0x00, 0x00, 0x00, 0x00, 0x00, 0x00, 0x00, 0x00, 0x00, 0x00, 0x00, 
    0x00, 0x00, 0x00, 0x00, 0x00, 0x00, 0x00, 0x00, 0x00, 0x00, 0x00, 0x00, 0x00, 0x00, 0x00, 0x00, 
    0x00, 0x00, 0x00, 0x00, 0x00, 0x00, 0x00, 0x00, 0x00, 0x00, 0x00, 0x00, 0x00, 0x00, 0x00, 0x00, 
    0x00, 0x00, 0x00, 0x00, 0x00, 0x00, 0x00, 0x00, 0x00, 0x00, 0x00, 0x00, 0x00, 0x00, 0x00, 0x00, 
    0x00, 0x00, 0x00, 0x00, 0x00, 0x00, 0x00, 0x00, 0x00, 0x00, 0x00, 0x00, 0x00, 0x00, 0x00, 0x00, 
    0x00, 0x00, 0x00, 0x00, 0x00, 0x00, 0x00, 0x00, 0x00, 0x00, 0x00, 0x00, 0x00, 0x00, 0x00, 0x00, 
    0x00, 0x00, 0x00, 0x00, 0x00, 0x00, 0x00, 0x00, 0x00, 0x00, 0x00, 0x00, 0x00, 0x00, 0x00, 0x00, 
    0x00, 0x00, 0x00, 0x00, 0x00, 0x00, 0x00, 0x00, 0x00, 0x00, 0x00, 0x00, 0x00, 0x00, 0x00, 0x00, 
    0x00, 0x00, 0x00, 0x00, 0x00, 0x00, 0x00, 0x00, 0x00, 0x00, 0x00, 0x00, 0x00, 0x00, 0x00, 0x00, 
    0x00, 0x00, 0x00, 0x00, 0x00, 0x00, 0x00, 0x00, 0x00, 0x00, 0x00, 0x00, 0x00, 0x00, 0x00, 0x00, 
    0x00, 0x00, 0x00, 0x00, 0x00, 0x00, 0x00, 0x00, 0x00, 0x00, 0x00, 0x00, 0x00, 0x00, 0x00, 0x00, 
    0x00, 0x00, 0x00, 0x00, 0x00, 0x00, 0x00, 0x00, 0x00, 0x00, 0x00, 0x00, 0x00, 0x00, 0x00, 0x00, 
    0x00, 0x00, 0x00, 0x00, 0x00, 0x00, 0x00, 0x00, 0x00, 0x00, 0x00, 0x00, 0x00, 0x00, 0x00, 0x00, 
    0x00, 0x00, 0x00, 0x00, 0x00, 0x00, 0x00, 0x00, 0x00, 0x00, 0x00, 0x00, 0x00, 0x00, 0x00, 0x00, 
    0x00, 0x00, 0x00, 0x00, 0x00, 0x00, 0x00, 0x00, 0x00, 0x00, 0x00, 0x00, 0x00, 0x00, 0x00, 0x00, 
    0x00, 0x00, 0x00, 0x00, 0x00, 0x00, 0x00, 0x00, 0x00, 0x00, 0x00, 0x00, 0x00, 0x00, 0x00, 0x00, 
    0x00, 0x00, 0x00, 0x00, 0x00, 0x00, 0x00, 0x00, 0x00, 0x00, 0x00, 0x00, 0x00, 0x00, 0x00, 0x00, 
    0x00, 0x00, 0x00, 0x00, 0x00, 0x00, 0x00, 0x00, 0x00, 0x00, 0x00, 0x00, 0x00, 0x00, 0x00, 0x00, 
    0x00, 0x00, 0x00, 0x00, 0x00, 0x00, 0x00, 0x00, 0x00, 0x00, 0x00, 0x00, 0x00, 0x00, 0x00, 0x00, 
    0x00, 0x00, 0x00, 0x00, 0x00, 0x00, 0x00, 0x00, 0x00, 0x00, 0x00, 0x00, 0x00, 0x00, 0x00, 0x00, 
    0x00, 0x00, 0x00, 0x00, 0x00, 0x00, 0x00, 0x00, 0x00, 0x00, 0x00, 0x00, 0x00, 0x00, 0x00, 0x00, 
    0x00, 0x00, 0x00, 0x00, 0x00, 0x00, 0x00, 0x00, 0x00, 0x00, 0x00, 0x00, 0x00, 0x00, 0x00, 0x00, 
    0x00, 0x00, 0x00, 0x00, 0x00, 0x00, 0x00, 0x00, 0x00, 0x00, 0x00, 0x00, 0x00, 0x00, 0x00, 0x00, 
    0x00, 0x00, 0x00, 0x00, 0x00, 0x00, 0x00, 0x00, 0x00, 0x00, 0x00, 0x00, 0x00, 0x00, 0x00, 0x00, 
    0x00, 0x00, 0x00, 0x00, 0x00, 0x00, 0x00, 0x00, 0x00, 0x00, 0x00, 0x00, 0x00, 0x00, 0x00, 0x00, 
    0x00, 0x00, 0x00, 0x00, 0x00, 0x00, 0x00, 0x00, 0x00, 0x00, 0x00, 0x00, 0x00, 0x00, 0x00, 0x00, 
    0x00, 0x00, 0x00, 0x00, 0x00, 0x00, 0x00, 0x00, 0x00, 0x00, 0x00, 0x00, 0x00, 0x00, 0x00, 0x00, 
    0x00, 0x00, 0x00, 0x00, 0x00, 0x00, 0x00, 0x00, 0x00, 0x00, 0x00, 0x00, 0x00, 0x00, 0x00, 0x00, 
    0x00, 0x00, 0x00, 0x00, 0x00, 0x00, 0x00, 0x00, 0x00, 0x00, 0x00, 0x00, 0x00, 0x00, 0x00, 0x00, 
    0x00, 0x00, 0x00, 0x00, 0x00, 0x00, 0x00, 0x00, 0x00, 0x00, 0x00, 0x00, 0x00, 0x00, 0x00, 0x00, 
    0x00, 0x00, 0x00, 0x00, 0x00, 0x00, 0x00, 0x00, 0x00, 0x00, 0x00, 0x00, 0x00, 0x00, 0x00, 0x00, 
    0x00, 0x00, 0x00, 0x00, 0x00, 0x00, 0x00, 0x00, 0x00, 0x00, 0x00, 0x00, 0x00, 0x00, 0x00, 0x00, 
    0x00, 0x00, 0x00, 0x00, 0x00, 0x00, 0x00, 0x00, 0x00, 0x00, 0x00, 0x00, 0x00, 0x00, 0x00, 0x00, 
    0x00, 0x00, 0x00, 0x00, 0x00, 0x00, 0x00, 0x00, 0x00, 0x00, 0x00, 0x00, 0x00, 0x00, 0x00, 0x00, 
    0x00, 0x00, 0x00, 0x00, 0x00, 0x00, 0x00, 0x00, 0x00, 0x00, 0x01, 0x65, 0x13, 0x2C, 0x1B, 0xF0, 
    0x24, 0x32, 0x24, 0x33, 0x24, 0x34, 0x24, 0x55, 0x24, 0x55, 0x24, 0x54, 0x24, 0x33, 0x24, 0x33, 
    0x24, 0x33, 0x1C, 0x31, 0x13, 0x4C, 0x01, 0x44, 0x00, 0x00, 0x00, 0x00, 0x00, 0x00, 0x00, 0x00, 
    0x00, 0x00, 0x00, 0x00, 0x00, 0x00, 0x00, 0x00, 0x00, 0x00, 0x00, 0x00, 0x00, 0x00, 0x00, 0x00, 
    0x00, 0x00, 0x00, 0x00, 0x00, 0x00, 0x00, 0x00, 0x00, 0x00, 0x00, 0x00, 0x00, 0x00, 0x00, 0x00, 
    0x00, 0x00, 0x00, 0x00, 0x00, 0x00, 0x00, 0x00, 0x00, 0x00, 0x00, 0x00, 0x00, 0x00, 0x00, 0x00, 
    0x00, 0x00, 0x00, 0x00, 0x00, 0x00, 0x00, 0x00, 0x00, 0x00, 0x00, 0x00, 0x00, 0x00, 0x00, 0x00, 
    0x00, 0x00, 0x00, 0x00, 0x00, 0x00, 0x00, 0x00, 0x00, 0x00, 0x00, 0x00, 0x00, 0x00, 0x00, 0x00, 
    0x00, 0x00, 0x00, 0x00, 0x00, 0x00, 0x00, 0x00, 0x00, 0x00, 0x00, 0x00, 0x00, 0x00, 0x00, 0x00, 
    0x00, 0x00, 0x00, 0x00, 0x00, 0x00, 0x00, 0x00, 0x00, 0x00, 0x00, 0x00, 0x00, 0x00, 0x00, 0x00, 
    0x00, 0x00, 0x00, 0x00, 0x00, 0x00, 0x00, 0x00, 0x00, 0x00, 0x00, 0x00, 0x00, 0x00, 0x00, 0x00, 
    0x00, 0x00, 0x00, 0x00, 0x00, 0x00, 0x00, 0x00, 0x00, 0x00, 0x00, 0x00, 0x00, 0x00, 0x00, 0x00, 
    0x00, 0x00, 0x00, 0x00, 0x00, 0x00, 0x00, 0x00, 0x00, 0x00, 0x00, 0x00, 0x00, 0x00, 0x00, 0x00, 
    0x00, 0x00, 0x00, 0x00, 0x00, 0x00, 0x00, 0x00, 0x00, 0x00, 0x00, 0x00, 0x00, 0x00, 0x00, 0x00, 
    0x00, 0x00, 0x00, 0x00, 0x00, 0x00, 0x00, 0x00, 0x00, 0x00, 0x00, 0x00, 0x00, 0x00, 0x00, 0x00, 
    0x00, 0x00, 0x00, 0x00, 0x00, 0x00, 0x00, 0x00, 0x00, 0x00, 0x00, 0x00, 0x00, 0x00, 0x00, 0x00, 
    0x00, 0x00, 0x00, 0x00, 0x00, 0x00, 0x00, 0x00, 0x00, 0x00, 0x00, 0x00, 0x00, 0x00, 0x00, 0x00, 
    0x00, 0x00, 0x00, 0x00, 0x00, 0x00, 0x00, 0x00, 0x00, 0x00, 0x00, 0x00, 0x00, 0x00, 0x00, 0x00, 
    0x00, 0x00, 0x00, 0x00, 0x00, 0x00, 0x00, 0x00, 0x00, 0x00, 0x00, 0x00, 0x00, 0x00, 0x00, 0x00, 
    0x00, 0x00, 0x00, 0x00, 0x00, 0x00, 0x00, 0x00, 0x00, 0x00, 0x00, 0x00, 0x00, 0x00, 0x00, 0x00, 
    0x00, 0x00, 0x00, 0x00, 0x00, 0x00, 0x00, 0x00, 0x00, 0x00, 0x00, 0x00, 0x00, 0x00, 0x00, 0x00, 
    0x00, 0x00, 0x00, 0x00, 0x00, 0x00, 0x00, 0x00, 0x00, 0x00, 0x00, 0x00, 0x00, 0x00, 0x00, 0x00, 
    0x00, 0x00, 0x00, 0x00, 0x00, 0x00, 0x00, 0x00, 0x00, 0x00, 0x00, 0x00, 0x00, 0x00, 0x00, 0x00, 
    0x00, 0x00, 0x00, 0x00, 0x00, 0x00, 0x00, 0x00, 0x00, 0x00, 0x00, 0x00, 0x00, 0x00, 0x00, 0x00, 
    0x00, 0x00, 0x00, 0x00, 0x00, 0x00, 0x00, 0x00, 0x00, 0x00, 0x00, 0x00, 0x00, 0x00, 0x00, 0x00, 
    0x00, 0x00, 0x00, 0x00, 0x00, 0x00, 0x00, 0x00, 0x00, 0x00, 0x00, 0x00, 0x00, 0x00, 0x00, 0x00, 
    0x00, 0x00, 0x00, 0x00, 0x00, 0x00, 0x00, 0x00, 0x00, 0x00, 0x00, 0x00, 0x00, 0x00, 0x00, 0x00, 
    0x00, 0x00, 0x00, 0x00, 0x00, 0x00, 0x00, 0x00, 0x00, 0x00, 0x00, 0x00, 0x00, 0x00, 0x00, 0x00, 
    0x00, 0x00, 0x00, 0x00, 0x00, 0x00, 0x00, 0x00, 0x00, 0x00, 0x00, 0x00, 0x00, 0x00, 0x00, 0x00, 
    0x00, 0x00, 0x00, 0x00, 0x00, 0x00, 0x00, 0x00, 0x00, 0x00, 0x00, 0x00, 0x00, 0x00, 0x00, 0x00, 
    0x00, 0x00, 0x00, 0x00, 0x00, 0x00, 0x00, 0x00, 0x00, 0x00, 0x00, 0x00, 0x00, 0x00, 0x00, 0x00, 
    0x00, 0x00, 0x00, 0x00, 0x00, 0x00, 0x00, 0x00, 0x00, 0x00, 0x00, 0x00, 0x00, 0x00, 0x00, 0x00, 
    0x00, 0x00, 0x00, 0x00, 0x00, 0x00, 0x00, 0x00, 0x00, 0x00, 0x00, 0x00, 0x00, 0x00, 0x00, 0x00, 
    0x00, 0x00, 0x00, 0x00, 0x00, 0x00, 0x00, 0x00, 0x00, 0x00, 0x00, 0x00, 0x00, 0x00, 0x00, 0x00, 
    0x00, 0x00, 0x00, 0x00, 0x00, 0x00, 0x00, 0x00, 0x00, 0x00, 0x00, 0x00, 0x00, 0x00, 0x00, 0x00, 
    0x00, 0x00, 0x00, 0x00, 0x00, 0x00, 0x00, 0x00, 0x00, 0x00, 0x00, 0x00, 0x00, 0x00, 0x00, 0x00, 
    0x00, 0x00, 0x00, 0x00, 0x00, 0x00, 0x00, 0x00, 0x00, 0x00, 0x00, 0x00, 0x00, 0x00, 0x00, 0x00, 
    0x00, 0x00, 0x00, 0x00, 0x00, 0x00, 0x00, 0x00, 0x00, 0x00, 0x00, 0x00, 0x00, 0x00, 0x00, 0x00, 
    0x00, 0x00, 0x00, 0x00, 0x00, 0x00, 0x00, 0x00, 0x00, 0x00, 0x00, 0x00, 0x00, 0x00, 0x00, 0x00, 
    0x00, 0x00, 0x00, 0x00, 0x00, 0x00, 0x00, 0x00, 0x00, 0x00, 0x00, 0x00, 0x00, 0x00, 0x00, 0x00, 
    0x00, 0x00, 0x00, 0x00, 0x00, 0x00, 0x00, 0x00, 0x0A, 0x28, 0x14, 0x52, 0x0A, 0xED, 0x01, 0x87, 
    0x01, 0x48, 0x01, 0x28, 0x01, 0x29, 0x01, 0x2A, 0x01, 0x2A, 0x01, 0x29, 0x01, 0x28, 0x01, 0x48, 
    0x01, 0x69, 0x09, 0xCA, 0x13, 0x0F, 0x1C, 0x51, 0x02, 0x07, 0x00, 0x00, 0x00, 0x00, 0x00, 0x00, 
    0x00, 0x00, 0x00, 0x00, 0x00, 0x00, 0x00, 0x00, 0x00, 0x00, 0x00, 0x00, 0x00, 0x00, 0x00, 0x00, 
    0x00, 0x00, 0x00, 0x00, 0x00, 0x00, 0x00, 0x00, 0x00, 0x00, 0x00, 0x00, 0x00, 0x00, 0x00, 0x00, 
    0x00, 0x00, 0x00, 0x00, 0x00, 0x00, 0x00, 0x00, 0x00, 0x00, 0x00, 0x00, 0x00, 0x00, 0x00, 0x00, 
    0x00, 0x00, 0x00, 0x00, 0x00, 0x00, 0x00, 0x00, 0x00, 0x00, 0x00, 0x00, 0x00, 0x00, 0x00, 0x00, 
    0x00, 0x00, 0x00, 0x00, 0x00, 0x00, 0x00, 0x00, 0x00, 0x00, 0x00, 0x00, 0x00, 0x00, 0x00, 0x00, 
    0x00, 0x00, 0x00, 0x00, 0x00, 0x00, 0x00, 0x00, 0x00, 0x00, 0x00, 0x00, 0x00, 0x00, 0x00, 0x00, 
    0x00, 0x00, 0x00, 0x00, 0x00, 0x00, 0x00, 0x00, 0x00, 0x00, 0x00, 0x00, 0x00, 0x00, 0x00, 0x00, 
    0x00, 0x00, 0x00, 0x00, 0x00, 0x00, 0x00, 0x00, 0x00, 0x00, 0x00, 0x00, 0x00, 0x00, 0x00, 0x00, 
    0x00, 0x00, 0x00, 0x00, 0x00, 0x00, 0x00, 0x00, 0x00, 0x00, 0x00, 0x00, 0x00, 0x00, 0x00, 0x00, 
    0x00, 0x00, 0x00, 0x00, 0x00, 0x00, 0x00, 0x00, 0x00, 0x00, 0x00, 0x00, 0x00, 0x00, 0x00, 0x00, 
    0x00, 0x00, 0x00, 0x00, 0x00, 0x00, 0x00, 0x00, 0x00, 0x00, 0x00, 0x00, 0x00, 0x00, 0x00, 0x00, 
    0x00, 0x00, 0x00, 0x00, 0x00, 0x00, 0x00, 0x00, 0x00, 0x00, 0x00, 0x00, 0x00, 0x00, 0x00, 0x00, 
    0x00, 0x00, 0x00, 0x00, 0x00, 0x00, 0x00, 0x00, 0x00, 0x00, 0x00, 0x00, 0x00, 0x00, 0x00, 0x00, 
    0x00, 0x00, 0x00, 0x00, 0x00, 0x00, 0x00, 0x00, 0x00, 0x00, 0x00, 0x00, 0x00, 0x00, 0x00, 0x00, 
    0x00, 0x00, 0x00, 0x00, 0x00, 0x00, 0x00, 0x00, 0x00, 0x00, 0x00, 0x00, 0x00, 0x00, 0x00, 0x00, 
    0x00, 0x00, 0x00, 0x00, 0x00, 0x00, 0x00, 0x00, 0x00, 0x00, 0x00, 0x00, 0x00, 0x00, 0x00, 0x00, 
    0x00, 0x00, 0x00, 0x00, 0x00, 0x00, 0x00, 0x00, 0x00, 0x00, 0x00, 0x00, 0x00, 0x00, 0x00, 0x00, 
    0x00, 0x00, 0x00, 0x00, 0x00, 0x00, 0x00, 0x00, 0x00, 0x00, 0x00, 0x00, 0x00, 0x00, 0x00, 0x00, 
    0x00, 0x00, 0x00, 0x00, 0x00, 0x00, 0x00, 0x00, 0x00, 0x00, 0x00, 0x00, 0x00, 0x00, 0x00, 0x00, 
    0x00, 0x00, 0x00, 0x00, 0x00, 0x00, 0x00, 0x00, 0x00, 0x00, 0x00, 0x00, 0x00, 0x00, 0x00, 0x00, 
    0x00, 0x00, 0x00, 0x00, 0x00, 0x00, 0x00, 0x00, 0x00, 0x00, 0x00, 0x00, 0x00, 0x00, 0x00, 0x00, 
    0x00, 0x00, 0x00, 0x00, 0x00, 0x00, 0x00, 0x00, 0x00, 0x00, 0x00, 0x00, 0x00, 0x00, 0x00, 0x00, 
    0x00, 0x00, 0x00, 0x00, 0x00, 0x00, 0x00, 0x00, 0x00, 0x00, 0x00, 0x00, 0x00, 0x00, 0x00, 0x00, 
    0x00, 0x00, 0x00, 0x00, 0x00, 0x00, 0x00, 0x00, 0x00, 0x00, 0x00, 0x00, 0x00, 0x00, 0x00, 0x00, 
    0x00, 0x00, 0x00, 0x00, 0x00, 0x00, 0x00, 0x00, 0x00, 0x00, 0x00, 0x00, 0x00, 0x00, 0x00, 0x00, 
    0x00, 0x00, 0x00, 0x00, 0x00, 0x00, 0x00, 0x00, 0x00, 0x00, 0x00, 0x00, 0x00, 0x00, 0x00, 0x00, 
    0x00, 0x00, 0x00, 0x00, 0x00, 0x00, 0x00, 0x00, 0x00, 0x00, 0x00, 0x00, 0x00, 0x00, 0x00, 0x00, 
    0x00, 0x00, 0x00, 0x00, 0x00, 0x00, 0x00, 0x00, 0x00, 0x00, 0x00, 0x00, 0x00, 0x00, 0x00, 0x00, 
    0x00, 0x00, 0x00, 0x00, 0x00, 0x00, 0x00, 0x00, 0x00, 0x00, 0x00, 0x00, 0x00, 0x00, 0x00, 0x00, 
    0x00, 0x00, 0x00, 0x00, 0x00, 0x00, 0x00, 0x00, 0x00, 0x00, 0x00, 0x00, 0x00, 0x00, 0x00, 0x00, 
    0x00, 0x00, 0x00, 0x00, 0x00, 0x00, 0x00, 0x00, 0x00, 0x00, 0x00, 0x00, 0x00, 0x00, 0x00, 0x00, 
    0x00, 0x00, 0x00, 0x00, 0x00, 0x00, 0x00, 0x00, 0x00, 0x00, 0x00, 0x00, 0x00, 0x00, 0x00, 0x00, 
    0x00, 0x00, 0x00, 0x00, 0x00, 0x00, 0x00, 0x00, 0x00, 0x00, 0x00, 0x00, 0x00, 0x00, 0x00, 0x00, 
    0x00, 0x00, 0x00, 0x00, 0x00, 0x00, 0x00, 0x00, 0x00, 0x00, 0x00, 0x00, 0x00, 0x00, 0x00, 0x00, 
    0x00, 0x00, 0x00, 0x00, 0x00, 0x00, 0x00, 0x00, 0x00, 0x00, 0x00, 0x00, 0x00, 0x00, 0x00, 0x00, 
    0x00, 0x00, 0x00, 0x00, 0x00, 0x00, 0x00, 0x00, 0x00, 0x00, 0x00, 0x00, 0x00, 0x00, 0x00, 0x00, 
    0x00, 0x00, 0x00, 0x00, 0x00, 0x00, 0x00, 0x00, 0x00, 0x00, 0x00, 0x00, 0x00, 0x00, 0x00, 0x00, 
    0x00, 0x00, 0x00, 0x00, 0x00, 0x20, 0x0A, 0x48, 0x14, 0x52, 0x02, 0x0A, 0x29, 0x06, 0x6A, 0xB0, 
    0x62, 0x50, 0x62, 0x70, 0x62, 0x70, 0x62, 0x50, 0x62, 0x50, 0x62, 0x30, 0x62, 0x30, 0x62, 0x30, 
    0x6A, 0x51, 0x7A, 0xB1, 0x28, 0xA6, 0x0A, 0xCF, 0x1C, 0x31, 0x01, 0x65, 0x00, 0x00, 0x00, 0x00, 
    0x00, 0x00, 0x00, 0x00, 0x00, 0x00, 0x00, 0x00, 0x00, 0x00, 0x00, 0x00, 0x00, 0x00, 0x00, 0x00, 
    0x00, 0x00, 0x00, 0x00, 0x00, 0x00, 0x00, 0x00, 0x00, 0x00, 0x00, 0x00, 0x00, 0x00, 0x00, 0x00, 
    0x00, 0x00, 0x00, 0x00, 0x00, 0x00, 0x00, 0x00, 0x00, 0x00, 0x00, 0x00, 0x00, 0x00, 0x00, 0x00, 
    0x00, 0x00, 0x00, 0x00, 0x00, 0x00, 0x00, 0x00, 0x00, 0x00, 0x00, 0x00, 0x00, 0x00, 0x00, 0x00, 
    0x00, 0x00, 0x00, 0x00, 0x00, 0x00, 0x00, 0x00, 0x00, 0x00, 0x00, 0x00, 0x00, 0x00, 0x00, 0x00, 
    0x00, 0x00, 0x00, 0x00, 0x00, 0x00, 0x00, 0x00, 0x00, 0x00, 0x00, 0x00, 0x00, 0x00, 0x00, 0x00, 
    0x00, 0x00, 0x00, 0x00, 0x00, 0x00, 0x00, 0x00, 0x00, 0x00, 0x00, 0x00, 0x00, 0x00, 0x00, 0x00, 
    0x00, 0x00, 0x00, 0x00, 0x00, 0x00, 0x00, 0x00, 0x00, 0x00, 0x00, 0x00, 0x00, 0x00, 0x00, 0x00, 
    0x00, 0x00, 0x00, 0x00, 0x00, 0x00, 0x00, 0x00, 0x00, 0x00, 0x00, 0x00, 0x00, 0x00, 0x00, 0x00, 
    0x00, 0x00, 0x00, 0x00, 0x00, 0x00, 0x00, 0x00, 0x00, 0x00, 0x00, 0x00, 0x00, 0x00, 0x00, 0x00, 
    0x00, 0x00, 0x00, 0x00, 0x00, 0x00, 0x00, 0x00, 0x00, 0x00, 0x00, 0x00, 0x00, 0x00, 0x00, 0x00, 
    0x00, 0x00, 0x00, 0x00, 0x00, 0x00, 0x00, 0x00, 0x00, 0x00, 0x00, 0x00, 0x00, 0x00, 0x00, 0x00, 
    0x00, 0x00, 0x00, 0x00, 0x00, 0x00, 0x00, 0x00, 0x00, 0x00, 0x00, 0x00, 0x00, 0x00, 0x00, 0x00, 
    0x00, 0x00, 0x00, 0x00, 0x00, 0x00, 0x00, 0x00, 0x00, 0x00, 0x00, 0x00, 0x00, 0x00, 0x00, 0x00, 
    0x00, 0x00, 0x00, 0x00, 0x00, 0x00, 0x00, 0x00, 0x00, 0x00, 0x00, 0x00, 0x00, 0x00, 0x00, 0x00, 
    0x00, 0x00, 0x00, 0x00, 0x00, 0x00, 0x00, 0x00, 0x00, 0x00, 0x00, 0x00, 0x00, 0x00, 0x00, 0x00, 
    0x00, 0x00, 0x00, 0x00, 0x00, 0x00, 0x00, 0x00, 0x00, 0x00, 0x00, 0x00, 0x00, 0x00, 0x00, 0x00, 
    0x00, 0x00, 0x00, 0x00, 0x00, 0x00, 0x00, 0x00, 0x00, 0x00, 0x00, 0x00, 0x00, 0x00, 0x00, 0x00, 
    0x00, 0x00, 0x00, 0x00, 0x00, 0x00, 0x00, 0x00, 0x00, 0x00, 0x00, 0x00, 0x00, 0x00, 0x00, 0x00, 
    0x00, 0x00, 0x00, 0x00, 0x00, 0x00, 0x00, 0x00, 0x00, 0x00, 0x00, 0x00, 0x00, 0x00, 0x00, 0x00, 
    0x00, 0x00, 0x00, 0x00, 0x00, 0x00, 0x00, 0x00, 0x00, 0x00, 0x00, 0x00, 0x00, 0x00, 0x00, 0x00, 
    0x00, 0x00, 0x00, 0x00, 0x00, 0x00, 0x00, 0x00, 0x00, 0x00, 0x00, 0x00, 0x00, 0x00, 0x00, 0x00, 
    0x00, 0x00, 0x00, 0x00, 0x00, 0x00, 0x00, 0x00, 0x00, 0x00, 0x00, 0x00, 0x00, 0x00, 0x00, 0x00, 
    0x00, 0x00, 0x00, 0x00, 0x00, 0x00, 0x00, 0x00, 0x00, 0x00, 0x00, 0x00, 0x00, 0x00, 0x00, 0x00, 
    0x00, 0x00, 0x00, 0x00, 0x00, 0x00, 0x00, 0x00, 0x00, 0x00, 0x00, 0x00, 0x00, 0x00, 0x00, 0x00, 
    0x00, 0x00, 0x00, 0x00, 0x00, 0x00, 0x00, 0x00, 0x00, 0x00, 0x00, 0x00, 0x00, 0x00, 0x00, 0x00, 
    0x00, 0x00, 0x00, 0x00, 0x00, 0x00, 0x00, 0x00, 0x00, 0x00, 0x00, 0x00, 0x00, 0x00, 0x00, 0x00, 
    0x00, 0x00, 0x00, 0x00, 0x00, 0x00, 0x00, 0x00, 0x00, 0x00, 0x00, 0x00, 0x00, 0x00, 0x00, 0x00, 
    0x00, 0x00, 0x00, 0x00, 0x00, 0x00, 0x00, 0x00, 0x00, 0x00, 0x00, 0x00, 0x00, 0x00, 0x00, 0x00, 
    0x00, 0x00, 0x00, 0x00, 0x00, 0x00, 0x00, 0x00, 0x00, 0x00, 0x00, 0x00, 0x00, 0x00, 0x00, 0x00, 
    0x00, 0x00, 0x00, 0x00, 0x00, 0x00, 0x00, 0x00, 0x00, 0x00, 0x00, 0x00, 0x00, 0x00, 0x00, 0x00, 
    0x00, 0x00, 0x00, 0x00, 0x00, 0x00, 0x00, 0x00, 0x00, 0x00, 0x00, 0x00, 0x00, 0x00, 0x00, 0x00, 
    0x00, 0x00, 0x00, 0x00, 0x00, 0x00, 0x00, 0x00, 0x00, 0x00, 0x00, 0x00, 0x00, 0x00, 0x00, 0x00, 
    0x00, 0x00, 0x00, 0x00, 0x00, 0x00, 0x00, 0x00, 0x00, 0x00, 0x00, 0x00, 0x00, 0x00, 0x00, 0x00, 
    0x00, 0x00, 0x00, 0x00, 0x00, 0x00, 0x00, 0x00, 0x00, 0x00, 0x00, 0x00, 0x00, 0x00, 0x00, 0x00, 
    0x00, 0x00, 0x00, 0x00, 0x00, 0x00, 0x00, 0x00, 0x00, 0x00, 0x00, 0x00, 0x00, 0x00, 0x00, 0x00, 
    0x00, 0x00, 0x00, 0x00, 0x00, 0x00, 0x00, 0x00, 0x00, 0x00, 0x00, 0x00, 0x00, 0x00, 0x00, 0x00, 
    0x00, 0x00, 0x00, 0x00, 0x09, 0xA6, 0x14, 0x10, 0x01, 0xCA, 0x39, 0x47, 0x9C, 0xBC, 0x8B, 0xFF, 
    0x93, 0xDF, 0x93, 0xBF, 0x8B, 0x7F, 0x83, 0x1F, 0x8A, 0xFF, 0x8A, 0xFF, 0x9B, 0x1F, 0x9B, 0x1F, 
    0x9B, 0x1F, 0xAB, 0x3F, 0xA3, 0xB9, 0x08, 0x64, 0x1B, 0x70, 0x13, 0x2C, 0x00, 0x61, 0x00, 0x00, 
    0x00, 0x00, 0x00, 0x00, 0x00, 0x00, 0x00, 0x00, 0x00, 0x00, 0x00, 0x00, 0x00, 0x00, 0x00, 0x00, 
    0x00, 0x00, 0x00, 0x00, 0x00, 0x00, 0x00, 0x00, 0x00, 0x00, 0x00, 0x00, 0x00, 0x00, 0x00, 0x00, 
    0x00, 0x00, 0x00, 0x00, 0x00, 0x00, 0x00, 0x00, 0x00, 0x00, 0x00, 0x00, 0x00, 0x00, 0x00, 0x00, 
    0x00, 0x00, 0x00, 0x00, 0x00, 0x00, 0x00, 0x00, 0x00, 0x00, 0x00, 0x00, 0x00, 0x00, 0x00, 0x00, 
    0x00, 0x00, 0x00, 0x00, 0x00, 0x00, 0x00, 0x00, 0x00, 0x00, 0x00, 0x00, 0x00, 0x00, 0x00, 0x00, 
    0x00, 0x00, 0x00, 0x00, 0x00, 0x00, 0x00, 0x00, 0x00, 0x00, 0x00, 0x00, 0x00, 0x00, 0x00, 0x00, 
    0x00, 0x00, 0x00, 0x00, 0x00, 0x00, 0x00, 0x00, 0x00, 0x00, 0x00, 0x00, 0x00, 0x00, 0x00, 0x00, 
    0x00, 0x00, 0x00, 0x00, 0x00, 0x00, 0x00, 0x00, 0x00, 0x00, 0x00, 0x00, 0x00, 0x00, 0x00, 0x00, 
    0x00, 0x00, 0x00, 0x00, 0x00, 0x00, 0x00, 0x00, 0x00, 0x00, 0x00, 0x00, 0x00, 0x00, 0x00, 0x00, 
    0x00, 0x00, 0x00, 0x00, 0x00, 0x00, 0x00, 0x00, 0x00, 0x00, 0x00, 0x00, 0x00, 0x00, 0x00, 0x00, 
    0x00, 0x00, 0x00, 0x00, 0x00, 0x00, 0x00, 0x00, 0x00, 0x00, 0x00, 0x00, 0x00, 0x00, 0x00, 0x00, 
    0x00, 0x00, 0x00, 0x00, 0x00, 0x00, 0x00, 0x00, 0x00, 0x00, 0x00, 0x00, 0x00, 0x00, 0x00, 0x00, 
    0x00, 0x00, 0x00, 0x00, 0x00, 0x00, 0x00, 0x00, 0x00, 0x00, 0x00, 0x00, 0x00, 0x00, 0x00, 0x00, 
    0x00, 0x00, 0x00, 0x00, 0x00, 0x00, 0x00, 0x00, 0x00, 0x00, 0x00, 0x00, 0x00, 0x00, 0x00, 0x00, 
    0x00, 0x00, 0x00, 0x00, 0x00, 0x00, 0x00, 0x00, 0x00, 0x00, 0x00, 0x00, 0x00, 0x00, 0x00, 0x00, 
    0x00, 0x00, 0x00, 0x00, 0x00, 0x00, 0x00, 0x00, 0x00, 0x00, 0x00, 0x00, 0x00, 0x00, 0x00, 0x00, 
    0x00, 0x00, 0x00, 0x00, 0x00, 0x00, 0x00, 0x00, 0x00, 0x00, 0x00, 0x00, 0x00, 0x00, 0x00, 0x00, 
    0x00, 0x00, 0x00, 0x00, 0x00, 0x00, 0x00, 0x00, 0x00, 0x00, 0x00, 0x00, 0x00, 0x00, 0x00, 0x00, 
    0x00, 0x00, 0x00, 0x00, 0x00, 0x00, 0x00, 0x00, 0x00, 0x00, 0x00, 0x00, 0x00, 0x00, 0x00, 0x00, 
    0x00, 0x00, 0x00, 0x00, 0x00, 0x00, 0x00, 0x00, 0x00, 0x00, 0x00, 0x00, 0x00, 0x00, 0x00, 0x00, 
    0x00, 0x00, 0x00, 0x00, 0x00, 0x00, 0x00, 0x00, 0x00, 0x00, 0x00, 0x00, 0x00, 0x00, 0x00, 0x00, 
    0x00, 0x00, 0x00, 0x00, 0x00, 0x00, 0x00, 0x00, 0x00, 0x00, 0x00, 0x00, 0x00, 0x00, 0x00, 0x00, 
    0x00, 0x00, 0x00, 0x00, 0x00, 0x00, 0x00, 0x00, 0x00, 0x00, 0x00, 0x00, 0x00, 0x00, 0x00, 0x00, 
    0x00, 0x00, 0x00, 0x00, 0x00, 0x00, 0x00, 0x00, 0x00, 0x00, 0x00, 0x00, 0x00, 0x00, 0x00, 0x00, 
    0x00, 0x00, 0x00, 0x00, 0x00, 0x00, 0x00, 0x00, 0x00, 0x00, 0x00, 0x00, 0x00, 0x00, 0x00, 0x00, 
    0x00, 0x00, 0x00, 0x00, 0x00, 0x00, 0x00, 0x00, 0x00, 0x00, 0x00, 0x00, 0x00, 0x00, 0x00, 0x00, 
    0x00, 0x00, 0x00, 0x00, 0x00, 0x00, 0x00, 0x00, 0x00, 0x00, 0x00, 0x00, 0x00, 0x00, 0x00, 0x00, 
    0x00, 0x00, 0x00, 0x00, 0x00, 0x00, 0x00, 0x00, 0x00, 0x00, 0x00, 0x00, 0x00, 0x00, 0x00, 0x00, 
    0x00, 0x00, 0x00, 0x00, 0x00, 0x00, 0x00, 0x00, 0x00, 0x00, 0x00, 0x00, 0x00, 0x00, 0x00, 0x00, 
    0x00, 0x00, 0x00, 0x00, 0x00, 0x00, 0x00, 0x00, 0x00, 0x00, 0x00, 0x00, 0x00, 0x00, 0x00, 0x00, 
    0x00, 0x00, 0x00, 0x00, 0x00, 0x00, 0x00, 0x00, 0x00, 0x00, 0x00, 0x00, 0x00, 0x00, 0x00, 0x00, 
    0x00, 0x00, 0x00, 0x00, 0x00, 0x00, 0x00, 0x00, 0x00, 0x00, 0x00, 0x00, 0x00, 0x00, 0x00, 0x00, 
    0x00, 0x00, 0x00, 0x00, 0x00, 0x00, 0x00, 0x00, 0x00, 0x00, 0x00, 0x00, 0x00, 0x00, 0x00, 0x00, 
    0x00, 0x00, 0x00, 0x00, 0x00, 0x00, 0x00, 0x00, 0x00, 0x00, 0x00, 0x00, 0x00, 0x00, 0x00, 0x00, 
    0x00, 0x00, 0x00, 0x00, 0x00, 0x00, 0x00, 0x00, 0x00, 0x00, 0x00, 0x00, 0x00, 0x00, 0x00, 0x00, 
    0x00, 0x00, 0x00, 0x00, 0x00, 0x00, 0x00, 0x00, 0x00, 0x00, 0x00, 0x00, 0x00, 0x00, 0x00, 0x00, 
    0x00, 0x00, 0x00, 0x00, 0x00, 0x00, 0x00, 0x00, 0x00, 0x00, 0x00, 0x00, 0x00, 0x00, 0x00, 0x00, 
    0x00, 0x00, 0x01, 0x24, 0x13, 0x6D, 0x0A, 0xAE, 0x28, 0xE6, 0x94, 0x9E, 0x73, 0x7F, 0x7B, 0xBF, 
    0x7B, 0xBF, 0x7B, 0x7F, 0x73, 0x1F, 0x72, 0xDF, 0x72, 0xBF, 0x7A, 0xBF, 0x82, 0xFF, 0x8B, 0x1F, 
    0x8B, 0x1F, 0x92, 0xFF, 0xAB, 0x1F, 0x6A, 0x2F, 0x01, 0x48, 0x1B, 0xF1, 0x01, 0x44, 0x00, 0x00, 
    0x00, 0x00, 0x00, 0x00, 0x00, 0x00, 0x00, 0x00, 0x00, 0x00, 0x00, 0x00, 0x00, 0x00, 0x00, 0x00, 
    0x00, 0x00, 0x00, 0x00, 0x00, 0x00, 0x00, 0x00, 0x00, 0x00, 0x00, 0x00, 0x00, 0x00, 0x00, 0x00, 
    0x00, 0x00, 0x00, 0x00, 0x00, 0x00, 0x00, 0x00, 0x00, 0x00, 0x00, 0x00, 0x00, 0x00, 0x00, 0x00, 
    0x00, 0x00, 0x00, 0x00, 0x00, 0x00, 0x00, 0x00, 0x00, 0x00, 0x00, 0x00, 0x00, 0x00, 0x00, 0x00, 
    0x00, 0x00, 0x00, 0x00, 0x00, 0x00, 0x00, 0x00, 0x00, 0x00, 0x00, 0x00, 0x00, 0x00, 0x00, 0x00, 
    0x00, 0x00, 0x00, 0x00, 0x00, 0x00, 0x00, 0x00, 0x00, 0x00, 0x00, 0x00, 0x00, 0x00, 0x00, 0x00, 
    0x00, 0x00, 0x00, 0x00, 0x00, 0x00, 0x00, 0x00, 0x00, 0x00, 0x00, 0x00, 0x00, 0x00, 0x00, 0x00, 
    0x00, 0x00, 0x00, 0x00, 0x00, 0x00, 0x00, 0x00, 0x00, 0x00, 0x00, 0x00, 0x00, 0x00, 0x00, 0x00, 
    0x00, 0x00, 0x00, 0x00, 0x00, 0x00, 0x00, 0x00, 0x00, 0x00, 0x00, 0x00, 0x00, 0x00, 0x00, 0x00, 
    0x00, 0x00, 0x00, 0x00, 0x00, 0x00, 0x00, 0x00, 0x00, 0x00, 0x00, 0x00, 0x00, 0x00, 0x00, 0x00, 
    0x00, 0x00, 0x00, 0x00, 0x00, 0x00, 0x00, 0x00, 0x00, 0x00, 0x00, 0x00, 0x00, 0x00, 0x00, 0x00, 
    0x00, 0x00, 0x00, 0x00, 0x00, 0x00, 0x00, 0x00, 0x00, 0x00, 0x00, 0x00, 0x00, 0x00, 0x00, 0x00, 
    0x00, 0x00, 0x00, 0x00, 0x00, 0x00, 0x00, 0x00, 0x00, 0x00, 0x00, 0x00, 0x00, 0x00, 0x00, 0x00, 
    0x00, 0x00, 0x00, 0x00, 0x00, 0x00, 0x00, 0x00, 0x00, 0x00, 0x00, 0x00, 0x00, 0x00, 0x00, 0x00, 
    0x00, 0x00, 0x00, 0x00, 0x00, 0x00, 0x00, 0x00, 0x00, 0x00, 0x00, 0x00, 0x00, 0x00, 0x00, 0x00, 
    0x00, 0x00, 0x00, 0x00, 0x00, 0x00, 0x00, 0x00, 0x00, 0x00, 0x00, 0x00, 0x00, 0x00, 0x00, 0x00, 
    0x00, 0x00, 0x00, 0x00, 0x00, 0x00, 0x00, 0x00, 0x00, 0x00, 0x00, 0x00, 0x00, 0x00, 0x00, 0x00, 
    0x00, 0x00, 0x00, 0x00, 0x00, 0x00, 0x00, 0x00, 0x00, 0x00, 0x00, 0x00, 0x00, 0x00, 0x00, 0x00, 
    0x00, 0x00, 0x00, 0x00, 0x00, 0x00, 0x00, 0x00, 0x00, 0x00, 0x00, 0x00, 0x00, 0x00, 0x00, 0x00, 
    0x00, 0x00, 0x00, 0x00, 0x00, 0x00, 0x00, 0x00, 0x00, 0x00, 0x00, 0x00, 0x00, 0x00, 0x00, 0x00, 
    0x00, 0x00, 0x00, 0x00, 0x00, 0x00, 0x00, 0x00, 0x00, 0x00, 0x00, 0x00, 0x00, 0x00, 0x00, 0x00, 
    0x00, 0x00, 0x00, 0x00, 0x00, 0x00, 0x00, 0x00, 0x00, 0x00, 0x00, 0x00, 0x00, 0x00, 0x00, 0x00, 
    0x00, 0x00, 0x00, 0x00, 0x00, 0x00, 0x00, 0x00, 0x00, 0x00, 0x00, 0x00, 0x00, 0x00, 0x00, 0x00, 
    0x00, 0x00, 0x00, 0x00, 0x00, 0x00, 0x00, 0x00, 0x00, 0x00, 0x00, 0x00, 0x00, 0x00, 0x00, 0x00, 
    0x00, 0x00, 0x00, 0x00, 0x00, 0x00, 0x00, 0x00, 0x00, 0x00, 0x00, 0x00, 0x00, 0x00, 0x00, 0x00, 
    0x00, 0x00, 0x00, 0x00, 0x00, 0x00, 0x00, 0x00, 0x00, 0x00, 0x00, 0x00, 0x00, 0x00, 0x00, 0x00, 
    0x00, 0x00, 0x00, 0x00, 0x00, 0x00, 0x00, 0x00, 0x00, 0x00, 0x00, 0x00, 0x00, 0x00, 0x00, 0x00, 
    0x00, 0x00, 0x00, 0x00, 0x00, 0x00, 0x00, 0x00, 0x00, 0x00, 0x00, 0x00, 0x00, 0x00, 0x00, 0x00, 
    0x00, 0x00, 0x00, 0x00, 0x00, 0x00, 0x00, 0x00, 0x00, 0x00, 0x00, 0x00, 0x00, 0x00, 0x00, 0x00, 
    0x00, 0x00, 0x00, 0x00, 0x00, 0x00, 0x00, 0x00, 0x00, 0x00, 0x00, 0x00, 0x00, 0x00, 0x00, 0x00, 
    0x00, 0x00, 0x00, 0x00, 0x00, 0x00, 0x00, 0x00, 0x00, 0x00, 0x00, 0x00, 0x00, 0x00, 0x00, 0x00, 
    0x00, 0x00, 0x00, 0x00, 0x00, 0x00, 0x00, 0x00, 0x00, 0x00, 0x00, 0x00, 0x00, 0x00, 0x00, 0x00, 
    0x00, 0x00, 0x00, 0x00, 0x00, 0x00, 0x00, 0x00, 0x00, 0x00, 0x00, 0x00, 0x00, 0x00, 0x00, 0x00, 
    0x00, 0x00, 0x00, 0x00, 0x00, 0x00, 0x00, 0x20, 0x00, 0x61, 0x00, 0x61, 0x00, 0x81, 0x00, 0x61, 
    0x00, 0x41, 0x00, 0x41, 0x00, 0x41, 0x00, 0x61, 0x00, 0x81, 0x00, 0x81, 0x00, 0x81, 0x00, 0x81, 
    0x00, 0x61, 0x00, 0x61, 0x00, 0x61, 0x00, 0x61, 0x00, 0x81, 0x00, 0x61, 0x00, 0x41, 0x00, 0x61, 
    0x00, 0x61, 0x00, 0x61, 0x00, 0x40, 0x00, 0x20, 0x00, 0x00, 0x00, 0x00, 0x00, 0x20, 0x00, 0xA2, 
    0x01, 0x65, 0x0B, 0x0B, 0x1C, 0x33, 0x01, 0x6A, 0x52, 0x4D, 0x73, 0x9F, 0x6B, 0x3F, 0x63, 0x3F, 
    0x63, 0x3F, 0x73, 0x5F, 0x6A, 0xFF, 0x6A, 0xDF, 0x72, 0xFF, 0x72, 0xDF, 0x72, 0xBF, 0x6A, 0x7F, 
    0x7A, 0xBF, 0x8A, 0xFF, 0x9A, 0xFF, 0x7A, 0x73, 0x01, 0x29, 0x1B, 0xF2, 0x01, 0xC6, 0x00, 0x00, 
    0x00, 0x00, 0x00, 0x00, 0x00, 0x00, 0x00, 0x00, 0x00, 0x00, 0x00, 0x00, 0x00, 0x00, 0x00, 0x00, 
    0x00, 0x00, 0x00, 0x00, 0x00, 0x00, 0x00, 0x00, 0x00, 0x00, 0x00, 0x00, 0x00, 0x00, 0x00, 0x00, 
    0x00, 0x00, 0x00, 0x00, 0x00, 0x00, 0x00, 0x00, 0x00, 0x00, 0x00, 0x00, 0x00, 0x00, 0x00, 0x00, 
    0x00, 0x00, 0x00, 0x00, 0x00, 0x00, 0x00, 0x00, 0x00, 0x00, 0x00, 0x00, 0x00, 0x00, 0x00, 0x00, 
    0x00, 0x00, 0x00, 0x00, 0x00, 0x00, 0x00, 0x00, 0x00, 0x00, 0x00, 0x00, 0x00, 0x00, 0x00, 0x00, 
    0x00, 0x00, 0x00, 0x00, 0x00, 0x00, 0x00, 0x00, 0x00, 0x00, 0x00, 0x00, 0x00, 0x00, 0x00, 0x00, 
    0x00, 0x00, 0x00, 0x00, 0x00, 0x00, 0x00, 0x00, 0x00, 0x00, 0x00, 0x00, 0x00, 0x00, 0x00, 0x00, 
    0x00, 0x00, 0x00, 0x00, 0x00, 0x00, 0x00, 0x00, 0x00, 0x00, 0x00, 0x00, 0x00, 0x00, 0x00, 0x00, 
    0x00, 0x00, 0x00, 0x00, 0x00, 0x00, 0x00, 0x00, 0x00, 0x00, 0x00, 0x00, 0x00, 0x00, 0x00, 0x00, 
    0x00, 0x00, 0x00, 0x00, 0x00, 0x00, 0x00, 0x00, 0x00, 0x00, 0x00, 0x00, 0x00, 0x00, 0x00, 0x00, 
    0x00, 0x00, 0x00, 0x00, 0x00, 0x00, 0x00, 0x00, 0x00, 0x00, 0x00, 0x00, 0x00, 0x00, 0x00, 0x00, 
    0x00, 0x00, 0x00, 0x00, 0x00, 0x00, 0x00, 0x00, 0x00, 0x00, 0x00, 0x00, 0x00, 0x00, 0x00, 0x00, 
    0x00, 0x00, 0x00, 0x00, 0x00, 0x00, 0x00, 0x00, 0x00, 0x00, 0x00, 0x00, 0x00, 0x00, 0x00, 0x00, 
    0x00, 0x00, 0x00, 0x00, 0x00, 0x00, 0x00, 0x00, 0x00, 0x00, 0x00, 0x00, 0x00, 0x00, 0x00, 0x00, 
    0x00, 0x00, 0x00, 0x00, 0x00, 0x00, 0x00, 0x00, 0x00, 0x00, 0x00, 0x00, 0x00, 0x00, 0x00, 0x00, 
    0x00, 0x00, 0x00, 0x00, 0x00, 0x00, 0x00, 0x00, 0x00, 0x00, 0x00, 0x00, 0x00, 0x00, 0x00, 0x00, 
    0x00, 0x00, 0x00, 0x00, 0x00, 0x00, 0x00, 0x00, 0x00, 0x00, 0x00, 0x00, 0x00, 0x00, 0x00, 0x00, 
    0x00, 0x00, 0x00, 0x00, 0x00, 0x00, 0x00, 0x00, 0x00, 0x82, 0x01, 0x85, 0x02, 0x28, 0x02, 0xAA, 
    0x0A, 0xEA, 0x0B, 0x0B, 0x0B, 0x0B, 0x03, 0x0B, 0x0B, 0x2C, 0x0B, 0x4C, 0x0B, 0x2C, 0x0B, 0x2C, 
    0x0B, 0x2C, 0x0B, 0x2C, 0x0B, 0x2C, 0x0B, 0x0B, 0x0B, 0x0B, 0x0B, 0x2C, 0x0B, 0x2C, 0x0B, 0x2C, 
    0x0B, 0x2C, 0x0B, 0x2C, 0x0B, 0x2C, 0x0B, 0x2C, 0x0B, 0x4C, 0x0B, 0x4C, 0x0B, 0x2C, 0x0B, 0x0B, 
    0x02, 0xEB, 0x02, 0xCA, 0x02, 0x49, 0x01, 0x86, 0x00, 0xA2, 0x00, 0x00, 0x00, 0x00, 0x00, 0x00, 
    0x00, 0x00, 0x00, 0x00, 0x00, 0x00, 0x00, 0x00, 0x00, 0x00, 0x00, 0x00, 0x00, 0x00, 0x00, 0x41, 
    0x01, 0xA6, 0x02, 0x89, 0x0B, 0x0B, 0x0B, 0x0B, 0x0B, 0x2C, 0x0B, 0x2C, 0x0B, 0x2C, 0x0B, 0x2C, 
    0x0B, 0x4C, 0x0B, 0x4C, 0x0B, 0x4C, 0x0B, 0x4D, 0x0B, 0x4C, 0x0B, 0x4C, 0x0B, 0x4C, 0x0B, 0x4C, 
    0x0B, 0x4C, 0x0B, 0x4C, 0x0B, 0x4D, 0x0B, 0x4C, 0x0B, 0x4C, 0x0B, 0x4C, 0x0B, 0x4C, 0x0B, 0x4C, 
    0x0B, 0x0B, 0x0A, 0xEA, 0x02, 0x89, 0x01, 0xE7, 0x00, 0xC2, 0x00, 0x00, 0x00, 0x00, 0x00, 0x00, 
    0x00, 0x00, 0x00, 0x00, 0x00, 0x00, 0x00, 0x00, 0x00, 0x00, 0x00, 0x00, 0x00, 0x00, 0x00, 0x00, 
    0x01, 0x24, 0x02, 0x07, 0x0A, 0xCA, 0x0B, 0x4C, 0x0B, 0x4C, 0x0B, 0x4D, 0x0B, 0x6D, 0x0B, 0x6D, 
    0x0B, 0x6D, 0x0B, 0x6D, 0x0B, 0x6D, 0x0B, 0x8D, 0x0B, 0x8D, 0x0B, 0x8D, 0x0B, 0x8D, 0x0B, 0x8D, 
    0x0B, 0x8D, 0x0B, 0x6D, 0x0B, 0x8D, 0x0B, 0x8D, 0x0B, 0x8D, 0x0B, 0x8D, 0x0B, 0x8D, 0x0B, 0x8D, 
    0x0B, 0x6D, 0x0B, 0x6D, 0x0B, 0x6D, 0x0B, 0x6D, 0x0B, 0x4C, 0x0A, 0xEA, 0x02, 0x07, 0x01, 0x24, 
    0x00, 0x41, 0x00, 0x00, 0x00, 0x00, 0x00, 0x00, 0x00, 0x00, 0x00, 0x00, 0x00, 0xC3, 0x01, 0xC6, 
    0x0A, 0xAA, 0x0B, 0x2C, 0x13, 0x8D, 0x0B, 0xAE, 0x13, 0xAE, 0x13, 0xAE, 0x13, 0xCF, 0x13, 0xAE, 
    0x13, 0xAE, 0x13, 0xAE, 0x13, 0xAE, 0x13, 0xAF, 0x13, 0xCF, 0x13, 0xAF, 0x13, 0xCF, 0x13, 0xCF, 
    0x13, 0xAE, 0x13, 0xAE, 0x13, 0xAE, 0x13, 0xAE, 0x13, 0xAE, 0x13, 0xAE, 0x13, 0xAE, 0x13, 0xAE, 
    0x13, 0xAE, 0x13, 0xAE, 0x13, 0xAE, 0x13, 0xAE, 0x13, 0xAE, 0x13, 0x8E, 0x13, 0x8E, 0x13, 0xAE, 
    0x13, 0xCE, 0x13, 0xF0, 0x1B, 0x75, 0x00, 0xC8, 0x62, 0xD0, 0x6B, 0x5F, 0x63, 0x1F, 0x63, 0x1F, 
    0x7B, 0xBC, 0x73, 0x15, 0x72, 0xB4, 0x72, 0xB4, 0x72, 0xD5, 0x72, 0xD4, 0x82, 0xF5, 0x7A, 0xBE, 
    0x72, 0x7F, 0x7A, 0x9F, 0xA3, 0x1F, 0x61, 0xCE, 0x01, 0x4A, 0x13, 0xB2, 0x0A, 0x07, 0x00, 0x00, 
    0x00, 0x00, 0x00, 0x00, 0x00, 0x00, 0x00, 0x00, 0x00, 0x00, 0x00, 0x00, 0x00, 0x00, 0x00, 0x00, 
    0x00, 0x00, 0x00, 0x00, 0x00, 0x00, 0x00, 0x00, 0x00, 0x00, 0x00, 0x00, 0x00, 0x00, 0x00, 0x00, 
    0x00, 0x00, 0x00, 0x00, 0x00, 0x00, 0x00, 0x00, 0x00, 0x00, 0x00, 0x00, 0x00, 0x00, 0x00, 0x00, 
    0x00, 0x00, 0x00, 0x00, 0x00, 0x00, 0x00, 0x00, 0x00, 0x00, 0x00, 0x00, 0x00, 0x00, 0x00, 0x00, 
    0x00, 0x00, 0x00, 0x00, 0x00, 0x00, 0x00, 0x00, 0x00, 0x00, 0x00, 0x00, 0x00, 0x00, 0x00, 0x00, 
    0x00, 0x00, 0x00, 0x00, 0x00, 0x00, 0x00, 0x00, 0x00, 0x00, 0x00, 0x00, 0x00, 0x00, 0x00, 0x00, 
    0x00, 0x00, 0x00, 0x00, 0x00, 0x00, 0x00, 0x00, 0x00, 0x00, 0x00, 0x00, 0x00, 0x00, 0x00, 0x00, 
    0x00, 0x00, 0x00, 0x00, 0x00, 0x00, 0x00, 0x00, 0x00, 0x00, 0x00, 0x00, 0x00, 0x00, 0x00, 0x00, 
    0x00, 0x00, 0x00, 0x00, 0x00, 0x00, 0x00, 0x00, 0x00, 0x00, 0x00, 0x00, 0x00, 0x00, 0x00, 0x00, 
    0x00, 0x00, 0x00, 0x00, 0x00, 0x00, 0x00, 0x00, 0x00, 0x00, 0x00, 0x00, 0x00, 0x00, 0x00, 0x00, 
    0x00, 0x00, 0x00, 0x00, 0x00, 0x00, 0x00, 0x00, 0x00, 0x00, 0x00, 0x00, 0x00, 0x00, 0x00, 0x00, 
    0x00, 0x00, 0x00, 0x00, 0x00, 0x00, 0x00, 0x00, 0x00, 0x00, 0x00, 0x00, 0x00, 0x00, 0x00, 0x00, 
    0x00, 0x00, 0x00, 0x00, 0x00, 0x00, 0x00, 0x00, 0x00, 0x00, 0x00, 0x00, 0x00, 0x00, 0x00, 0x00, 
    0x00, 0x00, 0x00, 0x00, 0x00, 0x00, 0x00, 0x00, 0x00, 0x00, 0x00, 0x00, 0x00, 0x00, 0x00, 0x00, 
    0x00, 0x00, 0x00, 0x00, 0x00, 0x00, 0x00, 0x00, 0x00, 0x00, 0x00, 0x00, 0x00, 0x00, 0x00, 0x00, 
    0x00, 0x00, 0x00, 0x00, 0x00, 0x00, 0x00, 0x00, 0x00, 0x00, 0x00, 0x00, 0x00, 0x00, 0x00, 0x00, 
    0x00, 0x00, 0x00, 0x00, 0x00, 0x00, 0x00, 0x00, 0x00, 0x00, 0x00, 0x00, 0x00, 0x00, 0x00, 0x00, 
    0x00, 0x00, 0x00, 0x00, 0x00, 0x61, 0x02, 0x69, 0x03, 0x4C, 0x0B, 0xCF, 0x0C, 0x10, 0x0C, 0x12, 
    0x0C, 0x12, 0x0C, 0x13, 0x0C, 0x13, 0x0C, 0x13, 0x0C, 0x13, 0x0C, 0x33, 0x0C, 0x33, 0x0C, 0x13, 
    0x0C, 0x13, 0x0C, 0x13, 0x0C, 0x33, 0x0C, 0x13, 0x0C, 0x13, 0x0C, 0x13, 0x0C, 0x33, 0x0C, 0x33, 
    0x0C, 0x13, 0x0C, 0x13, 0x0C, 0x13, 0x0C, 0x13, 0x0C, 0x13, 0x0C, 0x13, 0x0C, 0x13, 0x0C, 0x13, 
    0x03, 0xF2, 0x03, 0xD2, 0x03, 0xD0, 0x0B, 0xAF, 0x0B, 0x6D, 0x02, 0x08, 0x00, 0x61, 0x00, 0x00, 
    0x00, 0x00, 0x00, 0x00, 0x00, 0x00, 0x00, 0x00, 0x00, 0x00, 0x00, 0x82, 0x01, 0xE7, 0x03, 0x6D, 
    0x0B, 0xEF, 0x0C, 0x32, 0x0C, 0x13, 0x0C, 0x13, 0x0C, 0x33, 0x0C, 0x13, 0x0C, 0x13, 0x0C, 0x14, 
    0x0C, 0x14, 0x0C, 0x14, 0x0C, 0x14, 0x0C, 0x34, 0x0C, 0x14, 0x0C, 0x14, 0x0C, 0x14, 0x0C, 0x14, 
    0x0C, 0x14, 0x0C, 0x14, 0x0C, 0x14, 0x0C, 0x14, 0x0C, 0x14, 0x0C, 0x34, 0x0C, 0x34, 0x0C, 0x34, 
    0x0C, 0x13, 0x0B, 0xF2, 0x0B, 0xF1, 0x0B, 0xD0, 0x0B, 0xAE, 0x02, 0x89, 0x00, 0xC3, 0x00, 0x00, 
    0x00, 0x00, 0x00, 0x00, 0x00, 0x00, 0x00, 0x00, 0x00, 0x00, 0x00, 0x41, 0x01, 0xE7, 0x0B, 0xAE, 
    0x0C, 0x11, 0x0C, 0x12, 0x0B, 0xF2, 0x0C, 0x14, 0x0B, 0xF4, 0x0B, 0xF4, 0x0B, 0xF4, 0x0B, 0xF4, 
    0x0B, 0xF4, 0x0B, 0xF4, 0x0B, 0xF4, 0x0B, 0xF4, 0x0B, 0xF5, 0x0B, 0xF5, 0x13, 0xF5, 0x13, 0xF5, 
    0x0B, 0xF5, 0x0B, 0xF5, 0x0B, 0xD5, 0x0B, 0xD5, 0x0B, 0xF5, 0x0B, 0xF5, 0x0B, 0xD5, 0x0B, 0xD4, 
    0x0B, 0xF4, 0x0B, 0xF4, 0x0B, 0xD4, 0x0B, 0xF4, 0x14, 0x15, 0x0C, 0x13, 0x0B, 0xF0, 0x0B, 0x6E, 
    0x0B, 0x0C, 0x01, 0x86, 0x00, 0xC3, 0x00, 0xA2, 0x01, 0x45, 0x0A, 0x69, 0x13, 0xAF, 0x13, 0xF1, 
    0x14, 0x13, 0x14, 0x14, 0x13, 0xD5, 0x13, 0xD5, 0x13, 0xD5, 0x13, 0xB5, 0x13, 0xB5, 0x13, 0xB5, 
    0x13, 0xB5, 0x13, 0xD5, 0x13, 0xD6, 0x13, 0xD5, 0x13, 0xB5, 0x13, 0xB5, 0x13, 0xB5, 0x13, 0xB5, 
    0x13, 0xB5, 0x13, 0xB5, 0x13, 0xD5, 0x13, 0xB5, 0x13, 0xB5, 0x1B, 0xD5, 0x1B, 0xD5, 0x1B, 0xD5, 
    0x1B, 0xD5, 0x13, 0xD5, 0x1B, 0xB4, 0x13, 0xB5, 0x1B, 0xD5, 0x1B, 0xF5, 0x13, 0xF5, 0x13, 0xF5, 
    0x14, 0x15, 0x13, 0x74, 0x12, 0x74, 0x00, 0x85, 0x73, 0x56, 0x6B, 0x1F, 0x62, 0xFF, 0x83, 0x9F, 
    0x7B, 0x54, 0x00, 0x00, 0x00, 0x02, 0x00, 0x03, 0x00, 0x04, 0x00, 0x03, 0x18, 0xA4, 0x8B, 0x5D, 
    0x6A, 0x5F, 0x7A, 0x7F, 0xA2, 0xFF, 0x49, 0x4A, 0x01, 0x8C, 0x13, 0x70, 0x02, 0x07, 0x00, 0x00, 
    0x00, 0x00, 0x00, 0x00, 0x00, 0x00, 0x00, 0x00, 0x00, 0x00, 0x00, 0x00, 0x00, 0x00, 0x00, 0x00, 
    0x00, 0x00, 0x00, 0x00, 0x00, 0x00, 0x00, 0x00, 0x00, 0x00, 0x00, 0x00, 0x00, 0x00, 0x00, 0x00, 
    0x00, 0x00, 0x00, 0x00, 0x00, 0x00, 0x00, 0x00, 0x00, 0x00, 0x00, 0x00, 0x00, 0x00, 0x00, 0x00, 
    0x00, 0x00, 0x00, 0x00, 0x00, 0x00, 0x00, 0x00, 0x00, 0x00, 0x00, 0x00, 0x00, 0x00, 0x00, 0x00, 
    0x00, 0x00, 0x00, 0x00, 0x00, 0x00, 0x00, 0x00, 0x00, 0x00, 0x00, 0x00, 0x00, 0x00, 0x00, 0x00, 
    0x00, 0x00, 0x00, 0x00, 0x00, 0x00, 0x00, 0x00, 0x00, 0x00, 0x00, 0x00, 0x00, 0x00, 0x00, 0x00, 
    0x00, 0x00, 0x00, 0x00, 0x00, 0x00, 0x00, 0x00, 0x00, 0x00, 0x00, 0x00, 0x00, 0x00, 0x00, 0x00, 
    0x00, 0x00, 0x00, 0x00, 0x00, 0x00, 0x00, 0x00, 0x00, 0x00, 0x00, 0x00, 0x00, 0x00, 0x00, 0x00, 
    0x00, 0x00, 0x00, 0x00, 0x00, 0x00, 0x00, 0x00, 0x00, 0x00, 0x00, 0x00, 0x00, 0x00, 0x00, 0x00, 
    0x00, 0x00, 0x00, 0x00, 0x00, 0x00, 0x00, 0x00, 0x00, 0x00, 0x00, 0x00, 0x00, 0x00, 0x00, 0x00, 
    0x00, 0x00, 0x00, 0x00, 0x00, 0x00, 0x00, 0x00, 0x00, 0x00, 0x00, 0x00, 0x00, 0x00, 0x00, 0x00, 
    0x00, 0x00, 0x00, 0x00, 0x00, 0x00, 0x00, 0x00, 0x00, 0x00, 0x00, 0x00, 0x00, 0x00, 0x00, 0x00, 
    0x00, 0x00, 0x00, 0x00, 0x00, 0x00, 0x00, 0x00, 0x00, 0x00, 0x00, 0x00, 0x00, 0x00, 0x00, 0x00, 
    0x00, 0x00, 0x00, 0x00, 0x00, 0x00, 0x00, 0x00, 0x00, 0x00, 0x00, 0x00, 0x00, 0x00, 0x00, 0x00, 
    0x00, 0x00, 0x00, 0x00, 0x00, 0x00, 0x00, 0x00, 0x00, 0x00, 0x00, 0x00, 0x00, 0x00, 0x00, 0x00, 
    0x00, 0x00, 0x00, 0x00, 0x00, 0x00, 0x00, 0x00, 0x00, 0x00, 0x00, 0x00, 0x00, 0x00, 0x00, 0x00, 
    0x00, 0x00, 0x00, 0x00, 0x00, 0x00, 0x00, 0x00, 0x00, 0x00, 0x00, 0x00, 0x00, 0x00, 0x00, 0x00, 
    0x00, 0x00, 0x00, 0x00, 0x01, 0xC7, 0x01, 0x46, 0x08, 0xA3, 0x08, 0x83, 0x10, 0x84, 0x10, 0x64, 
    0x10, 0x65, 0x10, 0x64, 0x10, 0x64, 0x10, 0x44, 0x10, 0x44, 0x10, 0x44, 0x10, 0x64, 0x10, 0x44, 
    0x10, 0x44, 0x10, 0x44, 0x10, 0x64, 0x10, 0x64, 0x10, 0x44, 0x10, 0x44, 0x10, 0x64, 0x10, 0x44, 
    0x10, 0x44, 0x08, 0x44, 0x10, 0x44, 0x08, 0x44, 0x10, 0x44, 0x10, 0x44, 0x10, 0x65, 0x10, 0x64, 
    0x10, 0x44, 0x10, 0x64, 0x10, 0x85, 0x08, 0x84, 0x01, 0xC9, 0x0C, 0x11, 0x03, 0x0B, 0x01, 0x45, 
    0x00, 0x00, 0x00, 0x00, 0x00, 0x00, 0x00, 0x41, 0x01, 0x45, 0x0B, 0x0C, 0x0C, 0x31, 0x01, 0x87, 
    0x08, 0x84, 0x08, 0x84, 0x10, 0x64, 0x10, 0x64, 0x10, 0x64, 0x10, 0x64, 0x10, 0x64, 0x10, 0x64, 
    0x10, 0x64, 0x10, 0x64, 0x10, 0x64, 0x10, 0x64, 0x10, 0x64, 0x10, 0x64, 0x10, 0x64, 0x10, 0x64, 
    0x10, 0x64, 0x10, 0x64, 0x10, 0x64, 0x10, 0x64, 0x10, 0x64, 0x10, 0x64, 0x10, 0x64, 0x10, 0x85, 
    0x10, 0x85, 0x10, 0x64, 0x10, 0x84, 0x08, 0x84, 0x01, 0x88, 0x0C, 0x12, 0x0B, 0x8D, 0x01, 0xA6, 
    0x00, 0x00, 0x00, 0x00, 0x00, 0x00, 0x00, 0x00, 0x01, 0x24, 0x0A, 0xCA, 0x0C, 0x11, 0x02, 0xAC, 
    0x00, 0xE5, 0x10, 0xC5, 0x08, 0x84, 0x08, 0x64, 0x08, 0x65, 0x10, 0x65, 0x10, 0x65, 0x08, 0x65, 
    0x08, 0x65, 0x08, 0x65, 0x08, 0x64, 0x08, 0x44, 0x08, 0x64, 0x08, 0x44, 0x08, 0x64, 0x08, 0x64, 
    0x08, 0x64, 0x08, 0x44, 0x08, 0x44, 0x08, 0x44, 0x08, 0x65, 0x08, 0x65, 0x08, 0x44, 0x08, 0x64, 
    0x08, 0x64, 0x08, 0x64, 0x08, 0x44, 0x08, 0x64, 0x10, 0x86, 0x08, 0xA6, 0x08, 0xA5, 0x00, 0xC4, 
    0x0A, 0x6A, 0x0B, 0xCF, 0x0B, 0x2C, 0x0B, 0x4D, 0x0B, 0xAE, 0x14, 0x32, 0x02, 0x6C, 0x00, 0x63, 
    0x10, 0xA5, 0x10, 0xA6, 0x10, 0x65, 0x08, 0x65, 0x08, 0x65, 0x08, 0x65, 0x10, 0x65, 0x10, 0x65, 
    0x08, 0x64, 0x08, 0x64, 0x08, 0x65, 0x08, 0x65, 0x10, 0x65, 0x08, 0x65, 0x08, 0x65, 0x08, 0x65, 
    0x08, 0x65, 0x08, 0x65, 0x10, 0x65, 0x10, 0x65, 0x08, 0x64, 0x08, 0x64, 0x08, 0x64, 0x10, 0x65, 
    0x10, 0x65, 0x08, 0x64, 0x08, 0x64, 0x08, 0x44, 0x08, 0x65, 0x10, 0x66, 0x08, 0x86, 0x08, 0x66, 
    0x08, 0xA9, 0x0A, 0x74, 0x0A, 0x54, 0x00, 0x64, 0x49, 0xCC, 0x51, 0xF0, 0x51, 0xEF, 0x62, 0x50, 
    0x39, 0x49, 0x00, 0x06, 0x00, 0x09, 0x00, 0x05, 0x00, 0x03, 0x00, 0x02, 0x49, 0xEB, 0x8B, 0x1F, 
    0x72, 0x5F, 0x7A, 0x5F, 0xAB, 0x1F, 0x39, 0x08, 0x01, 0xEF, 0x13, 0x8F, 0x01, 0xC6, 0x00, 0x00, 
    0x00, 0x00, 0x00, 0x00, 0x00, 0x00, 0x00, 0x00, 0x00, 0x00, 0x00, 0x00, 0x00, 0x00, 0x00, 0x00, 
    0x00, 0x00, 0x00, 0x00, 0x00, 0x00, 0x00, 0x00, 0x00, 0x00, 0x00, 0x00, 0x00, 0x00, 0x00, 0x00, 
    0x00, 0x00, 0x00, 0x00, 0x00, 0x00, 0x00, 0x00, 0x00, 0x00, 0x00, 0x00, 0x00, 0x00, 0x00, 0x00, 
    0x00, 0x00, 0x00, 0x00, 0x00, 0x00, 0x00, 0x00, 0x00, 0x00, 0x00, 0x00, 0x00, 0x00, 0x00, 0x00, 
    0x00, 0x00, 0x00, 0x00, 0x00, 0x00, 0x00, 0x00, 0x00, 0x00, 0x00, 0x00, 0x00, 0x00, 0x00, 0x00, 
    0x00, 0x00, 0x00, 0x00, 0x00, 0x00, 0x00, 0x00, 0x00, 0x00, 0x00, 0x00, 0x00, 0x00, 0x00, 0x00, 
    0x00, 0x00, 0x00, 0x00, 0x00, 0x00, 0x00, 0x00, 0x00, 0x00, 0x00, 0x00, 0x00, 0x00, 0x00, 0x00, 
    0x00, 0x00, 0x00, 0x00, 0x00, 0x00, 0x00, 0x00, 0x00, 0x00, 0x00, 0x00, 0x00, 0x00, 0x00, 0x00, 
    0x00, 0x00, 0x00, 0x00, 0x00, 0x00, 0x00, 0x00, 0x00, 0x00, 0x00, 0x00, 0x00, 0x00, 0x00, 0x00, 
    0x00, 0x00, 0x00, 0x00, 0x00, 0x00, 0x00, 0x00, 0x00, 0x00, 0x00, 0x00, 0x00, 0x00, 0x00, 0x00, 
    0x00, 0x00, 0x00, 0x00, 0x00, 0x00, 0x00, 0x00, 0x00, 0x00, 0x00, 0x00, 0x00, 0x00, 0x00, 0x00, 
    0x00, 0x00, 0x00, 0x00, 0x00, 0x00, 0x00, 0x00, 0x00, 0x00, 0x00, 0x00, 0x00, 0x00, 0x00, 0x00, 
    0x00, 0x00, 0x00, 0x00, 0x00, 0x00, 0x00, 0x00, 0x00, 0x00, 0x00, 0x00, 0x00, 0x00, 0x00, 0x00, 
    0x00, 0x00, 0x00, 0x00, 0x00, 0x00, 0x00, 0x00, 0x00, 0x00, 0x00, 0x00, 0x00, 0x00, 0x00, 0x00, 
    0x00, 0x00, 0x00, 0x00, 0x00, 0x00, 0x00, 0x00, 0x00, 0x00, 0x00, 0x00, 0x00, 0x00, 0x00, 0x00, 
    0x00, 0x00, 0x00, 0x00, 0x00, 0x00, 0x00, 0x00, 0x00, 0x00, 0x00, 0x00, 0x00, 0x00, 0x00, 0x00, 
    0x00, 0x00, 0x00, 0x00, 0x00, 0x00, 0x00, 0x00, 0x00, 0x00, 0x00, 0x00, 0x00, 0x00, 0x00, 0x00, 
    0x00, 0x00, 0x01, 0x65, 0x02, 0x28, 0x18, 0xE5, 0x5D, 0x97, 0x45, 0xD8, 0x45, 0xD8, 0x4D, 0xD8, 
    0x4D, 0xD8, 0x4D, 0xD8, 0x4D, 0xD8, 0x4D, 0xD8, 0x4D, 0xD8, 0x4D, 0xD8, 0x4D, 0xD8, 0x4D, 0xD8, 
    0x55, 0xD8, 0x4D, 0xD8, 0x4D, 0xB8, 0x4D, 0xB8, 0x4D, 0xB8, 0x4D, 0xB8, 0x4D, 0xB8, 0x4D, 0xB8, 
    0x4D, 0xB8, 0x4D, 0xB8, 0x4D, 0x98, 0x4D, 0x98, 0x4D, 0x98, 0x55, 0xB9, 0x55, 0xB9, 0x55, 0xB8, 
    0x4D, 0x98, 0x4D, 0x98, 0x4D, 0xB9, 0x55, 0x37, 0x29, 0x05, 0x01, 0x07, 0x04, 0x53, 0x03, 0xAE, 
    0x02, 0x48, 0x01, 0x45, 0x01, 0x45, 0x02, 0x07, 0x0B, 0x8D, 0x0C, 0x32, 0x01, 0x05, 0x31, 0x67, 
    0x55, 0x38, 0x45, 0x59, 0x4D, 0x38, 0x4D, 0x58, 0x55, 0x58, 0x55, 0x58, 0x4D, 0x58, 0x55, 0x58, 
    0x55, 0x58, 0x55, 0x59, 0x55, 0x59, 0x55, 0x59, 0x55, 0x59, 0x55, 0x59, 0x55, 0x59, 0x55, 0x59, 
    0x55, 0x59, 0x55, 0x39, 0x55, 0x39, 0x55, 0x39, 0x4D, 0x39, 0x4D, 0x18, 0x4C, 0xF8, 0x4C, 0xF8, 
    0x55, 0x19, 0x55, 0x39, 0x4D, 0x39, 0x65, 0x38, 0x41, 0xC9, 0x00, 0xA5, 0x0C, 0x54, 0x0C, 0x10, 
    0x02, 0x69, 0x01, 0x65, 0x01, 0x24, 0x02, 0x08, 0x0B, 0x8D, 0x0C, 0x73, 0x01, 0xC9, 0x10, 0x61, 
    0x54, 0x35, 0x4C, 0xD9, 0x4C, 0xB9, 0x4C, 0xB9, 0x54, 0xD9, 0x54, 0xD9, 0x54, 0xB9, 0x54, 0xB9, 
    0x4C, 0xB9, 0x4C, 0xB9, 0x4C, 0x99, 0x54, 0x99, 0x54, 0x98, 0x54, 0x98, 0x54, 0x78, 0x54, 0x78, 
    0x4C, 0x78, 0x4C, 0x78, 0x54, 0x78, 0x4C, 0x78, 0x4C, 0x78, 0x4C, 0x78, 0x54, 0x58, 0x54, 0x78, 
    0x54, 0x79, 0x54, 0x79, 0x54, 0x59, 0x54, 0x59, 0x5C, 0x79, 0x5C, 0x79, 0x5C, 0x7A, 0x4A, 0xEF, 
    0x00, 0x64, 0x0C, 0x33, 0x0C, 0x52, 0x14, 0x93, 0x14, 0x97, 0x02, 0x0C, 0x10, 0x41, 0x53, 0x74, 
    0x54, 0x19, 0x5C, 0x39, 0x5C, 0x39, 0x54, 0x19, 0x53, 0xF9, 0x53, 0xF9, 0x5B, 0xF9, 0x5B, 0xF9, 
    0x5B, 0xF9, 0x5B, 0xF9, 0x5B, 0xF9, 0x5B, 0xF9, 0x63, 0xF9, 0x64, 0x19, 0x64, 0x19, 0x64, 0x19, 
    0x64, 0x19, 0x63, 0xF9, 0x64, 0x19, 0x6C, 0x19, 0x6C, 0x19, 0x6B, 0xF9, 0x6B, 0xF9, 0x6B, 0xF9, 
    0x73, 0xF9, 0x6B, 0xD9, 0x63, 0x99, 0x63, 0x99, 0x6B, 0x99, 0x6B, 0x79, 0x73, 0x99, 0x94, 0x5A, 
    0x28, 0xC7, 0x01, 0x70, 0x02, 0x56, 0x01, 0x4F, 0x00, 0x47, 0x00, 0x04, 0x00, 0x03, 0x00, 0x03, 
    0x00, 0x04, 0x00, 0x04, 0x00, 0x02, 0x10, 0x83, 0x4A, 0x0A, 0x7B, 0x36, 0x93, 0x9E, 0x82, 0xDF, 
    0x7A, 0x9F, 0x7A, 0x5F, 0xA3, 0x1E, 0x20, 0xC8, 0x0A, 0x93, 0x13, 0x6E, 0x01, 0x24, 0x00, 0x00, 
    0x00, 0x00, 0x00, 0x00, 0x00, 0x00, 0x00, 0x00, 0x00, 0x00, 0x00, 0x00, 0x00, 0x00, 0x00, 0x00, 
    0x00, 0x00, 0x00, 0x00, 0x00, 0x00, 0x00, 0x00, 0x00, 0x00, 0x00, 0x00, 0x00, 0x00, 0x00, 0x00, 
    0x00, 0x00, 0x00, 0x00, 0x00, 0x00, 0x00, 0x00, 0x00, 0x00, 0x00, 0x00, 0x00, 0x00, 0x00, 0x00, 
    0x00, 0x00, 0x00, 0x00, 0x00, 0x00, 0x00, 0x00, 0x00, 0x00, 0x00, 0x00, 0x00, 0x00, 0x00, 0x00, 
    0x00, 0x00, 0x00, 0x00, 0x00, 0x00, 0x00, 0x00, 0x00, 0x00, 0x00, 0x00, 0x00, 0x00, 0x00, 0x00, 
    0x00, 0x00, 0x00, 0x00, 0x00, 0x00, 0x00, 0x00, 0x00, 0x00, 0x00, 0x00, 0x00, 0x00, 0x00, 0x00, 
    0x00, 0x00, 0x00, 0x00, 0x00, 0x00, 0x00, 0x00, 0x00, 0x00, 0x00, 0x00, 0x00, 0x00, 0x00, 0x00, 
    0x00, 0x00, 0x00, 0x00, 0x00, 0x00, 0x00, 0x00, 0x00, 0x00, 0x00, 0x00, 0x00, 0x00, 0x00, 0x00, 
    0x00, 0x00, 0x00, 0x00, 0x00, 0x00, 0x00, 0x00, 0x00, 0x00, 0x00, 0x00, 0x00, 0x00, 0x00, 0x00, 
    0x00, 0x00, 0x00, 0x00, 0x00, 0x00, 0x00, 0x00, 0x00, 0x00, 0x00, 0x00, 0x00, 0x00, 0x00, 0x00, 
    0x00, 0x00, 0x00, 0x00, 0x00, 0x00, 0x00, 0x00, 0x00, 0x00, 0x00, 0x00, 0x00, 0x00, 0x00, 0x00, 
    0x00, 0x00, 0x00, 0x00, 0x00, 0x00, 0x00, 0x00, 0x00, 0x00, 0x00, 0x00, 0x00, 0x00, 0x00, 0x00, 
    0x00, 0x00, 0x00, 0x00, 0x00, 0x00, 0x00, 0x00, 0x00, 0x00, 0x00, 0x00, 0x00, 0x00, 0x00, 0x00, 
    0x00, 0x00, 0x00, 0x00, 0x00, 0x00, 0x00, 0x00, 0x00, 0x00, 0x00, 0x00, 0x00, 0x00, 0x00, 0x00, 
    0x00, 0x00, 0x00, 0x00, 0x00, 0x00, 0x00, 0x00, 0x00, 0x00, 0x00, 0x00, 0x00, 0x00, 0x00, 0x00, 
    0x00, 0x00, 0x00, 0x00, 0x00, 0x00, 0x00, 0x00, 0x00, 0x00, 0x00, 0x00, 0x00, 0x00, 0x00, 0x00, 
    0x00, 0x00, 0x00, 0x00, 0x00, 0x00, 0x00, 0x00, 0x00, 0x00, 0x00, 0x00, 0x00, 0x00, 0x00, 0x00, 
    0x00, 0x00, 0x02, 0x08, 0x02, 0x6A, 0x29, 0x46, 0x3F, 0xBF, 0x0F, 0xFF, 0x17, 0xFF, 0x17, 0xFF, 
    0x17, 0xFF, 0x17, 0xFF, 0x17, 0xFF, 0x17, 0xFF, 0x17, 0xFF, 0x17, 0xFF, 0x17, 0xFF, 0x17, 0xFF, 
    0x17, 0xFF, 0x17, 0xFF, 0x17, 0xFF, 0x17, 0xFF, 0x17, 0xFF, 0x17, 0xFF, 0x17, 0xFF, 0x17, 0xFF, 
    0x17, 0xFF, 0x17, 0xFF, 0x17, 0xFF, 0x0F, 0xFF, 0x17, 0xFF, 0x17, 0xFF, 0x17, 0xFF, 0x0F, 0xFF, 
    0x0F, 0xDF, 0x17, 0xFF, 0x17, 0xFF, 0x0F, 0xBF, 0x56, 0x5C, 0x31, 0x25, 0x00, 0xC6, 0x04, 0x34, 
    0x04, 0x31, 0x03, 0x8D, 0x0B, 0x4C, 0x03, 0xEF, 0x03, 0xD2, 0x00, 0x83, 0x39, 0xA8, 0x5E, 0xBE, 
    0x0F, 0x9F, 0x0F, 0x7F, 0x0F, 0x7F, 0x0F, 0x7F, 0x17, 0x9F, 0x0F, 0x9F, 0x0F, 0x9F, 0x0F, 0x7F, 
    0x0F, 0x7F, 0x0F, 0x7F, 0x0F, 0x7F, 0x0F, 0x5F, 0x0F, 0x5F, 0x0F, 0x5F, 0x17, 0x5F, 0x17, 0x3F, 
    0x17, 0x3F, 0x0F, 0x1F, 0x17, 0x1F, 0x17, 0x1F, 0x17, 0x1F, 0x0E, 0xDF, 0x0E, 0xDF, 0x0E, 0xBF, 
    0x0E, 0xDF, 0x16, 0xDF, 0x1E, 0xFF, 0x16, 0xDF, 0x56, 0x3E, 0x41, 0xC9, 0x00, 0x85, 0x03, 0xF4, 
    0x0C, 0x11, 0x03, 0x8D, 0x03, 0x6D, 0x0B, 0xEF, 0x0C, 0xD5, 0x01, 0xCA, 0x18, 0x62, 0x54, 0xB9, 
    0x25, 0xFF, 0x16, 0x3F, 0x16, 0x1F, 0x16, 0x1F, 0x16, 0x1F, 0x1E, 0x1F, 0x1E, 0x1F, 0x1E, 0x1F, 
    0x1D, 0xFF, 0x25, 0xFF, 0x25, 0xDF, 0x25, 0xDF, 0x25, 0xBF, 0x25, 0xBF, 0x25, 0x9F, 0x25, 0x9F, 
    0x25, 0x9F, 0x25, 0x7F, 0x2D, 0x7F, 0x2D, 0x7F, 0x25, 0x5F, 0x2D, 0x5F, 0x2D, 0x5F, 0x2D, 0x5F, 
    0x35, 0x7F, 0x35, 0x5F, 0x2D, 0x3F, 0x25, 0x3F, 0x2D, 0x3F, 0x35, 0x3F, 0x4D, 0x7F, 0x42, 0x8C, 
    0x00, 0xA8, 0x02, 0xF5, 0x0B, 0x33, 0x0B, 0x97, 0x01, 0xCD, 0x18, 0x62, 0x64, 0x38, 0x34, 0x9F, 
    0x2C, 0x9F, 0x34, 0x9F, 0x2C, 0x9F, 0x2C, 0x9F, 0x2C, 0x9F, 0x34, 0x9F, 0x34, 0x9F, 0x34, 0x9F, 
    0x34, 0x7F, 0x34, 0x7F, 0x3C, 0x7F, 0x3C, 0x7F, 0x3C, 0x7F, 0x44, 0x7F, 0x44, 0x7F, 0x44, 0x7F, 
    0x44, 0x5F, 0x44, 0x5F, 0x4C, 0x5F, 0x4C, 0x5F, 0x54, 0x5F, 0x54, 0x3F, 0x54, 0x3F, 0x54, 0x3F, 
    0x5C, 0x1F, 0x5B, 0xFF, 0x53, 0xDF, 0x53, 0xBF, 0x53, 0xBF, 0x53, 0x9F, 0x5B, 0x9F, 0x84, 0x3A, 
    0x10, 0x85, 0x01, 0xB3, 0x01, 0xD3, 0x01, 0xB3, 0x01, 0x52, 0x00, 0xAD, 0x00, 0x08, 0x00, 0x02, 
    0x00, 0x21, 0x31, 0x69, 0x72, 0xD3, 0x93, 0xBC, 0x8B, 0x7F, 0x7A, 0xDF, 0x7A, 0x9F, 0x82, 0xBF, 
    0x82, 0xBF, 0x92, 0xBF, 0x9B, 0x3A, 0x10, 0x67, 0x0B, 0x14, 0x0B, 0x0B, 0x00, 0x82, 0x00, 0x00, 
    0x00, 0x00, 0x00, 0x00, 0x00, 0x00, 0x00, 0x00, 0x00, 0x00, 0x00, 0x00, 0x00, 0x00, 0x00, 0x00, 
    0x00, 0x00, 0x00, 0x00, 0x00, 0x00, 0x00, 0x00, 0x00, 0x00, 0x00, 0x00, 0x00, 0x00, 0x00, 0x00, 
    0x00, 0x00, 0x00, 0x00, 0x00, 0x00, 0x00, 0x00, 0x00, 0x00, 0x00, 0x00, 0x00, 0x00, 0x00, 0x00, 
    0x00, 0x00, 0x00, 0x00, 0x00, 0x00, 0x00, 0x00, 0x00, 0x00, 0x00, 0x00, 0x00, 0x00, 0x00, 0x00, 
    0x00, 0x00, 0x00, 0x00, 0x00, 0x00, 0x00, 0x00, 0x00, 0x00, 0x00, 0x00, 0x00, 0x00, 0x00, 0x00, 
    0x00, 0x00, 0x00, 0x00, 0x00, 0x00, 0x00, 0x00, 0x00, 0x00, 0x00, 0x00, 0x00, 0x00, 0x00, 0x00, 
    0x00, 0x00, 0x00, 0x00, 0x00, 0x00, 0x00, 0x00, 0x00, 0x00, 0x00, 0x00, 0x00, 0x00, 0x00, 0x00, 
    0x00, 0x00, 0x00, 0x00, 0x00, 0x00, 0x00, 0x00, 0x00, 0x00, 0x00, 0x00, 0x00, 0x00, 0x00, 0x00, 
    0x00, 0x00, 0x00, 0x00, 0x00, 0x00, 0x00, 0x00, 0x00, 0x00, 0x00, 0x00, 0x00, 0x00, 0x00, 0x00, 
    0x00, 0x00, 0x00, 0x00, 0x00, 0x00, 0x00, 0x00, 0x00, 0x00, 0x00, 0x00, 0x00, 0x00, 0x00, 0x00, 
    0x00, 0x00, 0x00, 0x00, 0x00, 0x00, 0x00, 0x00, 0x00, 0x00, 0x00, 0x00, 0x00, 0x00, 0x00, 0x00, 
    0x00, 0x00, 0x00, 0x00, 0x00, 0x00, 0x00, 0x00, 0x00, 0x00, 0x00, 0x00, 0x00, 0x00, 0x00, 0x00, 
    0x00, 0x00, 0x00, 0x00, 0x00, 0x00, 0x00, 0x00, 0x00, 0x00, 0x00, 0x00, 0x00, 0x00, 0x00, 0x00, 
    0x00, 0x00, 0x00, 0x00, 0x00, 0x00, 0x00, 0x00, 0x00, 0x00, 0x00, 0x00, 0x00, 0x00, 0x00, 0x00, 
    0x00, 0x00, 0x00, 0x00, 0x00, 0x00, 0x00, 0x00, 0x00, 0x00, 0x00, 0x00, 0x00, 0x00, 0x00, 0x00, 
    0x00, 0x00, 0x00, 0x00, 0x00, 0x00, 0x00, 0x00, 0x00, 0x00, 0x00, 0x00, 0x00, 0x00, 0x00, 0x00, 
    0x00, 0x00, 0x00, 0x00, 0x00, 0x00, 0x00, 0x00, 0x00, 0x00, 0x00, 0x00, 0x00, 0x00, 0x00, 0x00, 
    0x00, 0x00, 0x02, 0xAA, 0x02, 0xAB, 0x21, 0x06, 0x47, 0x5E, 0x17, 0xFF, 0x1F, 0xFF, 0x1F, 0xFF, 
    0x1F, 0xFF, 0x1F, 0xDF, 0x1F, 0xDF, 0x1F, 0xFF, 0x1F, 0xFF, 0x1F, 0xFF, 0x1F, 0xFF, 0x1F, 0xFF, 
    0x1F, 0xFF, 0x1F, 0xFF, 0x1F, 0xFF, 0x1F, 0xFF, 0x1F, 0xFF, 0x1F, 0xFF, 0x1F, 0xFF, 0x1F, 0xFF, 
    0x1F, 0xFF, 0x1F, 0xFF, 0x17, 0xDF, 0x17, 0xDF, 0x17, 0xDF, 0x17, 0xFF, 0x17, 0xDF, 0x17, 0xDF, 
    0x17, 0xDF, 0x17, 0xDF, 0x17, 0xDF, 0x17, 0xDF, 0x0F, 0x9F, 0x56, 0x9D, 0x39, 0x66, 0x00, 0x86, 
    0x03, 0x74, 0x03, 0xF3, 0x04, 0x33, 0x03, 0xD4, 0x00, 0x43, 0x39, 0xC8, 0x4E, 0x9E, 0x17, 0x7F, 
    0x1F, 0xDF, 0x17, 0xBF, 0x17, 0x9F, 0x17, 0xBF, 0x17, 0xBF, 0x17, 0xBF, 0x17, 0xBF, 0x17, 0x9F, 
    0x17, 0x9F, 0x17, 0x9F, 0x17, 0x7F, 0x17, 0x7F, 0x17, 0x7F, 0x17, 0x5F, 0x17, 0x5F, 0x17, 0x5F, 
    0x17, 0x3F, 0x17, 0x1F, 0x17, 0x1F, 0x17, 0x1F, 0x17, 0x1F, 0x16, 0xFF, 0x16, 0xDF, 0x16, 0xDF, 
    0x16, 0xDF, 0x1E, 0xDF, 0x1E, 0xFF, 0x1F, 0x1F, 0x16, 0xDF, 0x56, 0x5E, 0x41, 0xE8, 0x00, 0x23, 
    0x02, 0xF3, 0x03, 0xB4, 0x03, 0xF3, 0x0C, 0x35, 0x01, 0x8A, 0x20, 0xA3, 0x5D, 0x1A, 0x15, 0xDF, 
    0x1E, 0x5F, 0x1E, 0x5F, 0x16, 0x3F, 0x1E, 0x3F, 0x1E, 0x1F, 0x1E, 0x1F, 0x1D, 0xFF, 0x1D, 0xFF, 
    0x1D, 0xFF, 0x25, 0xFF, 0x25, 0xDF, 0x25, 0xDF, 0x25, 0xBF, 0x25, 0xBF, 0x25, 0xBF, 0x25, 0x9F, 
    0x25, 0x9F, 0x25, 0x7F, 0x2D, 0x7F, 0x2D, 0x7F, 0x25, 0x5F, 0x25, 0x3F, 0x2D, 0x3F, 0x2D, 0x3F, 
    0x35, 0x5F, 0x35, 0x5F, 0x2D, 0x3F, 0x25, 0x3F, 0x24, 0xFF, 0x2D, 0x1F, 0x65, 0x9E, 0x29, 0x26, 
    0x01, 0x0F, 0x02, 0x15, 0x02, 0x55, 0x00, 0xEA, 0x18, 0x82, 0x6C, 0x99, 0x3C, 0xBF, 0x34, 0xDF, 
    0x2C, 0xDF, 0x2C, 0xBF, 0x2C, 0x9F, 0x2C, 0x9F, 0x34, 0x9F, 0x34, 0x9F, 0x34, 0x9F, 0x34, 0x9F, 
    0x34, 0x7F, 0x34, 0x7F, 0x34, 0x7F, 0x34, 0x5F, 0x34, 0x5F, 0x3C, 0x5F, 0x3C, 0x5F, 0x3C, 0x5F, 
    0x3C, 0x3F, 0x44, 0x3F, 0x44, 0x1F, 0x44, 0x1F, 0x44, 0x1F, 0x4C, 0x1F, 0x4B, 0xFF, 0x4B, 0xFF, 
    0x4B, 0xDF, 0x4B, 0xDF, 0x4B, 0xBF, 0x4B, 0x9F, 0x4B, 0x9F, 0x4B, 0x7F, 0x63, 0xBF, 0x5A, 0xAF, 
    0x00, 0x28, 0x01, 0x94, 0x01, 0x72, 0x01, 0x72, 0x00, 0x8B, 0x00, 0x03, 0x18, 0xC4, 0x4A, 0x0D, 
    0x73, 0x18, 0x93, 0x9F, 0x8B, 0x7F, 0x7A, 0xFF, 0x72, 0x9F, 0x6A, 0x9F, 0x6A, 0x7F, 0x72, 0x7F, 
    0x8A, 0xDF, 0xAB, 0x9D, 0x30, 0xE6, 0x00, 0xCA, 0x13, 0x73, 0x0A, 0x89, 0x00, 0x00, 0x00, 0x00, 
    0x00, 0x00, 0x00, 0x00, 0x00, 0x00, 0x00, 0x00, 0x00, 0x00, 0x00, 0x00, 0x00, 0x00, 0x00, 0x00, 
    0x00, 0x00, 0x00, 0x00, 0x00, 0x00, 0x00, 0x00, 0x00, 0x00, 0x00, 0x00, 0x00, 0x00, 0x00, 0x00, 
    0x00, 0x00, 0x00, 0x00, 0x00, 0x00, 0x00, 0x00, 0x00, 0x00, 0x00, 0x00, 0x00, 0x00, 0x00, 0x00, 
    0x00, 0x00, 0x00, 0x00, 0x00, 0x00, 0x00, 0x00, 0x00, 0x00, 0x00, 0x00, 0x00, 0x00, 0x00, 0x00, 
    0x00, 0x00, 0x00, 0x00, 0x00, 0x00, 0x00, 0x00, 0x00, 0x00, 0x00, 0x00, 0x00, 0x00, 0x00, 0x00, 
    0x00, 0x00, 0x00, 0x00, 0x00, 0x00, 0x00, 0x00, 0x00, 0x00, 0x00, 0x00, 0x00, 0x00, 0x00, 0x00, 
    0x00, 0x00, 0x00, 0x00, 0x00, 0x00, 0x00, 0x00, 0x00, 0x00, 0x00, 0x00, 0x00, 0x00, 0x00, 0x00, 
    0x00, 0x00, 0x00, 0x00, 0x00, 0x00, 0x00, 0x00, 0x00, 0x00, 0x00, 0x00, 0x00, 0x00, 0x00, 0x00, 
    0x00, 0x00, 0x00, 0x00, 0x00, 0x00, 0x00, 0x00, 0x00, 0x00, 0x00, 0x00, 0x00, 0x00, 0x00, 0x00, 
    0x00, 0x00, 0x00, 0x00, 0x00, 0x00, 0x00, 0x00, 0x00, 0x00, 0x00, 0x00, 0x00, 0x00, 0x00, 0x00, 
    0x00, 0x00, 0x00, 0x00, 0x00, 0x00, 0x00, 0x00, 0x00, 0x00, 0x00, 0x00, 0x00, 0x00, 0x00, 0x00, 
    0x00, 0x00, 0x00, 0x00, 0x00, 0x00, 0x00, 0x00, 0x00, 0x00, 0x00, 0x00, 0x00, 0x00, 0x00, 0x00, 
    0x00, 0x00, 0x00, 0x00, 0x00, 0x00, 0x00, 0x00, 0x00, 0x00, 0x00, 0x00, 0x00, 0x00, 0x00, 0x00, 
    0x00, 0x00, 0x00, 0x00, 0x00, 0x00, 0x00, 0x00, 0x00, 0x00, 0x00, 0x00, 0x00, 0x00, 0x00, 0x00, 
    0x00, 0x00, 0x00, 0x00, 0x00, 0x00, 0x00, 0x00, 0x00, 0x00, 0x00, 0x00, 0x00, 0x00, 0x00, 0x00, 
    0x00, 0x00, 0x00, 0x00, 0x00, 0x00, 0x00, 0x00, 0x00, 0x00, 0x00, 0x00, 0x00, 0x00, 0x00, 0x00, 
    0x00, 0x00, 0x00, 0x00, 0x00, 0x00, 0x00, 0x00, 0x00, 0x00, 0x00, 0x00, 0x00, 0x00, 0x00, 0x00, 
    0x00, 0x00, 0x03, 0x0B, 0x03, 0x0D, 0x21, 0x06, 0x3F, 0x3E, 0x0F, 0xFF, 0x17, 0xDF, 0x17, 0xDF, 
    0x17, 0xDF, 0x17, 0xDF, 0x17, 0xDF, 0x17, 0xDF, 0x17, 0xDF, 0x17, 0xDF, 0x17, 0xDF, 0x17, 0xDF, 
    0x17, 0xFF, 0x17, 0xDF, 0x17, 0xDF, 0x17, 0xDF, 0x17, 0xDF, 0x17, 0xDF, 0x17, 0xDF, 0x17, 0xDF, 
    0x17, 0xDF, 0x17, 0xDF, 0x17, 0xDF, 0x17, 0xDF, 0x17, 0xDF, 0x17, 0xDF, 0x17, 0xDF, 0x17, 0xDF, 
    0x0F, 0xDF, 0x17, 0xDF, 0x0F, 0xBF, 0x0F, 0xBF, 0x17, 0xFF, 0x17, 0xDF, 0x5E, 0xFD, 0x31, 0xA7, 
    0x00, 0x66, 0x02, 0xB3, 0x02, 0xB3, 0x00, 0x64, 0x42, 0x2A, 0x46, 0xDF, 0x0F, 0x9F, 0x1F, 0xDF, 
    0x17, 0xBF, 0x17, 0x9F, 0x17, 0x7F, 0x17, 0x7F, 0x17, 0x7F, 0x17, 0x7F, 0x17, 0x7F, 0x17, 0x7F, 
    0x17, 0x5F, 0x17, 0x5F, 0x17, 0x5F, 0x17, 0x3F, 0x17, 0x1F, 0x17, 0x1F, 0x17, 0x1F, 0x17, 0x1F, 
    0x16, 0xFF, 0x16, 0xDF, 0x16, 0xDF, 0x16, 0xDF, 0x16, 0xBF, 0x16, 0xBF, 0x0E, 0x9F, 0x16, 0x9F, 
    0x16, 0x9F, 0x16, 0x9F, 0x16, 0x9F, 0x1E, 0xBF, 0x27, 0x1F, 0x16, 0xFF, 0x46, 0x3E, 0x3A, 0x09, 
    0x00, 0x24, 0x02, 0x34, 0x02, 0xB4, 0x00, 0xEA, 0x20, 0xE5, 0x5D, 0x9B, 0x1E, 0x3F, 0x1E, 0x5F, 
    0x1E, 0x5F, 0x1E, 0x1F, 0x15, 0xFF, 0x15, 0xDF, 0x15, 0xDF, 0x15, 0xBF, 0x15, 0xBF, 0x15, 0x9F, 
    0x15, 0x9F, 0x1D, 0x9F, 0x1D, 0x9F, 0x1D, 0x7F, 0x1D, 0x5F, 0x1D, 0x5F, 0x1D, 0x5F, 0x1D, 0x3F, 
    0x1D, 0x3F, 0x1D, 0x1F, 0x1D, 0x1F, 0x1D, 0x1F, 0x1C, 0xFF, 0x1C, 0xFF, 0x1C, 0xFF, 0x1C, 0xDF, 
    0x24, 0xFF, 0x24, 0xFF, 0x1C, 0xFF, 0x1C, 0xDF, 0x1C, 0xBF, 0x24, 0xDF, 0x5C, 0x78, 0x08, 0x24, 
    0x01, 0x53, 0x01, 0xD5, 0x00, 0xAA, 0x18, 0x82, 0x5C, 0x7A, 0x34, 0xFF, 0x34, 0xFF, 0x2C, 0xDF, 
    0x24, 0x9F, 0x24, 0x7F, 0x24, 0x7F, 0x2C, 0x7F, 0x2C, 0x5F, 0x24, 0x5F, 0x2C, 0x3F, 0x2C, 0x3F, 
    0x2C, 0x3F, 0x2C, 0x3F, 0x2C, 0x3F, 0x2C, 0x3F, 0x2C, 0x1F, 0x2C, 0x1F, 0x34, 0x1F, 0x34, 0x1F, 
    0x33, 0xFF, 0x33, 0xDF, 0x33, 0xDF, 0x3B, 0xDF, 0x3B, 0xDF, 0x3B, 0xBF, 0x3B, 0xBF, 0x3B, 0xBF, 
    0x43, 0xBF, 0x43, 0x9F, 0x43, 0x9F, 0x43, 0x7F, 0x43, 0x7F, 0x4B, 0x5F, 0x73, 0xFF, 0x29, 0x26, 
    0x00, 0x8C, 0x01, 0x33, 0x01, 0x53, 0x00, 0x47, 0x21, 0x06, 0x6B, 0x55, 0x83, 0xDD, 0x7B, 0x5F, 
    0x6A, 0x9F, 0x62, 0x9F, 0x6A, 0xFF, 0x72, 0xFF, 0x6A, 0xBF, 0x6A, 0x9F, 0x82, 0xDF, 0x8A, 0xDE, 
    0x7A, 0xB5, 0x31, 0x07, 0x00, 0x27, 0x0A, 0x52, 0x0B, 0x6E, 0x01, 0xC6, 0x00, 0x00, 0x00, 0x00, 
    0x00, 0x00, 0x00, 0x00, 0x00, 0x00, 0x00, 0x00, 0x00, 0x00, 0x00, 0x00, 0x00, 0x00, 0x00, 0x00, 
    0x00, 0x00, 0x00, 0x00, 0x00, 0x00, 0x00, 0x00, 0x00, 0x00, 0x00, 0x00, 0x00, 0x00, 0x00, 0x00, 
    0x00, 0x00, 0x00, 0x00, 0x00, 0x00, 0x00, 0x00, 0x00, 0x00, 0x00, 0x00, 0x00, 0x00, 0x00, 0x00, 
    0x00, 0x00, 0x00, 0x00, 0x00, 0x00, 0x00, 0x00, 0x00, 0x00, 0x00, 0x00, 0x00, 0x00, 0x00, 0x00, 
    0x00, 0x00, 0x00, 0x00, 0x00, 0x00, 0x00, 0x00, 0x00, 0x00, 0x00, 0x00, 0x00, 0x00, 0x00, 0x00, 
    0x00, 0x00, 0x00, 0x00, 0x00, 0x00, 0x00, 0x00, 0x00, 0x00, 0x00, 0x00, 0x00, 0x00, 0x00, 0x00, 
    0x00, 0x00, 0x00, 0x00, 0x00, 0x00, 0x00, 0x00, 0x00, 0x00, 0x00, 0x00, 0x00, 0x00, 0x00, 0x00, 
    0x00, 0x00, 0x00, 0x00, 0x00, 0x00, 0x00, 0x00, 0x00, 0x00, 0x00, 0x00, 0x00, 0x00, 0x00, 0x00, 
    0x00, 0x00, 0x00, 0x00, 0x00, 0x00, 0x00, 0x00, 0x00, 0x00, 0x00, 0x00, 0x00, 0x00, 0x00, 0x00, 
    0x00, 0x00, 0x00, 0x00, 0x00, 0x00, 0x00, 0x00, 0x00, 0x00, 0x00, 0x00, 0x00, 0x00, 0x00, 0x00, 
    0x00, 0x00, 0x00, 0x00, 0x00, 0x00, 0x00, 0x00, 0x00, 0x00, 0x00, 0x00, 0x00, 0x00, 0x00, 0x00, 
    0x00, 0x00, 0x00, 0x00, 0x00, 0x00, 0x00, 0x00, 0x00, 0x00, 0x00, 0x00, 0x00, 0x00, 0x00, 0x00, 
    0x00, 0x00, 0x00, 0x00, 0x00, 0x00, 0x00, 0x00, 0x00, 0x00, 0x00, 0x00, 0x00, 0x00, 0x00, 0x00, 
    0x00, 0x00, 0x00, 0x00, 0x00, 0x00, 0x00, 0x00, 0x00, 0x00, 0x00, 0x00, 0x00, 0x00, 0x00, 0x00, 
    0x00, 0x00, 0x00, 0x00, 0x00, 0x00, 0x00, 0x00, 0x00, 0x00, 0x00, 0x00, 0x00, 0x00, 0x00, 0x00, 
    0x00, 0x00, 0x00, 0x00, 0x00, 0x00, 0x00, 0x00, 0x00, 0x00, 0x00, 0x00, 0x00, 0x00, 0x00, 0x00, 
    0x00, 0x00, 0x00, 0x00, 0x00, 0x00, 0x00, 0x00, 0x00, 0x00, 0x00, 0x00, 0x00, 0x00, 0x00, 0x00, 
    0x00, 0x61, 0x03, 0x0C, 0x03, 0x0D, 0x21, 0x06, 0x3F, 0x5E, 0x0F, 0xFF, 0x1F, 0xDF, 0x17, 0xDF, 
    0x17, 0xDF, 0x17, 0xDF, 0x17, 0xDF, 0x17, 0xDF, 0x17, 0xDF, 0x17, 0xDF, 0x17, 0xDF, 0x17, 0xDF, 
    0x17, 0xFF, 0x17, 0xDF, 0x17, 0xDF, 0x17, 0xDF, 0x17, 0xDF, 0x17, 0xFF, 0x17, 0xDF, 0x17, 0xDF, 
    0x17, 0xDF, 0x17, 0xDF, 0x17, 0xDF, 0x17, 0xDF, 0x17, 0xDF, 0x17, 0xDF, 0x17, 0xDF, 0x17, 0xDF, 
    0x17, 0xDF, 0x17, 0xDF, 0x0F, 0xBF, 0x0F, 0xBF, 0x17, 0xDF, 0x1F, 0xFF, 0x17, 0xFF, 0x57, 0x1E, 
    0x21, 0x24, 0x00, 0xED, 0x00, 0x89, 0x31, 0xC7, 0x4F, 0x3F, 0x07, 0x9F, 0x17, 0xDF, 0x17, 0x9F, 
    0x17, 0x9F, 0x17, 0x9F, 0x17, 0x7F, 0x17, 0x7F, 0x17, 0x7F, 0x17, 0x7F, 0x17, 0x7F, 0x17, 0x5F, 
    0x17, 0x5F, 0x17, 0x5F, 0x17, 0x3F, 0x17, 0x3F, 0x17, 0x1F, 0x17, 0x1F, 0x17, 0x1F, 0x16, 0xFF, 
    0x16, 0xFF, 0x16, 0xFF, 0x16, 0xDF, 0x16, 0xBF, 0x16, 0xBF, 0x16, 0xBF, 0x16, 0x9F, 0x16, 0x9F, 
    0x16, 0x9F, 0x16, 0x9F, 0x16, 0x9F, 0x16, 0x9F, 0x1E, 0x9F, 0x1E, 0xDF, 0x16, 0xBF, 0x4E, 0x9F, 
    0x31, 0xA7, 0x00, 0xAB, 0x01, 0x0F, 0x18, 0xC4, 0x4D, 0xBC, 0x1E, 0x9F, 0x26, 0x9F, 0x1E, 0x3F, 
    0x16, 0x1F, 0x1D, 0xFF, 0x1D, 0xFF, 0x1D, 0xDF, 0x1D, 0xBF, 0x1D, 0xBF, 0x1D, 0x9F, 0x15, 0x9F, 
    0x15, 0x9F, 0x1D, 0x9F, 0x1D, 0x7F, 0x1D, 0x7F, 0x1D, 0x7F, 0x1D, 0x5F, 0x1D, 0x5F, 0x1D, 0x3F, 
    0x1D, 0x3F, 0x1D, 0x1F, 0x1D, 0x1F, 0x25, 0x1F, 0x25, 0x1F, 0x25, 0x1F, 0x24, 0xFF, 0x24, 0xDF, 
    0x24, 0xDF, 0x1C, 0xDF, 0x1C, 0xDF, 0x1C, 0xDF, 0x1C, 0xBF, 0x35, 0x3F, 0x42, 0xEE, 0x00, 0x05, 
    0x01, 0x55, 0x01, 0x31, 0x10, 0x63, 0x4C, 0x39, 0x2C, 0xDF, 0x2D, 0x1F, 0x2C, 0xDF, 0x24, 0x9F, 
    0x24, 0x9F, 0x24, 0x9F, 0x2C, 0x9F, 0x2C, 0x7F, 0x2C, 0x7F, 0x24, 0x5F, 0x24, 0x3F, 0x24, 0x3F, 
    0x2C, 0x3F, 0x2C, 0x3F, 0x2C, 0x3F, 0x2C, 0x3F, 0x2C, 0x1F, 0x2C, 0x1F, 0x2B, 0xFF, 0x33, 0xFF, 
    0x33, 0xFF, 0x33, 0xDF, 0x33, 0xDF, 0x3B, 0xBF, 0x3B, 0xBF, 0x3B, 0xBF, 0x43, 0xBF, 0x43, 0xBF, 
    0x43, 0xBF, 0x43, 0x9F, 0x43, 0x9F, 0x43, 0x7F, 0x43, 0x7F, 0x63, 0xBF, 0x7B, 0xF9, 0x00, 0x22, 
    0x00, 0xAF, 0x00, 0xF1, 0x00, 0x69, 0x31, 0x46, 0x7C, 0x1D, 0x7B, 0xFF, 0x73, 0x9F, 0x6B, 0x3F, 
    0x5A, 0xFF, 0x52, 0x9F, 0x52, 0x7F, 0x6A, 0xDF, 0x8B, 0x7F, 0x8B, 0x1A, 0x61, 0xEF, 0x20, 0xC5, 
    0x00, 0x02, 0x00, 0x4A, 0x01, 0xB3, 0x03, 0x30, 0x03, 0x2B, 0x01, 0x04, 0x00, 0x00, 0x00, 0x00, 
    0x00, 0x00, 0x00, 0x00, 0x00, 0x00, 0x00, 0x00, 0x00, 0x00, 0x00, 0x00, 0x00, 0x00, 0x00, 0x00, 
    0x00, 0x00, 0x00, 0x00, 0x00, 0x00, 0x00, 0x00, 0x00, 0x00, 0x00, 0x00, 0x00, 0x00, 0x00, 0x00, 
    0x00, 0x00, 0x00, 0x00, 0x00, 0x00, 0x00, 0x00, 0x00, 0x00, 0x00, 0x00, 0x00, 0x00, 0x00, 0x00, 
    0x00, 0x00, 0x00, 0x00, 0x00, 0x00, 0x00, 0x00, 0x00, 0x00, 0x00, 0x00, 0x00, 0x00, 0x00, 0x00, 
    0x00, 0x00, 0x00, 0x00, 0x00, 0x00, 0x00, 0x00, 0x00, 0x00, 0x00, 0x00, 0x00, 0x00, 0x00, 0x00, 
    0x00, 0x00, 0x00, 0x00, 0x00, 0x00, 0x00, 0x00, 0x00, 0x00, 0x00, 0x00, 0x00, 0x00, 0x00, 0x00, 
    0x00, 0x00, 0x00, 0x00, 0x00, 0x00, 0x00, 0x00, 0x00, 0x00, 0x00, 0x00, 0x00, 0x00, 0x00, 0x00, 
    0x00, 0x00, 0x00, 0x00, 0x00, 0x00, 0x00, 0x00, 0x00, 0x00, 0x00, 0x00, 0x00, 0x00, 0x00, 0x00, 
    0x00, 0x00, 0x00, 0x00, 0x00, 0x00, 0x00, 0x00, 0x00, 0x00, 0x00, 0x00, 0x00, 0x00, 0x00, 0x00, 
    0x00, 0x00, 0x00, 0x00, 0x00, 0x00, 0x00, 0x00, 0x00, 0x00, 0x00, 0x00, 0x00, 0x00, 0x00, 0x00, 
    0x00, 0x00, 0x00, 0x00, 0x00, 0x00, 0x00, 0x00, 0x00, 0x00, 0x00, 0x00, 0x00, 0x00, 0x00, 0x00, 
    0x00, 0x00, 0x00, 0x00, 0x00, 0x00, 0x00, 0x00, 0x00, 0x00, 0x00, 0x00, 0x00, 0x00, 0x00, 0x00, 
    0x00, 0x00, 0x00, 0x00, 0x00, 0x00, 0x00, 0x00, 0x00, 0x00, 0x00, 0x00, 0x00, 0x00, 0x00, 0x00, 
    0x00, 0x00, 0x00, 0x00, 0x00, 0x00, 0x00, 0x00, 0x00, 0x00, 0x00, 0x00, 0x00, 0x00, 0x00, 0x00, 
    0x00, 0x00, 0x00, 0x00, 0x00, 0x00, 0x00, 0x00, 0x00, 0x00, 0x00, 0x00, 0x00, 0x00, 0x00, 0x00, 
    0x00, 0x00, 0x00, 0x00, 0x00, 0x00, 0x00, 0x00, 0x00, 0x00, 0x00, 0x00, 0x00, 0x00, 0x00, 0x00, 
    0x00, 0x00, 0x00, 0x00, 0x00, 0x00, 0x00, 0x00, 0x00, 0x00, 0x00, 0x00, 0x00, 0x00, 0x00, 0x00, 
    0x00, 0x61, 0x03, 0x2C, 0x02, 0xED, 0x21, 0x06, 0x47, 0x5E, 0x0F, 0xFF, 0x17, 0xDF, 0x17, 0xDF, 
    0x17, 0xDF, 0x17, 0xFF, 0x17, 0xDF, 0x17, 0xDF, 0x17, 0xDF, 0x17, 0xDF, 0x17, 0xDF, 0x17, 0xDF, 
    0x17, 0xDF, 0x17, 0xDF, 0x17, 0xDF, 0x1F, 0xDF, 0x17, 0xDF, 0x17, 0xDF, 0x17, 0xFF, 0x17, 0xDF, 
    0x17, 0xDF, 0x17, 0xDF, 0x17, 0xDF, 0x17, 0xDF, 0x17, 0xDF, 0x17, 0xDF, 0x17, 0xDF, 0x17, 0xDF, 
    0x17, 0xBF, 0x0F, 0xBF, 0x0F, 0xBF, 0x17, 0xDF, 0x17, 0xDF, 0x17, 0xDF, 0x17, 0xFF, 0x3F, 0xFF, 
    0x3A, 0x69, 0x00, 0x28, 0x00, 0x05, 0x43, 0x6E, 0x17, 0xDF, 0x0F, 0xDF, 0x17, 0xBF, 0x17, 0x9F, 
    0x17, 0x9F, 0x17, 0x7F, 0x17, 0x7F, 0x17, 0x7F, 0x17, 0x7F, 0x17, 0x7F, 0x17, 0x5F, 0x17, 0x5F, 
    0x17, 0x5F, 0x17, 0x3F, 0x17, 0x3F, 0x17, 0x1F, 0x17, 0x1F, 0x17, 0x1F, 0x17, 0x1F, 0x16, 0xFF, 
    0x16, 0xFF, 0x16, 0xFF, 0x16, 0xDF, 0x16, 0xBF, 0x16, 0xBF, 0x16, 0x9F, 0x16, 0x9F, 0x16, 0x9F, 
    0x16, 0x9F, 0x16, 0x7F, 0x16, 0x7F, 0x16, 0x7F, 0x16, 0x7F, 0x16, 0x7F, 0x1E, 0xDF, 0x3F, 0x1F, 
    0x42, 0xEC, 0x00, 0x06, 0x00, 0x4A, 0x32, 0x2A, 0x2E, 0x9F, 0x1E, 0x9F, 0x16, 0x3F, 0x16, 0x1F, 
    0x15, 0xFF, 0x1D, 0xFF, 0x1D, 0xDF, 0x1D, 0xBF, 0x1D, 0xBF, 0x1D, 0xBF, 0x15, 0x9F, 0x1D, 0x9F, 
    0x1D, 0x9F, 0x1D, 0x9F, 0x1D, 0x7F, 0x1D, 0x7F, 0x1D, 0x5F, 0x1D, 0x5F, 0x1D, 0x3F, 0x1D, 0x3F, 
    0x1D, 0x3F, 0x1D, 0x1F, 0x1D, 0x1F, 0x1D, 0x1F, 0x25, 0x1F, 0x25, 0x1F, 0x24, 0xFF, 0x1C, 0xFF, 
    0x1C, 0xDF, 0x1C, 0xDF, 0x24, 0xDF, 0x1C, 0xBF, 0x24, 0xDF, 0x4D, 0x5F, 0x29, 0xA7, 0x00, 0x29, 
    0x01, 0x53, 0x00, 0xCE, 0x29, 0x67, 0x45, 0x1F, 0x24, 0xDF, 0x24, 0xDF, 0x24, 0x9F, 0x24, 0x9F, 
    0x24, 0x7F, 0x24, 0x9F, 0x24, 0x7F, 0x2C, 0x7F, 0x24, 0x7F, 0x24, 0x5F, 0x24, 0x3F, 0x24, 0x1F, 
    0x24, 0x1F, 0x2C, 0x1F, 0x2C, 0x1F, 0x2C, 0x1F, 0x2C, 0x1F, 0x2C, 0x1F, 0x2C, 0x1F, 0x33, 0xFF, 
    0x33, 0xDF, 0x33, 0xDF, 0x3B, 0xDF, 0x3B, 0xDF, 0x3B, 0xBF, 0x3B, 0xBF, 0x43, 0xBF, 0x43, 0xBF, 
    0x43, 0x9F, 0x43, 0x9F, 0x43, 0x9F, 0x43, 0x7F, 0x43, 0x5F, 0x73, 0xFF, 0x62, 0xEF, 0x00, 0x06, 
    0x00, 0xD1, 0x00, 0xF0, 0x00, 0x23, 0x6B, 0x35, 0x63, 0x3F, 0x63, 0x5F, 0x63, 0x5F, 0x5B, 0x3F, 
    0x63, 0x3F, 0x73, 0x1F, 0x7A, 0xBD, 0x72, 0x55, 0x41, 0x6A, 0x08, 0x44, 0x00, 0x03, 0x00, 0x06, 
    0x00, 0x6D, 0x01, 0x12, 0x02, 0x33, 0x0B, 0x91, 0x02, 0xEB, 0x00, 0xE3, 0x00, 0x00, 0x00, 0x00, 
    0x00, 0x00, 0x00, 0x00, 0x00, 0x00, 0x00, 0x00, 0x00, 0x00, 0x00, 0x20, 0x00, 0x81, 0x00, 0x81, 
    0x00, 0xA1, 0x00, 0xA1, 0x00, 0xA1, 0x00, 0xA1, 0x00, 0xC2, 0x00, 0xC2, 0x00, 0xA1, 0x00, 0xC2, 
    0x00, 0xE2, 0x00, 0xC2, 0x00, 0x81, 0x00, 0x40, 0x00, 0x00, 0x00, 0x00, 0x00, 0x00, 0x00, 0x00, 
    0x00, 0x00, 0x00, 0x00, 0x00, 0x00, 0x00, 0x00, 0x00, 0x00, 0x00, 0x00, 0x00, 0x00, 0x00, 0x00, 
    0x00, 0x00, 0x00, 0x00, 0x00, 0x00, 0x00, 0x00, 0x00, 0x00, 0x00, 0x00, 0x00, 0x00, 0x00, 0x00, 
    0x00, 0x00, 0x00, 0x00, 0x00, 0x00, 0x00, 0x00, 0x00, 0x00, 0x00, 0x00, 0x00, 0x00, 0x00, 0x00, 
    0x00, 0x00, 0x00, 0x00, 0x00, 0x00, 0x00, 0x00, 0x00, 0x00, 0x00, 0x00, 0x00, 0x00, 0x00, 0x00, 
    0x00, 0x00, 0x00, 0x00, 0x00, 0x00, 0x00, 0x00, 0x00, 0x00, 0x00, 0x00, 0x00, 0x00, 0x00, 0x00, 
    0x00, 0x00, 0x00, 0x00, 0x00, 0x00, 0x00, 0x00, 0x00, 0x00, 0x00, 0x00, 0x00, 0x00, 0x00, 0x00, 
    0x00, 0x00, 0x00, 0x00, 0x00, 0x00, 0x00, 0x00, 0x00, 0x00, 0x00, 0x00, 0x00, 0x00, 0x00, 0x00, 
    0x00, 0x00, 0x00, 0x00, 0x00, 0x00, 0x00, 0x00, 0x00, 0x00, 0x00, 0x00, 0x00, 0x00, 0x00, 0x00, 
    0x00, 0x00, 0x00, 0x00, 0x00, 0x00, 0x00, 0x00, 0x00, 0x00, 0x00, 0x00, 0x00, 0x00, 0x00, 0x00, 
    0x00, 0x00, 0x00, 0x00, 0x00, 0x00, 0x00, 0x00, 0x00, 0x00, 0x00, 0x00, 0x00, 0x00, 0x00, 0x00, 
    0x00, 0x00, 0x00, 0x00, 0x00, 0x00, 0x00, 0x00, 0x00, 0x00, 0x00, 0x00, 0x00, 0x00, 0x00, 0x00, 
    0x00, 0x00, 0x00, 0x00, 0x00, 0x00, 0x00, 0x00, 0x00, 0x00, 0x00, 0x00, 0x00, 0x00, 0x00, 0x00, 
    0x00, 0x00, 0x00, 0x00, 0x00, 0x00, 0x00, 0x00, 0x00, 0x00, 0x00, 0x00, 0x00, 0x00, 0x00, 0x00, 
    0x00, 0x00, 0x00, 0x00, 0x00, 0x00, 0x00, 0x00, 0x00, 0x00, 0x00, 0x00, 0x00, 0x00, 0x00, 0x00, 
    0x00, 0x61, 0x03, 0x2C, 0x02, 0xED, 0x20, 0xE6, 0x3F, 0x5E, 0x0F, 0xFF, 0x17, 0xFF, 0x17, 0xDF, 
    0x17, 0xFF, 0x17, 0xFF, 0x17, 0xDF, 0x17, 0xDF, 0x17, 0xDF, 0x17, 0xDF, 0x1F, 0xFF, 0x17, 0xDF, 
    0x17, 0xDF, 0x17, 0xDF, 0x1F, 0xDF, 0x1F, 0xDF, 0x17, 0xDF, 0x17, 0xDF, 0x17, 0xFF, 0x17, 0xDF, 
    0x17, 0xDF, 0x17, 0xDF, 0x17, 0xDF, 0x17, 0xDF, 0x17, 0xDF, 0x17, 0xDF, 0x17, 0xDF, 0x17, 0xDF, 
    0x17, 0xBF, 0x0F, 0xBF, 0x17, 0xBF, 0x17, 0xDF, 0x17, 0xDF, 0x17, 0xDF, 0x17, 0xFF, 0x3F, 0xFF, 
    0x32, 0x49, 0x00, 0x07, 0x00, 0x04, 0x43, 0x4D, 0x1F, 0xBF, 0x0F, 0xDF, 0x17, 0x9F, 0x17, 0x9F, 
    0x17, 0x7F, 0x17, 0x7F, 0x17, 0x7F, 0x17, 0x7F, 0x17, 0x5F, 0x17, 0x5F, 0x17, 0x5F, 0x17, 0x7F, 
    0x17, 0x5F, 0x17, 0x5F, 0x17, 0x5F, 0x17, 0x3F, 0x17, 0x3F, 0x17, 0x1F, 0x17, 0x1F, 0x1F, 0x1F, 
    0x1F, 0x1F, 0x1F, 0x1F, 0x16, 0xFF, 0x16, 0xDF, 0x1E, 0xDF, 0x1E, 0xBF, 0x1E, 0xBF, 0x16, 0x9F, 
    0x16, 0x7F, 0x16, 0x7F, 0x16, 0x7F, 0x16, 0x7F, 0x16, 0x7F, 0x16, 0x7F, 0x16, 0x9F, 0x3E, 0xFF, 
    0x42, 0xCC, 0x00, 0x06, 0x00, 0x08, 0x32, 0x0A, 0x2E, 0x7F, 0x16, 0x5F, 0x16, 0x1F, 0x16, 0x1F, 
    0x15, 0xFF, 0x15, 0xDF, 0x15, 0xDF, 0x1D, 0xBF, 0x1D, 0xBF, 0x1D, 0xBF, 0x1D, 0xDF, 0x25, 0xDF, 
    0x25, 0xBF, 0x1D, 0xBF, 0x1D, 0x9F, 0x1D, 0x7F, 0x1D, 0x7F, 0x1D, 0x5F, 0x25, 0x5F, 0x25, 0x3F, 
    0x25, 0x3F, 0x25, 0x3F, 0x25, 0x3F, 0x25, 0x1F, 0x25, 0x1F, 0x25, 0x1F, 0x25, 0x1F, 0x24, 0xFF, 
    0x24, 0xDF, 0x24, 0xDF, 0x24, 0xDF, 0x24, 0xDF, 0x35, 0x1F, 0x5C, 0xFC, 0x10, 0xA3, 0x00, 0xAD, 
    0x01, 0x31, 0x00, 0xAD, 0x29, 0x67, 0x45, 0x1F, 0x24, 0xBF, 0x24, 0x9F, 0x24, 0x9F, 0x24, 0x7F, 
    0x24, 0x7F, 0x24, 0x7F, 0x24, 0x7F, 0x24, 0x5F, 0x24, 0x5F, 0x2C, 0x5F, 0x2C, 0x3F, 0x2C, 0x3F, 
    0x2C, 0x1F, 0x2C, 0x1F, 0x2C, 0x1F, 0x2C, 0x1F, 0x34, 0x1F, 0x34, 0x1F, 0x33, 0xFF, 0x33, 0xFF, 
    0x33, 0xDF, 0x3B, 0xDF, 0x3B, 0xDF, 0x3B, 0xDF, 0x3B, 0xDF, 0x43, 0xDF, 0x43, 0xBF, 0x43, 0xBF, 
    0x43, 0x9F, 0x43, 0x9F, 0x4B, 0x9F, 0x43, 0x9F, 0x4B, 0x5F, 0x74, 0x3F, 0x31, 0x66, 0x00, 0x4C, 
    0x00, 0xF1, 0x00, 0xF0, 0x08, 0x64, 0x73, 0x59, 0x52, 0xDF, 0x5A, 0xFF, 0x5B, 0x1F, 0x73, 0x9E, 
    0x83, 0x58, 0x51, 0xCD, 0x10, 0x62, 0x00, 0x00, 0x00, 0x00, 0x00, 0x02, 0x00, 0x05, 0x00, 0x04, 
    0x00, 0x03, 0x00, 0x25, 0x00, 0xEA, 0x0B, 0x72, 0x03, 0x2C, 0x00, 0xE3, 0x00, 0x00, 0x00, 0x00, 
    0x00, 0x00, 0x01, 0x24, 0x0A, 0x28, 0x12, 0xCA, 0x1B, 0x4D, 0x1B, 0x8E, 0x1B, 0x8E, 0x1B, 0x8E, 
    0x1B, 0x8F, 0x1B, 0xAF, 0x1B, 0xAF, 0x1B, 0xAF, 0x1B, 0xAF, 0x1B, 0xCF, 0x1B, 0xAF, 0x1B, 0xAF, 
    0x1B, 0xAF, 0x1B, 0xAF, 0x1B, 0xAE, 0x1B, 0x8E, 0x1B, 0x2C, 0x12, 0x89, 0x01, 0x85, 0x00, 0x00, 
    0x00, 0x00, 0x00, 0x00, 0x00, 0x00, 0x00, 0x00, 0x00, 0x00, 0x00, 0x00, 0x00, 0x00, 0x00, 0x00, 
    0x00, 0x00, 0x00, 0x00, 0x00, 0x00, 0x00, 0x00, 0x00, 0x00, 0x00, 0x00, 0x00, 0x00, 0x00, 0x00, 
    0x00, 0x00, 0x00, 0x00, 0x00, 0x00, 0x00, 0x00, 0x00, 0x00, 0x00, 0x00, 0x00, 0x00, 0x00, 0x00, 
    0x00, 0x00, 0x00, 0x00, 0x00, 0x00, 0x00, 0x00, 0x00, 0x00, 0x00, 0x00, 0x00, 0x00, 0x00, 0x00, 
    0x00, 0x00, 0x00, 0x00, 0x00, 0x00, 0x00, 0x00, 0x00, 0x00, 0x00, 0x00, 0x00, 0x00, 0x00, 0x00, 
    0x00, 0x00, 0x00, 0x00, 0x00, 0x00, 0x00, 0x00, 0x00, 0x00, 0x00, 0x00, 0x00, 0x00, 0x00, 0x00, 
    0x00, 0x00, 0x00, 0x00, 0x00, 0x00, 0x00, 0x00, 0x00, 0x00, 0x00, 0x00, 0x00, 0x00, 0x00, 0x00, 
    0x00, 0x00, 0x00, 0x00, 0x00, 0x00, 0x00, 0x00, 0x00, 0x00, 0x00, 0x00, 0x00, 0x00, 0x00, 0x00, 
    0x00, 0x00, 0x00, 0x00, 0x00, 0x00, 0x00, 0x00, 0x00, 0x00, 0x00, 0x00, 0x00, 0x00, 0x00, 0x00, 
    0x00, 0x00, 0x00, 0x00, 0x00, 0x00, 0x00, 0x00, 0x00, 0x00, 0x00, 0x00, 0x00, 0x00, 0x00, 0x00, 
    0x00, 0x00, 0x00, 0x00, 0x00, 0x00, 0x00, 0x00, 0x00, 0x00, 0x00, 0x00, 0x00, 0x00, 0x00, 0x00, 
    0x00, 0x00, 0x00, 0x00, 0x00, 0x00, 0x00, 0x00, 0x00, 0x00, 0x00, 0x00, 0x00, 0x00, 0x00, 0x00, 
    0x00, 0x00, 0x00, 0x00, 0x00, 0x00, 0x00, 0x00, 0x00, 0x00, 0x00, 0x00, 0x00, 0x00, 0x00, 0x00, 
    0x00, 0x00, 0x00, 0x00, 0x00, 0x00, 0x00, 0x00, 0x00, 0x00, 0x00, 0x00, 0x00, 0x00, 0x00, 0x00, 
    0x00, 0x41, 0x03, 0x2C, 0x02, 0xED, 0x20, 0xE5, 0x3F, 0x5E, 0x0F, 0xFF, 0x17, 0xDF, 0x17, 0xDF, 
    0x17, 0xFF, 0x17, 0xFF, 0x17, 0xDF, 0x17, 0xDF, 0x0F, 0xDF, 0x0F, 0xFF, 0x17, 0xFF, 0x0F, 0xFF, 
    0x0F, 0xDF, 0x0F, 0xDF, 0x0F, 0xFF, 0x0F, 0xFF, 0x0F, 0xFF, 0x0F, 0xFF, 0x0F, 0xFF, 0x0F, 0xFF, 
    0x0F, 0xFF, 0x0F, 0xFF, 0x0F, 0xFF, 0x0F, 0xFF, 0x0F, 0xFF, 0x0F, 0xFF, 0x0F, 0xDF, 0x0F, 0xBF, 
    0x0F, 0xBF, 0x0F, 0xBF, 0x17, 0xBF, 0x17, 0xBF, 0x17, 0xBF, 0x17, 0xBF, 0x17, 0xFF, 0x2F, 0xDF, 
    0x32, 0x49, 0x00, 0x06, 0x00, 0x05, 0x43, 0x4E, 0x1F, 0xDF, 0x0F, 0xDF, 0x17, 0x9F, 0x17, 0x7F, 
    0x17, 0x7F, 0x17, 0x7F, 0x17, 0x7F, 0x17, 0x7F, 0x17, 0x5F, 0x0F, 0x3F, 0x0F, 0x1F, 0x07, 0x1F, 
    0x06, 0xFF, 0x0E, 0xFF, 0x0E, 0xDF, 0x06, 0xBF, 0x06, 0xBF, 0x06, 0xBF, 0x06, 0xBF, 0x0E, 0x9F, 
    0x0E, 0x9F, 0x0E, 0x9F, 0x0E, 0x7F, 0x06, 0x7F, 0x0E, 0x5F, 0x16, 0x7F, 0x16, 0x7F, 0x16, 0x9F, 
    0x16, 0x9F, 0x16, 0x7F, 0x16, 0x7F, 0x16, 0x7F, 0x16, 0x7F, 0x16, 0x7F, 0x16, 0x9F, 0x36, 0xFF, 
    0x3A, 0xAC, 0x00, 0x06, 0x00, 0x08, 0x3A, 0x2A, 0x2E, 0x5F, 0x16, 0x3F, 0x15, 0xFF, 0x1D, 0xFF, 
    0x1D, 0xFF, 0x15, 0xDF, 0x15, 0xBF, 0x15, 0xBF, 0x1D, 0x9F, 0x15, 0x5F, 0x15, 0x3F, 0x15, 0x3F, 
    0x15, 0x3F, 0x15, 0x1F, 0x0D, 0x1F, 0x0C, 0xFF, 0x0C, 0xDF, 0x0C, 0xBF, 0x0C, 0xBF, 0x14, 0xBF, 
    0x14, 0xBF, 0x14, 0xBF, 0x14, 0x9F, 0x14, 0x9F, 0x14, 0x9F, 0x14, 0x9F, 0x14, 0x9F, 0x14, 0x7F, 
    0x0C, 0x5F, 0x0C, 0x3F, 0x14, 0x5F, 0x1C, 0x5F, 0x3D, 0x1F, 0x5B, 0xF4, 0x00, 0x04, 0x01, 0x11, 
    0x01, 0x31, 0x00, 0xAC, 0x21, 0x46, 0x4D, 0x1F, 0x24, 0xBF, 0x24, 0x9F, 0x24, 0x7F, 0x24, 0x7F, 
    0x24, 0x7F, 0x24, 0x5F, 0x24, 0x5F, 0x24, 0x3F, 0x24, 0x1F, 0x24, 0x1F, 0x23, 0xFF, 0x1B, 0xDF, 
    0x1B, 0xBF, 0x1B, 0xBF, 0x1B, 0xBF, 0x1B, 0xBF, 0x23, 0xBF, 0x23, 0x9F, 0x23, 0x9F, 0x2B, 0x9F, 
    0x2B, 0x9F, 0x2B, 0x9F, 0x2B, 0x7F, 0x2B, 0x7F, 0x2B, 0x7F, 0x2B, 0x5F, 0x33, 0x5F, 0x33, 0x5F, 
    0x33, 0x3F, 0x33, 0x3F, 0x3B, 0x3F, 0x3B, 0x5F, 0x4B, 0x7F, 0x73, 0xD9, 0x08, 0x42, 0x00, 0xCF, 
    0x01, 0x11, 0x00, 0xD0, 0x18, 0xC6, 0x83, 0xDC, 0x52, 0xDF, 0x5A, 0xFF, 0x52, 0xDF, 0x83, 0x9D, 
    0x83, 0x36, 0x6A, 0xD2, 0x6A, 0xB3, 0x6A, 0x94, 0x6A, 0x55, 0x72, 0x75, 0x7A, 0x94, 0x7A, 0xB4, 
    0x7A, 0x74, 0x82, 0xB4, 0x20, 0x85, 0x02, 0x6F, 0x0B, 0xAF, 0x01, 0xA6, 0x00, 0x82, 0x00, 0xC3, 
    0x0A, 0xCA, 0x13, 0x8E, 0x13, 0xD0, 0x1B, 0xD2, 0x23, 0xB5, 0x23, 0x95, 0x23, 0x55, 0x23, 0x35, 
    0x23, 0x35, 0x23, 0x56, 0x23, 0x56, 0x23, 0x56, 0x23, 0x56, 0x23, 0x56, 0x23, 0x56, 0x23, 0x35, 
    0x23, 0x15, 0x23, 0x15, 0x23, 0x55, 0x23, 0x96, 0x23, 0xB5, 0x23, 0xD3, 0x24, 0x12, 0x1B, 0x6D, 
    0x01, 0x64, 0x00, 0x00, 0x00, 0x00, 0x00, 0x00, 0x00, 0x00, 0x00, 0x00, 0x00, 0x00, 0x00, 0x00, 
    0x00, 0x00, 0x00, 0x00, 0x00, 0x00, 0x00, 0x00, 0x00, 0x00, 0x00, 0x00, 0x00, 0x00, 0x00, 0x00, 
    0x00, 0x00, 0x00, 0x00, 0x00, 0x00, 0x00, 0x00, 0x00, 0x00, 0x00, 0x00, 0x00, 0x00, 0x00, 0x00, 
    0x00, 0x00, 0x00, 0x00, 0x00, 0x00, 0x00, 0x00, 0x00, 0x00, 0x00, 0x00, 0x00, 0x00, 0x00, 0x00, 
    0x00, 0x00, 0x00, 0x00, 0x00, 0x00, 0x00, 0x00, 0x00, 0x00, 0x00, 0x00, 0x00, 0x00, 0x00, 0x00, 
    0x00, 0x00, 0x00, 0x00, 0x00, 0x00, 0x00, 0x00, 0x00, 0x00, 0x00, 0x00, 0x00, 0x00, 0x00, 0x00, 
    0x00, 0x00, 0x00, 0x00, 0x00, 0x00, 0x00, 0x00, 0x00, 0x00, 0x00, 0x00, 0x00, 0x00, 0x00, 0x00, 
    0x00, 0x00, 0x00, 0x00, 0x00, 0x00, 0x00, 0x00, 0x00, 0x00, 0x00, 0x00, 0x00, 0x00, 0x00, 0x00, 
    0x00, 0x00, 0x00, 0x00, 0x00, 0x00, 0x00, 0x00, 0x00, 0x00, 0x00, 0x00, 0x00, 0x00, 0x00, 0x00, 
    0x00, 0x00, 0x00, 0x00, 0x00, 0x00, 0x00, 0x00, 0x00, 0x00, 0x00, 0x00, 0x00, 0x00, 0x00, 0x00, 
    0x00, 0x00, 0x00, 0x00, 0x00, 0x00, 0x00, 0x00, 0x00, 0x00, 0x00, 0x00, 0x00, 0x00, 0x00, 0x00, 
    0x00, 0x00, 0x00, 0x00, 0x00, 0x00, 0x00, 0x00, 0x00, 0x00, 0x00, 0x00, 0x00, 0x00, 0x00, 0x00, 
    0x00, 0x00, 0x00, 0x00, 0x00, 0x00, 0x00, 0x00, 0x00, 0x00, 0x00, 0x00, 0x00, 0x00, 0x00, 0x00, 
    0x00, 0x00, 0x00, 0x00, 0x00, 0x00, 0x00, 0x00, 0x00, 0x00, 0x00, 0x00, 0x00, 0x00, 0x00, 0x00, 
    0x00, 0x61, 0x03, 0x2C, 0x03, 0x0D, 0x21, 0x06, 0x3F, 0x5E, 0x0F, 0xFF, 0x17, 0xDF, 0x17, 0xDF, 
    0x17, 0xDF, 0x17, 0xDF, 0x17, 0xDF, 0x17, 0xDF, 0x17, 0xBF, 0x37, 0xBF, 0x37, 0x9F, 0x37, 0x9F, 
    0x37, 0x7E, 0x37, 0x7E, 0x37, 0x7F, 0x37, 0x7F, 0x37, 0x7F, 0x37, 0x7F, 0x37, 0x7F, 0x37, 0x7F, 
    0x37, 0x7E, 0x37, 0x7E, 0x3F, 0x7E, 0x3F, 0x7E, 0x3F, 0x7E, 0x47, 0x7E, 0x37, 0xBF, 0x07, 0xBF, 
    0x0F, 0xBF, 0x0F, 0xBF, 0x17, 0xBF, 0x17, 0xBF, 0x17, 0xBF, 0x17, 0xBF, 0x0F, 0xDF, 0x2F, 0xDF, 
    0x2A, 0x49, 0x00, 0x05, 0x00, 0x04, 0x4B, 0x6E, 0x27, 0xDF, 0x0F, 0xBF, 0x0F, 0x7F, 0x17, 0x7F, 
    0x17, 0x7F, 0x17, 0x7F, 0x17, 0x7F, 0x0F, 0x5F, 0x0F, 0x1F, 0x3E, 0xDF, 0x3E, 0x9E, 0x3E, 0x7E, 
    0x36, 0x5E, 0x36, 0x5E, 0x3E, 0x5E, 0x3E, 0x5E, 0x3E, 0x5E, 0x3E, 0x5E, 0x3E, 0x5E, 0x3E, 0x3E, 
    0x3E, 0x1E, 0x3E, 0x1E, 0x3E, 0x1E, 0x3E, 0x1D, 0x3D, 0xFE, 0x3D, 0xFE, 0x3E, 0x1F, 0x16, 0x1F, 
    0x0E, 0x9F, 0x16, 0xBF, 0x16, 0x7F, 0x16, 0x7F, 0x16, 0x7F, 0x16, 0x5F, 0x16, 0x7F, 0x37, 0x1F, 
    0x3A, 0xCC, 0x00, 0x06, 0x00, 0x08, 0x3A, 0x2B, 0x2E, 0x3F, 0x16, 0x1F, 0x15, 0xFF, 0x1D, 0xFF, 
    0x1D, 0xDF, 0x15, 0xDF, 0x1D, 0xBF, 0x15, 0x9F, 0x15, 0x5F, 0x35, 0x5F, 0x3D, 0x5E, 0x45, 0x5E, 
    0x45, 0x5E, 0x45, 0x5E, 0x3D, 0x5E, 0x3D, 0x3E, 0x3D, 0x1E, 0x3D, 0x1E, 0x3D, 0x1E, 0x3C, 0xFE, 
    0x3D, 0x1E, 0x45, 0x1E, 0x44, 0xFE, 0x3C, 0xFE, 0x44, 0xFE, 0x44, 0xFE, 0x44, 0xDE, 0x44, 0xFE, 
    0x44, 0xFE, 0x44, 0xFE, 0x44, 0xDE, 0x3C, 0xBE, 0x65, 0x7F, 0x4A, 0x8B, 0x00, 0x28, 0x01, 0x93, 
    0x01, 0x72, 0x00, 0xCB, 0x21, 0x46, 0x44, 0xFF, 0x24, 0xBF, 0x24, 0x9F, 0x24, 0x7F, 0x24, 0x7F, 
    0x24, 0x5F, 0x24, 0x5F, 0x24, 0x3F, 0x24, 0x1F, 0x44, 0x9F, 0x54, 0x9E, 0x54, 0x7E, 0x4C, 0x5D, 
    0x54, 0x5E, 0x54, 0x5E, 0x54, 0x5E, 0x54, 0x3D, 0x54, 0x3D, 0x54, 0x3D, 0x5C, 0x3E, 0x5C, 0x3E, 
    0x5C, 0x5E, 0x5C, 0x3E, 0x5C, 0x3E, 0x5C, 0x3E, 0x5C, 0x1E, 0x5C, 0x1E, 0x64, 0x1E, 0x6C, 0x1E, 
    0x64, 0x1D, 0x63, 0xDD, 0x63, 0xFE, 0x6C, 0x1E, 0x7C, 0x7F, 0x52, 0x8E, 0x00, 0x05, 0x01, 0x11, 
    0x01, 0x31, 0x00, 0xCE, 0x29, 0x48, 0x84, 0x1F, 0x5A, 0xFF, 0x5A, 0xDF, 0x5A, 0xDF, 0x62, 0xDF, 
    0x73, 0x3F, 0x7B, 0x5F, 0x83, 0x5F, 0x83, 0x1F, 0x82, 0xDF, 0x82, 0xDF, 0x92, 0xFF, 0x93, 0x1F, 
    0x9B, 0x1F, 0xBB, 0x9F, 0x28, 0xC6, 0x0A, 0x51, 0x0B, 0xD0, 0x02, 0x89, 0x01, 0xA6, 0x0A, 0xEB, 
    0x13, 0x0D, 0x00, 0xC4, 0x08, 0xC5, 0x10, 0xA5, 0x10, 0xA5, 0x08, 0xA5, 0x08, 0x84, 0x08, 0x84, 
    0x08, 0x84, 0x08, 0xA5, 0x10, 0xA6, 0x10, 0xA6, 0x10, 0xA5, 0x08, 0x85, 0x08, 0x85, 0x08, 0x85, 
    0x08, 0x84, 0x08, 0x84, 0x08, 0x85, 0x10, 0xC7, 0x10, 0xC7, 0x10, 0xE6, 0x00, 0xC7, 0x23, 0x72, 
    0x1C, 0x10, 0x09, 0xC6, 0x00, 0x00, 0x00, 0x00, 0x00, 0x00, 0x00, 0x00, 0x00, 0x00, 0x00, 0x00, 
    0x00, 0x00, 0x00, 0x00, 0x00, 0x00, 0x00, 0x00, 0x00, 0x00, 0x00, 0x00, 0x00, 0x00, 0x00, 0x00, 
    0x00, 0x00, 0x00, 0x00, 0x00, 0x00, 0x00, 0x00, 0x00, 0x00, 0x00, 0x00, 0x00, 0x00, 0x00, 0x00, 
    0x00, 0x00, 0x00, 0x00, 0x00, 0x00, 0x00, 0x00, 0x00, 0x00, 0x00, 0x00, 0x00, 0x00, 0x00, 0x00, 
    0x00, 0x00, 0x00, 0x00, 0x00, 0x00, 0x00, 0x00, 0x00, 0x00, 0x00, 0x00, 0x00, 0x00, 0x00, 0x00, 
    0x00, 0x00, 0x00, 0x00, 0x00, 0x00, 0x00, 0x00, 0x00, 0x00, 0x00, 0x00, 0x00, 0x00, 0x00, 0x00, 
    0x00, 0x00, 0x00, 0x00, 0x00, 0x00, 0x00, 0x00, 0x00, 0x00, 0x00, 0x00, 0x00, 0x00, 0x00, 0x00, 
    0x00, 0x00, 0x00, 0x00, 0x00, 0x00, 0x00, 0x00, 0x00, 0x00, 0x00, 0x00, 0x00, 0x00, 0x00, 0x00, 
    0x00, 0x00, 0x00, 0x00, 0x00, 0x00, 0x00, 0x00, 0x00, 0x00, 0x00, 0x00, 0x00, 0x00, 0x00, 0x00, 
    0x00, 0x00, 0x00, 0x00, 0x00, 0x00, 0x00, 0x00, 0x00, 0x00, 0x00, 0x00, 0x00, 0x00, 0x00, 0x00, 
    0x00, 0x00, 0x00, 0x00, 0x00, 0x00, 0x00, 0x00, 0x00, 0x00, 0x00, 0x00, 0x00, 0x00, 0x00, 0x00, 
    0x00, 0x00, 0x00, 0x00, 0x00, 0x00, 0x00, 0x00, 0x00, 0x00, 0x00, 0x00, 0x00, 0x00, 0x00, 0x00, 
    0x00, 0x00, 0x00, 0x00, 0x00, 0x00, 0x00, 0x00, 0x00, 0x00, 0x00, 0x00, 0x00, 0x00, 0x00, 0x00, 
    0x00, 0x00, 0x00, 0x00, 0x00, 0x00, 0x00, 0x00, 0x00, 0x00, 0x00, 0x00, 0x00, 0x00, 0x00, 0x00, 
    0x00, 0x61, 0x03, 0x2C, 0x03, 0x0D, 0x21, 0x06, 0x47, 0x5E, 0x0F, 0xFF, 0x17, 0xDF, 0x17, 0xDF, 
    0x17, 0xDF, 0x17, 0xDF, 0x17, 0xDF, 0x17, 0xFF, 0x47, 0x3D, 0x39, 0xE9, 0x21, 0x27, 0x21, 0x48, 
    0x21, 0x48, 0x21, 0x28, 0x21, 0x28, 0x21, 0x28, 0x21, 0x28, 0x21, 0x28, 0x21, 0x28, 0x21, 0x28, 
    0x21, 0x08, 0x21, 0x28, 0x21, 0x28, 0x21, 0x48, 0x21, 0x48, 0x21, 0x26, 0x4A, 0xAD, 0x3F, 0x5E, 
    0x07, 0xDF, 0x17, 0xDF, 0x17, 0xBF, 0x17, 0xBF, 0x17, 0xBF, 0x0F, 0xBF, 0x0F, 0xDF, 0x2F, 0xDF, 
    0x32, 0x4A, 0x00, 0x04, 0x00, 0x04, 0x4B, 0x6F, 0x27, 0xFF, 0x0F, 0xBF, 0x0F, 0x7F, 0x0F, 0x7F, 
    0x17, 0x5F, 0x17, 0x5F, 0x17, 0x7F, 0x0F, 0x9F, 0x46, 0x3B, 0x29, 0x87, 0x21, 0x26, 0x21, 0x47, 
    0x19, 0x06, 0x19, 0x06, 0x19, 0x06, 0x21, 0x27, 0x21, 0x27, 0x21, 0x27, 0x21, 0x07, 0x21, 0x07, 
    0x21, 0x07, 0x21, 0x07, 0x21, 0x27, 0x21, 0x27, 0x21, 0x27, 0x18, 0xE6, 0x29, 0x87, 0x3D, 0x9B, 
    0x16, 0xBF, 0x1E, 0xBF, 0x16, 0x7F, 0x16, 0x5F, 0x16, 0x5F, 0x16, 0x5F, 0x16, 0x7F, 0x37, 0x1F, 
    0x42, 0xCD, 0x00, 0x05, 0x00, 0x06, 0x3A, 0x2B, 0x36, 0x3F, 0x16, 0x1F, 0x15, 0xFF, 0x1D, 0xFF, 
    0x1D, 0xDF, 0x15, 0xBF, 0x1D, 0xBF, 0x15, 0x9F, 0x3D, 0x7D, 0x3A, 0x09, 0x19, 0x06, 0x21, 0x27, 
    0x19, 0x26, 0x19, 0x07, 0x19, 0x07, 0x19, 0x07, 0x19, 0x07, 0x19, 0x07, 0x18, 0xE7, 0x18, 0xE7, 
    0x18, 0xE7, 0x18, 0xE6, 0x18, 0xE6, 0x18, 0xE6, 0x18, 0xE6, 0x18, 0xE7, 0x18, 0xE7, 0x19, 0x07, 
    0x21, 0x08, 0x21, 0x08, 0x19, 0x07, 0x18, 0xE6, 0x21, 0x06, 0x00, 0x44, 0x01, 0x6F, 0x02, 0x12, 
    0x01, 0xD2, 0x00, 0xEC, 0x21, 0x46, 0x44, 0xFF, 0x1C, 0xBF, 0x24, 0x9F, 0x24, 0x5F, 0x24, 0x5F, 
    0x24, 0x5F, 0x24, 0x3F, 0x24, 0x3F, 0x54, 0xBD, 0x39, 0xEA, 0x18, 0xE6, 0x20, 0xE6, 0x18, 0xE6, 
    0x18, 0xE6, 0x20, 0xE6, 0x20, 0xE6, 0x20, 0xE6, 0x18, 0xE6, 0x18, 0xE6, 0x20, 0xE7, 0x20, 0xE7, 
    0x20, 0xE6, 0x20, 0xE6, 0x20, 0xE6, 0x20, 0xE6, 0x18, 0xE6, 0x20, 0xE6, 0x20, 0xE6, 0x20, 0xE7, 
    0x20, 0xE7, 0x20, 0xE6, 0x20, 0xC5, 0x20, 0xE5, 0x20, 0xE6, 0x08, 0x44, 0x01, 0x0E, 0x01, 0x92, 
    0x01, 0x91, 0x00, 0xAA, 0x41, 0xC9, 0x7B, 0xDF, 0x5A, 0xFF, 0x5A, 0xFF, 0x62, 0xDF, 0x5A, 0xBF, 
    0x62, 0xBF, 0x62, 0xBF, 0x6A, 0xBF, 0x6A, 0x9F, 0x6A, 0x7F, 0x6A, 0x5F, 0x72, 0x5F, 0x72, 0x7F, 
    0x82, 0x9F, 0xA3, 0x7B, 0x10, 0x65, 0x0A, 0x72, 0x0B, 0xB0, 0x0B, 0x0C, 0x0A, 0xEB, 0x13, 0xF1, 
    0x01, 0x27, 0x59, 0xED, 0xAB, 0x9B, 0xA3, 0x5A, 0xA3, 0x3A, 0xA2, 0xFA, 0xA3, 0x1A, 0xA3, 0x1A, 
    0xA3, 0x1A, 0xA2, 0xFA, 0xAB, 0x1A, 0xAB, 0x1A, 0xAB, 0x1A, 0xAA, 0xFA, 0xAA, 0xBA, 0xAA, 0xDA, 
    0xAA, 0xDA, 0xAA, 0xDA, 0xB2, 0xDA, 0xB3, 0x1B, 0xBB, 0x3B, 0xC3, 0x7B, 0x72, 0x6F, 0x00, 0x23, 
    0x23, 0xD5, 0x1B, 0xCF, 0x01, 0x44, 0x00, 0x00, 0x00, 0x00, 0x00, 0x00, 0x00, 0x00, 0x00, 0x00, 
    0x00, 0x00, 0x00, 0x00, 0x00, 0x00, 0x00, 0x00, 0x00, 0x00, 0x00, 0x00, 0x00, 0x00, 0x00, 0x00, 
    0x00, 0x00, 0x00, 0x00, 0x00, 0x00, 0x00, 0x00, 0x00, 0x00, 0x00, 0x00, 0x00, 0x00, 0x00, 0x00, 
    0x00, 0x00, 0x00, 0x00, 0x00, 0x00, 0x00, 0x00, 0x00, 0x00, 0x00, 0x00, 0x00, 0x00, 0x00, 0x00, 
    0x00, 0x00, 0x00, 0x00, 0x00, 0x00, 0x00, 0x00, 0x00, 0x00, 0x00, 0x00, 0x00, 0x00, 0x00, 0x00, 
    0x00, 0x00, 0x00, 0x00, 0x00, 0x00, 0x00, 0x00, 0x00, 0x00, 0x00, 0x00, 0x00, 0x00, 0x00, 0x00, 
    0x00, 0x00, 0x00, 0x00, 0x00, 0x00, 0x00, 0x00, 0x00, 0x00, 0x00, 0x00, 0x00, 0x00, 0x00, 0x00, 
    0x00, 0x00, 0x00, 0x00, 0x00, 0x00, 0x00, 0x00, 0x00, 0x00, 0x00, 0x00, 0x00, 0x00, 0x00, 0x00, 
    0x00, 0x00, 0x00, 0x00, 0x00, 0x00, 0x00, 0x00, 0x00, 0x00, 0x00, 0x00, 0x00, 0x00, 0x00, 0x00, 
    0x00, 0x00, 0x00, 0x00, 0x00, 0x00, 0x00, 0x00, 0x00, 0x00, 0x00, 0x00, 0x00, 0x00, 0x00, 0x00, 
    0x00, 0x00, 0x00, 0x00, 0x00, 0x00, 0x00, 0x00, 0x00, 0x00, 0x00, 0x00, 0x00, 0x00, 0x00, 0x00, 
    0x00, 0x00, 0x00, 0x00, 0x00, 0x00, 0x00, 0x00, 0x00, 0x00, 0x00, 0x00, 0x00, 0x00, 0x00, 0x00, 
    0x00, 0x00, 0x00, 0x00, 0x00, 0x00, 0x00, 0x00, 0x00, 0x00, 0x00, 0x00, 0x00, 0x00, 0x00, 0x00, 
    0x00, 0x00, 0x00, 0x00, 0x00, 0x00, 0x00, 0x00, 0x00, 0x00, 0x00, 0x00, 0x00, 0x00, 0x00, 0x00, 
    0x00, 0x61, 0x03, 0x2C, 0x02, 0xED, 0x21, 0x06, 0x47, 0x5E, 0x0F, 0xFF, 0x17, 0xDF, 0x17, 0xDF, 
    0x17, 0xDF, 0x17, 0xDF, 0x17, 0xDF, 0x1F, 0xFF, 0x4F, 0x1D, 0x10, 0x84, 0x00, 0x05, 0x00, 0x49, 
    0x00, 0xAB, 0x00, 0xEB, 0x01, 0x0A, 0x01, 0x2A, 0x01, 0x4A, 0x01, 0x4A, 0x01, 0x4B, 0x01, 0x4B, 
    0x01, 0x2A, 0x01, 0x2B, 0x01, 0x0B, 0x00, 0xCA, 0x00, 0x69, 0x00, 0x07, 0x10, 0x21, 0x56, 0x5B, 
    0x0F, 0xFF, 0x17, 0xDF, 0x17, 0xBF, 0x0F, 0xBF, 0x0F, 0xBF, 0x0F, 0x9F, 0x0F, 0xDF, 0x2F, 0xDF, 
    0x32, 0x4A, 0x00, 0x04, 0x00, 0x03, 0x4B, 0x6E, 0x27, 0xDF, 0x0F, 0xBF, 0x0F, 0x7F, 0x0F, 0x7F, 
    0x0F, 0x5F, 0x0F, 0x3F, 0x17, 0x5F, 0x17, 0xFF, 0x4D, 0x77, 0x00, 0x01, 0x00, 0x29, 0x00, 0x6A, 
    0x00, 0xAA, 0x00, 0xEB, 0x01, 0x0B, 0x01, 0x2B, 0x01, 0x4B, 0x01, 0x4B, 0x01, 0x4B, 0x01, 0x4B, 
    0x01, 0x2B, 0x01, 0x2B, 0x01, 0x2C, 0x00, 0xEC, 0x00, 0x8B, 0x00, 0x49, 0x00, 0x00, 0x3C, 0xB6, 
    0x1F, 0x1F, 0x1E, 0xBF, 0x16, 0x7F, 0x16, 0x5F, 0x16, 0x5F, 0x16, 0x5F, 0x16, 0x7F, 0x3F, 0x1F, 
    0x42, 0xED, 0x00, 0x04, 0x00, 0x05, 0x3A, 0x2B, 0x36, 0x3F, 0x16, 0x3F, 0x15, 0xFF, 0x15, 0xDF, 
    0x15, 0xDF, 0x15, 0xBF, 0x15, 0x9F, 0x1D, 0xDF, 0x4D, 0x39, 0x08, 0x21, 0x00, 0x08, 0x00, 0x49, 
    0x00, 0x6A, 0x00, 0xAB, 0x00, 0xCD, 0x00, 0xEE, 0x00, 0xEE, 0x00, 0xED, 0x00, 0xCD, 0x00, 0xCC, 
    0x00, 0xCC, 0x00, 0xAB, 0x00, 0xAC, 0x00, 0xAC, 0x00, 0xAC, 0x00, 0xAC, 0x00, 0xAD, 0x00, 0xAD, 
    0x00, 0xAE, 0x00, 0xAE, 0x00, 0xAD, 0x00, 0x8C, 0x00, 0xCC, 0x01, 0x6F, 0x02, 0x31, 0x02, 0x31, 
    0x01, 0xF2, 0x01, 0x0E, 0x21, 0x47, 0x44, 0xFF, 0x1C, 0xBF, 0x1C, 0x7F, 0x1C, 0x5F, 0x24, 0x5F, 
    0x24, 0x5F, 0x24, 0x3F, 0x34, 0x7F, 0x64, 0x58, 0x08, 0x03, 0x00, 0x08, 0x00, 0x29, 0x00, 0x2B, 
    0x00, 0x4B, 0x00, 0x6C, 0x00, 0x6C, 0x00, 0x8D, 0x00, 0x8D, 0x00, 0x8E, 0x00, 0x8E, 0x00, 0x6D, 
    0x00, 0x6D, 0x00, 0x6C, 0x00, 0x6C, 0x00, 0x6C, 0x00, 0x6C, 0x00, 0x6C, 0x00, 0x6D, 0x00, 0x6D, 
    0x00, 0x8E, 0x00, 0x8D, 0x00, 0x8C, 0x00, 0xAC, 0x00, 0xCD, 0x01, 0x91, 0x02, 0x33, 0x02, 0x31, 
    0x02, 0x11, 0x00, 0x87, 0x5A, 0x4D, 0x7B, 0x7F, 0x6B, 0x1F, 0x73, 0x3F, 0x6A, 0xFF, 0x62, 0x9F, 
    0x6A, 0x9F, 0x72, 0xBF, 0x7A, 0xFF, 0x7A, 0xDF, 0x7A, 0x9F, 0x7A, 0x5F, 0x7A, 0x3F, 0x82, 0x5F, 
    0x9A, 0x9F, 0x92, 0xF9, 0x00, 0x66, 0x0A, 0xB3, 0x0B, 0xAF, 0x0B, 0x6D, 0x0B, 0xAE, 0x1B, 0x53, 
    0x00, 0x65, 0x8B, 0x16, 0xA2, 0xFF, 0x9A, 0xDF, 0x9A, 0xBF, 0x9A, 0x9F, 0x9A, 0xBF, 0xA2, 0xBF, 
    0xA2, 0xBF, 0xA2, 0x9F, 0xA2, 0x9F, 0xAA, 0x9F, 0xAA, 0x9F, 0xAA, 0x7F, 0xAA, 0x5F, 0xAA, 0x5F, 
    0xB2, 0x5F, 0xB2, 0x7F, 0xB2, 0x5F, 0xBA, 0x5F, 0xC2, 0x7F, 0xC2, 0x1F, 0xD3, 0x3F, 0x49, 0xA9, 
    0x00, 0xA8, 0x2C, 0x17, 0x1B, 0x8D, 0x01, 0x03, 0x00, 0x00, 0x00, 0x00, 0x00, 0x00, 0x00, 0x00, 
    0x00, 0x00, 0x00, 0x00, 0x00, 0x00, 0x00, 0x00, 0x00, 0x00, 0x00, 0x00, 0x00, 0x00, 0x00, 0x00, 
    0x00, 0x00, 0x00, 0x00, 0x00, 0x00, 0x00, 0x00, 0x00, 0x00, 0x00, 0x00, 0x00, 0x00, 0x00, 0x00, 
    0x00, 0x00, 0x00, 0x00, 0x00, 0x00, 0x00, 0x00, 0x00, 0x00, 0x00, 0x00, 0x00, 0x00, 0x00, 0x00, 
    0x00, 0x00, 0x00, 0x00, 0x00, 0x00, 0x00, 0x00, 0x00, 0x00, 0x00, 0x00, 0x00, 0x00, 0x00, 0x00, 
    0x00, 0x00, 0x00, 0x00, 0x00, 0x00, 0x00, 0x00, 0x00, 0x00, 0x00, 0x00, 0x00, 0x00, 0x00, 0x00, 
    0x00, 0x00, 0x00, 0x00, 0x00, 0x00, 0x00, 0x00, 0x00, 0x00, 0x00, 0x00, 0x00, 0x00, 0x00, 0x00, 
    0x00, 0x00, 0x00, 0x00, 0x00, 0x00, 0x00, 0x00, 0x00, 0x00, 0x00, 0x00, 0x00, 0x00, 0x00, 0x00, 
    0x00, 0x00, 0x00, 0x00, 0x00, 0x00, 0x00, 0x00, 0x00, 0x00, 0x00, 0x00, 0x00, 0x00, 0x00, 0x00, 
    0x00, 0x00, 0x00, 0x00, 0x00, 0x00, 0x00, 0x00, 0x00, 0x00, 0x00, 0x00, 0x00, 0x00, 0x00, 0x00, 
    0x00, 0x00, 0x00, 0x00, 0x00, 0x00, 0x00, 0x00, 0x00, 0x00, 0x00, 0x00, 0x00, 0x00, 0x00, 0x00, 
    0x00, 0x00, 0x00, 0x00, 0x00, 0x00, 0x00, 0x00, 0x00, 0x00, 0x00, 0x00, 0x00, 0x00, 0x00, 0x00, 
    0x00, 0x00, 0x00, 0x00, 0x00, 0x00, 0x00, 0x00, 0x00, 0x00, 0x00, 0x00, 0x00, 0x00, 0x00, 0x00, 
    0x00, 0x00, 0x00, 0x00, 0x00, 0x00, 0x00, 0x00, 0x00, 0x00, 0x00, 0x00, 0x00, 0x00, 0x00, 0x00, 
    0x00, 0x61, 0x03, 0x2C, 0x03, 0x0D, 0x21, 0x06, 0x47, 0x5E, 0x0F, 0xFF, 0x17, 0xDF, 0x17, 0xDF, 
    0x17, 0xDF, 0x17, 0xDF, 0x17, 0xDF, 0x1F, 0xFF, 0x4F, 0x1D, 0x18, 0xC6, 0x00, 0x6A, 0x01, 0x4D, 
    0x02, 0x0E, 0x02, 0xAE, 0x03, 0x0E, 0x03, 0x0E, 0x03, 0x0D, 0x03, 0x2E, 0x03, 0x2E, 0x03, 0x0E, 
    0x03, 0x0E, 0x03, 0x0E, 0x02, 0xEE, 0x02, 0x4E, 0x01, 0x8D, 0x00, 0xCC, 0x18, 0x63, 0x56, 0x7A, 
    0x0F, 0xFF, 0x17, 0xDF, 0x17, 0xBF, 0x0F, 0xBF, 0x0F, 0x9F, 0x0F, 0x9F, 0x0F, 0xDF, 0x2F, 0xDF, 
    0x32, 0x4A, 0x00, 0x04, 0x00, 0x03, 0x4B, 0x6E, 0x27, 0xDF, 0x0F, 0xBF, 0x0F, 0x7F, 0x0F, 0x7F, 
    0x0F, 0x5F, 0x0F, 0x3F, 0x0F, 0x5F, 0x17, 0xFF, 0x4D, 0x77, 0x08, 0x04, 0x00, 0xEE, 0x01, 0x8E, 
    0x02, 0x2E, 0x02, 0xCE, 0x02, 0xEE, 0x03, 0x0E, 0x03, 0x0E, 0x03, 0x0E, 0x03, 0x0E, 0x03, 0x0E, 
    0x03, 0x0E, 0x03, 0x0E, 0x03, 0x0F, 0x02, 0x8F, 0x01, 0xAF, 0x01, 0x0E, 0x00, 0x03, 0x3C, 0xD6, 
    0x1E, 0xFF, 0x1E, 0xBF, 0x16, 0x7F, 0x16, 0x7F, 0x16, 0x5F, 0x16, 0x3F, 0x16, 0x7F, 0x37, 0x1F, 
    0x42, 0xCD, 0x00, 0x03, 0x00, 0x05, 0x3A, 0x2B, 0x36, 0x3F, 0x16, 0x1F, 0x15, 0xDF, 0x15, 0xDF, 
    0x15, 0xBF, 0x15, 0xBF, 0x15, 0xBF, 0x1D, 0xDF, 0x55, 0x5A, 0x10, 0x84, 0x00, 0xAD, 0x01, 0x0E, 
    0x01, 0x8F, 0x01, 0xEF, 0x02, 0x30, 0x02, 0x51, 0x02, 0x31, 0x02, 0x12, 0x01, 0xD2, 0x01, 0xB2, 
    0x01, 0x92, 0x01, 0x72, 0x01, 0x52, 0x01, 0x52, 0x01, 0x52, 0x01, 0x53, 0x01, 0x53, 0x01, 0x53, 
    0x01, 0x53, 0x01, 0x53, 0x01, 0x53, 0x01, 0x53, 0x01, 0x93, 0x01, 0xD2, 0x02, 0x11, 0x02, 0x12, 
    0x01, 0xD3, 0x01, 0x0E, 0x29, 0x47, 0x44, 0xFF, 0x1C, 0x9F, 0x1C, 0x7F, 0x1C, 0x5F, 0x24, 0x5F, 
    0x24, 0x5F, 0x24, 0x3F, 0x34, 0x7F, 0x64, 0x59, 0x08, 0x43, 0x00, 0x4B, 0x00, 0x6E, 0x00, 0xB0, 
    0x00, 0xD1, 0x00, 0xF3, 0x01, 0x13, 0x01, 0x14, 0x01, 0x14, 0x01, 0x14, 0x01, 0x14, 0x01, 0x14, 
    0x00, 0xF3, 0x00, 0xF3, 0x00, 0xF3, 0x00, 0xF3, 0x00, 0xF3, 0x00, 0xF3, 0x00, 0xF3, 0x01, 0x14, 
    0x01, 0x14, 0x01, 0x13, 0x01, 0x33, 0x01, 0x73, 0x01, 0xB3, 0x02, 0x72, 0x02, 0xD0, 0x02, 0xD0, 
    0x02, 0xD1, 0x00, 0xA7, 0x41, 0x8B, 0x72, 0xF6, 0x6A, 0xD5, 0x72, 0xF6, 0x72, 0xB6, 0x6A, 0x75, 
    0x6A, 0x55, 0x72, 0x56, 0x72, 0x76, 0x7A, 0x96, 0x7A, 0x76, 0x7A, 0x36, 0x72, 0x15, 0x72, 0x15, 
    0x82, 0x35, 0x59, 0x8D, 0x00, 0x88, 0x0B, 0x74, 0x0B, 0xAE, 0x0B, 0x8D, 0x13, 0x90, 0x12, 0x32, 
    0x08, 0x64, 0x9B, 0x7A, 0x92, 0xFF, 0x82, 0xBF, 0x82, 0x9F, 0x82, 0x9F, 0x82, 0x9F, 0x82, 0x9F, 
    0x82, 0x9F, 0x82, 0x9F, 0x8A, 0x7F, 0x8A, 0x5F, 0x8A, 0x5F, 0x8A, 0x5F, 0x92, 0x5F, 0x92, 0x3F, 
    0x92, 0x3F, 0x9A, 0x3F, 0x9A, 0x3F, 0x9A, 0x3F, 0x9A, 0x3F, 0xAA, 0x3F, 0xC1, 0xBF, 0xC3, 0x3C, 
    0x18, 0xA4, 0x19, 0x90, 0x2C, 0x14, 0x13, 0x0A, 0x00, 0x41, 0x00, 0x00, 0x00, 0x00, 0x00, 0x00, 
    0x00, 0x00, 0x00, 0x00, 0x00, 0x00, 0x00, 0x00, 0x00, 0x00, 0x00, 0x00, 0x00, 0x00, 0x00, 0x00, 
    0x00, 0x00, 0x00, 0x00, 0x00, 0x00, 0x00, 0x00, 0x00, 0x00, 0x00, 0x00, 0x00, 0x00, 0x00, 0x00, 
    0x00, 0x00, 0x00, 0x00, 0x00, 0x00, 0x00, 0x00, 0x00, 0x00, 0x00, 0x00, 0x00, 0x00, 0x00, 0x00, 
    0x00, 0x00, 0x00, 0x00, 0x00, 0x00, 0x00, 0x00, 0x00, 0x00, 0x00, 0x00, 0x00, 0x00, 0x00, 0x00, 
    0x00, 0x00, 0x00, 0x00, 0x00, 0x00, 0x00, 0x00, 0x00, 0x00, 0x00, 0x00, 0x00, 0x00, 0x00, 0x00, 
    0x00, 0x00, 0x00, 0x00, 0x00, 0x00, 0x00, 0x00, 0x00, 0x00, 0x00, 0x00, 0x00, 0x00, 0x00, 0x00, 
    0x00, 0x00, 0x00, 0x00, 0x00, 0x00, 0x00, 0x00, 0x00, 0x00, 0x00, 0x00, 0x00, 0x00, 0x00, 0x00, 
    0x00, 0x00, 0x00, 0x00, 0x00, 0x00, 0x00, 0x00, 0x00, 0x00, 0x00, 0x00, 0x00, 0x00, 0x00, 0x00, 
    0x00, 0x00, 0x00, 0x00, 0x00, 0x00, 0x00, 0x00, 0x00, 0x00, 0x00, 0x00, 0x00, 0x00, 0x00, 0x00, 
    0x00, 0x00, 0x00, 0x00, 0x00, 0x00, 0x00, 0x00, 0x00, 0x00, 0x00, 0x00, 0x00, 0x00, 0x00, 0x00, 
    0x00, 0x00, 0x00, 0x00, 0x00, 0x00, 0x00, 0x00, 0x00, 0x00, 0x00, 0x00, 0x00, 0x00, 0x00, 0x00, 
    0x00, 0x00, 0x00, 0x00, 0x00, 0x00, 0x00, 0x00, 0x00, 0x00, 0x00, 0x00, 0x00, 0x00, 0x00, 0x00, 
    0x00, 0x00, 0x00, 0x00, 0x00, 0x00, 0x00, 0x00, 0x00, 0x00, 0x00, 0x00, 0x00, 0x00, 0x00, 0x00, 
    0x00, 0x41, 0x03, 0x2C, 0x03, 0x0D, 0x21, 0x06, 0x3F, 0x5E, 0x0F, 0xFF, 0x17, 0xFF, 0x17, 0xDF, 
    0x17, 0xDF, 0x17, 0xDF, 0x17, 0xDF, 0x17, 0xFF, 0x47, 0x1D, 0x18, 0xC6, 0x00, 0xEC, 0x02, 0x2D, 
    0x02, 0xED, 0x03, 0x0B, 0x02, 0xAA, 0x02, 0x48, 0x02, 0x28, 0x02, 0x08, 0x02, 0x08, 0x02, 0x28, 
    0x02, 0x28, 0x02, 0x68, 0x02, 0xAA, 0x03, 0x2C, 0x02, 0xAE, 0x01, 0x8E, 0x18, 0x84, 0x5E, 0x7A, 
    0x0F, 0xFF, 0x17, 0xDF, 0x0F, 0xBF, 0x0F, 0xBF, 0x0F, 0x9F, 0x0F, 0x9F, 0x0F, 0xDF, 0x2F, 0xDF, 
    0x32, 0x4B, 0x00, 0x04, 0x00, 0x03, 0x4B, 0x6E, 0x27, 0xBF, 0x0F, 0xBF, 0x0F, 0x7F, 0x17, 0x7F, 
    0x0F, 0x5F, 0x0F, 0x3F, 0x0F, 0x5F, 0x0F, 0xDF, 0x45, 0x77, 0x08, 0x24, 0x01, 0x90, 0x02, 0x6E, 
    0x03, 0x2D, 0x03, 0x0B, 0x02, 0x89, 0x02, 0x48, 0x02, 0x28, 0x02, 0x08, 0x02, 0x28, 0x02, 0x28, 
    0x02, 0x28, 0x02, 0x69, 0x02, 0xEB, 0x03, 0x4D, 0x02, 0xCE, 0x01, 0xAF, 0x00, 0x04, 0x44, 0xD6, 
    0x16, 0xDF, 0x16, 0x9F, 0x16, 0x7F, 0x16, 0x7F, 0x16, 0x5F, 0x16, 0x3F, 0x16, 0x5F, 0x36, 0xFF, 
    0x3A, 0xCC, 0x00, 0x03, 0x00, 0x05, 0x32, 0x2B, 0x36, 0x3F, 0x16, 0x1F, 0x15, 0xDF, 0x15, 0xDF, 
    0x15, 0xBF, 0x15, 0xBF, 0x15, 0x9F, 0x1D, 0xFF, 0x55, 0x59, 0x10, 0x64, 0x01, 0x2F, 0x01, 0xCF, 
    0x02, 0x8F, 0x03, 0x0E, 0x03, 0x4E, 0x03, 0x2E, 0x02, 0xEF, 0x02, 0xB1, 0x02, 0x73, 0x02, 0x12, 
    0x01, 0xB1, 0x01, 0x71, 0x01, 0x72, 0x01, 0x52, 0x01, 0x73, 0x01, 0x53, 0x01, 0x53, 0x01, 0x53, 
    0x01, 0x53, 0x01, 0x53, 0x01, 0x53, 0x01, 0x73, 0x01, 0x93, 0x01, 0xB2, 0x01, 0xB2, 0x01, 0xD3, 
    0x01, 0xB5, 0x00, 0xEE, 0x21, 0x46, 0x3C, 0xDF, 0x24, 0xBF, 0x24, 0x7F, 0x1C, 0x5F, 0x24, 0x5F, 
    0x24, 0x3F, 0x24, 0x3F, 0x34, 0x7F, 0x64, 0x58, 0x00, 0x01, 0x00, 0x29, 0x00, 0x6C, 0x00, 0x8E, 
    0x00, 0xB0, 0x00, 0xF1, 0x00, 0xF2, 0x01, 0x12, 0x01, 0x12, 0x00, 0xF1, 0x00, 0xF1, 0x00, 0xF1, 
    0x00, 0xF1, 0x00, 0xF1, 0x00, 0xF2, 0x00, 0xF2, 0x00, 0xF2, 0x00, 0xF2, 0x00, 0xF2, 0x00, 0xF1, 
    0x00, 0xF1, 0x00, 0xF2, 0x01, 0x32, 0x01, 0x73, 0x02, 0x14, 0x02, 0x91, 0x03, 0x30, 0x03, 0x4F, 
    0x03, 0x70, 0x02, 0x6E, 0x00, 0xA7, 0x00, 0x45, 0x00, 0x25, 0x00, 0x06, 0x00, 0x07, 0x00, 0x26, 
    0x00, 0x05, 0x00, 0x05, 0x00, 0x05, 0x00, 0x06, 0x00, 0x27, 0x00, 0x27, 0x00, 0x26, 0x00, 0x25, 
    0x00, 0x45, 0x00, 0x85, 0x0A, 0xCF, 0x0B, 0xF1, 0x0B, 0x4C, 0x0B, 0xAE, 0x13, 0x72, 0x09, 0x8F, 
    0x20, 0xC5, 0xA3, 0x9E, 0x82, 0xBF, 0x7A, 0x9F, 0x7A, 0x7F, 0x7A, 0x7F, 0x7A, 0x9F, 0x7A, 0x9F, 
    0x82, 0x9F, 0x82, 0x7F, 0x82, 0x5F, 0x82, 0x5F, 0x82, 0x3F, 0x82, 0x3F, 0x8A, 0x5F, 0x8A, 0x3F, 
    0x92, 0x3F, 0x92, 0x3F, 0x92, 0x3F, 0x92, 0x1F, 0x92, 0x1F, 0x9A, 0x1F, 0xA9, 0xFF, 0xCA, 0x3F, 
    0x92, 0xB5, 0x00, 0x44, 0x22, 0xD4, 0x23, 0xF0, 0x12, 0xEA, 0x09, 0xE7, 0x01, 0x44, 0x01, 0x23, 
    0x01, 0x23, 0x01, 0x44, 0x01, 0x44, 0x01, 0x44, 0x01, 0x23, 0x01, 0x44, 0x01, 0x24, 0x01, 0x23, 
    0x00, 0xC2, 0x00, 0x40, 0x00, 0x00, 0x00, 0x00, 0x00, 0x00, 0x00, 0x40, 0x00, 0xA1, 0x00, 0xE2, 
    0x00, 0xE2, 0x01, 0x03, 0x01, 0x03, 0x01, 0x23, 0x01, 0x03, 0x01, 0x03, 0x01, 0x03, 0x00, 0xE2, 
    0x00, 0x81, 0x00, 0x00, 0x00, 0x00, 0x00, 0x00, 0x00, 0x00, 0x00, 0x00, 0x00, 0x00, 0x00, 0x00, 
    0x00, 0x00, 0x00, 0x00, 0x00, 0x00, 0x00, 0x00, 0x00, 0x00, 0x00, 0x00, 0x00, 0x00, 0x00, 0x00, 
    0x00, 0x00, 0x00, 0x00, 0x00, 0x00, 0x00, 0x00, 0x00, 0x00, 0x00, 0x00, 0x00, 0x00, 0x00, 0x00, 
    0x00, 0x00, 0x00, 0x00, 0x00, 0x00, 0x00, 0x00, 0x00, 0x00, 0x00, 0x00, 0x00, 0x00, 0x00, 0x00, 
    0x00, 0x00, 0x00, 0x00, 0x00, 0x00, 0x00, 0x00, 0x00, 0x00, 0x00, 0x00, 0x00, 0x00, 0x00, 0x00, 
    0x00, 0x00, 0x00, 0x00, 0x00, 0x00, 0x00, 0x00, 0x00, 0x00, 0x00, 0x00, 0x00, 0x00, 0x00, 0x00, 
    0x00, 0x00, 0x00, 0x00, 0x00, 0x00, 0x00, 0x00, 0x00, 0x00, 0x00, 0x00, 0x00, 0x00, 0x00, 0x00, 
    0x00, 0x00, 0x00, 0x00, 0x00, 0x00, 0x00, 0x00, 0x00, 0x00, 0x00, 0x00, 0x00, 0x00, 0x00, 0x00, 
    0x00, 0x00, 0x00, 0x00, 0x00, 0x00, 0x00, 0x00, 0x00, 0x00, 0x00, 0x00, 0x00, 0x00, 0x00, 0x00, 
    0x00, 0x00, 0x00, 0x00, 0x00, 0x00, 0x00, 0x00, 0x00, 0x00, 0x00, 0x00, 0x00, 0x00, 0x00, 0x00, 
    0x00, 0x41, 0x03, 0x2C, 0x03, 0x0D, 0x21, 0x06, 0x3F, 0x5E, 0x0F, 0xFF, 0x17, 0xFF, 0x17, 0xFF, 
    0x17, 0xFF, 0x17, 0xDF, 0x17, 0xDF, 0x17, 0xFF, 0x47, 0x1C, 0x18, 0xC6, 0x01, 0x8E, 0x03, 0x0E, 
    0x03, 0x0B, 0x02, 0x08, 0x01, 0x24, 0x00, 0x82, 0x00, 0x41, 0x00, 0x41, 0x00, 0x41, 0x00, 0x61, 
    0x00, 0x61, 0x00, 0xA2, 0x01, 0x65, 0x02, 0x8A, 0x03, 0x4E, 0x02, 0x4F, 0x18, 0x85, 0x5E, 0x7A, 
    0x07, 0xFF, 0x0F, 0xDF, 0x0F, 0xBF, 0x0F, 0xBF, 0x0F, 0xBF, 0x0F, 0xBF, 0x0F, 0xDF, 0x2F, 0xFF, 
    0x32, 0x4B, 0x00, 0x04, 0x00, 0x03, 0x4B, 0x4E, 0x27, 0xBF, 0x0F, 0xBF, 0x0F, 0x7F, 0x0F, 0x5F, 
    0x0F, 0x5F, 0x0F, 0x5F, 0x0F, 0x5F, 0x0F, 0xDF, 0x45, 0x57, 0x08, 0x24, 0x02, 0x11, 0x03, 0x2E, 
    0x03, 0x0B, 0x01, 0xE7, 0x00, 0xE3, 0x00, 0x61, 0x00, 0x41, 0x00, 0x41, 0x00, 0x20, 0x00, 0x20, 
    0x00, 0x41, 0x00, 0xA2, 0x01, 0x86, 0x02, 0xAA, 0x03, 0x6E, 0x02, 0xB1, 0x00, 0x45, 0x4C, 0xD6, 
    0x0E, 0xDF, 0x16, 0x9F, 0x16, 0x7F, 0x16, 0x7F, 0x16, 0x5F, 0x16, 0x3F, 0x16, 0x5F, 0x36, 0xFF, 
    0x3A, 0xCC, 0x00, 0x03, 0x00, 0x05, 0x32, 0x2B, 0x36, 0x3F, 0x16, 0x1F, 0x15, 0xDF, 0x15, 0xDF, 
    0x15, 0xBF, 0x15, 0xBF, 0x15, 0x9F, 0x1D, 0xFF, 0x4D, 0x59, 0x10, 0x64, 0x01, 0x90, 0x02, 0x90, 
    0x03, 0x6F, 0x03, 0x6D, 0x03, 0x2C, 0x03, 0x6D, 0x03, 0x6F, 0x02, 0xF2, 0x01, 0x2A, 0x00, 0x23, 
    0x00, 0x23, 0x00, 0x23, 0x00, 0x24, 0x00, 0x24, 0x00, 0x24, 0x00, 0x24, 0x00, 0x24, 0x00, 0x24, 
    0x00, 0x23, 0x00, 0x23, 0x00, 0x24, 0x00, 0x25, 0x00, 0x45, 0x00, 0x45, 0x00, 0x24, 0x00, 0x24, 
    0x00, 0x8B, 0x00, 0x8C, 0x21, 0x46, 0x3C, 0xDF, 0x24, 0xBF, 0x24, 0x9F, 0x1C, 0x5F, 0x24, 0x5F, 
    0x24, 0x3F, 0x24, 0x1F, 0x2C, 0x5F, 0x5C, 0xBB, 0x29, 0x24, 0x08, 0x22, 0x08, 0x64, 0x08, 0x43, 
    0x08, 0x64, 0x08, 0x64, 0x08, 0x64, 0x08, 0x64, 0x08, 0x63, 0x08, 0x43, 0x08, 0x43, 0x08, 0x43, 
    0x08, 0x43, 0x08, 0x44, 0x08, 0x44, 0x08, 0x64, 0x08, 0x64, 0x08, 0x64, 0x08, 0x44, 0x08, 0x43, 
    0x08, 0x43, 0x08, 0x44, 0x08, 0x65, 0x00, 0x24, 0x00, 0xA8, 0x02, 0x53, 0x03, 0x10, 0x03, 0x8F, 
    0x03, 0xCF, 0x03, 0xEF, 0x03, 0x90, 0x02, 0xD0, 0x02, 0x30, 0x01, 0xD0, 0x01, 0xD2, 0x01, 0xD3, 
    0x01, 0xD2, 0x01, 0xB2, 0x01, 0xB1, 0x01, 0xB2, 0x01, 0xD3, 0x01, 0xF4, 0x0A, 0x33, 0x0A, 0x52, 
    0x0A, 0xB0, 0x0B, 0x70, 0x0B, 0xAE, 0x0A, 0xCA, 0x0A, 0xAA, 0x0B, 0x8E, 0x1B, 0x73, 0x01, 0x0E, 
    0x39, 0x69, 0xA3, 0x5F, 0x7A, 0x7F, 0x7A, 0x7F, 0x7A, 0x7F, 0x7A, 0x7F, 0x7A, 0x7F, 0x82, 0x7F, 
    0x82, 0x7F, 0x82, 0x7F, 0x82, 0x5F, 0x82, 0x3F, 0x8A, 0x3F, 0x8A, 0x3F, 0x92, 0x3F, 0x92, 0x3F, 
    0x92, 0x1F, 0x92, 0x1F, 0x92, 0x1F, 0x91, 0xFF, 0x91, 0xFF, 0x99, 0xFF, 0x9A, 0x1F, 0xB9, 0xFF, 
    0xAA, 0x79, 0x08, 0x65, 0x21, 0xF5, 0x23, 0x54, 0x23, 0xF1, 0x23, 0xF0, 0x1B, 0xCF, 0x1B, 0xAF, 
    0x1B, 0xAF, 0x23, 0xD0, 0x23, 0xD0, 0x23, 0xD0, 0x23, 0xF0, 0x23, 0xF0, 0x23, 0xF0, 0x23, 0xD0, 
    0x23, 0xAF, 0x1B, 0x6D, 0x13, 0x0B, 0x1B, 0x0B, 0x1B, 0x2C, 0x1B, 0x6D, 0x23, 0x8E, 0x23, 0xCF, 
    0x23, 0xEF, 0x23, 0xF0, 0x23, 0xCF, 0x23, 0xCF, 0x23, 0xAF, 0x23, 0xCF, 0x23, 0xCF, 0x23, 0xCF, 
    0x23, 0xAE, 0x1B, 0x4C, 0x12, 0x89, 0x09, 0x65, 0x00, 0x00, 0x00, 0x00, 0x00, 0x00, 0x00, 0x00, 
    0x00, 0x00, 0x00, 0x00, 0x00, 0x00, 0x00, 0x00, 0x00, 0x00, 0x00, 0x00, 0x00, 0x00, 0x00, 0x00, 
    0x00, 0x00, 0x00, 0x00, 0x00, 0x00, 0x00, 0x00, 0x00, 0x00, 0x00, 0x00, 0x00, 0x00, 0x00, 0x00, 
    0x00, 0x00, 0x00, 0x00, 0x00, 0x00, 0x00, 0x00, 0x00, 0x00, 0x00, 0x00, 0x00, 0x00, 0x00, 0x00, 
    0x00, 0x00, 0x00, 0x00, 0x00, 0x00, 0x00, 0x00, 0x00, 0x00, 0x00, 0x00, 0x00, 0x00, 0x00, 0x00, 
    0x00, 0x00, 0x00, 0x00, 0x00, 0x00, 0x00, 0x00, 0x00, 0x00, 0x00, 0x00, 0x00, 0x00, 0x00, 0x00, 
    0x00, 0x00, 0x00, 0x00, 0x00, 0x00, 0x00, 0x00, 0x00, 0x00, 0x00, 0x00, 0x00, 0x00, 0x00, 0x00, 
    0x00, 0x00, 0x00, 0x00, 0x00, 0x00, 0x00, 0x00, 0x00, 0x00, 0x00, 0x00, 0x00, 0x00, 0x00, 0x00, 
    0x00, 0x00, 0x00, 0x00, 0x00, 0x00, 0x00, 0x00, 0x00, 0x00, 0x00, 0x00, 0x00, 0x00, 0x00, 0x00, 
    0x00, 0x00, 0x00, 0x00, 0x00, 0x00, 0x00, 0x00, 0x00, 0x00, 0x00, 0x00, 0x00, 0x00, 0x00, 0x00, 
    0x00, 0x20, 0x03, 0x0C, 0x02, 0xED, 0x21, 0x06, 0x47, 0x5E, 0x0F, 0xFF, 0x17, 0xFF, 0x17, 0xFF, 
    0x17, 0xFF, 0x17, 0xDF, 0x17, 0xDF, 0x17, 0xFF, 0x47, 0x1C, 0x18, 0xC6, 0x01, 0xEE, 0x03, 0x4E, 
    0x02, 0x49, 0x00, 0xE3, 0x00, 0x00, 0x00, 0x00, 0x00, 0x00, 0x00, 0x00, 0x00, 0x00, 0x00, 0x00, 
    0x00, 0x00, 0x00, 0x00, 0x00, 0x00, 0x01, 0xA6, 0x03, 0x2C, 0x02, 0xCF, 0x18, 0x85, 0x5E, 0x7A, 
    0x07, 0xFF, 0x0F, 0xDF, 0x0F, 0xBF, 0x0F, 0xBF, 0x17, 0xBF, 0x0F, 0x9F, 0x0F, 0xDF, 0x2F, 0xFF, 
    0x32, 0x4A, 0x00, 0x04, 0x00, 0x02, 0x4B, 0x4E, 0x27, 0xBF, 0x0F, 0xBF, 0x0F, 0x7F, 0x17, 0x7F, 
    0x17, 0x5F, 0x0F, 0x3F, 0x0F, 0x5F, 0x0F, 0xDF, 0x45, 0x57, 0x08, 0x24, 0x02, 0x71, 0x03, 0x6D, 
    0x02, 0x28, 0x00, 0x82, 0x00, 0x00, 0x00, 0x00, 0x00, 0x00, 0x00, 0x00, 0x00, 0x00, 0x00, 0x00, 
    0x00, 0x00, 0x00, 0x00, 0x00, 0x20, 0x01, 0x65, 0x03, 0x2C, 0x03, 0x51, 0x00, 0x66, 0x4C, 0xB6, 
    0x16, 0xFF, 0x16, 0xBF, 0x16, 0x7F, 0x16, 0x5F, 0x16, 0x5F, 0x16, 0x3F, 0x16, 0x5F, 0x36, 0xFF, 
    0x3A, 0xCC, 0x00, 0x03, 0x00, 0x05, 0x32, 0x2B, 0x36, 0x3F, 0x16, 0x1F, 0x15, 0xDF, 0x15, 0xDF, 
    0x15, 0xBF, 0x15, 0xBF, 0x15, 0x9F, 0x1D, 0xFF, 0x4D, 0x39, 0x10, 0x64, 0x01, 0xD0, 0x03, 0x30, 
    0x03, 0x8D, 0x02, 0xAA, 0x02, 0x69, 0x03, 0x0B, 0x03, 0xAF, 0x01, 0xCB, 0x18, 0x83, 0x5C, 0x14, 
    0x53, 0xF4, 0x54, 0x14, 0x54, 0x14, 0x53, 0xF4, 0x53, 0xF4, 0x53, 0xF4, 0x53, 0xF4, 0x53, 0xD4, 
    0x53, 0xB4, 0x53, 0xB4, 0x5B, 0xF4, 0x5C, 0x14, 0x64, 0x14, 0x5B, 0xF4, 0x5B, 0xF4, 0x63, 0xF3, 
    0x10, 0x85, 0x00, 0x05, 0x21, 0x47, 0x44, 0xFF, 0x24, 0xBF, 0x24, 0x7F, 0x24, 0x5F, 0x24, 0x5F, 
    0x24, 0x3F, 0x24, 0x1F, 0x24, 0x1F, 0x34, 0x3F, 0x5C, 0x7C, 0x64, 0x39, 0x64, 0x19, 0x64, 0x19, 
    0x64, 0x19, 0x63, 0xF9, 0x63, 0xF9, 0x63, 0xF9, 0x63, 0xF9, 0x63, 0xF9, 0x6B, 0xF9, 0x6B, 0xF9, 
    0x6B, 0xD9, 0x6B, 0xB9, 0x6B, 0xB9, 0x6B, 0xB9, 0x6B, 0xB9, 0x6B, 0x99, 0x6B, 0x79, 0x6B, 0x79, 
    0x73, 0x99, 0x73, 0xB9, 0x7B, 0xD9, 0x83, 0xB7, 0x29, 0x05, 0x00, 0x66, 0x02, 0xB3, 0x03, 0x90, 
    0x03, 0xCF, 0x03, 0x4C, 0x03, 0x0C, 0x03, 0x0C, 0x03, 0x0C, 0x03, 0x2D, 0x03, 0x4E, 0x03, 0x4E, 
    0x03, 0x4E, 0x03, 0x4E, 0x03, 0x2E, 0x03, 0x2E, 0x03, 0x4E, 0x03, 0x6E, 0x0B, 0x4E, 0x03, 0x0C, 
    0x02, 0xAA, 0x02, 0x48, 0x01, 0xC7, 0x01, 0x86, 0x02, 0x08, 0x0B, 0x6D, 0x1B, 0x54, 0x00, 0xAA, 
    0x5A, 0x2E, 0x9B, 0x3F, 0x7A, 0x7F, 0x72, 0x7F, 0x7A, 0x7F, 0x7A, 0x5F, 0x7A, 0x3F, 0x92, 0x7F, 
    0x92, 0x7F, 0x92, 0x7F, 0x92, 0x3F, 0x92, 0x1F, 0x91, 0xFF, 0x99, 0xFF, 0x9A, 0x1F, 0xA2, 0x3F, 
    0xA2, 0x7F, 0x9A, 0x3F, 0x91, 0xDF, 0x91, 0xFF, 0x91, 0xFF, 0x91, 0xFF, 0x99, 0xFF, 0xBA, 0x1F, 
    0x8A, 0x14, 0x00, 0x67, 0x19, 0x77, 0x19, 0xF6, 0x22, 0x76, 0x22, 0xB4, 0x22, 0xD5, 0x2A, 0xD6, 
    0x2A, 0xD7, 0x2A, 0xD7, 0x2A, 0xD7, 0x2A, 0xF8, 0x32, 0xF8, 0x33, 0x18, 0x32, 0xF7, 0x32, 0xD6, 
    0x2A, 0xF6, 0x2B, 0x56, 0x33, 0x96, 0x2B, 0xD5, 0x33, 0xD7, 0x33, 0x56, 0x33, 0x16, 0x33, 0x16, 
    0x33, 0x17, 0x33, 0x17, 0x33, 0x17, 0x32, 0xF7, 0x32, 0xD6, 0x32, 0xD6, 0x32, 0xF7, 0x33, 0x17, 
    0x33, 0x77, 0x33, 0xB5, 0x2B, 0xD2, 0x2B, 0xF1, 0x1B, 0x2C, 0x00, 0xE3, 0x00, 0x00, 0x00, 0x00, 
    0x00, 0x00, 0x00, 0x00, 0x00, 0x00, 0x00, 0x00, 0x00, 0x00, 0x00, 0x00, 0x00, 0x00, 0x00, 0x00, 
    0x00, 0x00, 0x00, 0x00, 0x00, 0x00, 0x00, 0x00, 0x00, 0x00, 0x00, 0x00, 0x00, 0x00, 0x00, 0x00, 
    0x00, 0x00, 0x00, 0x00, 0x00, 0x00, 0x00, 0x00, 0x00, 0x00, 0x00, 0x00, 0x00, 0x00, 0x00, 0x00, 
    0x00, 0x00, 0x00, 0x00, 0x00, 0x00, 0x00, 0x00, 0x00, 0x00, 0x00, 0x00, 0x00, 0x00, 0x00, 0x00, 
    0x00, 0x00, 0x00, 0x00, 0x00, 0x00, 0x00, 0x00, 0x00, 0x00, 0x00, 0x00, 0x00, 0x00, 0x00, 0x00, 
    0x00, 0x00, 0x00, 0x00, 0x00, 0x00, 0x00, 0x00, 0x00, 0x00, 0x00, 0x00, 0x00, 0x00, 0x00, 0x00, 
    0x00, 0x00, 0x00, 0x00, 0x00, 0x00, 0x00, 0x00, 0x00, 0x00, 0x00, 0x00, 0x00, 0x00, 0x00, 0x00, 
    0x00, 0x00, 0x00, 0x00, 0x00, 0x00, 0x00, 0x00, 0x00, 0x00, 0x00, 0x00, 0x00, 0x00, 0x00, 0x00, 
    0x00, 0x00, 0x00, 0x00, 0x00, 0x00, 0x00, 0x00, 0x00, 0x00, 0x00, 0x00, 0x00, 0x00, 0x00, 0x00, 
    0x00, 0x20, 0x03, 0x0C, 0x02, 0xED, 0x21, 0x06, 0x3F, 0x5E, 0x0F, 0xFF, 0x17, 0xDF, 0x17, 0xFF, 
    0x17, 0xDF, 0x17, 0xDF, 0x17, 0xDF, 0x17, 0xFF, 0x47, 0x1D, 0x18, 0xC6, 0x02, 0x2E, 0x03, 0x4D, 
    0x01, 0xC6, 0x00, 0x00, 0x00, 0x00, 0x00, 0x00, 0x00, 0x00, 0x00, 0x00, 0x00, 0x00, 0x00, 0x00, 
    0x00, 0x00, 0x00, 0x00, 0x00, 0x00, 0x00, 0xC3, 0x02, 0xEB, 0x03, 0x0F, 0x18, 0xA4, 0x56, 0x5A, 
    0x07, 0xFF, 0x0F, 0xDF, 0x0F, 0xBF, 0x0F, 0xBF, 0x17, 0xBF, 0x17, 0x9F, 0x0F, 0xDF, 0x2F, 0xFF, 
    0x32, 0x4A, 0x00, 0x03, 0x00, 0x02, 0x4B, 0x4E, 0x27, 0xBF, 0x0F, 0xBF, 0x0F, 0x7F, 0x0F, 0x5F, 
    0x17, 0x5F, 0x0F, 0x5F, 0x0F, 0x5F, 0x17, 0xDF, 0x45, 0x57, 0x08, 0x24, 0x02, 0xD1, 0x03, 0x4C, 
    0x01, 0x85, 0x00, 0x00, 0x00, 0x00, 0x00, 0x00, 0x00, 0x00, 0x00, 0x00, 0x00, 0x00, 0x00, 0x00, 
    0x00, 0x00, 0x00, 0x00, 0x00, 0x00, 0x00, 0x82, 0x02, 0xCA, 0x03, 0x91, 0x00, 0x65, 0x44, 0xB6, 
    0x16, 0xFF, 0x16, 0xBF, 0x16, 0x7F, 0x16, 0x5F, 0x16, 0x5F, 0x16, 0x3F, 0x16, 0x5F, 0x36, 0xFF, 
    0x3A, 0xCC, 0x00, 0x03, 0x00, 0x05, 0x3A, 0x2B, 0x36, 0x3F, 0x16, 0x1F, 0x15, 0xDF, 0x15, 0xDF, 
    0x15, 0xBF, 0x15, 0xBF, 0x15, 0x9F, 0x1D, 0xFF, 0x4D, 0x59, 0x10, 0x64, 0x02, 0x10, 0x03, 0x6F, 
    0x03, 0x2C, 0x02, 0x28, 0x02, 0x28, 0x02, 0xEB, 0x03, 0x90, 0x00, 0x64, 0x3A, 0xCE, 0x35, 0xBF, 
    0x35, 0xBF, 0x3D, 0xBF, 0x3D, 0xBF, 0x35, 0x9F, 0x35, 0x7F, 0x3D, 0x7F, 0x3D, 0x5F, 0x35, 0x3F, 
    0x35, 0x1F, 0x3D, 0x1F, 0x3D, 0x1F, 0x45, 0x1F, 0x4D, 0x3F, 0x4D, 0x3F, 0x44, 0xFF, 0x4C, 0xFF, 
    0x19, 0x06, 0x00, 0x02, 0x21, 0x47, 0x4D, 0x1F, 0x24, 0xBF, 0x24, 0x7F, 0x1C, 0x3F, 0x1C, 0x3F, 
    0x1C, 0x3F, 0x24, 0x1F, 0x24, 0x1F, 0x2C, 0x1F, 0x3C, 0x5F, 0x44, 0x9F, 0x44, 0x5F, 0x3C, 0x3F, 
    0x3C, 0x3F, 0x3C, 0x1F, 0x3C, 0x1F, 0x3C, 0x1F, 0x44, 0x1F, 0x44, 0x1F, 0x4B, 0xFF, 0x53, 0xFF, 
    0x53, 0xFF, 0x53, 0xDF, 0x53, 0xBF, 0x53, 0x9F, 0x53, 0x9F, 0x53, 0x9F, 0x53, 0x9F, 0x53, 0x7F, 
    0x5B, 0x7F, 0x63, 0x9F, 0x63, 0x9F, 0x63, 0x7F, 0x7B, 0xFC, 0x29, 0x04, 0x00, 0x87, 0x03, 0x75, 
    0x03, 0xEF, 0x02, 0xEB, 0x02, 0x08, 0x01, 0xA6, 0x01, 0xA6, 0x01, 0xE7, 0x02, 0x07, 0x02, 0x07, 
    0x02, 0x07, 0x02, 0x28, 0x02, 0x28, 0x02, 0x28, 0x02, 0x27, 0x02, 0x07, 0x01, 0xA6, 0x01, 0x44, 
    0x00, 0xE3, 0x00, 0x82, 0x00, 0x82, 0x00, 0xC3, 0x01, 0xA6, 0x0B, 0x4D, 0x1B, 0x13, 0x00, 0x66, 
    0x7A, 0xB3, 0x92, 0xFF, 0x7A, 0x9F, 0x7A, 0x7F, 0x7A, 0x7F, 0x7A, 0x5F, 0x9A, 0xDE, 0x82, 0x95, 
    0x7A, 0x54, 0x82, 0x54, 0x82, 0x55, 0x82, 0x55, 0x82, 0x35, 0x82, 0x14, 0x82, 0x14, 0x82, 0x14, 
    0x82, 0x54, 0x9A, 0xF7, 0x9A, 0x3F, 0x91, 0xDF, 0x91, 0xFF, 0x91, 0xFF, 0x99, 0xDF, 0xC2, 0x5F, 
    0x69, 0xAF, 0x00, 0x2A, 0x08, 0xF7, 0x11, 0x37, 0x00, 0x6B, 0x00, 0x44, 0x08, 0x65, 0x08, 0x65, 
    0x08, 0x65, 0x08, 0x65, 0x08, 0x65, 0x08, 0x86, 0x08, 0x86, 0x08, 0x86, 0x08, 0x86, 0x08, 0x86, 
    0x08, 0x85, 0x08, 0x65, 0x10, 0xED, 0x21, 0xFA, 0x11, 0x50, 0x08, 0x86, 0x08, 0xA6, 0x08, 0x85, 
    0x08, 0x65, 0x08, 0x85, 0x08, 0x86, 0x08, 0x86, 0x08, 0x86, 0x08, 0x66, 0x08, 0x86, 0x08, 0x87, 
    0x08, 0x87, 0x08, 0x85, 0x08, 0xA4, 0x09, 0x07, 0x33, 0xB2, 0x23, 0xCF, 0x01, 0x44, 0x00, 0x00, 
    0x00, 0x00, 0x00, 0x00, 0x00, 0x00, 0x00, 0x00, 0x00, 0x00, 0x00, 0x00, 0x00, 0x00, 0x00, 0x00, 
    0x00, 0x00, 0x00, 0x00, 0x00, 0x00, 0x00, 0x00, 0x00, 0x00, 0x00, 0x00, 0x00, 0x00, 0x00, 0x00, 
    0x00, 0x00, 0x00, 0x00, 0x00, 0x00, 0x00, 0x00, 0x00, 0x00, 0x00, 0x00, 0x00, 0x00, 0x00, 0x00, 
    0x00, 0x00, 0x00, 0x00, 0x00, 0x00, 0x00, 0x00, 0x00, 0x00, 0x00, 0x00, 0x00, 0x00, 0x00, 0x00, 
    0x00, 0x00, 0x00, 0x00, 0x00, 0x00, 0x00, 0x00, 0x00, 0x00, 0x00, 0x00, 0x00, 0x00, 0x00, 0x00, 
    0x00, 0x00, 0x00, 0x00, 0x00, 0x00, 0x00, 0x00, 0x00, 0x00, 0x00, 0x00, 0x00, 0x00, 0x00, 0x00, 
    0x00, 0x00, 0x00, 0x00, 0x00, 0x00, 0x00, 0x00, 0x00, 0x00, 0x00, 0x00, 0x00, 0x00, 0x00, 0x00, 
    0x00, 0x00, 0x00, 0x00, 0x00, 0x00, 0x00, 0x00, 0x00, 0x00, 0x00, 0x00, 0x00, 0x00, 0x00, 0x00, 
    0x00, 0x00, 0x00, 0x00, 0x00, 0x00, 0x00, 0x00, 0x00, 0x00, 0x00, 0x00, 0x00, 0x00, 0x00, 0x00, 
    0x00, 0x20, 0x03, 0x0C, 0x03, 0x0D, 0x21, 0x06, 0x3F, 0x5E, 0x17, 0xFF, 0x17, 0xFF, 0x17, 0xDF, 
    0x17, 0xDF, 0x17, 0xFF, 0x17, 0xFF, 0x17, 0xFF, 0x47, 0x1D, 0x18, 0xC5, 0x02, 0x4E, 0x03, 0x2C, 
    0x01, 0x45, 0x00, 0x00, 0x00, 0x00, 0x00, 0x00, 0x00, 0x00, 0x00, 0x00, 0x00, 0x00, 0x00, 0x00, 
    0x00, 0x00, 0x00, 0x00, 0x00, 0x00, 0x00, 0x61, 0x02, 0xAA, 0x03, 0x0E, 0x18, 0x84, 0x56, 0x5B, 
    0x07, 0xFF, 0x0F, 0xDF, 0x0F, 0xBF, 0x0F, 0xBF, 0x0F, 0x9F, 0x0F, 0x9F, 0x0F, 0xDF, 0x2F, 0xFF, 
    0x32, 0x4B, 0x00, 0x03, 0x00, 0x02, 0x4B, 0x4E, 0x27, 0xBF, 0x0F, 0xBF, 0x0F, 0x7F, 0x0F, 0x5F, 
    0x0F, 0x5F, 0x17, 0x5F, 0x0F, 0x5F, 0x17, 0xDF, 0x45, 0x57, 0x08, 0x25, 0x03, 0x11, 0x03, 0x2C, 
    0x01, 0x04, 0x00, 0x00, 0x00, 0x00, 0x00, 0x00, 0x00, 0x00, 0x00, 0x00, 0x00, 0x00, 0x00, 0x00, 
    0x00, 0x00, 0x00, 0x00, 0x00, 0x00, 0x00, 0x20, 0x02, 0x89, 0x03, 0x70, 0x00, 0x44, 0x4C, 0xB6, 
    0x1F, 0x1F, 0x1E, 0xBF, 0x16, 0x7F, 0x16, 0x5F, 0x16, 0x5F, 0x16, 0x5F, 0x16, 0x5F, 0x36, 0xDF, 
    0x42, 0xAC, 0x00, 0x03, 0x00, 0x05, 0x3A, 0x2B, 0x36, 0x3F, 0x15, 0xFF, 0x15, 0xDF, 0x15, 0xBF, 
    0x15, 0xBF, 0x15, 0x9F, 0x15, 0x7F, 0x1D, 0xFF, 0x4D, 0x59, 0x10, 0x64, 0x02, 0x30, 0x03, 0x6F, 
    0x02, 0xEB, 0x02, 0x28, 0x02, 0x49, 0x03, 0x4C, 0x02, 0xCE, 0x10, 0x42, 0x4C, 0x7A, 0x15, 0x1F, 
    0x25, 0x7F, 0x25, 0x5F, 0x25, 0x3F, 0x25, 0x3F, 0x25, 0x1F, 0x25, 0x1F, 0x24, 0xFF, 0x24, 0xDF, 
    0x24, 0xDF, 0x24, 0xDF, 0x24, 0xBF, 0x24, 0xBF, 0x2C, 0xBF, 0x2C, 0x9F, 0x2C, 0x9F, 0x4C, 0xDD, 
    0x19, 0x06, 0x00, 0x01, 0x21, 0x47, 0x4C, 0xFF, 0x2C, 0x9F, 0x24, 0x7F, 0x24, 0x3F, 0x24, 0x3F, 
    0x24, 0x3F, 0x24, 0x1F, 0x24, 0x1F, 0x24, 0x1F, 0x2C, 0x3F, 0x34, 0x3F, 0x34, 0x3F, 0x2C, 0x1F, 
    0x2B, 0xFF, 0x2B, 0xFF, 0x2B, 0xDF, 0x2B, 0xDF, 0x33, 0xDF, 0x33, 0xFF, 0x3B, 0xFF, 0x3B, 0xDF, 
    0x3B, 0xDF, 0x3B, 0xBF, 0x3B, 0x9F, 0x3B, 0x7F, 0x3B, 0x7F, 0x43, 0x7F, 0x43, 0x7F, 0x43, 0x7F, 
    0x43, 0x7F, 0x4B, 0x7F, 0x4B, 0x5F, 0x53, 0x5F, 0x63, 0x7F, 0x94, 0x5C, 0x31, 0x25, 0x01, 0x09, 
    0x0B, 0xF2, 0x03, 0x0B, 0x01, 0x65, 0x00, 0x61, 0x00, 0x00, 0x00, 0x00, 0x00, 0x00, 0x00, 0x00, 
    0x00, 0x00, 0x00, 0x00, 0x00, 0x00, 0x00, 0x00, 0x00, 0x00, 0x00, 0x00, 0x00, 0x00, 0x00, 0x00, 
    0x00, 0x00, 0x00, 0x00, 0x00, 0x00, 0x00, 0x00, 0x01, 0x85, 0x13, 0x6E, 0x12, 0xD2, 0x00, 0x43, 
    0x82, 0xD8, 0x82, 0x9F, 0x7A, 0x9F, 0x72, 0x7F, 0x7A, 0x7F, 0x8A, 0x9F, 0xA3, 0x3A, 0x00, 0x23, 
    0x00, 0x02, 0x00, 0x02, 0x00, 0x03, 0x00, 0x05, 0x00, 0x05, 0x00, 0x05, 0x00, 0x03, 0x00, 0x02, 
    0x00, 0x00, 0x31, 0x27, 0xB2, 0xBF, 0x91, 0xDF, 0x91, 0xFF, 0x91, 0xFF, 0x99, 0xDF, 0xC2, 0x7F, 
    0x41, 0x49, 0x00, 0x0A, 0x00, 0x92, 0x00, 0x06, 0x39, 0x68, 0xA2, 0xD7, 0xB2, 0x99, 0xB2, 0x99, 
    0xB2, 0x79, 0xB2, 0x99, 0xB2, 0xB9, 0xB2, 0x99, 0xBA, 0x99, 0xBA, 0x99, 0xBA, 0xB9, 0xBA, 0xB9, 
    0xC2, 0xBA, 0x92, 0x53, 0x00, 0x04, 0x00, 0x49, 0x20, 0xC5, 0xA2, 0xB6, 0xC2, 0xBA, 0xBA, 0x99, 
    0xBA, 0x59, 0xBA, 0x79, 0xC2, 0x99, 0xC2, 0xB9, 0xC2, 0xB9, 0xC2, 0xB9, 0xC2, 0xB9, 0xC2, 0x79, 
    0xC2, 0x79, 0xC2, 0x79, 0xCA, 0xB9, 0x59, 0x8C, 0x00, 0x86, 0x3C, 0x36, 0x1B, 0x2C, 0x00, 0x41, 
    0x00, 0x00, 0x00, 0x00, 0x00, 0x00, 0x00, 0x00, 0x00, 0x00, 0x00, 0x00, 0x00, 0x00, 0x00, 0x00, 
    0x00, 0x00, 0x00, 0x00, 0x00, 0x00, 0x00, 0x00, 0x00, 0x00, 0x00, 0x00, 0x00, 0x00, 0x00, 0x00, 
    0x00, 0x00, 0x00, 0x00, 0x00, 0x00, 0x00, 0x00, 0x00, 0x00, 0x00, 0x00, 0x00, 0x00, 0x00, 0x00, 
    0x00, 0x00, 0x00, 0x00, 0x00, 0x00, 0x00, 0x00, 0x00, 0x00, 0x00, 0x00, 0x00, 0x00, 0x00, 0x00, 
    0x00, 0x00, 0x00, 0x00, 0x00, 0x00, 0x00, 0x00, 0x00, 0x00, 0x00, 0x00, 0x00, 0x00, 0x00, 0x00, 
    0x00, 0x00, 0x00, 0x00, 0x00, 0x00, 0x00, 0x00, 0x00, 0x00, 0x00, 0x00, 0x00, 0x00, 0x00, 0x00, 
    0x00, 0x00, 0x00, 0x00, 0x00, 0x00, 0x00, 0x00, 0x00, 0x00, 0x00, 0x00, 0x00, 0x00, 0x00, 0x00, 
    0x00, 0x00, 0x00, 0x00, 0x00, 0x00, 0x00, 0x00, 0x00, 0x00, 0x00, 0x00, 0x00, 0x00, 0x00, 0x00, 
    0x00, 0x00, 0x00, 0x00, 0x00, 0x00, 0x00, 0x00, 0x00, 0x00, 0x00, 0x00, 0x00, 0x00, 0x00, 0x00, 
    0x00, 0x20, 0x02, 0xEB, 0x02, 0xED, 0x21, 0x06, 0x3F, 0x5E, 0x17, 0xFF, 0x17, 0xFF, 0x17, 0xDF, 
    0x17, 0xDF, 0x17, 0xDF, 0x17, 0xFF, 0x17, 0xFF, 0x47, 0x1D, 0x18, 0xC6, 0x02, 0x4E, 0x03, 0x0C, 
    0x01, 0x65, 0x00, 0x00, 0x00, 0x00, 0x00, 0x00, 0x00, 0x00, 0x00, 0x00, 0x00, 0x00, 0x00, 0x00, 
    0x00, 0x00, 0x00, 0x00, 0x00, 0x00, 0x00, 0x41, 0x02, 0xAA, 0x03, 0x2F, 0x18, 0x84, 0x56, 0x5B, 
    0x07, 0xFF, 0x17, 0xDF, 0x0F, 0xBF, 0x0F, 0xBF, 0x0F, 0xBF, 0x0F, 0x9F, 0x0F, 0xDF, 0x2F, 0xFF, 
    0x32, 0x4B, 0x00, 0x03, 0x00, 0x02, 0x43, 0x4E, 0x27, 0xBF, 0x0F, 0xDF, 0x0F, 0x7F, 0x0F, 0x5F, 
    0x17, 0x5F, 0x17, 0x5F, 0x17, 0x5F, 0x17, 0xDF, 0x45, 0x56, 0x08, 0x45, 0x03, 0x31, 0x03, 0x2C, 
    0x01, 0x03, 0x00, 0x00, 0x00, 0x00, 0x00, 0x00, 0x00, 0x00, 0x00, 0x00, 0x00, 0x00, 0x00, 0x00, 
    0x00, 0x00, 0x00, 0x00, 0x00, 0x00, 0x00, 0x00, 0x02, 0x69, 0x03, 0x90, 0x00, 0x64, 0x4C, 0x96, 
    0x1F, 0x1F, 0x1E, 0xBF, 0x16, 0x7F, 0x16, 0x5F, 0x16, 0x5F, 0x16, 0x3F, 0x1E, 0x5F, 0x3E, 0xDF, 
    0x42, 0xAC, 0x00, 0x04, 0x00, 0x05, 0x3A, 0x2B, 0x36, 0x3F, 0x15, 0xFF, 0x15, 0xBF, 0x15, 0xBF, 
    0x15, 0xBF, 0x15, 0x9F, 0x15, 0x7F, 0x1D, 0xFF, 0x4D, 0x59, 0x10, 0x64, 0x02, 0x30, 0x03, 0x8F, 
    0x03, 0x0B, 0x02, 0x69, 0x02, 0xAA, 0x03, 0x8F, 0x01, 0x68, 0x41, 0xE9, 0x3D, 0x3F, 0x15, 0x3F, 
    0x1D, 0x3F, 0x1D, 0x1F, 0x1D, 0x1F, 0x1C, 0xFF, 0x1C, 0xDF, 0x1C, 0xDF, 0x1C, 0xBF, 0x1C, 0xBF, 
    0x1C, 0xBF, 0x1C, 0xBF, 0x1C, 0x9F, 0x1C, 0x9F, 0x1C, 0x7F, 0x24, 0x7F, 0x24, 0x7F, 0x54, 0xFE, 
    0x21, 0x06, 0x00, 0x02, 0x21, 0x68, 0x4C, 0xFF, 0x24, 0x7F, 0x2C, 0x7F, 0x24, 0x3F, 0x24, 0x3F, 
    0x24, 0x3F, 0x24, 0x3F, 0x24, 0x3F, 0x24, 0x1F, 0x24, 0x1F, 0x24, 0x1F, 0x24, 0x1F, 0x23, 0xFF, 
    0x23, 0xDF, 0x23, 0xDF, 0x2B, 0xDF, 0x2B, 0xDF, 0x2B, 0xDF, 0x2B, 0xDF, 0x33, 0xDF, 0x33, 0xBF, 
    0x33, 0x9F, 0x33, 0x9F, 0x2B, 0x7F, 0x33, 0x7F, 0x33, 0x7F, 0x3B, 0x7F, 0x3B, 0x7F, 0x3B, 0x7F, 
    0x3B, 0x5F, 0x3B, 0x5F, 0x3B, 0x5F, 0x43, 0x5F, 0x53, 0x7F, 0x73, 0xDF, 0x9C, 0x9C, 0x20, 0xA4, 
    0x02, 0x6C, 0x03, 0x6D, 0x01, 0x44, 0x00, 0x00, 0x00, 0x00, 0x00, 0x00, 0x00, 0x00, 0x00, 0x00, 
    0x00, 0x00, 0x00, 0x00, 0x00, 0x00, 0x00, 0x00, 0x00, 0x00, 0x00, 0x00, 0x00, 0x00, 0x00, 0x00, 
    0x00, 0x00, 0x00, 0x00, 0x00, 0x00, 0x00, 0x00, 0x01, 0xC6, 0x13, 0xAF, 0x12, 0x71, 0x18, 0x84, 
    0x92, 0xFC, 0x7A, 0x5F, 0x72, 0x7F, 0x72, 0x5F, 0x7A, 0x5F, 0x92, 0xDF, 0x92, 0xD6, 0x00, 0x04, 
    0x00, 0x08, 0x00, 0x49, 0x00, 0x6A, 0x00, 0x8B, 0x00, 0x8B, 0x00, 0x6A, 0x00, 0x49, 0x00, 0x28, 
    0x00, 0x02, 0x51, 0x8C, 0xB2, 0x5F, 0x91, 0xDF, 0x91, 0xFF, 0x99, 0xDF, 0xA1, 0xDF, 0xC2, 0x9E, 
    0x28, 0xC6, 0x00, 0x07, 0x00, 0x02, 0x51, 0xCC, 0xCB, 0x7F, 0xC2, 0x1F, 0xC2, 0x1F, 0xC2, 0x1F, 
    0xC9, 0xFF, 0xC9, 0xDF, 0xC9, 0xFF, 0xD1, 0xDF, 0xD1, 0xDF, 0xD1, 0xBF, 0xD1, 0xBF, 0xD1, 0xBF, 
    0xF2, 0x5F, 0x69, 0xAF, 0x00, 0x00, 0x29, 0x06, 0xCA, 0xDC, 0xE9, 0xFF, 0xE1, 0xDF, 0xE1, 0xDF, 
    0xE1, 0x9F, 0xE1, 0x9F, 0xE9, 0x9F, 0xE9, 0xBF, 0xF1, 0xDF, 0xF1, 0xDF, 0xF1, 0xBF, 0xF1, 0x9F, 
    0xF1, 0x7F, 0xF9, 0x9F, 0xF9, 0xBF, 0xF3, 0x1F, 0x31, 0x27, 0x11, 0x8D, 0x2C, 0x12, 0x09, 0xC6, 
    0x00, 0x00, 0x00, 0x00, 0x00, 0x00, 0x00, 0x00, 0x00, 0x00, 0x00, 0x00, 0x00, 0x00, 0x00, 0x00, 
    0x00, 0x00, 0x00, 0x00, 0x00, 0x00, 0x00, 0x00, 0x00, 0x00, 0x00, 0x00, 0x00, 0x00, 0x00, 0x00, 
    0x00, 0x00, 0x00, 0x00, 0x00, 0x00, 0x00, 0x00, 0x00, 0x00, 0x00, 0x00, 0x00, 0x00, 0x00, 0x00, 
    0x00, 0x00, 0x00, 0x00, 0x00, 0x00, 0x00, 0x00, 0x00, 0x00, 0x00, 0x00, 0x00, 0x00, 0x00, 0x00, 
    0x00, 0x00, 0x00, 0x00, 0x00, 0x00, 0x00, 0x00, 0x00, 0x00, 0x00, 0x00, 0x00, 0x00, 0x00, 0x00, 
    0x00, 0x00, 0x00, 0x00, 0x00, 0x00, 0x00, 0x00, 0x00, 0x00, 0x00, 0x00, 0x00, 0x00, 0x00, 0x00, 
    0x00, 0x00, 0x00, 0x00, 0x00, 0x00, 0x00, 0x00, 0x00, 0x00, 0x00, 0x00, 0x00, 0x00, 0x00, 0x00, 
    0x00, 0x00, 0x00, 0x00, 0x00, 0x00, 0x00, 0x00, 0x00, 0x00, 0x00, 0x00, 0x00, 0x00, 0x00, 0x00, 
    0x00, 0x00, 0x00, 0x00, 0x00, 0x00, 0x00, 0x00, 0x00, 0x00, 0x00, 0x00, 0x00, 0x00, 0x00, 0x00, 
    0x00, 0x20, 0x03, 0x0B, 0x02, 0xED, 0x21, 0x06, 0x3F, 0x5E, 0x17, 0xFF, 0x17, 0xDF, 0x17, 0xDF, 
    0x17, 0xDF, 0x17, 0xDF, 0x17, 0xDF, 0x17, 0xFF, 0x47, 0x1D, 0x18, 0xC6, 0x02, 0x2E, 0x03, 0x0C, 
    0x01, 0x65, 0x00, 0x00, 0x00, 0x00, 0x00, 0x00, 0x00, 0x00, 0x00, 0x00, 0x00, 0x00, 0x00, 0x00, 
    0x00, 0x00, 0x00, 0x00, 0x00, 0x00, 0x00, 0x41, 0x02, 0xCA, 0x03, 0x2F, 0x18, 0x84, 0x56, 0x5B, 
    0x07, 0xFF, 0x17, 0xDF, 0x0F, 0xBF, 0x0F, 0xBF, 0x0F, 0x9F, 0x0F, 0x9F, 0x0F, 0xDF, 0x2F, 0xFF, 
    0x32, 0x4B, 0x00, 0x04, 0x00, 0x03, 0x43, 0x4E, 0x27, 0xBF, 0x0F, 0xBF, 0x0F, 0x7F, 0x0F, 0x5F, 
    0x17, 0x5F, 0x17, 0x5F, 0x0F, 0x5F, 0x17, 0xDF, 0x45, 0x56, 0x08, 0x45, 0x03, 0x31, 0x03, 0x2C, 
    0x00, 0xE3, 0x00, 0x00, 0x00, 0x00, 0x00, 0x00, 0x00, 0x00, 0x00, 0x00, 0x00, 0x00, 0x00, 0x00, 
    0x00, 0x00, 0x00, 0x00, 0x00, 0x00, 0x00, 0x00, 0x02, 0x69, 0x03, 0xB0, 0x00, 0x64, 0x4C, 0x96, 
    0x16, 0xFF, 0x16, 0xBF, 0x16, 0x7F, 0x16, 0x5F, 0x16, 0x3F, 0x16, 0x3F, 0x16, 0x5F, 0x36, 0xDF, 
    0x42, 0xAC, 0x00, 0x03, 0x00, 0x05, 0x3A, 0x4B, 0x36, 0x3F, 0x15, 0xFF, 0x15, 0xBF, 0x15, 0xBF, 
    0x15, 0x9F, 0x15, 0x9F, 0x15, 0x7F, 0x1D, 0xDF, 0x4D, 0x59, 0x10, 0x64, 0x02, 0x30, 0x03, 0x8F, 
    0x03, 0x4C, 0x02, 0xCB, 0x03, 0x2C, 0x03, 0x70, 0x00, 0x63, 0x5C, 0x35, 0x25, 0x3F, 0x1D, 0x5F, 
    0x1D, 0x1F, 0x1D, 0x1F, 0x1C, 0xFF, 0x1C, 0xDF, 0x1C, 0xDF, 0x1C, 0xBF, 0x1C, 0xBF, 0x1C, 0xBF, 
    0x1C, 0xBF, 0x1C, 0x9F, 0x1C, 0x9F, 0x1C, 0x7F, 0x1C, 0x7F, 0x1C, 0x5F, 0x24, 0x7F, 0x55, 0x1E, 
    0x21, 0x27, 0x00, 0x06, 0x08, 0x64, 0x5C, 0x59, 0x24, 0x5F, 0x24, 0x5F, 0x24, 0x5F, 0x24, 0x3F, 
    0x24, 0x3F, 0x24, 0x3F, 0x24, 0x3F, 0x24, 0x1F, 0x24, 0x1F, 0x24, 0x1F, 0x23, 0xFF, 0x23, 0xFF, 
    0x23, 0xDF, 0x23, 0xDF, 0x23, 0xDF, 0x2B, 0xDF, 0x2B, 0xDF, 0x33, 0xBF, 0x33, 0xBF, 0x33, 0x9F, 
    0x33, 0x9F, 0x2B, 0x7F, 0x33, 0x7F, 0x33, 0x5F, 0x33, 0x7F, 0x3B, 0x7F, 0x3B, 0x7F, 0x3B, 0x7F, 
    0x3B, 0x5F, 0x3B, 0x5F, 0x3B, 0x3F, 0x43, 0x5F, 0x4B, 0x7F, 0x5B, 0x7F, 0x8C, 0x5F, 0x41, 0xA9, 
    0x01, 0x89, 0x0B, 0xAF, 0x01, 0xA6, 0x00, 0x00, 0x00, 0x00, 0x00, 0x00, 0x00, 0x00, 0x00, 0x00, 
    0x00, 0x00, 0x00, 0x00, 0x00, 0x00, 0x00, 0x00, 0x00, 0x00, 0x00, 0x00, 0x00, 0x00, 0x00, 0x00, 
    0x00, 0x00, 0x00, 0x00, 0x00, 0x00, 0x00, 0x00, 0x02, 0x07, 0x13, 0xD1, 0x09, 0xEF, 0x39, 0x08, 
    0xA3, 0x3F, 0x7A, 0x5F, 0x72, 0x5F, 0x72, 0x5F, 0x72, 0x3F, 0x9A, 0xBF, 0x72, 0x31, 0x00, 0x03, 
    0x00, 0x29, 0x00, 0x6A, 0x00, 0xAB, 0x00, 0xAB, 0x00, 0xAB, 0x00, 0x8B, 0x00, 0x6A, 0x00, 0x49, 
    0x00, 0x01, 0x71, 0xF1, 0xAA, 0x1F, 0x91, 0xFF, 0x91, 0xFF, 0x99, 0xDF, 0xA9, 0xDF, 0xBA, 0x9C, 
    0x10, 0x65, 0x00, 0x02, 0x49, 0x6B, 0xC2, 0xFF, 0xA9, 0xFF, 0xA9, 0xFF, 0xA1, 0xDF, 0xA1, 0xBF, 
    0xA1, 0x9F, 0xA9, 0x9F, 0xA9, 0x9F, 0xA9, 0x9F, 0xB1, 0x9F, 0xB1, 0x9F, 0xB9, 0x9F, 0xC1, 0x7F, 
    0xCA, 0x9C, 0x08, 0x43, 0x39, 0x49, 0xCA, 0xFE, 0xD1, 0x9F, 0xC1, 0x9F, 0xB9, 0xBF, 0xB9, 0x9F, 
    0xC1, 0x7F, 0xC1, 0x7F, 0xC1, 0x7F, 0xC9, 0x7F, 0xC9, 0x7F, 0xD1, 0x9F, 0xD1, 0x7F, 0xD1, 0x7F, 
    0xD1, 0x7F, 0xD9, 0x7F, 0xE1, 0xBF, 0xFA, 0x1F, 0xC2, 0xD9, 0x08, 0x44, 0x23, 0x31, 0x13, 0x2C, 
    0x00, 0x00, 0x00, 0x00, 0x00, 0x00, 0x00, 0x00, 0x00, 0x00, 0x00, 0x00, 0x00, 0x00, 0x00, 0x00, 
    0x00, 0x00, 0x00, 0x00, 0x00, 0x00, 0x00, 0x00, 0x00, 0x00, 0x00, 0x00, 0x00, 0x00, 0x00, 0x00, 
    0x00, 0x00, 0x00, 0x00, 0x00, 0x00, 0x00, 0x00, 0x00, 0x00, 0x00, 0x00, 0x00, 0x00, 0x00, 0x00, 
    0x00, 0x00, 0x00, 0x00, 0x00, 0x00, 0x00, 0x00, 0x00, 0x00, 0x00, 0x00, 0x00, 0x00, 0x00, 0x00, 
    0x00, 0x00, 0x00, 0x00, 0x00, 0x00, 0x00, 0x00, 0x00, 0x00, 0x00, 0x00, 0x00, 0x00, 0x00, 0x00, 
    0x00, 0x00, 0x00, 0x00, 0x00, 0x00, 0x00, 0x00, 0x00, 0x00, 0x00, 0x00, 0x00, 0x00, 0x00, 0x00, 
    0x00, 0x00, 0x00, 0x00, 0x00, 0x00, 0x00, 0x00, 0x00, 0x00, 0x00, 0x00, 0x00, 0x00, 0x00, 0x00, 
    0x00, 0x00, 0x00, 0x00, 0x00, 0x00, 0x00, 0x00, 0x00, 0x00, 0x00, 0x00, 0x00, 0x00, 0x00, 0x00, 
    0x00, 0x00, 0x00, 0x00, 0x00, 0x00, 0x00, 0x00, 0x00, 0x00, 0x00, 0x00, 0x00, 0x00, 0x00, 0x00, 
    0x00, 0x41, 0x03, 0x0B, 0x03, 0x0D, 0x21, 0x06, 0x3F, 0x5E, 0x0F, 0xFF, 0x17, 0xFF, 0x17, 0xDF, 
    0x17, 0xDF, 0x17, 0xDF, 0x17, 0xDF, 0x17, 0xFF, 0x47, 0x1D, 0x18, 0xC6, 0x02, 0x4E, 0x03, 0x2C, 
    0x01, 0x65, 0x00, 0x00, 0x00, 0x00, 0x00, 0x00, 0x00, 0x00, 0x00, 0x00, 0x00, 0x00, 0x00, 0x00, 
    0x00, 0x00, 0x00, 0x00, 0x00, 0x00, 0x00, 0x61, 0x02, 0xCA, 0x03, 0x2F, 0x18, 0x84, 0x56, 0x5A, 
    0x0F, 0xFF, 0x17, 0xDF, 0x0F, 0xBF, 0x0F, 0xBF, 0x0F, 0x9F, 0x0F, 0x9F, 0x0F, 0xDF, 0x2F, 0xFF, 
    0x32, 0x6B, 0x00, 0x04, 0x00, 0x03, 0x43, 0x4E, 0x27, 0xBF, 0x0F, 0xBF, 0x0F, 0x7F, 0x0F, 0x5F, 
    0x17, 0x5F, 0x17, 0x5F, 0x17, 0x7F, 0x17, 0xDF, 0x45, 0x56, 0x08, 0x45, 0x03, 0x11, 0x03, 0x0B, 
    0x01, 0x03, 0x00, 0x00, 0x00, 0x00, 0x00, 0x00, 0x00, 0x00, 0x00, 0x00, 0x00, 0x00, 0x00, 0x00, 
    0x00, 0x00, 0x00, 0x00, 0x00, 0x00, 0x00, 0x00, 0x02, 0x48, 0x03, 0xB0, 0x00, 0x86, 0x4C, 0x96, 
    0x16, 0xFF, 0x16, 0xBF, 0x16, 0x7F, 0x16, 0x5F, 0x16, 0x5F, 0x16, 0x3F, 0x16, 0x5F, 0x36, 0xDF, 
    0x3A, 0xAC, 0x00, 0x03, 0x00, 0x04, 0x3A, 0x4B, 0x36, 0x3F, 0x15, 0xFF, 0x15, 0xBF, 0x15, 0x9F, 
    0x15, 0x9F, 0x15, 0x9F, 0x15, 0x7F, 0x1D, 0xDF, 0x45, 0x59, 0x10, 0x64, 0x02, 0x10, 0x03, 0x6F, 
    0x03, 0x8D, 0x03, 0x4D, 0x03, 0xCF, 0x02, 0x4D, 0x29, 0x25, 0x55, 0x5E, 0x1D, 0x1F, 0x1D, 0x3F, 
    0x1D, 0x1F, 0x1C, 0xFF, 0x1C, 0xFF, 0x1C, 0xDF, 0x1C, 0xBF, 0x1C, 0xBF, 0x1C, 0xBF, 0x1C, 0xBF, 
    0x1C, 0x9F, 0x1C, 0x9F, 0x1C, 0x7F, 0x1C, 0x7F, 0x1C, 0x7F, 0x1C, 0x3F, 0x24, 0x7F, 0x5D, 0x1E, 
    0x21, 0x27, 0x00, 0x08, 0x00, 0x07, 0x21, 0x05, 0x5C, 0xBB, 0x13, 0xFF, 0x1C, 0x1F, 0x24, 0x3F, 
    0x24, 0x3F, 0x24, 0x3F, 0x24, 0x1F, 0x24, 0x1F, 0x23, 0xFF, 0x23, 0xFF, 0x23, 0xDF, 0x23, 0xDF, 
    0x23, 0xDF, 0x23, 0xDF, 0x2B, 0xDF, 0x2B, 0xDF, 0x2B, 0xDF, 0x2B, 0xBF, 0x2B, 0xBF, 0x2B, 0x9F, 
    0x2B, 0x7F, 0x2B, 0x7F, 0x33, 0x5F, 0x33, 0x5F, 0x33, 0x7F, 0x3B, 0x7F, 0x3B, 0x7F, 0x3B, 0x5F, 
    0x3B, 0x5F, 0x3B, 0x3F, 0x3B, 0x3F, 0x43, 0x5F, 0x43, 0x5F, 0x53, 0x5F, 0x84, 0x1F, 0x41, 0x89, 
    0x01, 0x6A, 0x13, 0xB0, 0x01, 0xE6, 0x00, 0x00, 0x00, 0x00, 0x00, 0x00, 0x00, 0x00, 0x00, 0x00, 
    0x00, 0x00, 0x00, 0x00, 0x00, 0x00, 0x00, 0x00, 0x00, 0x00, 0x00, 0x00, 0x00, 0x00, 0x00, 0x00, 
    0x00, 0x00, 0x00, 0x00, 0x00, 0x00, 0x00, 0x00, 0x0A, 0x69, 0x1B, 0xF2, 0x01, 0x4B, 0x51, 0xAC, 
    0xA3, 0x5F, 0x7A, 0x7F, 0x72, 0x5F, 0x72, 0x5F, 0x72, 0x3F, 0x9A, 0x9F, 0x49, 0x4B, 0x00, 0x04, 
    0x00, 0x2A, 0x00, 0x6B, 0x00, 0xAB, 0x00, 0xAB, 0x00, 0x8B, 0x00, 0x8B, 0x00, 0x6B, 0x00, 0x4B, 
    0x00, 0x02, 0x92, 0xB7, 0xA2, 0x1F, 0x91, 0xDF, 0x91, 0xDF, 0x91, 0xDF, 0xB1, 0xDF, 0x9A, 0x57, 
    0x00, 0x03, 0x00, 0x03, 0x92, 0x96, 0xBA, 0x3F, 0xA1, 0xDF, 0xA1, 0xDF, 0xA1, 0xBF, 0xA1, 0x9F, 
    0xA1, 0x7F, 0xA9, 0x7F, 0xA9, 0x9F, 0xA9, 0x9F, 0xB1, 0x9F, 0xB1, 0x7F, 0xB1, 0x3F, 0xD1, 0xBF, 
    0x71, 0xF1, 0x00, 0x43, 0xCA, 0xDD, 0xD1, 0x9F, 0xB9, 0x9F, 0xB9, 0x9F, 0xB9, 0x9F, 0xB9, 0x7F, 
    0xB9, 0x7F, 0xB9, 0x7F, 0xC1, 0x5F, 0xC1, 0x5F, 0xC9, 0x7F, 0xC9, 0x7F, 0xD1, 0x5F, 0xD1, 0x5F, 
    0xD1, 0x5F, 0xD1, 0x7F, 0xD1, 0x7F, 0xE1, 0x7F, 0xF2, 0x5F, 0x30, 0xE7, 0x1A, 0x70, 0x1B, 0x8E, 
    0x00, 0x81, 0x00, 0x00, 0x00, 0x00, 0x00, 0x00, 0x00, 0x00, 0x00, 0x00, 0x00, 0x00, 0x00, 0x00, 
    0x00, 0x00, 0x00, 0x00, 0x00, 0x00, 0x00, 0x00, 0x00, 0x00, 0x00, 0x00, 0x00, 0x00, 0x00, 0x00, 
    0x00, 0x00, 0x00, 0x00, 0x00, 0x00, 0x00, 0x00, 0x00, 0x00, 0x00, 0x00, 0x00, 0x00, 0x00, 0x00, 
    0x00, 0x00, 0x00, 0x00, 0x00, 0x00, 0x00, 0x00, 0x00, 0x00, 0x00, 0x00, 0x00, 0x00, 0x00, 0x00, 
    0x00, 0x00, 0x00, 0x00, 0x00, 0x00, 0x00, 0x00, 0x00, 0x00, 0x00, 0x00, 0x00, 0x00, 0x00, 0x00, 
    0x00, 0x00, 0x00, 0x00, 0x00, 0x00, 0x00, 0x00, 0x00, 0x00, 0x00, 0x00, 0x00, 0x00, 0x00, 0x00, 
    0x00, 0x00, 0x00, 0x00, 0x00, 0x00, 0x00, 0x00, 0x00, 0x00, 0x00, 0x00, 0x00, 0x00, 0x00, 0x00, 
    0x00, 0x00, 0x00, 0x00, 0x00, 0x00, 0x00, 0x00, 0x00, 0x00, 0x00, 0x00, 0x00, 0x00, 0x00, 0x00, 
    0x00, 0x00, 0x00, 0x00, 0x00, 0x00, 0x00, 0x00, 0x00, 0x00, 0x00, 0x00, 0x00, 0x00, 0x00, 0x00, 
    0x00, 0x20, 0x03, 0x0B, 0x03, 0x0D, 0x21, 0x06, 0x3F, 0x7E, 0x0F, 0xFF, 0x17, 0xFF, 0x17, 0xDF, 
    0x17, 0xDF, 0x17, 0xDF, 0x17, 0xDF, 0x17, 0xFF, 0x47, 0x1D, 0x18, 0xC6, 0x02, 0x4F, 0x03, 0x2C, 
    0x01, 0x65, 0x00, 0x00, 0x00, 0x00, 0x00, 0x00, 0x00, 0x00, 0x00, 0x00, 0x00, 0x00, 0x00, 0x00, 
    0x00, 0x00, 0x00, 0x00, 0x00, 0x00, 0x00, 0x61, 0x02, 0xCA, 0x03, 0x2F, 0x18, 0x84, 0x56, 0x5A, 
    0x0F, 0xFF, 0x17, 0xDF, 0x0F, 0xBF, 0x0F, 0xBF, 0x0F, 0xBF, 0x0F, 0x9F, 0x0F, 0xDF, 0x2F, 0xFF, 
    0x32, 0x6B, 0x00, 0x04, 0x00, 0x03, 0x4B, 0x6E, 0x27, 0xBF, 0x0F, 0xBF, 0x0F, 0x7F, 0x17, 0x5F, 
    0x17, 0x5F, 0x17, 0x5F, 0x17, 0x7F, 0x17, 0xFF, 0x45, 0x56, 0x08, 0x24, 0x02, 0xF0, 0x03, 0x0B, 
    0x01, 0x04, 0x00, 0x00, 0x00, 0x00, 0x00, 0x00, 0x00, 0x00, 0x00, 0x00, 0x00, 0x00, 0x00, 0x00, 
    0x00, 0x00, 0x00, 0x00, 0x00, 0x00, 0x00, 0x00, 0x02, 0x69, 0x03, 0xB1, 0x00, 0x86, 0x44, 0x96, 
    0x16, 0xFF, 0x16, 0xBF, 0x16, 0x7F, 0x16, 0x5F, 0x16, 0x3F, 0x16, 0x3F, 0x16, 0x5F, 0x3E, 0xFF, 
    0x42, 0xAC, 0x00, 0x03, 0x00, 0x04, 0x3A, 0x4B, 0x36, 0x3F, 0x15, 0xFF, 0x15, 0xBF, 0x15, 0x9F, 
    0x15, 0x9F, 0x15, 0x9F, 0x15, 0x7F, 0x1D, 0xDF, 0x4D, 0x59, 0x10, 0x63, 0x01, 0xEF, 0x03, 0x2F, 
    0x03, 0xAE, 0x03, 0xAE, 0x03, 0xF1, 0x00, 0xE6, 0x4A, 0xEE, 0x35, 0x7F, 0x1D, 0x1F, 0x1C, 0xFF, 
    0x1C, 0xFF, 0x14, 0xBF, 0x14, 0xBF, 0x14, 0x9F, 0x1C, 0xBF, 0x1C, 0xBF, 0x1C, 0x9F, 0x1C, 0xBF, 
    0x1C, 0xBF, 0x24, 0x9F, 0x24, 0x9F, 0x1C, 0x7F, 0x1C, 0x7F, 0x1C, 0x5F, 0x24, 0x7F, 0x5D, 0x1E, 
    0x21, 0x27, 0x00, 0x29, 0x00, 0x8D, 0x00, 0x06, 0x21, 0x25, 0x4C, 0x7B, 0x0B, 0x9F, 0x24, 0x1F, 
    0x2C, 0x3F, 0x2C, 0x3F, 0x24, 0x1F, 0x24, 0x1F, 0x23, 0xFF, 0x23, 0xDF, 0x23, 0xDF, 0x23, 0xDF, 
    0x23, 0xBF, 0x23, 0xBF, 0x2B, 0xBF, 0x2B, 0xBF, 0x2B, 0x9F, 0x2B, 0x9F, 0x2B, 0x7F, 0x2B, 0x5F, 
    0x2B, 0x5F, 0x2B, 0x5F, 0x2B, 0x5F, 0x33, 0x3F, 0x33, 0x3F, 0x33, 0x3F, 0x3B, 0x5F, 0x3B, 0x5F, 
    0x3B, 0x5F, 0x3B, 0x3F, 0x3B, 0x3F, 0x43, 0x5F, 0x43, 0x5F, 0x4B, 0x5F, 0x7C, 0x1F, 0x41, 0x89, 
    0x01, 0x6B, 0x0B, 0xB1, 0x02, 0x07, 0x00, 0x00, 0x00, 0x00, 0x00, 0x00, 0x00, 0x00, 0x00, 0x00, 
    0x00, 0x00, 0x00, 0x00, 0x00, 0x00, 0x00, 0x00, 0x00, 0x00, 0x00, 0x00, 0x00, 0x00, 0x00, 0x00, 
    0x00, 0x00, 0x00, 0x00, 0x00, 0x00, 0x00, 0x00, 0x0A, 0xCA, 0x1B, 0xB2, 0x00, 0xA7, 0x6A, 0x31, 
    0x92, 0xFF, 0x7A, 0x7F, 0x72, 0x7F, 0x72, 0x5F, 0x7A, 0x1F, 0xA2, 0xDF, 0x31, 0x06, 0x00, 0x00, 
    0x00, 0x44, 0x00, 0x44, 0x00, 0x44, 0x00, 0x43, 0x00, 0x42, 0x00, 0x42, 0x00, 0x44, 0x00, 0x03, 
    0x20, 0xE6, 0xAB, 0x3C, 0x9A, 0x1F, 0x91, 0xFF, 0x91, 0xDF, 0x91, 0xBF, 0xBA, 0x1F, 0x79, 0xF1, 
    0x00, 0x01, 0x00, 0x24, 0xAA, 0xDA, 0xA9, 0xFF, 0xA1, 0xDF, 0xA1, 0xDF, 0xA1, 0xBF, 0xA9, 0x9F, 
    0xB1, 0x7F, 0xB9, 0x7F, 0xB9, 0xBF, 0xC1, 0xBF, 0xC1, 0x9F, 0xC1, 0x7F, 0xC0, 0xDF, 0xD1, 0xFF, 
    0x10, 0x84, 0x31, 0x07, 0xDA, 0x9F, 0xB9, 0x9F, 0xB9, 0xBF, 0xB9, 0x9F, 0xB9, 0x7F, 0xD1, 0x7F, 
    0xD9, 0xBF, 0xD9, 0x9F, 0xD9, 0x9F, 0xD9, 0x7F, 0xD9, 0x5F, 0xE1, 0x5F, 0xE1, 0x9F, 0xD1, 0x7F, 
    0xD1, 0x7F, 0xD1, 0x7F, 0xD9, 0x7F, 0xE1, 0x1F, 0xD9, 0xDD, 0x18, 0x85, 0x22, 0x92, 0x1B, 0x6E, 
    0x00, 0xC2, 0x00, 0x00, 0x00, 0x00, 0x00, 0x00, 0x00, 0x00, 0x00, 0x00, 0x00, 0x00, 0x00, 0x00, 
    0x00, 0x00, 0x00, 0x00, 0x00, 0x00, 0x00, 0x00, 0x00, 0x00, 0x00, 0x00, 0x00, 0x00, 0x00, 0x00, 
    0x00, 0x00, 0x00, 0x00, 0x00, 0x00, 0x00, 0x00, 0x00, 0x00, 0x00, 0x00, 0x00, 0x00, 0x00, 0x00, 
    0x00, 0x00, 0x00, 0x00, 0x00, 0x00, 0x00, 0x00, 0x00, 0x00, 0x00, 0x00, 0x00, 0x00, 0x00, 0x00, 
    0x00, 0x00, 0x00, 0x00, 0x00, 0x00, 0x00, 0x00, 0x00, 0x00, 0x00, 0x00, 0x00, 0x00, 0x00, 0x00, 
    0x00, 0x00, 0x00, 0x00, 0x00, 0x00, 0x00, 0x00, 0x00, 0x00, 0x00, 0x00, 0x00, 0x00, 0x00, 0x00, 
    0x00, 0x00, 0x00, 0x00, 0x00, 0x00, 0x00, 0x00, 0x00, 0x00, 0x00, 0x00, 0x00, 0x00, 0x00, 0x00, 
    0x00, 0x00, 0x00, 0x00, 0x00, 0x00, 0x00, 0x00, 0x00, 0x00, 0x00, 0x00, 0x00, 0x00, 0x00, 0x00, 
    0x00, 0x00, 0x00, 0x00, 0x00, 0x00, 0x00, 0x00, 0x00, 0x00, 0x00, 0x00, 0x00, 0x00, 0x00, 0x00, 
    0x00, 0x41, 0x03, 0x0B, 0x03, 0x0C, 0x21, 0x06, 0x37, 0x7E, 0x0F, 0xFF, 0x17, 0xDF, 0x17, 0xDF, 
    0x17, 0xDF, 0x17, 0xDF, 0x17, 0xDF, 0x17, 0xFF, 0x47, 0x1D, 0x18, 0xC6, 0x02, 0x4E, 0x03, 0x4D, 
    0x01, 0xA6, 0x00, 0x00, 0x00, 0x00, 0x00, 0x00, 0x00, 0x00, 0x00, 0x00, 0x00, 0x00, 0x00, 0x00, 
    0x00, 0x00, 0x00, 0x00, 0x00, 0x00, 0x00, 0xA2, 0x02, 0xEB, 0x03, 0x0F, 0x18, 0x84, 0x56, 0x5A, 
    0x07, 0xFF, 0x0F, 0xDF, 0x0F, 0xBF, 0x0F, 0xBF, 0x0F, 0xBF, 0x0F, 0xBF, 0x0F, 0xDF, 0x2F, 0xFF, 
    0x32, 0x6B, 0x00, 0x04, 0x00, 0x03, 0x4B, 0x6E, 0x27, 0xDF, 0x0F, 0xBF, 0x0F, 0x9F, 0x17, 0x7F, 
    0x17, 0x5F, 0x17, 0x5F, 0x17, 0x7F, 0x17, 0xFF, 0x45, 0x56, 0x08, 0x24, 0x02, 0xF0, 0x03, 0x2C, 
    0x01, 0x24, 0x00, 0x00, 0x00, 0x00, 0x00, 0x00, 0x00, 0x00, 0x00, 0x00, 0x00, 0x00, 0x00, 0x00, 
    0x00, 0x00, 0x00, 0x00, 0x00, 0x00, 0x00, 0x41, 0x02, 0xA9, 0x03, 0xD1, 0x00, 0x85, 0x4C, 0xB6, 
    0x16, 0xFF, 0x16, 0xBF, 0x16, 0x7F, 0x16, 0x5F, 0x16, 0x5F, 0x16, 0x3F, 0x16, 0x5F, 0x3E, 0xFF, 
    0x42, 0xCC, 0x00, 0x03, 0x00, 0x05, 0x3A, 0x4B, 0x36, 0x3F, 0x15, 0xDF, 0x15, 0xBF, 0x15, 0x9F, 
    0x15, 0x9F, 0x1D, 0x9F, 0x15, 0x7F, 0x25, 0xDF, 0x4D, 0x59, 0x10, 0x63, 0x01, 0xCF, 0x03, 0x0F, 
    0x03, 0xAE, 0x03, 0xCF, 0x03, 0x0F, 0x10, 0xA5, 0x65, 0x3B, 0x25, 0x3F, 0x24, 0xFF, 0x1C, 0xDF, 
    0x1C, 0xBF, 0x14, 0xBF, 0x1C, 0xBF, 0x1C, 0x9F, 0x1C, 0x9F, 0x1C, 0x9F, 0x24, 0x9F, 0x14, 0x3F, 
    0x24, 0xBF, 0x24, 0xBF, 0x24, 0x9F, 0x1C, 0x7F, 0x1C, 0x7F, 0x1C, 0x5F, 0x24, 0x7F, 0x5D, 0x1E, 
    0x21, 0x27, 0x00, 0x4A, 0x00, 0xED, 0x00, 0xED, 0x00, 0x04, 0x29, 0x45, 0x4C, 0x5C, 0x23, 0xFF, 
    0x2C, 0x1F, 0x2C, 0x3F, 0x2C, 0x3F, 0x2C, 0x1F, 0x2B, 0xFF, 0x2B, 0xFF, 0x2B, 0xDF, 0x2B, 0xDF, 
    0x2B, 0xFF, 0x33, 0xFF, 0x33, 0xFF, 0x33, 0xDF, 0x33, 0xBF, 0x33, 0xBF, 0x33, 0x9F, 0x33, 0x9F, 
    0x33, 0x9F, 0x33, 0x9F, 0x3B, 0x9F, 0x33, 0x7F, 0x33, 0x5F, 0x33, 0x3F, 0x2A, 0xFF, 0x3B, 0x5F, 
    0x3B, 0x5F, 0x3B, 0x3F, 0x3B, 0x3F, 0x43, 0x3F, 0x43, 0x3F, 0x4B, 0x3F, 0x7B, 0xFF, 0x41, 0x89, 
    0x01, 0x4B, 0x0B, 0xB1, 0x02, 0x28, 0x00, 0x00, 0x00, 0x00, 0x00, 0x00, 0x00, 0x00, 0x00, 0x00, 
    0x00, 0x00, 0x00, 0x00, 0x00, 0x00, 0x00, 0x00, 0x00, 0x00, 0x00, 0x00, 0x00, 0x00, 0x00, 0x00, 
    0x00, 0x00, 0x00, 0x00, 0x00, 0x00, 0x00, 0x41, 0x0B, 0x2C, 0x1B, 0x72, 0x00, 0x64, 0x7A, 0x96, 
    0x82, 0x7F, 0x72, 0x5F, 0x72, 0x5F, 0x72, 0x5F, 0x7A, 0x3F, 0x9A, 0xBE, 0x92, 0xF7, 0x8A, 0xB7, 
    0x92, 0xD7, 0x9B, 0x17, 0x9A, 0xF7, 0x92, 0xB7, 0x92, 0x96, 0x92, 0x96, 0x92, 0xB7, 0x9A, 0xD7, 
    0xAB, 0x3B, 0xA2, 0x7F, 0x92, 0x1F, 0x91, 0xFF, 0x91, 0xDF, 0x91, 0x9F, 0xC2, 0x1F, 0x51, 0x4B, 
    0x00, 0x00, 0x18, 0x84, 0xB2, 0x9D, 0xA1, 0xBF, 0xA1, 0xDF, 0xA1, 0xDF, 0xB1, 0xFF, 0xBA, 0x7C, 
    0x99, 0xF7, 0x99, 0xD7, 0x99, 0xF7, 0x99, 0xD6, 0x99, 0xB6, 0x99, 0x96, 0xA1, 0x77, 0x69, 0x2F, 
    0x00, 0x00, 0x59, 0x8C, 0xDA, 0x5F, 0xB9, 0x9F, 0xB9, 0x9F, 0xB9, 0x7F, 0xC9, 0xBF, 0x91, 0xF5, 
    0x69, 0x4F, 0x69, 0x50, 0x69, 0x30, 0x69, 0x0F, 0x69, 0x0F, 0x68, 0xEE, 0x79, 0x90, 0xD2, 0x5E, 
    0xD9, 0x7F, 0xD1, 0x7F, 0xD9, 0x7F, 0xE9, 0x1F, 0xC1, 0xD9, 0x08, 0x64, 0x22, 0x94, 0x1B, 0x2D, 
    0x00, 0xE2, 0x00, 0x00, 0x00, 0x00, 0x00, 0x00, 0x00, 0x00, 0x00, 0x00, 0x00, 0x00, 0x00, 0x00, 
    0x00, 0x00, 0x00, 0x00, 0x00, 0x00, 0x00, 0x00, 0x00, 0x00, 0x00, 0x00, 0x00, 0x00, 0x00, 0x00, 
    0x00, 0x00, 0x00, 0x00, 0x00, 0x00, 0x00, 0x00, 0x00, 0x00, 0x00, 0x00, 0x00, 0x00, 0x00, 0x00, 
    0x00, 0x00, 0x00, 0x00, 0x00, 0x00, 0x00, 0x00, 0x00, 0x00, 0x00, 0x00, 0x00, 0x00, 0x00, 0x00, 
    0x00, 0x00, 0x00, 0x00, 0x00, 0x00, 0x00, 0x00, 0x00, 0x00, 0x00, 0x00, 0x00, 0x00, 0x00, 0x00, 
    0x00, 0x00, 0x00, 0x00, 0x00, 0x00, 0x00, 0x00, 0x00, 0x00, 0x00, 0x00, 0x00, 0x00, 0x00, 0x00, 
    0x00, 0x00, 0x00, 0x00, 0x00, 0x00, 0x00, 0x00, 0x00, 0x00, 0x00, 0x00, 0x00, 0x00, 0x00, 0x00, 
    0x00, 0x00, 0x00, 0x00, 0x00, 0x00, 0x00, 0x00, 0x00, 0x00, 0x00, 0x00, 0x00, 0x00, 0x00, 0x00, 
    0x00, 0x00, 0x00, 0x00, 0x00, 0x00, 0x00, 0x00, 0x00, 0x00, 0x00, 0x00, 0x00, 0x00, 0x00, 0x00, 
    0x00, 0x41, 0x02, 0xEB, 0x02, 0xEC, 0x21, 0x06, 0x3F, 0x5E, 0x0F, 0xFF, 0x17, 0xDF, 0x17, 0xDF, 
    0x17, 0xDF, 0x17, 0xDF, 0x17, 0xDF, 0x17, 0xFF, 0x3F, 0x1D, 0x18, 0xC6, 0x01, 0xEE, 0x03, 0x6E, 
    0x02, 0x48, 0x00, 0x82, 0x00, 0x00, 0x00, 0x00, 0x00, 0x00, 0x00, 0x00, 0x00, 0x00, 0x00, 0x00, 
    0x00, 0x00, 0x00, 0x00, 0x00, 0x00, 0x01, 0x45, 0x03, 0x4D, 0x03, 0x0F, 0x18, 0x84, 0x56, 0x5A, 
    0x07, 0xFF, 0x0F, 0xDF, 0x0F, 0xBF, 0x0F, 0xBF, 0x17, 0xBF, 0x0F, 0xBF, 0x0F, 0xDF, 0x2F, 0xFF, 
    0x32, 0x6B, 0x00, 0x04, 0x00, 0x03, 0x4B, 0x6E, 0x27, 0xDF, 0x0F, 0xBF, 0x0F, 0x7F, 0x17, 0x7F, 
    0x17, 0x5F, 0x17, 0x5F, 0x0F, 0x5F, 0x17, 0xDF, 0x45, 0x77, 0x08, 0x24, 0x02, 0xB1, 0x03, 0x6D, 
    0x01, 0xC7, 0x00, 0x00, 0x00, 0x00, 0x00, 0x00, 0x00, 0x00, 0x00, 0x00, 0x00, 0x00, 0x00, 0x00, 
    0x00, 0x00, 0x00, 0x00, 0x00, 0x00, 0x01, 0x04, 0x03, 0x0B, 0x03, 0x91, 0x00, 0x44, 0x4C, 0xB6, 
    0x16, 0xFF, 0x16, 0xBF, 0x16, 0x7F, 0x16, 0x7F, 0x16, 0x5F, 0x16, 0x3F, 0x16, 0x5F, 0x36, 0xDF, 
    0x42, 0xAC, 0x00, 0x03, 0x00, 0x05, 0x32, 0x2B, 0x36, 0x1F, 0x15, 0xDF, 0x15, 0xBF, 0x15, 0xBF, 
    0x1D, 0x9F, 0x1D, 0x9F, 0x15, 0x7F, 0x25, 0xDF, 0x4D, 0x59, 0x10, 0x63, 0x01, 0xAF, 0x02, 0xCF, 
    0x03, 0x6F, 0x03, 0xB0, 0x02, 0x2C, 0x10, 0x83, 0x43, 0x30, 0x3B, 0x30, 0x3B, 0x30, 0x3B, 0x10, 
    0x3B, 0x0F, 0x3B, 0x10, 0x3B, 0x10, 0x33, 0x10, 0x32, 0xEF, 0x32, 0xCF, 0x43, 0x10, 0x3C, 0x9D, 
    0x1C, 0x9F, 0x1C, 0x9F, 0x1C, 0x9F, 0x1C, 0x9F, 0x1C, 0x7F, 0x1C, 0x5F, 0x24, 0x7F, 0x5C, 0xFE, 
    0x21, 0x27, 0x00, 0x8A, 0x01, 0x4E, 0x01, 0x4E, 0x01, 0x2E, 0x00, 0x24, 0x21, 0x06, 0x42, 0xF0, 
    0x3A, 0xD0, 0x3A, 0xB0, 0x3A, 0xB0, 0x3A, 0xB0, 0x3A, 0x90, 0x3A, 0x90, 0x3A, 0xB0, 0x3A, 0xB0, 
    0x3A, 0xB0, 0x42, 0xB0, 0x42, 0xB0, 0x42, 0xB0, 0x42, 0x8F, 0x42, 0x8F, 0x42, 0x6F, 0x3A, 0x6F, 
    0x3A, 0x4F, 0x3A, 0x6F, 0x42, 0x6F, 0x42, 0x70, 0x42, 0x6E, 0x52, 0xF2, 0x43, 0x7E, 0x3B, 0x3F, 
    0x3B, 0x5F, 0x3B, 0x3F, 0x3B, 0x3F, 0x43, 0x3F, 0x43, 0x3F, 0x4B, 0x3F, 0x7B, 0xDF, 0x41, 0x89, 
    0x01, 0x2B, 0x0B, 0xB2, 0x02, 0x68, 0x00, 0x00, 0x00, 0x00, 0x00, 0x00, 0x00, 0x00, 0x00, 0x00, 
    0x00, 0x00, 0x00, 0x00, 0x00, 0x00, 0x00, 0x00, 0x00, 0x00, 0x00, 0x00, 0x00, 0x00, 0x00, 0x00, 
    0x00, 0x00, 0x00, 0x00, 0x00, 0x00, 0x00, 0xC2, 0x13, 0x6D, 0x1B, 0x12, 0x10, 0x83, 0x93, 0x1A, 
    0x7A, 0x5F, 0x72, 0x5F, 0x72, 0x5F, 0x72, 0x5F, 0x7A, 0x5F, 0x82, 0x5F, 0x92, 0x7F, 0x9A, 0x5F, 
    0xA2, 0x5F, 0xA2, 0x7F, 0xA2, 0x7F, 0xA2, 0x3F, 0xA2, 0x3F, 0xAA, 0x3F, 0xAA, 0x3F, 0xAA, 0x3F, 
    0xA1, 0xFF, 0x91, 0xFF, 0x92, 0x1F, 0x91, 0xFF, 0x91, 0xFF, 0x99, 0xBF, 0xC2, 0x5F, 0x30, 0xE7, 
    0x00, 0x00, 0x30, 0xE8, 0xBA, 0x3F, 0xA1, 0x9F, 0xA1, 0xDF, 0xA1, 0xFF, 0xD2, 0xBF, 0x79, 0xF0, 
    0x00, 0x02, 0x00, 0x24, 0x00, 0x23, 0x00, 0x22, 0x00, 0x23, 0x00, 0x23, 0x00, 0x23, 0x00, 0x02, 
    0x00, 0x00, 0x79, 0xD2, 0xD1, 0xBF, 0xB1, 0x9F, 0xB9, 0x9F, 0xC1, 0x3F, 0xD1, 0xFE, 0x18, 0xA4, 
    0x00, 0x02, 0x00, 0x04, 0x00, 0x04, 0x00, 0x03, 0x00, 0x03, 0x00, 0x00, 0x08, 0x63, 0xDA, 0x5E, 
    0xD9, 0x5F, 0xD9, 0x7F, 0xD9, 0x7F, 0xF1, 0x7F, 0x99, 0xB4, 0x00, 0x47, 0x2A, 0xD6, 0x13, 0x2C, 
    0x00, 0xA2, 0x00, 0x00, 0x00, 0x00, 0x00, 0x00, 0x00, 0x00, 0x00, 0x00, 0x00, 0x00, 0x00, 0x00, 
    0x00, 0x00, 0x00, 0x00, 0x00, 0x00, 0x00, 0x00, 0x00, 0x00, 0x00, 0x00, 0x00, 0x00, 0x00, 0x00, 
    0x00, 0x00, 0x00, 0x00, 0x00, 0x00, 0x00, 0x00, 0x00, 0x00, 0x00, 0x00, 0x00, 0x00, 0x00, 0x00, 
    0x00, 0x00, 0x00, 0x00, 0x00, 0x00, 0x00, 0x00, 0x00, 0x00, 0x00, 0x00, 0x00, 0x00, 0x00, 0x00, 
    0x00, 0x00, 0x00, 0x00, 0x00, 0x00, 0x00, 0x00, 0x00, 0x00, 0x00, 0x00, 0x00, 0x00, 0x00, 0x00, 
    0x00, 0x00, 0x00, 0x00, 0x00, 0x00, 0x00, 0x00, 0x00, 0x00, 0x00, 0x00, 0x00, 0x00, 0x00, 0x00, 
    0x00, 0x00, 0x00, 0x00, 0x00, 0x00, 0x00, 0x00, 0x00, 0x00, 0x00, 0x00, 0x00, 0x00, 0x00, 0x00, 
    0x00, 0x00, 0x00, 0x00, 0x00, 0x00, 0x00, 0x00, 0x00, 0x00, 0x00, 0x00, 0x00, 0x00, 0x00, 0x00, 
    0x00, 0x00, 0x00, 0x00, 0x00, 0x00, 0x00, 0x00, 0x00, 0x00, 0x00, 0x00, 0x00, 0x00, 0x00, 0x00, 
    0x00, 0x41, 0x02, 0xEB, 0x02, 0xEC, 0x21, 0x06, 0x3F, 0x5E, 0x0F, 0xFF, 0x17, 0xDF, 0x17, 0xDF, 
    0x17, 0xDF, 0x17, 0xDF, 0x17, 0xDF, 0x17, 0xFF, 0x3F, 0x1D, 0x18, 0xC5, 0x01, 0x8D, 0x03, 0x4F, 
    0x03, 0x4C, 0x01, 0xC7, 0x00, 0x61, 0x00, 0x00, 0x00, 0x00, 0x00, 0x00, 0x00, 0x00, 0x00, 0x00, 
    0x00, 0x00, 0x00, 0x00, 0x00, 0xA2, 0x02, 0x49, 0x03, 0xAF, 0x02, 0xB0, 0x18, 0x85, 0x56, 0x7B, 
    0x0F, 0xFF, 0x0F, 0xDF, 0x0F, 0xBF, 0x0F, 0xBF, 0x17, 0xBF, 0x0F, 0xBF, 0x0F, 0xDF, 0x2F, 0xFF, 
    0x32, 0x6B, 0x00, 0x03, 0x00, 0x03, 0x4B, 0x6E, 0x27, 0xBF, 0x0F, 0xBF, 0x0F, 0x7F, 0x17, 0x7F, 
    0x0F, 0x5F, 0x0F, 0x5F, 0x0F, 0x5F, 0x17, 0xDF, 0x4D, 0x77, 0x08, 0x25, 0x02, 0x51, 0x03, 0x8F, 
    0x03, 0x0B, 0x01, 0x86, 0x00, 0x61, 0x00, 0x00, 0x00, 0x00, 0x00, 0x00, 0x00, 0x00, 0x00, 0x00, 
    0x00, 0x00, 0x00, 0x00, 0x00, 0xE3, 0x02, 0x48, 0x03, 0x6D, 0x02, 0xF1, 0x00, 0x24, 0x4C, 0x96, 
    0x16, 0xFF, 0x1E, 0xBF, 0x16, 0x7F, 0x16, 0x5F, 0x16, 0x5F, 0x16, 0x3F, 0x16, 0x5F, 0x36, 0xDF, 
    0x3A, 0xAC, 0x00, 0x03, 0x00, 0x05, 0x32, 0x2B, 0x36, 0x3F, 0x15, 0xFF, 0x15, 0xBF, 0x15, 0x9F, 
    0x15, 0x9F, 0x15, 0x9F, 0x15, 0x7F, 0x1D, 0xDF, 0x4D, 0x59, 0x10, 0x65, 0x01, 0x90, 0x02, 0x90, 
    0x03, 0x30, 0x03, 0x50, 0x02, 0xAF, 0x01, 0x08, 0x00, 0x25, 0x00, 0x25, 0x00, 0x05, 0x00, 0x04, 
    0x00, 0x05, 0x00, 0x05, 0x00, 0x05, 0x00, 0x05, 0x00, 0x04, 0x00, 0x01, 0x08, 0x20, 0x44, 0x7A, 
    0x1C, 0xBF, 0x1C, 0xBF, 0x1C, 0x9F, 0x1C, 0x7F, 0x1C, 0x7F, 0x1C, 0x5F, 0x24, 0x7F, 0x54, 0xFE, 
    0x21, 0x06, 0x00, 0xAB, 0x01, 0x8F, 0x01, 0xCF, 0x01, 0xCF, 0x01, 0xB0, 0x00, 0xAA, 0x00, 0x27, 
    0x00, 0x26, 0x00, 0x05, 0x00, 0x05, 0x00, 0x05, 0x00, 0x05, 0x00, 0x05, 0x00, 0x05, 0x00, 0x05, 
    0x00, 0x05, 0x00, 0x05, 0x00, 0x05, 0x00, 0x05, 0x00, 0x04, 0x00, 0x04, 0x00, 0x04, 0x00, 0x04, 
    0x00, 0x03, 0x00, 0x03, 0x00, 0x04, 0x00, 0x04, 0x00, 0x02, 0x00, 0x00, 0x6B, 0xF8, 0x43, 0x7F, 
    0x3B, 0x3F, 0x3B, 0x3F, 0x3B, 0x3F, 0x43, 0x3F, 0x43, 0x3F, 0x4B, 0x3F, 0x7B, 0xDF, 0x41, 0xAA, 
    0x01, 0x2C, 0x0B, 0x92, 0x02, 0x68, 0x00, 0x00, 0x00, 0x00, 0x00, 0x00, 0x00, 0x00, 0x00, 0x00, 
    0x00, 0x00, 0x00, 0x00, 0x00, 0x00, 0x00, 0x00, 0x00, 0x00, 0x00, 0x00, 0x00, 0x00, 0x00, 0x00, 
    0x00, 0x00, 0x00, 0x00, 0x00, 0x00, 0x01, 0x44, 0x13, 0x8F, 0x0A, 0x4F, 0x28, 0xE5, 0x9B, 0x5E, 
    0x7A, 0x7F, 0x72, 0x5F, 0x72, 0x5F, 0x72, 0x5F, 0x72, 0x5F, 0x72, 0x5F, 0x7A, 0x5F, 0x7A, 0x3F, 
    0x82, 0x3F, 0x82, 0x3F, 0x82, 0x3F, 0x82, 0x3F, 0x8A, 0x1F, 0x8A, 0x1F, 0x8A, 0x1F, 0x89, 0xFF, 
    0x89, 0xFF, 0x89, 0xFF, 0x91, 0xFF, 0x91, 0xFF, 0x99, 0xFF, 0xA9, 0xFF, 0xAA, 0x7A, 0x10, 0x44, 
    0x00, 0x01, 0x59, 0x6E, 0xC2, 0x5F, 0xA1, 0xDF, 0xA1, 0xDF, 0xA1, 0xDF, 0xD2, 0x9F, 0x49, 0x2A, 
    0x00, 0x07, 0x00, 0x6D, 0x00, 0x8C, 0x00, 0x8C, 0x00, 0x8D, 0x00, 0x8D, 0x00, 0x4D, 0x00, 0x2B, 
    0x00, 0x02, 0x99, 0xF7, 0xC1, 0x5F, 0xB9, 0x9F, 0xB9, 0x9F, 0xC9, 0x7F, 0xC2, 0x1A, 0x08, 0x45, 
    0x00, 0x29, 0x00, 0x2A, 0x00, 0x4A, 0x00, 0x29, 0x00, 0x0A, 0x00, 0x05, 0x39, 0x09, 0xE1, 0xDF, 
    0xD9, 0x1F, 0xD1, 0x5F, 0xD9, 0x5F, 0xF1, 0xBF, 0x71, 0x6E, 0x00, 0x6B, 0x2B, 0x17, 0x13, 0x0B, 
    0x00, 0x40, 0x00, 0x00, 0x00, 0x00, 0x00, 0x00, 0x00, 0x00, 0x00, 0x00, 0x00, 0x00, 0x00, 0x00, 
    0x00, 0x00, 0x00, 0x00, 0x00, 0x00, 0x00, 0x00, 0x00, 0x00, 0x00, 0x00, 0x00, 0x00, 0x00, 0x00, 
    0x00, 0x00, 0x00, 0x00, 0x00, 0x00, 0x00, 0x00, 0x00, 0x00, 0x00, 0x00, 0x00, 0x00, 0x00, 0x00, 
    0x00, 0x00, 0x00, 0x00, 0x00, 0x00, 0x00, 0x00, 0x00, 0x00, 0x00, 0x00, 0x00, 0x00, 0x00, 0x00, 
    0x00, 0x00, 0x00, 0x00, 0x00, 0x00, 0x00, 0x00, 0x00, 0x00, 0x00, 0x00, 0x00, 0x00, 0x00, 0x00, 
    0x00, 0x00, 0x00, 0x00, 0x00, 0x00, 0x00, 0x00, 0x00, 0x00, 0x00, 0x00, 0x00, 0x00, 0x00, 0x00, 
    0x00, 0x00, 0x00, 0x00, 0x00, 0x00, 0x00, 0x00, 0x00, 0x00, 0x00, 0x00, 0x00, 0x00, 0x00, 0x00, 
    0x00, 0x00, 0x00, 0x00, 0x00, 0x00, 0x00, 0x00, 0x00, 0x00, 0x00, 0x00, 0x00, 0x00, 0x00, 0x00, 
    0x00, 0x00, 0x00, 0x00, 0x00, 0x00, 0x00, 0x00, 0x00, 0x00, 0x00, 0x00, 0x00, 0x00, 0x00, 0x00, 
    0x00, 0x20, 0x02, 0xEB, 0x03, 0x0C, 0x21, 0x06, 0x37, 0x5E, 0x17, 0xFF, 0x17, 0xDF, 0x17, 0xDF, 
    0x17, 0xDF, 0x17, 0xDF, 0x17, 0xDF, 0x17, 0xFF, 0x3F, 0x1D, 0x18, 0xC5, 0x01, 0x4D, 0x02, 0xD0, 
    0x03, 0xAF, 0x03, 0x6D, 0x02, 0x8A, 0x02, 0x07, 0x01, 0xC7, 0x01, 0xA6, 0x01, 0xA6, 0x01, 0xA6, 
    0x01, 0xA6, 0x02, 0x08, 0x02, 0xCA, 0x03, 0xAE, 0x03, 0x91, 0x02, 0x30, 0x18, 0x85, 0x56, 0x5A, 
    0x07, 0xFF, 0x17, 0xDF, 0x0F, 0xBF, 0x0F, 0xBF, 0x0F, 0xBF, 0x0F, 0xBF, 0x0F, 0xDF, 0x2F, 0xFF, 
    0x32, 0x6B, 0x00, 0x03, 0x00, 0x02, 0x4B, 0x6E, 0x27, 0xBF, 0x0F, 0xBF, 0x0F, 0x9F, 0x0F, 0x7F, 
    0x0F, 0x5F, 0x0F, 0x5F, 0x0F, 0x7F, 0x17, 0xDF, 0x45, 0x77, 0x08, 0x25, 0x01, 0xD1, 0x02, 0xD0, 
    0x03, 0xAF, 0x03, 0x4C, 0x02, 0x8A, 0x02, 0x28, 0x01, 0xC7, 0x01, 0xA6, 0x01, 0xA6, 0x01, 0xC7, 
    0x01, 0xE7, 0x02, 0x48, 0x02, 0xEB, 0x03, 0xAE, 0x03, 0x70, 0x02, 0x71, 0x00, 0x24, 0x4C, 0xB6, 
    0x16, 0xFF, 0x1E, 0xDF, 0x16, 0x7F, 0x1E, 0x7F, 0x16, 0x5F, 0x16, 0x5F, 0x1E, 0x7F, 0x3E, 0xFF, 
    0x42, 0xCC, 0x00, 0x03, 0x00, 0x05, 0x3A, 0x2B, 0x36, 0x3F, 0x15, 0xFF, 0x15, 0xBF, 0x15, 0xBF, 
    0x15, 0x9F, 0x15, 0x9F, 0x15, 0x7F, 0x25, 0xDF, 0x55, 0x59, 0x10, 0x65, 0x01, 0x50, 0x02, 0x11, 
    0x02, 0xB1, 0x02, 0xF0, 0x02, 0x90, 0x02, 0x50, 0x01, 0xD1, 0x01, 0x91, 0x01, 0x50, 0x01, 0x0F, 
    0x01, 0x0F, 0x00, 0xEF, 0x00, 0xEF, 0x00, 0xCE, 0x00, 0xAD, 0x00, 0x4A, 0x10, 0x83, 0x44, 0x5A, 
    0x1C, 0xBF, 0x1C, 0x9F, 0x1C, 0x9F, 0x1C, 0x7F, 0x1C, 0x7F, 0x1C, 0x5F, 0x2C, 0x7F, 0x54, 0xFE, 
    0x21, 0x06, 0x00, 0xCB, 0x01, 0xEF, 0x02, 0x4F, 0x02, 0x6E, 0x02, 0x50, 0x02, 0x11, 0x01, 0xB2, 
    0x01, 0x71, 0x01, 0x30, 0x01, 0x10, 0x01, 0x10, 0x00, 0xF0, 0x00, 0xF0, 0x00, 0xF0, 0x00, 0xF0, 
    0x00, 0xF0, 0x00, 0xF0, 0x00, 0xF0, 0x00, 0xF0, 0x00, 0xF0, 0x00, 0xD0, 0x00, 0xD0, 0x00, 0xCF, 
    0x00, 0xCE, 0x00, 0xAE, 0x00, 0xAE, 0x00, 0x6C, 0x00, 0x4B, 0x08, 0x22, 0x63, 0x97, 0x3B, 0x5F, 
    0x3B, 0x3F, 0x3B, 0x3F, 0x3B, 0x3F, 0x43, 0x3F, 0x43, 0x3F, 0x4B, 0x3F, 0x7B, 0xFF, 0x41, 0xAA, 
    0x01, 0x2C, 0x0B, 0x92, 0x02, 0x68, 0x00, 0x00, 0x00, 0x00, 0x00, 0x00, 0x00, 0x00, 0x00, 0x00, 
    0x00, 0x00, 0x00, 0x00, 0x00, 0x00, 0x00, 0x00, 0x00, 0x00, 0x00, 0x00, 0x00, 0x00, 0x00, 0x00, 
    0x00, 0x00, 0x00, 0x00, 0x00, 0x00, 0x01, 0xC6, 0x13, 0xB0, 0x01, 0x6B, 0x41, 0x49, 0x9B, 0x3F, 
    0x72, 0x7F, 0x72, 0x7F, 0x72, 0x7F, 0x72, 0x7F, 0x7A, 0x5F, 0x7A, 0x5F, 0x7A, 0x3F, 0x7A, 0x1F, 
    0x7A, 0x1F, 0x82, 0x3F, 0x82, 0x3F, 0x82, 0x1F, 0x81, 0xFF, 0x8A, 0x1F, 0x8A, 0x1F, 0x89, 0xFF, 
    0x89, 0xFF, 0x89, 0xFF, 0x91, 0xFF, 0x99, 0xDF, 0xA9, 0xDF, 0xBA, 0xBC, 0x30, 0xE8, 0x00, 0x04, 
    0x00, 0x02, 0x82, 0x33, 0xBA, 0x5F, 0x99, 0xDF, 0xA1, 0xBF, 0xA9, 0xBF, 0xCA, 0x3E, 0x28, 0xA6, 
    0x00, 0x4A, 0x00, 0xCF, 0x01, 0x2F, 0x09, 0x6F, 0x01, 0x4F, 0x01, 0x2F, 0x00, 0xCF, 0x00, 0x6C, 
    0x10, 0x64, 0xB2, 0x3B, 0xB9, 0x3F, 0xB9, 0x9F, 0xB9, 0x9F, 0xD1, 0xDF, 0xAA, 0x76, 0x00, 0x03, 
    0x00, 0x4A, 0x00, 0x8A, 0x00, 0xAB, 0x00, 0x8A, 0x00, 0x4B, 0x00, 0x05, 0x61, 0x6E, 0xE9, 0xFF, 
    0xD1, 0x3F, 0xD1, 0x3F, 0xD9, 0x3F, 0xF1, 0xBF, 0x50, 0xEA, 0x08, 0xCE, 0x2B, 0x55, 0x12, 0xCA, 
    0x00, 0x00, 0x00, 0x00, 0x00, 0x00, 0x00, 0x00, 0x00, 0x00, 0x00, 0x00, 0x00, 0x00, 0x00, 0x00, 
    0x00, 0x00, 0x00, 0x00, 0x00, 0x00, 0x00, 0x00, 0x00, 0x00, 0x00, 0x00, 0x00, 0x00, 0x00, 0x00, 
    0x00, 0x00, 0x00, 0x00, 0x00, 0x00, 0x00, 0x00, 0x00, 0x00, 0x00, 0x00, 0x00, 0x00, 0x00, 0x00, 
    0x00, 0x00, 0x00, 0x00, 0x00, 0x00, 0x00, 0x00, 0x00, 0x00, 0x00, 0x00, 0x00, 0x00, 0x00, 0x00, 
    0x00, 0x00, 0x00, 0x00, 0x00, 0x00, 0x00, 0x00, 0x00, 0x00, 0x00, 0x00, 0x00, 0x00, 0x00, 0x00, 
    0x00, 0x00, 0x00, 0x00, 0x00, 0x00, 0x00, 0x00, 0x00, 0x00, 0x00, 0x00, 0x00, 0x00, 0x00, 0x00, 
    0x00, 0x00, 0x00, 0x00, 0x00, 0x00, 0x00, 0x00, 0x00, 0x00, 0x00, 0x00, 0x00, 0x00, 0x00, 0x00, 
    0x00, 0x00, 0x00, 0x00, 0x00, 0x00, 0x00, 0x00, 0x00, 0x00, 0x00, 0x00, 0x00, 0x00, 0x00, 0x00, 
    0x00, 0x00, 0x00, 0x00, 0x00, 0x00, 0x00, 0x00, 0x00, 0x00, 0x00, 0x00, 0x00, 0x00, 0x00, 0x00, 
    0x00, 0x20, 0x02, 0xEB, 0x03, 0x0C, 0x19, 0x06, 0x37, 0x5E, 0x17, 0xFF, 0x17, 0xFF, 0x17, 0xDF, 
    0x17, 0xDF, 0x17, 0xDF, 0x17, 0xDF, 0x17, 0xFF, 0x3F, 0x1D, 0x18, 0xC5, 0x01, 0x2E, 0x02, 0x51, 
    0x03, 0x12, 0x03, 0xF2, 0x04, 0x11, 0x03, 0xD0, 0x03, 0xCF, 0x03, 0xCF, 0x03, 0xCF, 0x03, 0xCF, 
    0x03, 0xCF, 0x03, 0xF0, 0x04, 0x32, 0x03, 0xD2, 0x02, 0xD2, 0x01, 0xD0, 0x18, 0x63, 0x5E, 0x5A, 
    0x07, 0xFF, 0x0F, 0xDF, 0x0F, 0xBF, 0x0F, 0xBF, 0x17, 0xBF, 0x0F, 0xBF, 0x0F, 0xDF, 0x2F, 0xFF, 
    0x32, 0x6B, 0x00, 0x04, 0x00, 0x02, 0x4B, 0x6E, 0x27, 0xBF, 0x0F, 0xDF, 0x0F, 0x9F, 0x0F, 0x7F, 
    0x0F, 0x7F, 0x0F, 0x5F, 0x0F, 0x7F, 0x17, 0xDF, 0x45, 0x56, 0x08, 0x04, 0x01, 0x71, 0x02, 0x31, 
    0x03, 0x11, 0x03, 0xB1, 0x03, 0xF0, 0x03, 0xF0, 0x03, 0xF0, 0x03, 0xF0, 0x03, 0xF0, 0x03, 0xF0, 
    0x04, 0x10, 0x04, 0x11, 0x04, 0x12, 0x03, 0xB2, 0x02, 0xD2, 0x02, 0x11, 0x00, 0x04, 0x4C, 0xB6, 
    0x16, 0xFF, 0x16, 0xDF, 0x16, 0x7F, 0x1E, 0x7F, 0x16, 0x5F, 0x16, 0x3F, 0x1E, 0x5F, 0x3E, 0xFF, 
    0x42, 0xCC, 0x00, 0x03, 0x00, 0x05, 0x3A, 0x2B, 0x36, 0x5F, 0x16, 0x1F, 0x15, 0xBF, 0x15, 0xBF, 
    0x15, 0x9F, 0x15, 0x9F, 0x15, 0x7F, 0x1D, 0xDF, 0x55, 0x59, 0x10, 0x64, 0x01, 0x0F, 0x01, 0xB1, 
    0x02, 0x11, 0x02, 0x51, 0x02, 0x31, 0x02, 0x11, 0x01, 0xD1, 0x01, 0xB2, 0x01, 0x71, 0x01, 0x50, 
    0x01, 0x30, 0x01, 0x0F, 0x00, 0xEE, 0x00, 0xEE, 0x00, 0xAD, 0x00, 0x6B, 0x10, 0x83, 0x44, 0x7A, 
    0x1C, 0xBF, 0x1C, 0xBF, 0x1C, 0x9F, 0x1C, 0x7F, 0x1C, 0x7F, 0x1C, 0x5F, 0x2C, 0x7F, 0x5D, 0x1E, 
    0x21, 0x26, 0x00, 0xCC, 0x01, 0xF0, 0x02, 0x6F, 0x02, 0xAF, 0x02, 0x90, 0x02, 0x51, 0x01, 0xD1, 
    0x01, 0x71, 0x01, 0x50, 0x01, 0x31, 0x01, 0x31, 0x01, 0x31, 0x01, 0x11, 0x01, 0x11, 0x01, 0x11, 
    0x01, 0x11, 0x01, 0x11, 0x01, 0x11, 0x01, 0x11, 0x00, 0xF1, 0x00, 0xF0, 0x00, 0xF0, 0x00, 0xEF, 
    0x00, 0xEF, 0x00, 0xEF, 0x00, 0xCF, 0x00, 0x8D, 0x00, 0x4B, 0x00, 0x02, 0x5B, 0x76, 0x33, 0x5F, 
    0x3B, 0x3F, 0x3B, 0x3F, 0x3B, 0x3F, 0x43, 0x5F, 0x43, 0x5F, 0x53, 0x3F, 0x7C, 0x1F, 0x41, 0xAA, 
    0x01, 0x2B, 0x0B, 0x91, 0x02, 0x48, 0x00, 0x00, 0x00, 0x00, 0x00, 0x00, 0x00, 0x00, 0x00, 0x00, 
    0x00, 0x00, 0x00, 0x00, 0x00, 0x00, 0x00, 0x00, 0x00, 0x00, 0x00, 0x00, 0x00, 0x00, 0x00, 0x00, 
    0x00, 0x00, 0x00, 0x00, 0x00, 0x00, 0x0A, 0x48, 0x1B, 0xF2, 0x01, 0x09, 0x5A, 0x0E, 0x9B, 0x1F, 
    0x72, 0x7F, 0x72, 0x7F, 0x72, 0x7F, 0x72, 0x5F, 0x7A, 0x5F, 0x7A, 0x5F, 0x7A, 0x3F, 0x7A, 0x3F, 
    0x82, 0x3F, 0x82, 0x3F, 0x82, 0x3F, 0x82, 0x1F, 0x8A, 0x1F, 0x8A, 0x1F, 0x8A, 0x1F, 0x8A, 0x1F, 
    0x89, 0xFF, 0x91, 0xFF, 0x91, 0xBF, 0xA9, 0xDF, 0xB2, 0x7A, 0x30, 0xC5, 0x00, 0x04, 0x00, 0x07, 
    0x00, 0x01, 0x9A, 0x77, 0xA9, 0xBF, 0x99, 0xBF, 0xA1, 0xBF, 0xB1, 0xBF, 0xB2, 0x1A, 0x08, 0x43, 
    0x00, 0xCF, 0x09, 0x90, 0x0A, 0x30, 0x0A, 0x8F, 0x0A, 0x6F, 0x09, 0xF0, 0x09, 0x50, 0x00, 0x8B, 
    0x28, 0xC6, 0xC2, 0x1E, 0xB1, 0x3F, 0xB1, 0x9F, 0xB9, 0x9F, 0xE1, 0xFF, 0x82, 0x11, 0x00, 0x03, 
    0x00, 0x8B, 0x00, 0xCB, 0x00, 0xEC, 0x00, 0xCB, 0x00, 0x8B, 0x00, 0x03, 0x81, 0xF3, 0xE1, 0xBF, 
    0xD1, 0x3F, 0xD1, 0x3F, 0xD9, 0x3F, 0xE9, 0xFF, 0x28, 0xA7, 0x11, 0x32, 0x23, 0x52, 0x0A, 0x68, 
    0x00, 0x00, 0x00, 0x00, 0x00, 0x00, 0x00, 0x00, 0x00, 0x00, 0x00, 0x00, 0x00, 0x00, 0x00, 0x00, 
    0x00, 0x00, 0x00, 0x00, 0x00, 0x00, 0x00, 0x00, 0x00, 0x00, 0x00, 0x00, 0x00, 0x00, 0x00, 0x00, 
    0x00, 0x00, 0x00, 0x00, 0x00, 0x00, 0x00, 0x00, 0x00, 0x00, 0x00, 0x00, 0x00, 0x00, 0x00, 0x00, 
    0x00, 0x00, 0x00, 0x00, 0x00, 0x00, 0x00, 0x00, 0x00, 0x00, 0x00, 0x00, 0x00, 0x00, 0x00, 0x00, 
    0x00, 0x00, 0x00, 0x00, 0x00, 0x00, 0x00, 0x00, 0x00, 0x00, 0x00, 0x00, 0x00, 0x00, 0x00, 0x00, 
    0x00, 0x00, 0x00, 0x00, 0x00, 0x00, 0x00, 0x00, 0x00, 0x00, 0x00, 0x00, 0x00, 0x00, 0x00, 0x00, 
    0x00, 0x00, 0x00, 0x00, 0x00, 0x00, 0x00, 0x00, 0x00, 0x00, 0x00, 0x00, 0x00, 0x00, 0x00, 0x00, 
    0x00, 0x00, 0x00, 0x00, 0x00, 0x00, 0x00, 0x00, 0x00, 0x00, 0x00, 0x00, 0x00, 0x00, 0x00, 0x00, 
    0x00, 0x00, 0x00, 0x00, 0x00, 0x00, 0x00, 0x00, 0x00, 0x00, 0x00, 0x00, 0x00, 0x00, 0x00, 0x00, 
    0x00, 0x00, 0x02, 0xEB, 0x02, 0xEC, 0x21, 0x06, 0x3F, 0x5E, 0x0F, 0xFF, 0x17, 0xDF, 0x17, 0xDF, 
    0x17, 0xDF, 0x17, 0xDF, 0x17, 0xDF, 0x17, 0xFF, 0x47, 0x1D, 0x10, 0x43, 0x00, 0x03, 0x00, 0x25, 
    0x00, 0x45, 0x00, 0x85, 0x00, 0xC5, 0x00, 0xE5, 0x00, 0xE5, 0x00, 0xE5, 0x01, 0x05, 0x01, 0x05, 
    0x00, 0xE5, 0x00, 0xE5, 0x00, 0xC6, 0x00, 0x85, 0x00, 0x24, 0x00, 0x03, 0x20, 0x63, 0x5E, 0xDC, 
    0x07, 0xFF, 0x17, 0xDF, 0x0F, 0xBF, 0x0F, 0xBF, 0x17, 0xBF, 0x17, 0xBF, 0x0F, 0xDF, 0x2F, 0xFF, 
    0x32, 0x6B, 0x00, 0x04, 0x00, 0x02, 0x43, 0x4E, 0x27, 0xBF, 0x0F, 0xDF, 0x0F, 0x9F, 0x0F, 0x7F, 
    0x0F, 0x7F, 0x0F, 0x5F, 0x0F, 0x5F, 0x0F, 0xDF, 0x4D, 0x78, 0x08, 0x00, 0x00, 0x04, 0x00, 0x45, 
    0x00, 0x45, 0x00, 0x84, 0x00, 0xC5, 0x00, 0xE5, 0x01, 0x06, 0x00, 0xE5, 0x00, 0xE5, 0x01, 0x06, 
    0x00, 0xE5, 0x00, 0xE5, 0x00, 0xA5, 0x00, 0x85, 0x00, 0x66, 0x00, 0x24, 0x00, 0x00, 0x45, 0x18, 
    0x16, 0xFF, 0x16, 0xBF, 0x16, 0x9F, 0x16, 0x7F, 0x16, 0x5F, 0x16, 0x3F, 0x1E, 0x5F, 0x3E, 0xFF, 
    0x42, 0xCC, 0x00, 0x03, 0x00, 0x05, 0x3A, 0x2A, 0x36, 0x3F, 0x15, 0xFF, 0x15, 0xBF, 0x15, 0xBF, 
    0x15, 0xBF, 0x15, 0x9F, 0x15, 0x7F, 0x1D, 0xBF, 0x4D, 0x5B, 0x10, 0x62, 0x00, 0x03, 0x00, 0x25, 
    0x00, 0x25, 0x00, 0x44, 0x00, 0x24, 0x00, 0x24, 0x00, 0x25, 0x00, 0x26, 0x00, 0x25, 0x00, 0x05, 
    0x00, 0x04, 0x00, 0x04, 0x00, 0x04, 0x00, 0x03, 0x00, 0x03, 0x00, 0x02, 0x10, 0x61, 0x4C, 0xBB, 
    0x24, 0xFF, 0x1C, 0xBF, 0x24, 0x9F, 0x1C, 0x7F, 0x1C, 0x7F, 0x1C, 0x5F, 0x2C, 0x9F, 0x65, 0x3E, 
    0x21, 0x47, 0x00, 0xCC, 0x01, 0xB0, 0x02, 0x10, 0x01, 0x49, 0x00, 0x63, 0x00, 0x64, 0x00, 0x44, 
    0x00, 0x24, 0x00, 0x25, 0x00, 0x25, 0x00, 0x25, 0x00, 0x04, 0x00, 0x04, 0x00, 0x04, 0x00, 0x04, 
    0x00, 0x04, 0x00, 0x05, 0x00, 0x05, 0x00, 0x04, 0x00, 0x05, 0x00, 0x05, 0x00, 0x04, 0x00, 0x04, 
    0x00, 0x04, 0x00, 0x05, 0x00, 0x05, 0x00, 0x04, 0x00, 0x03, 0x08, 0x21, 0x6B, 0xF9, 0x3B, 0x7F, 
    0x3B, 0x5F, 0x3B, 0x3F, 0x3B, 0x3F, 0x43, 0x3F, 0x43, 0x3F, 0x4B, 0x3F, 0x7C, 0x1F, 0x41, 0xA9, 
    0x01, 0x2B, 0x0B, 0x91, 0x02, 0x48, 0x00, 0x00, 0x00, 0x00, 0x00, 0x00, 0x00, 0x00, 0x00, 0x00, 
    0x00, 0x00, 0x00, 0x00, 0x00, 0x00, 0x00, 0x00, 0x00, 0x00, 0x00, 0x00, 0x00, 0x00, 0x00, 0x00, 
    0x00, 0x00, 0x00, 0x00, 0x00, 0x00, 0x0A, 0x89, 0x1B, 0xB3, 0x00, 0xA6, 0x72, 0x92, 0x8A, 0xBF, 
    0x6A, 0x5F, 0x72, 0x5F, 0x72, 0x5F, 0x7A, 0x5F, 0x7A, 0x3F, 0x82, 0x3F, 0x81, 0xFF, 0x8A, 0x1F, 
    0x92, 0x3F, 0x8A, 0x3F, 0x89, 0xFF, 0x91, 0xFF, 0x91, 0xFF, 0x9A, 0x1F, 0x9A, 0x1F, 0x99, 0xFF, 
    0x99, 0xDF, 0x99, 0x9F, 0xB2, 0x1F, 0x9A, 0x76, 0x18, 0x63, 0x00, 0x06, 0x00, 0x2B, 0x00, 0x07, 
    0x10, 0x63, 0xB2, 0x5C, 0xA1, 0x7F, 0x99, 0xBF, 0xA1, 0xBF, 0xC1, 0xDF, 0x99, 0xF6, 0x00, 0x25, 
    0x09, 0x53, 0x0A, 0x51, 0x0B, 0x4F, 0x0B, 0x8E, 0x0B, 0x4E, 0x0A, 0x90, 0x09, 0xB1, 0x00, 0x68, 
    0x49, 0x0B, 0xC9, 0xDF, 0xB1, 0x3F, 0xB1, 0x9F, 0xB9, 0x7F, 0xE2, 0x1F, 0x59, 0x6C, 0x00, 0x05, 
    0x00, 0xAC, 0x00, 0xEC, 0x01, 0x0C, 0x00, 0xEC, 0x00, 0x8B, 0x00, 0x22, 0xA1, 0xF7, 0xD9, 0x3F, 
    0xD1, 0x5F, 0xD9, 0x5F, 0xE1, 0x5F, 0xD2, 0x3C, 0x10, 0x65, 0x19, 0xB4, 0x23, 0x70, 0x09, 0xE6, 
    0x00, 0x00, 0x00, 0x00, 0x00, 0x00, 0x00, 0x00, 0x00, 0x00, 0x00, 0x00, 0x00, 0x00, 0x00, 0x00, 
    0x00, 0x00, 0x00, 0x00, 0x00, 0x00, 0x00, 0x00, 0x00, 0x00, 0x00, 0x00, 0x00, 0x00, 0x00, 0x00, 
    0x00, 0x00, 0x00, 0x00, 0x00, 0x00, 0x00, 0x00, 0x00, 0x00, 0x00, 0x00, 0x00, 0x00, 0x00, 0x00, 
    0x00, 0x00, 0x00, 0x00, 0x00, 0x00, 0x00, 0x00, 0x00, 0x00, 0x00, 0x00, 0x00, 0x00, 0x00, 0x00, 
    0x00, 0x00, 0x00, 0x00, 0x00, 0x00, 0x00, 0x00, 0x00, 0x00, 0x00, 0x00, 0x00, 0x00, 0x00, 0x00, 
    0x00, 0x00, 0x00, 0x00, 0x00, 0x00, 0x00, 0x00, 0x00, 0x00, 0x00, 0x00, 0x00, 0x00, 0x00, 0x00, 
    0x00, 0x00, 0x00, 0x00, 0x00, 0x00, 0x00, 0x00, 0x00, 0x00, 0x00, 0x00, 0x00, 0x00, 0x00, 0x00, 
    0x00, 0x00, 0x00, 0x00, 0x00, 0x00, 0x00, 0x00, 0x00, 0x00, 0x00, 0x00, 0x00, 0x00, 0x00, 0x00, 
    0x00, 0x00, 0x00, 0x00, 0x00, 0x00, 0x00, 0x00, 0x00, 0x00, 0x00, 0x00, 0x00, 0x00, 0x00, 0x00, 
    0x00, 0x00, 0x02, 0xEB, 0x02, 0xEC, 0x21, 0x06, 0x37, 0x5E, 0x17, 0xFF, 0x17, 0xDF, 0x17, 0xDF, 
    0x17, 0xDF, 0x17, 0xDF, 0x17, 0xDF, 0x17, 0xFF, 0x37, 0x7E, 0x54, 0x52, 0x43, 0xCF, 0x43, 0xCF, 
    0x4B, 0xCF, 0x4B, 0xCF, 0x4B, 0xAE, 0x4B, 0xAF, 0x4B, 0xAF, 0x4B, 0xAF, 0x43, 0xAE, 0x43, 0x8E, 
    0x43, 0x8E, 0x4B, 0xAF, 0x4B, 0xCF, 0x4B, 0xAF, 0x4B, 0xAE, 0x4B, 0xAE, 0x5D, 0x56, 0x27, 0xDF, 
    0x17, 0xFF, 0x17, 0xDF, 0x17, 0xBF, 0x17, 0xBF, 0x17, 0xBF, 0x0F, 0xBF, 0x0F, 0xFF, 0x37, 0xFF, 
    0x32, 0x6B, 0x00, 0x03, 0x00, 0x02, 0x43, 0x4E, 0x27, 0xBF, 0x0F, 0xBF, 0x0F, 0x9F, 0x0F, 0x7F, 
    0x0F, 0x7F, 0x0F, 0x5F, 0x0F, 0x7F, 0x0F, 0x9F, 0x26, 0xFF, 0x44, 0x73, 0x43, 0xAF, 0x4B, 0xCF, 
    0x4B, 0xAF, 0x4B, 0x8F, 0x4B, 0x8F, 0x4B, 0x8F, 0x4B, 0x6F, 0x43, 0x6E, 0x4B, 0x6F, 0x4B, 0x6F, 
    0x4B, 0x6E, 0x4B, 0x6E, 0x4B, 0x8F, 0x4B, 0xAF, 0x4B, 0xB0, 0x4B, 0x8F, 0x54, 0x33, 0x36, 0x5F, 
    0x16, 0xBF, 0x16, 0x9F, 0x16, 0x7F, 0x16, 0x5F, 0x16, 0x5F, 0x16, 0x3F, 0x16, 0x5F, 0x36, 0xDF, 
    0x3A, 0xAC, 0x00, 0x03, 0x00, 0x05, 0x3A, 0x0A, 0x36, 0x3F, 0x16, 0x1F, 0x15, 0xBF, 0x15, 0xBF, 
    0x15, 0xBF, 0x1D, 0x9F, 0x1D, 0x9F, 0x1D, 0x9F, 0x25, 0x7F, 0x4C, 0x76, 0x4B, 0x70, 0x4B, 0x91, 
    0x53, 0x91, 0x4B, 0x70, 0x4B, 0x50, 0x4B, 0x50, 0x4B, 0x30, 0x4B, 0x30, 0x4B, 0x30, 0x4B, 0x30, 
    0x4B, 0x30, 0x4B, 0x30, 0x4B, 0x30, 0x43, 0x30, 0x4B, 0x10, 0x43, 0x10, 0x4B, 0xB4, 0x34, 0xDF, 
    0x2D, 0x1F, 0x24, 0x9F, 0x1C, 0x7F, 0x1C, 0x7F, 0x1C, 0x7F, 0x1C, 0x5F, 0x2C, 0x9F, 0x5D, 0x1E, 
    0x21, 0x27, 0x00, 0x8C, 0x01, 0x71, 0x01, 0x4E, 0x08, 0x22, 0x52, 0xCE, 0x53, 0x10, 0x53, 0x10, 
    0x4B, 0x10, 0x4B, 0x10, 0x53, 0x10, 0x53, 0x10, 0x53, 0x10, 0x52, 0xF0, 0x52, 0xF0, 0x52, 0xF0, 
    0x52, 0xF0, 0x52, 0xD0, 0x52, 0xD0, 0x52, 0xD0, 0x52, 0xF0, 0x52, 0xF1, 0x52, 0xF1, 0x52, 0xD0, 
    0x52, 0xD0, 0x52, 0xD0, 0x52, 0xD0, 0x52, 0xD0, 0x5A, 0xD0, 0x6B, 0xB4, 0x5B, 0xFF, 0x43, 0x7F, 
    0x3B, 0x5F, 0x3B, 0x3F, 0x43, 0x3F, 0x43, 0x3F, 0x43, 0x3F, 0x4B, 0x3F, 0x7B, 0xFF, 0x41, 0xAA, 
    0x01, 0x2B, 0x0B, 0x91, 0x02, 0x48, 0x00, 0x00, 0x00, 0x00, 0x00, 0x00, 0x00, 0x00, 0x00, 0x00, 
    0x00, 0x00, 0x00, 0x00, 0x00, 0x00, 0x00, 0x00, 0x00, 0x00, 0x00, 0x00, 0x00, 0x00, 0x00, 0x00, 
    0x00, 0x00, 0x00, 0x00, 0x00, 0x00, 0x0A, 0xEB, 0x13, 0x53, 0x08, 0x65, 0x8A, 0xF8, 0x82, 0x7F, 
    0x6A, 0x5F, 0x72, 0x5F, 0x72, 0x3F, 0x82, 0x5F, 0x9A, 0xBD, 0x82, 0x77, 0x8A, 0x18, 0x8A, 0x18, 
    0x92, 0x38, 0x8A, 0x17, 0x89, 0xD7, 0x89, 0xB7, 0x91, 0xD7, 0x91, 0xF8, 0x9A, 0x18, 0x91, 0xD7, 
    0x99, 0xD7, 0x91, 0xD7, 0x69, 0xAE, 0x08, 0x20, 0x00, 0x29, 0x00, 0x6F, 0x00, 0x6D, 0x00, 0x28, 
    0x31, 0x07, 0xBA, 0x7F, 0x99, 0x7F, 0xA1, 0xBF, 0xA1, 0xBF, 0xCA, 0x3F, 0x79, 0xD1, 0x00, 0x48, 
    0x11, 0xD4, 0x13, 0x30, 0x0B, 0x6D, 0x0B, 0x0B, 0x0B, 0x6D, 0x13, 0x0F, 0x11, 0xF1, 0x00, 0x66, 
    0x71, 0x90, 0xC9, 0xDF, 0xB1, 0x7F, 0xB1, 0x7F, 0xB9, 0x5F, 0xDA, 0x1F, 0x30, 0xE8, 0x00, 0x28, 
    0x00, 0xAC, 0x00, 0xEC, 0x00, 0xEC, 0x00, 0xCC, 0x00, 0x6B, 0x08, 0x64, 0xC1, 0xDB, 0xD0, 0xFF, 
    0xD1, 0x3F, 0xD1, 0x5F, 0xE9, 0x7F, 0xB1, 0xF7, 0x00, 0x45, 0x2A, 0x16, 0x1B, 0x8F, 0x01, 0x85, 
    0x00, 0x00, 0x00, 0x00, 0x00, 0x00, 0x00, 0x00, 0x00, 0x00, 0x00, 0x00, 0x00, 0x00, 0x00, 0x00, 
    0x00, 0x00, 0x00, 0x00, 0x00, 0x00, 0x00, 0x00, 0x00, 0x00, 0x00, 0x00, 0x00, 0x00, 0x00, 0x00, 
    0x00, 0x00, 0x00, 0x00, 0x00, 0x00, 0x00, 0x00, 0x00, 0x00, 0x00, 0x00, 0x00, 0x00, 0x00, 0x00, 
    0x00, 0x00, 0x00, 0x00, 0x00, 0x00, 0x00, 0x00, 0x00, 0x00, 0x00, 0x00, 0x00, 0x00, 0x00, 0x00, 
    0x00, 0x00, 0x00, 0x00, 0x00, 0x00, 0x00, 0x00, 0x00, 0x00, 0x00, 0x00, 0x00, 0x00, 0x00, 0x00, 
    0x00, 0x00, 0x00, 0x00, 0x00, 0x00, 0x00, 0x00, 0x00, 0x00, 0x00, 0x00, 0x00, 0x00, 0x00, 0x00, 
    0x00, 0x00, 0x00, 0x00, 0x00, 0x00, 0x00, 0x00, 0x00, 0x00, 0x00, 0x00, 0x00, 0x00, 0x00, 0x00, 
    0x00, 0x00, 0x00, 0x00, 0x00, 0x00, 0x00, 0x00, 0x00, 0x00, 0x00, 0x00, 0x00, 0x00, 0x00, 0x00, 
    0x00, 0x00, 0x00, 0x00, 0x00, 0x00, 0x00, 0x00, 0x00, 0x00, 0x00, 0x00, 0x00, 0x00, 0x00, 0x00, 
    0x00, 0x20, 0x02, 0xCB, 0x02, 0xEC, 0x19, 0x06, 0x37, 0x5E, 0x17, 0xFF, 0x17, 0xFF, 0x17, 0xDF, 
    0x17, 0xDF, 0x17, 0xDF, 0x17, 0xDF, 0x17, 0xFF, 0x17, 0xDF, 0x27, 0xFF, 0x27, 0xFF, 0x27, 0xFF, 
    0x2F, 0xFF, 0x27, 0xFF, 0x27, 0xFF, 0x27, 0xFF, 0x27, 0xFF, 0x27, 0xFF, 0x27, 0xFF, 0x27, 0xFF, 
    0x27, 0xFF, 0x2F, 0xFF, 0x2F, 0xFF, 0x27, 0xFF, 0x27, 0xFF, 0x27, 0xFF, 0x1F, 0xFF, 0x1F, 0xFF, 
    0x1F, 0xFF, 0x17, 0xDF, 0x17, 0xBF, 0x17, 0xBF, 0x17, 0xBF, 0x0F, 0xBF, 0x0F, 0xDF, 0x2F, 0xFF, 
    0x32, 0x4A, 0x00, 0x03, 0x00, 0x01, 0x43, 0x4D, 0x1F, 0xBF, 0x0F, 0xBF, 0x0F, 0x9F, 0x0F, 0x7F, 
    0x0F, 0x7F, 0x17, 0x7F, 0x17, 0x7F, 0x17, 0x9F, 0x0F, 0x9F, 0x17, 0x9F, 0x27, 0x9F, 0x27, 0x9F, 
    0x27, 0x9F, 0x1F, 0x7F, 0x1F, 0x7F, 0x1F, 0x7F, 0x1F, 0x7F, 0x1F, 0x7F, 0x1F, 0x7F, 0x1F, 0x7F, 
    0x27, 0x5F, 0x27, 0x5F, 0x27, 0x5F, 0x27, 0x5F, 0x27, 0x3F, 0x27, 0x1F, 0x1E, 0xFF, 0x16, 0xDF, 
    0x1E, 0xBF, 0x16, 0x7F, 0x16, 0x7F, 0x16, 0x5F, 0x16, 0x5F, 0x16, 0x3F, 0x1E, 0x5F, 0x36, 0xFF, 
    0x42, 0xCC, 0x00, 0x04, 0x00, 0x05, 0x3A, 0x0A, 0x36, 0x3F, 0x16, 0x1F, 0x15, 0xBF, 0x15, 0xBF, 
    0x15, 0xBF, 0x1D, 0xBF, 0x1D, 0x9F, 0x1D, 0xBF, 0x1D, 0xBF, 0x1D, 0xBF, 0x25, 0xBF, 0x2D, 0xBF, 
    0x2D, 0xBF, 0x2D, 0x9F, 0x2D, 0x9F, 0x2D, 0x7F, 0x2D, 0x7F, 0x2D, 0x7F, 0x2D, 0x5F, 0x2D, 0x5F, 
    0x2D, 0x5F, 0x2D, 0x5F, 0x2D, 0x3F, 0x2D, 0x3F, 0x2D, 0x1F, 0x35, 0x1F, 0x2C, 0xFF, 0x24, 0xDF, 
    0x24, 0xDF, 0x1C, 0x9F, 0x1C, 0x9F, 0x1C, 0x7F, 0x1C, 0x7F, 0x1C, 0x5F, 0x24, 0x7F, 0x54, 0xFE, 
    0x21, 0x26, 0x00, 0x6A, 0x01, 0x31, 0x00, 0x48, 0x3A, 0x0A, 0x55, 0x3F, 0x3C, 0x9F, 0x3C, 0xBF, 
    0x3C, 0x9F, 0x3C, 0x9F, 0x3C, 0x7F, 0x44, 0x7F, 0x44, 0x7F, 0x44, 0x7F, 0x4C, 0x5F, 0x4C, 0x5F, 
    0x4C, 0x5F, 0x4C, 0x5F, 0x4C, 0x3F, 0x54, 0x1F, 0x54, 0x1F, 0x54, 0x1F, 0x5C, 0x1F, 0x5C, 0x1F, 
    0x5C, 0x1F, 0x5C, 0x1F, 0x5C, 0x1F, 0x5B, 0xFF, 0x63, 0xFF, 0x5B, 0xDF, 0x43, 0x7F, 0x43, 0x7F, 
    0x3B, 0x3F, 0x3B, 0x3F, 0x3B, 0x3F, 0x43, 0x3F, 0x43, 0x1F, 0x4B, 0x1F, 0x7B, 0xBF, 0x41, 0x89, 
    0x01, 0x2B, 0x0B, 0x91, 0x02, 0x27, 0x00, 0x00, 0x00, 0x00, 0x00, 0x00, 0x00, 0x00, 0x00, 0x00, 
    0x00, 0x00, 0x00, 0x00, 0x00, 0x00, 0x00, 0x00, 0x00, 0x00, 0x00, 0x00, 0x00, 0x00, 0x00, 0x00, 
    0x00, 0x00, 0x00, 0x00, 0x00, 0x40, 0x13, 0x2D, 0x12, 0xD1, 0x18, 0xA5, 0x9B, 0x7C, 0x7A, 0x7F, 
    0x72, 0x5F, 0x72, 0x5F, 0x72, 0x3F, 0x92, 0x7F, 0x82, 0x94, 0x00, 0x01, 0x00, 0x24, 0x00, 0x25, 
    0x00, 0x25, 0x00, 0x24, 0x00, 0x24, 0x00, 0x24, 0x00, 0x25, 0x00, 0x26, 0x00, 0x46, 0x00, 0x25, 
    0x00, 0x45, 0x00, 0x45, 0x00, 0x44, 0x00, 0xCD, 0x01, 0x10, 0x00, 0xEF, 0x00, 0xD0, 0x00, 0x28, 
    0x51, 0x6D, 0xBA, 0x9F, 0xA1, 0xBF, 0xA1, 0xDF, 0xA9, 0xBF, 0xCA, 0x7F, 0x51, 0x6A, 0x00, 0x8B, 
    0x12, 0x53, 0x13, 0x8E, 0x0A, 0xCA, 0x01, 0xE8, 0x0A, 0xEB, 0x13, 0x4F, 0x12, 0x12, 0x00, 0x66, 
    0x9A, 0x56, 0xC1, 0xFF, 0xB1, 0x9F, 0xB1, 0x7F, 0xB9, 0x3F, 0xC1, 0xFC, 0x10, 0x63, 0x00, 0x2A, 
    0x00, 0x8C, 0x00, 0xAC, 0x00, 0xAD, 0x00, 0x8D, 0x00, 0x29, 0x20, 0xC6, 0xD1, 0xFE, 0xC8, 0xFF, 
    0xD1, 0x5F, 0xD1, 0x3F, 0xF1, 0x7F, 0x89, 0x71, 0x00, 0x47, 0x2A, 0xB6, 0x1B, 0x8E, 0x00, 0xE3, 
    0x00, 0x00, 0x00, 0x00, 0x00, 0x00, 0x00, 0x00, 0x00, 0x00, 0x00, 0x00, 0x00, 0x00, 0x00, 0x00, 
    0x00, 0x00, 0x00, 0x00, 0x00, 0x00, 0x00, 0x00, 0x00, 0x00, 0x00, 0x00, 0x00, 0x00, 0x00, 0x00, 
    0x00, 0x00, 0x00, 0x00, 0x00, 0x00, 0x00, 0x00, 0x00, 0x00, 0x00, 0x00, 0x00, 0x00, 0x00, 0x00, 
    0x00, 0x00, 0x00, 0x00, 0x00, 0x00, 0x00, 0x00, 0x00, 0x00, 0x00, 0x00, 0x00, 0x00, 0x00, 0x00, 
    0x00, 0x00, 0x00, 0x00, 0x00, 0x00, 0x00, 0x00, 0x00, 0x00, 0x00, 0x00, 0x00, 0x00, 0x00, 0x00, 
    0x00, 0x00, 0x00, 0x00, 0x00, 0x00, 0x00, 0x00, 0x00, 0x00, 0x00, 0x00, 0x00, 0x00, 0x00, 0x00, 
    0x00, 0x00, 0x00, 0x00, 0x00, 0x00, 0x00, 0x00, 0x00, 0x00, 0x00, 0x00, 0x00, 0x00, 0x00, 0x00, 
    0x00, 0x00, 0x00, 0x00, 0x00, 0x00, 0x00, 0x00, 0x00, 0x00, 0x00, 0x00, 0x00, 0x00, 0x00, 0x00, 
    0x00, 0x00, 0x00, 0x00, 0x00, 0x00, 0x00, 0x00, 0x00, 0x00, 0x00, 0x00, 0x00, 0x00, 0x00, 0x00, 
    0x00, 0x20, 0x02, 0xCB, 0x02, 0xEC, 0x19, 0x06, 0x37, 0x7E, 0x17, 0xFF, 0x17, 0xFF, 0x17, 0xDF, 
    0x17, 0xDF, 0x17, 0xDF, 0x17, 0xDF, 0x17, 0xDF, 0x17, 0xFF, 0x1F, 0xFF, 0x1F, 0xFF, 0x1F, 0xDF, 
    0x27, 0xFF, 0x1F, 0xFF, 0x1F, 0xFF, 0x1F, 0xFF, 0x1F, 0xFF, 0x27, 0xFF, 0x27, 0xFF, 0x1F, 0xFF, 
    0x27, 0xFF, 0x27, 0xFF, 0x27, 0xFF, 0x1F, 0xFF, 0x1F, 0xDF, 0x1F, 0xDF, 0x1F, 0xFF, 0x1F, 0xFF, 
    0x17, 0xDF, 0x17, 0xDF, 0x17, 0xDF, 0x17, 0xBF, 0x17, 0xBF, 0x17, 0xBF, 0x0F, 0xDF, 0x2F, 0xFF, 
    0x2A, 0x4A, 0x00, 0x04, 0x00, 0x02, 0x43, 0x4D, 0x1F, 0xBF, 0x0F, 0xBF, 0x0F, 0x9F, 0x17, 0x7F, 
    0x17, 0x7F, 0x17, 0x7F, 0x17, 0x7F, 0x17, 0x7F, 0x17, 0x7F, 0x17, 0x9F, 0x17, 0x9F, 0x17, 0x9F, 
    0x17, 0x7F, 0x17, 0x7F, 0x17, 0x7F, 0x17, 0x7F, 0x17, 0x7F, 0x1F, 0x7F, 0x1F, 0x5F, 0x17, 0x5F, 
    0x17, 0x5F, 0x17, 0x3F, 0x17, 0x3F, 0x1F, 0x1F, 0x1F, 0x1F, 0x1E, 0xFF, 0x16, 0xDF, 0x16, 0xBF, 
    0x16, 0x9F, 0x16, 0x7F, 0x16, 0x7F, 0x16, 0x5F, 0x16, 0x5F, 0x16, 0x3F, 0x16, 0x5F, 0x3E, 0xFF, 
    0x42, 0xED, 0x00, 0x05, 0x00, 0x07, 0x3A, 0x2B, 0x36, 0x3F, 0x15, 0xFF, 0x15, 0xBF, 0x1D, 0xDF, 
    0x1D, 0xBF, 0x1D, 0xBF, 0x1D, 0xBF, 0x1D, 0x9F, 0x1D, 0x9F, 0x1D, 0xBF, 0x1D, 0x9F, 0x1D, 0x9F, 
    0x25, 0x9F, 0x25, 0x9F, 0x25, 0x7F, 0x25, 0x7F, 0x25, 0x5F, 0x25, 0x5F, 0x25, 0x3F, 0x25, 0x3F, 
    0x25, 0x3F, 0x2D, 0x3F, 0x2D, 0x1F, 0x2D, 0x1F, 0x2D, 0x1F, 0x24, 0xFF, 0x24, 0xDF, 0x1C, 0xBF, 
    0x1C, 0x9F, 0x1C, 0x9F, 0x1C, 0x9F, 0x1C, 0x9F, 0x24, 0x7F, 0x1C, 0x5F, 0x24, 0x7F, 0x54, 0xFE, 
    0x21, 0x25, 0x00, 0x29, 0x00, 0xAE, 0x00, 0x03, 0x5B, 0xD5, 0x34, 0x9F, 0x2C, 0x7F, 0x2C, 0x3F, 
    0x2C, 0x3F, 0x2C, 0x3F, 0x2C, 0x1F, 0x2B, 0xFF, 0x2B, 0xFF, 0x33, 0xFF, 0x33, 0xDF, 0x33, 0xDF, 
    0x3B, 0xDF, 0x3B, 0xDF, 0x3B, 0xDF, 0x3B, 0xBF, 0x3B, 0xBF, 0x3B, 0x9F, 0x3B, 0x9F, 0x3B, 0x9F, 
    0x3B, 0x9F, 0x3B, 0x9F, 0x3B, 0x7F, 0x3B, 0x5F, 0x3B, 0x5F, 0x3B, 0x5F, 0x3B, 0x5F, 0x3B, 0x5F, 
    0x3B, 0x5F, 0x3B, 0x3F, 0x43, 0x3F, 0x43, 0x3F, 0x43, 0x1F, 0x4B, 0x1F, 0x7B, 0x9F, 0x41, 0x69, 
    0x01, 0x6B, 0x0B, 0x90, 0x02, 0x07, 0x00, 0x00, 0x00, 0x00, 0x00, 0x00, 0x00, 0x00, 0x00, 0x00, 
    0x00, 0x00, 0x00, 0x00, 0x00, 0x00, 0x00, 0x00, 0x00, 0x00, 0x00, 0x00, 0x00, 0x00, 0x00, 0x00, 
    0x00, 0x00, 0x00, 0x00, 0x00, 0xC2, 0x13, 0x6E, 0x0A, 0x30, 0x39, 0x68, 0xAB, 0xFF, 0x72, 0x7F, 
    0x6A, 0x5F, 0x72, 0x5F, 0x6A, 0x1F, 0x9A, 0x7F, 0x61, 0xAF, 0x00, 0x04, 0x00, 0x4D, 0x00, 0xAF, 
    0x00, 0xCF, 0x00, 0xEF, 0x01, 0x10, 0x09, 0x31, 0x09, 0x32, 0x09, 0x32, 0x09, 0x32, 0x09, 0x51, 
    0x09, 0x71, 0x09, 0xD2, 0x0A, 0x32, 0x0A, 0x10, 0x01, 0xD0, 0x01, 0x90, 0x01, 0x52, 0x00, 0x26, 
    0x71, 0xF2, 0xB2, 0x3F, 0x99, 0xDF, 0xA1, 0xDF, 0xA9, 0x9F, 0xCA, 0x5F, 0x30, 0xE6, 0x08, 0xCE, 
    0x1A, 0xD2, 0x0B, 0x6D, 0x01, 0xE7, 0x01, 0x45, 0x0A, 0xAA, 0x13, 0x70, 0x12, 0x12, 0x08, 0x66, 
    0xBA, 0xDA, 0xB9, 0xBF, 0xB1, 0x9F, 0xB1, 0x7F, 0xC1, 0x3F, 0xB1, 0xF9, 0x00, 0x20, 0x00, 0x03, 
    0x00, 0x25, 0x00, 0x24, 0x00, 0x25, 0x00, 0x24, 0x00, 0x00, 0x51, 0xCB, 0xE2, 0x1F, 0xC9, 0x1F, 
    0xC9, 0x3F, 0xD0, 0xFF, 0xF1, 0xBF, 0x61, 0x4C, 0x08, 0x8B, 0x2B, 0x56, 0x13, 0x4C, 0x00, 0x00, 
    0x00, 0x00, 0x00, 0x00, 0x00, 0x00, 0x00, 0x00, 0x00, 0x00, 0x00, 0x00, 0x00, 0x00, 0x00, 0x00, 
    0x00, 0x00, 0x00, 0x00, 0x00, 0x00, 0x00, 0x00, 0x00, 0x00, 0x00, 0x00, 0x00, 0x00, 0x00, 0x00, 
    0x00, 0x00, 0x00, 0x00, 0x00, 0x00, 0x00, 0x00, 0x00, 0x00, 0x00, 0x00, 0x00, 0x00, 0x00, 0x00, 
    0x00, 0x00, 0x00, 0x00, 0x00, 0x00, 0x00, 0x00, 0x00, 0x00, 0x00, 0x00, 0x00, 0x00, 0x00, 0x00, 
    0x00, 0x00, 0x00, 0x00, 0x00, 0x00, 0x00, 0x00, 0x00, 0x00, 0x00, 0x00, 0x00, 0x00, 0x00, 0x00, 
    0x00, 0x00, 0x00, 0x00, 0x00, 0x00, 0x00, 0x00, 0x00, 0x00, 0x00, 0x00, 0x00, 0x00, 0x00, 0x00, 
    0x00, 0x00, 0x00, 0x00, 0x00, 0x00, 0x00, 0x00, 0x00, 0x00, 0x00, 0x00, 0x00, 0x00, 0x00, 0x00, 
    0x00, 0x00, 0x00, 0x00, 0x00, 0x00, 0x00, 0x00, 0x00, 0x00, 0x00, 0x00, 0x00, 0x00, 0x00, 0x00, 
    0x00, 0x00, 0x00, 0x00, 0x00, 0x00, 0x00, 0x00, 0x00, 0x00, 0x00, 0x00, 0x00, 0x00, 0x00, 0x00, 
    0x00, 0x20, 0x02, 0xCA, 0x02, 0xEC, 0x21, 0x06, 0x3F, 0x7E, 0x17, 0xFF, 0x17, 0xFF, 0x17, 0xDF, 
    0x17, 0xDF, 0x17, 0xDF, 0x17, 0xDF, 0x17, 0xDF, 0x17, 0xDF, 0x17, 0xDF, 0x17, 0xDF, 0x17, 0xDF, 
    0x17, 0xDF, 0x17, 0xDF, 0x17, 0xDF, 0x17, 0xDF, 0x17, 0xFF, 0x17, 0xFF, 0x17, 0xDF, 0x17, 0xDF, 
    0x17, 0xFF, 0x17, 0xFF, 0x17, 0xFF, 0x17, 0xDF, 0x17, 0xDF, 0x17, 0xDF, 0x17, 0xDF, 0x17, 0xDF, 
    0x17, 0xDF, 0x17, 0xDF, 0x17, 0xDF, 0x17, 0xDF, 0x17, 0xDF, 0x17, 0xBF, 0x0F, 0xDF, 0x27, 0xFF, 
    0x32, 0x6A, 0x00, 0x06, 0x00, 0x04, 0x4B, 0x6E, 0x27, 0xDF, 0x0F, 0xDF, 0x17, 0xBF, 0x17, 0x9F, 
    0x17, 0x7F, 0x17, 0x7F, 0x17, 0x7F, 0x17, 0x7F, 0x17, 0x5F, 0x0F, 0x5F, 0x0F, 0x5F, 0x0F, 0x5F, 
    0x17, 0x5F, 0x17, 0x3F, 0x17, 0x3F, 0x17, 0x3F, 0x17, 0x3F, 0x17, 0x1F, 0x17, 0x1F, 0x17, 0x1F, 
    0x0E, 0xFF, 0x0E, 0xDF, 0x0E, 0xDF, 0x16, 0xBF, 0x16, 0xBF, 0x16, 0xBF, 0x16, 0x9F, 0x16, 0x9F, 
    0x16, 0x9F, 0x16, 0x7F, 0x16, 0x7F, 0x16, 0x7F, 0x1E, 0x5F, 0x16, 0x5F, 0x1E, 0x7F, 0x36, 0xFF, 
    0x42, 0xED, 0x00, 0x05, 0x00, 0x07, 0x3A, 0x2B, 0x36, 0x3F, 0x16, 0x1F, 0x1D, 0xFF, 0x1D, 0xDF, 
    0x1D, 0xDF, 0x1D, 0xBF, 0x1D, 0x9F, 0x1D, 0x9F, 0x1D, 0x9F, 0x15, 0x7F, 0x15, 0x7F, 0x15, 0x7F, 
    0x15, 0x5F, 0x15, 0x3F, 0x15, 0x3F, 0x15, 0x1F, 0x15, 0x1F, 0x15, 0x1F, 0x1D, 0x1F, 0x1C, 0xFF, 
    0x1C, 0xFF, 0x1C, 0xFF, 0x1C, 0xDF, 0x1C, 0xDF, 0x1C, 0xBF, 0x1C, 0xBF, 0x1C, 0xBF, 0x1C, 0xBF, 
    0x1C, 0x9F, 0x1C, 0x9F, 0x1C, 0x9F, 0x1C, 0x9F, 0x24, 0x7F, 0x24, 0x7F, 0x24, 0x7F, 0x5D, 0x1E, 
    0x21, 0x26, 0x00, 0x08, 0x00, 0x29, 0x18, 0xC4, 0x54, 0x9D, 0x24, 0x5F, 0x24, 0x3F, 0x1C, 0x1F, 
    0x1C, 0x1F, 0x1C, 0x1F, 0x23, 0xFF, 0x23, 0xFF, 0x23, 0xDF, 0x23, 0xDF, 0x23, 0xBF, 0x23, 0xBF, 
    0x2B, 0xBF, 0x2B, 0xBF, 0x2B, 0xBF, 0x2B, 0x9F, 0x2B, 0x9F, 0x2B, 0x9F, 0x2B, 0x9F, 0x33, 0x7F, 
    0x33, 0x7F, 0x33, 0x7F, 0x33, 0x5F, 0x33, 0x3F, 0x33, 0x3F, 0x33, 0x3F, 0x3B, 0x3F, 0x3B, 0x3F, 
    0x3B, 0x3F, 0x43, 0x3F, 0x43, 0x3F, 0x43, 0x3F, 0x4B, 0x1F, 0x5B, 0x3F, 0x7B, 0x9F, 0x41, 0x8A, 
    0x01, 0x6B, 0x0B, 0x8F, 0x01, 0xA5, 0x00, 0x00, 0x00, 0x00, 0x00, 0x00, 0x00, 0x00, 0x00, 0x00, 
    0x00, 0x00, 0x00, 0x00, 0x00, 0x00, 0x00, 0x00, 0x00, 0x00, 0x00, 0x00, 0x00, 0x00, 0x00, 0x00, 
    0x00, 0x00, 0x00, 0x00, 0x01, 0x64, 0x13, 0xB0, 0x01, 0x8C, 0x51, 0xCD, 0xA3, 0x7F, 0x72, 0x5F, 
    0x72, 0x5F, 0x72, 0x3F, 0x72, 0x1F, 0x9A, 0x9F, 0x41, 0x29, 0x00, 0x07, 0x00, 0xCF, 0x01, 0x6F, 
    0x02, 0x2F, 0x02, 0x8F, 0x0A, 0xAF, 0x0A, 0xEF, 0x0B, 0x10, 0x0A, 0xEF, 0x0A, 0xEF, 0x0A, 0xEE, 
    0x0A, 0xED, 0x0B, 0x2D, 0x0B, 0x2D, 0x0B, 0x4E, 0x0A, 0xEF, 0x0A, 0x30, 0x01, 0x91, 0x00, 0x44, 
    0x89, 0xF6, 0xA9, 0xBF, 0x99, 0xBF, 0xA1, 0xBF, 0xA9, 0x7F, 0xBA, 0x3C, 0x10, 0x85, 0x11, 0x52, 
    0x1B, 0x51, 0x0B, 0x0B, 0x01, 0x65, 0x00, 0xC3, 0x0A, 0x89, 0x13, 0x70, 0x09, 0xAF, 0x20, 0x85, 
    0xCA, 0x9E, 0xB1, 0x5F, 0xB1, 0x7F, 0xB1, 0x7F, 0xB9, 0x3F, 0xC1, 0xDE, 0xA2, 0x57, 0xA2, 0x36, 
    0xA2, 0x37, 0xA2, 0x36, 0xA2, 0x16, 0xA9, 0xF6, 0xA1, 0xD6, 0xCA, 0x5C, 0xD1, 0x3F, 0xC9, 0x3F, 
    0xC9, 0x3F, 0xD0, 0xFF, 0xEA, 0x1F, 0x39, 0x08, 0x11, 0x30, 0x2B, 0xB4, 0x0A, 0xC9, 0x00, 0x00, 
    0x00, 0x00, 0x00, 0x00, 0x00, 0x00, 0x00, 0x00, 0x00, 0x00, 0x00, 0x00, 0x00, 0x00, 0x00, 0x00, 
    0x00, 0x00, 0x00, 0x00, 0x00, 0x00, 0x00, 0x00, 0x00, 0x00, 0x00, 0x00, 0x00, 0x00, 0x00, 0x00, 
    0x00, 0x00, 0x00, 0x00, 0x00, 0x00, 0x00, 0x00, 0x00, 0x00, 0x00, 0x00, 0x00, 0x00, 0x00, 0x00, 
    0x00, 0x00, 0x00, 0x00, 0x00, 0x00, 0x00, 0x00, 0x00, 0x00, 0x00, 0x00, 0x00, 0x00, 0x00, 0x00, 
    0x00, 0x00, 0x00, 0x00, 0x00, 0x00, 0x00, 0x00, 0x00, 0x00, 0x00, 0x00, 0x00, 0x00, 0x00, 0x00, 
    0x00, 0x00, 0x00, 0x00, 0x00, 0x00, 0x00, 0x00, 0x00, 0x00, 0x00, 0x00, 0x00, 0x00, 0x00, 0x00, 
    0x00, 0x00, 0x00, 0x00, 0x00, 0x00, 0x00, 0x00, 0x00, 0x00, 0x00, 0x00, 0x00, 0x00, 0x00, 0x00, 
    0x00, 0x00, 0x00, 0x00, 0x00, 0x00, 0x00, 0x00, 0x00, 0x00, 0x00, 0x00, 0x00, 0x00, 0x00, 0x00, 
    0x00, 0x00, 0x00, 0x00, 0x00, 0x00, 0x00, 0x00, 0x00, 0x00, 0x00, 0x00, 0x00, 0x00, 0x00, 0x00, 
    0x00, 0x00, 0x02, 0xCA, 0x02, 0xCC, 0x21, 0x26, 0x3F, 0x5E, 0x17, 0xFF, 0x17, 0xDF, 0x17, 0xDF, 
    0x17, 0xDF, 0x17, 0xDF, 0x17, 0xDF, 0x17, 0xDF, 0x17, 0xDF, 0x17, 0xDF, 0x17, 0xDF, 0x17, 0xDF, 
    0x17, 0xDF, 0x17, 0xDF, 0x17, 0xDF, 0x17, 0xDF, 0x17, 0xDF, 0x17, 0xDF, 0x17, 0xDF, 0x17, 0xDF, 
    0x17, 0xDF, 0x17, 0xFF, 0x17, 0xDF, 0x17, 0xDF, 0x17, 0xDF, 0x17, 0xDF, 0x17, 0xDF, 0x17, 0xDF, 
    0x17, 0xDF, 0x17, 0xDF, 0x17, 0xDF, 0x17, 0xDF, 0x17, 0xDF, 0x17, 0xDF, 0x0F, 0xFF, 0x3F, 0x9F, 
    0x29, 0x87, 0x00, 0x28, 0x00, 0x28, 0x3A, 0x2A, 0x4F, 0x9F, 0x07, 0xBF, 0x17, 0xBF, 0x17, 0x9F, 
    0x17, 0x7F, 0x17, 0x7F, 0x17, 0x7F, 0x0F, 0x7F, 0x0F, 0x5F, 0x17, 0x5F, 0x17, 0x5F, 0x17, 0x5F, 
    0x17, 0x5F, 0x17, 0x3F, 0x17, 0x3F, 0x17, 0x3F, 0x17, 0x1F, 0x17, 0x1F, 0x17, 0x1F, 0x16, 0xFF, 
    0x16, 0xFF, 0x0E, 0xDF, 0x16, 0xDF, 0x16, 0xDF, 0x16, 0xBF, 0x16, 0x9F, 0x16, 0x9F, 0x16, 0x9F, 
    0x16, 0x9F, 0x16, 0x7F, 0x16, 0x7F, 0x16, 0x7F, 0x16, 0x5F, 0x1E, 0x9F, 0x0E, 0x5F, 0x3E, 0x5E, 
    0x29, 0x86, 0x00, 0x06, 0x00, 0x48, 0x18, 0xC5, 0x4D, 0x9D, 0x15, 0xBF, 0x1E, 0x1F, 0x1D, 0xFF, 
    0x1D, 0xDF, 0x1D, 0xBF, 0x1D, 0x9F, 0x1D, 0x9F, 0x1D, 0x9F, 0x1D, 0x7F, 0x1D, 0x7F, 0x15, 0x5F, 
    0x15, 0x5F, 0x1D, 0x3F, 0x1D, 0x3F, 0x1D, 0x3F, 0x1D, 0x1F, 0x1D, 0x1F, 0x1D, 0x1F, 0x1C, 0xFF, 
    0x1C, 0xFF, 0x1C, 0xFF, 0x1C, 0xDF, 0x1C, 0xDF, 0x1C, 0xBF, 0x1C, 0xBF, 0x1C, 0xBF, 0x1C, 0xBF, 
    0x1C, 0x9F, 0x1C, 0x9F, 0x1C, 0x9F, 0x1C, 0x9F, 0x24, 0x7F, 0x24, 0x9F, 0x24, 0x5F, 0x5C, 0xFE, 
    0x18, 0xE6, 0x00, 0x0A, 0x00, 0x05, 0x3A, 0x6D, 0x3C, 0xBF, 0x24, 0x5F, 0x1C, 0x1F, 0x1C, 0x1F, 
    0x24, 0x1F, 0x24, 0x1F, 0x23, 0xFF, 0x23, 0xFF, 0x23, 0xDF, 0x23, 0xDF, 0x23, 0xBF, 0x23, 0xBF, 
    0x2B, 0xBF, 0x2B, 0xBF, 0x2B, 0xBF, 0x2B, 0x9F, 0x2B, 0x9F, 0x2B, 0x9F, 0x33, 0x9F, 0x33, 0x9F, 
    0x33, 0x7F, 0x33, 0x7F, 0x33, 0x5F, 0x33, 0x3F, 0x33, 0x3F, 0x3B, 0x3F, 0x3B, 0x3F, 0x3B, 0x3F, 
    0x3B, 0x3F, 0x43, 0x3F, 0x43, 0x3F, 0x4B, 0x1F, 0x53, 0x5F, 0x63, 0x3F, 0x94, 0x1F, 0x28, 0xE6, 
    0x01, 0xCC, 0x0B, 0x4E, 0x01, 0x24, 0x00, 0x00, 0x00, 0x00, 0x00, 0x00, 0x00, 0x00, 0x00, 0x00, 
    0x00, 0x00, 0x00, 0x00, 0x00, 0x00, 0x00, 0x00, 0x00, 0x00, 0x00, 0x00, 0x00, 0x00, 0x00, 0x00, 
    0x00, 0x00, 0x00, 0x00, 0x01, 0xE6, 0x1B, 0xB1, 0x00, 0xC8, 0x69, 0xF1, 0x92, 0x9F, 0x72, 0x3F, 
    0x72, 0x3F, 0x72, 0x3F, 0x7A, 0x1F, 0xA2, 0xFE, 0x28, 0xC6, 0x00, 0xAC, 0x01, 0xB0, 0x02, 0xCF, 
    0x03, 0x4D, 0x03, 0x0B, 0x02, 0xCA, 0x02, 0xCA, 0x02, 0xAA, 0x02, 0xCA, 0x02, 0x89, 0x02, 0x69, 
    0x02, 0x48, 0x02, 0x27, 0x02, 0x28, 0x02, 0xCA, 0x0B, 0x8E, 0x0A, 0xF0, 0x01, 0x8F, 0x10, 0x64, 
    0xA1, 0xFB, 0xA1, 0x7F, 0x99, 0x9F, 0xA1, 0xBF, 0xB1, 0x9F, 0xA2, 0x37, 0x08, 0x46, 0x1A, 0x15, 
    0x13, 0x90, 0x0A, 0x89, 0x00, 0xC3, 0x00, 0x41, 0x0A, 0x68, 0x13, 0x70, 0x01, 0x2B, 0x39, 0x07, 
    0xCA, 0x1F, 0xB1, 0x3F, 0xB1, 0x5F, 0xB1, 0x5F, 0xB1, 0x5F, 0xC1, 0x3F, 0xD1, 0x7F, 0xD9, 0x9F, 
    0xE1, 0x7F, 0xE1, 0x5F, 0xE1, 0x5F, 0xE1, 0x5F, 0xE1, 0x3F, 0xD9, 0x1F, 0xC9, 0x3F, 0xC9, 0x3F, 
    0xC9, 0x3F, 0xD9, 0x1F, 0xDA, 0x1E, 0x18, 0x86, 0x21, 0xD4, 0x23, 0xB1, 0x0A, 0x07, 0x00, 0x00, 
    0x00, 0x00, 0x00, 0x00, 0x00, 0x00, 0x00, 0x00, 0x00, 0x00, 0x00, 0x00, 0x00, 0x00, 0x00, 0x00, 
    0x00, 0x00, 0x00, 0x00, 0x00, 0x00, 0x00, 0x00, 0x00, 0x00, 0x00, 0x00, 0x00, 0x00, 0x00, 0x00, 
    0x00, 0x00, 0x00, 0x00, 0x00, 0x00, 0x00, 0x00, 0x00, 0x00, 0x00, 0x00, 0x00, 0x00, 0x00, 0x00, 
    0x00, 0x00, 0x00, 0x00, 0x00, 0x00, 0x00, 0x00, 0x00, 0x00, 0x00, 0x00, 0x00, 0x00, 0x00, 0x00, 
    0x00, 0x00, 0x00, 0x00, 0x00, 0x00, 0x00, 0x00, 0x00, 0x00, 0x00, 0x00, 0x00, 0x00, 0x00, 0x00, 
    0x00, 0x00, 0x00, 0x00, 0x00, 0x00, 0x00, 0x00, 0x00, 0x00, 0x00, 0x00, 0x00, 0x00, 0x00, 0x00, 
    0x00, 0x00, 0x00, 0x00, 0x00, 0x00, 0x00, 0x00, 0x00, 0x00, 0x00, 0x00, 0x00, 0x00, 0x00, 0x00, 
    0x00, 0x00, 0x00, 0x00, 0x00, 0x00, 0x00, 0x00, 0x00, 0x00, 0x00, 0x00, 0x00, 0x00, 0x00, 0x00, 
    0x00, 0x00, 0x00, 0x00, 0x00, 0x00, 0x00, 0x00, 0x00, 0x00, 0x00, 0x00, 0x00, 0x00, 0x00, 0x00, 
    0x00, 0x00, 0x02, 0x8A, 0x02, 0xEC, 0x21, 0x26, 0x37, 0x5E, 0x0F, 0xFF, 0x17, 0xDF, 0x17, 0xDF, 
    0x17, 0xDF, 0x17, 0xDF, 0x17, 0xDF, 0x17, 0xDF, 0x17, 0xDF, 0x17, 0xDF, 0x17, 0xDF, 0x17, 0xDF, 
    0x17, 0xDF, 0x17, 0xDF, 0x17, 0xFF, 0x17, 0xDF, 0x17, 0xDF, 0x17, 0xDF, 0x17, 0xDF, 0x17, 0xDF, 
    0x17, 0xDF, 0x17, 0xDF, 0x17, 0xDF, 0x17, 0xDF, 0x17, 0xDF, 0x17, 0xDF, 0x17, 0xDF, 0x17, 0xDF, 
    0x17, 0xDF, 0x17, 0xDF, 0x17, 0xDF, 0x17, 0xDF, 0x17, 0xDF, 0x07, 0xDF, 0x37, 0xBF, 0x3A, 0xED, 
    0x00, 0x01, 0x01, 0x0C, 0x01, 0x2C, 0x00, 0x05, 0x3A, 0xCE, 0x37, 0x5F, 0x07, 0x9F, 0x17, 0xBF, 
    0x17, 0x9F, 0x0F, 0x7F, 0x0F, 0x7F, 0x0F, 0x7F, 0x17, 0x7F, 0x17, 0x7F, 0x17, 0x5F, 0x17, 0x5F, 
    0x17, 0x5F, 0x17, 0x5F, 0x17, 0x3F, 0x17, 0x3F, 0x17, 0x3F, 0x17, 0x1F, 0x17, 0x1F, 0x17, 0x1F, 
    0x16, 0xFF, 0x0E, 0xFF, 0x16, 0xDF, 0x16, 0xDF, 0x16, 0xBF, 0x16, 0xBF, 0x16, 0xBF, 0x16, 0x9F, 
    0x16, 0x9F, 0x16, 0x7F, 0x16, 0x7F, 0x16, 0x7F, 0x1E, 0x9F, 0x16, 0x7F, 0x46, 0x7F, 0x3A, 0x6A, 
    0x00, 0x02, 0x00, 0xEC, 0x01, 0x2D, 0x00, 0x46, 0x29, 0x87, 0x45, 0x5C, 0x15, 0x9F, 0x1D, 0xFF, 
    0x1D, 0xFF, 0x1D, 0xDF, 0x1D, 0xBF, 0x15, 0x7F, 0x15, 0x7F, 0x1D, 0x7F, 0x1D, 0x7F, 0x1D, 0x7F, 
    0x15, 0x5F, 0x1D, 0x3F, 0x1D, 0x3F, 0x1D, 0x3F, 0x1D, 0x3F, 0x1D, 0x1F, 0x1D, 0x1F, 0x1D, 0x1F, 
    0x1C, 0xFF, 0x1C, 0xFF, 0x1C, 0xDF, 0x1C, 0xDF, 0x1C, 0xDF, 0x1C, 0xBF, 0x1C, 0xBF, 0x1C, 0xBF, 
    0x1C, 0x9F, 0x1C, 0x9F, 0x1C, 0x9F, 0x1C, 0x7F, 0x2C, 0x9F, 0x24, 0x7F, 0x44, 0xDF, 0x42, 0x8D, 
    0x00, 0x02, 0x00, 0x2B, 0x08, 0x23, 0x53, 0xF7, 0x2C, 0x9F, 0x24, 0x5F, 0x1C, 0x1F, 0x24, 0x1F, 
    0x24, 0x1F, 0x24, 0x1F, 0x23, 0xFF, 0x23, 0xFF, 0x23, 0xDF, 0x23, 0xDF, 0x23, 0xBF, 0x23, 0xBF, 
    0x2B, 0xBF, 0x2B, 0x9F, 0x2B, 0x9F, 0x2B, 0x9F, 0x2B, 0x9F, 0x2B, 0x9F, 0x2B, 0x7F, 0x33, 0x7F, 
    0x33, 0x7F, 0x33, 0x5F, 0x33, 0x5F, 0x33, 0x3F, 0x33, 0x3F, 0x3B, 0x3F, 0x3B, 0x3F, 0x3B, 0x3F, 
    0x3B, 0x3F, 0x43, 0x1F, 0x43, 0x1F, 0x4B, 0x1F, 0x52, 0xFF, 0x83, 0xFE, 0x49, 0xEA, 0x00, 0x44, 
    0x03, 0x52, 0x02, 0xAA, 0x00, 0x41, 0x00, 0x00, 0x00, 0x00, 0x00, 0x00, 0x00, 0x00, 0x00, 0x00, 
    0x00, 0x00, 0x00, 0x00, 0x00, 0x00, 0x00, 0x00, 0x00, 0x00, 0x00, 0x00, 0x00, 0x00, 0x00, 0x00, 
    0x00, 0x00, 0x00, 0x00, 0x0A, 0x48, 0x13, 0xB1, 0x00, 0x84, 0x82, 0x76, 0x82, 0x5F, 0x72, 0x3F, 
    0x72, 0x3F, 0x72, 0x3F, 0x8A, 0x7F, 0xA2, 0xFB, 0x10, 0x65, 0x01, 0x71, 0x02, 0xF0, 0x03, 0x2C, 
    0x02, 0x08, 0x01, 0x24, 0x00, 0xA2, 0x00, 0x61, 0x00, 0x61, 0x00, 0x41, 0x00, 0x41, 0x00, 0x41, 
    0x00, 0x00, 0x00, 0x00, 0x00, 0x00, 0x01, 0x04, 0x0A, 0xCA, 0x13, 0x70, 0x01, 0xAD, 0x20, 0xA6, 
    0xB2, 0x3E, 0x99, 0x7F, 0x99, 0x9F, 0x99, 0x9F, 0xB9, 0xFF, 0x89, 0xF3, 0x00, 0x69, 0x22, 0xB5, 
    0x13, 0x6E, 0x01, 0xC6, 0x00, 0x20, 0x00, 0x00, 0x01, 0xE6, 0x13, 0x4F, 0x01, 0x4A, 0x41, 0x07, 
    0xD2, 0x5F, 0xB1, 0x3F, 0xB1, 0x5F, 0xB1, 0x5F, 0xB1, 0x5F, 0xB9, 0x5F, 0xB9, 0x7F, 0xB9, 0x5F, 
    0xC1, 0x3F, 0xC1, 0x3F, 0xC9, 0x3F, 0xC9, 0x3F, 0xC9, 0x3F, 0xC9, 0x3F, 0xC9, 0x1F, 0xD1, 0x3F, 
    0xD0, 0xFF, 0xE9, 0x3F, 0x99, 0xB4, 0x00, 0x25, 0x2A, 0xB5, 0x1B, 0x4D, 0x01, 0x23, 0x00, 0x00, 
    0x00, 0x00, 0x00, 0x00, 0x00, 0x00, 0x00, 0x00, 0x00, 0x00, 0x00, 0x00, 0x00, 0x00, 0x00, 0x00, 
    0x00, 0x00, 0x00, 0x00, 0x00, 0x00, 0x00, 0x00, 0x00, 0x00, 0x00, 0x00, 0x00, 0x00, 0x00, 0x00, 
    0x00, 0x00, 0x00, 0x00, 0x00, 0x00, 0x00, 0x00, 0x00, 0x00, 0x00, 0x00, 0x00, 0x00, 0x00, 0x00, 
    0x00, 0x00, 0x00, 0x00, 0x00, 0x00, 0x00, 0x00, 0x00, 0x00, 0x00, 0x00, 0x00, 0x00, 0x00, 0x00, 
    0x00, 0x00, 0x00, 0x00, 0x00, 0x00, 0x00, 0x00, 0x00, 0x00, 0x00, 0x00, 0x00, 0x00, 0x00, 0x00, 
    0x00, 0x00, 0x00, 0x00, 0x00, 0x00, 0x00, 0x00, 0x00, 0x00, 0x00, 0x00, 0x00, 0x00, 0x00, 0x00, 
    0x00, 0x00, 0x00, 0x00, 0x00, 0x00, 0x00, 0x00, 0x00, 0x00, 0x00, 0x00, 0x00, 0x00, 0x00, 0x00, 
    0x00, 0x00, 0x00, 0x00, 0x00, 0x00, 0x00, 0x00, 0x00, 0x00, 0x00, 0x00, 0x00, 0x00, 0x00, 0x00, 
    0x00, 0x00, 0x00, 0x00, 0x00, 0x00, 0x00, 0x00, 0x00, 0x00, 0x00, 0x00, 0x00, 0x00, 0x00, 0x00, 
    0x00, 0x00, 0x02, 0x69, 0x02, 0xCC, 0x21, 0x27, 0x3F, 0x7E, 0x0F, 0xFF, 0x17, 0xFF, 0x17, 0xFF, 
    0x17, 0xFF, 0x17, 0xFF, 0x17, 0xFF, 0x17, 0xFF, 0x17, 0xFF, 0x17, 0xFF, 0x17, 0xFF, 0x17, 0xFF, 
    0x17, 0xFF, 0x17, 0xFF, 0x17, 0xFF, 0x17, 0xFF, 0x17, 0xFF, 0x17, 0xDF, 0x17, 0xFF, 0x1F, 0xFF, 
    0x1F, 0xFF, 0x17, 0xFF, 0x17, 0xFF, 0x17, 0xFF, 0x17, 0xFF, 0x17, 0xFF, 0x17, 0xFF, 0x17, 0xDF, 
    0x17, 0xDF, 0x17, 0xDF, 0x17, 0xDF, 0x17, 0xFF, 0x07, 0xFF, 0x3F, 0x9F, 0x42, 0xCC, 0x00, 0x01, 
    0x01, 0x4B, 0x01, 0xAD, 0x01, 0xED, 0x01, 0xCD, 0x00, 0x03, 0x3A, 0x6B, 0x37, 0x1F, 0x07, 0x7F, 
    0x17, 0xDF, 0x17, 0xBF, 0x0F, 0x9F, 0x17, 0x9F, 0x17, 0x9F, 0x17, 0x9F, 0x17, 0x9F, 0x17, 0x7F, 
    0x17, 0x7F, 0x17, 0x7F, 0x17, 0x5F, 0x17, 0x5F, 0x17, 0x5F, 0x17, 0x5F, 0x17, 0x3F, 0x17, 0x3F, 
    0x17, 0x3F, 0x17, 0x1F, 0x16, 0xFF, 0x16, 0xFF, 0x16, 0xDF, 0x16, 0xDF, 0x16, 0xDF, 0x16, 0xBF, 
    0x16, 0xBF, 0x1E, 0xBF, 0x16, 0x9F, 0x16, 0x9F, 0x06, 0x5F, 0x46, 0x5F, 0x4A, 0x6A, 0x00, 0x02, 
    0x01, 0x4D, 0x01, 0xEE, 0x02, 0x2E, 0x02, 0x30, 0x00, 0x44, 0x21, 0x24, 0x4D, 0x3C, 0x15, 0x7F, 
    0x15, 0xDF, 0x1D, 0xFF, 0x1D, 0xDF, 0x1D, 0xBF, 0x1D, 0xBF, 0x1D, 0xBF, 0x1D, 0x9F, 0x1D, 0x7F, 
    0x1D, 0x7F, 0x1D, 0x5F, 0x1D, 0x5F, 0x1D, 0x5F, 0x1D, 0x3F, 0x1D, 0x3F, 0x1D, 0x3F, 0x1D, 0x1F, 
    0x1D, 0x1F, 0x1C, 0xFF, 0x1C, 0xFF, 0x1C, 0xDF, 0x1C, 0xDF, 0x1C, 0xDF, 0x1C, 0xDF, 0x1C, 0xBF, 
    0x1C, 0xBF, 0x1C, 0x9F, 0x1C, 0x9F, 0x24, 0x9F, 0x1C, 0x5F, 0x45, 0x1F, 0x53, 0x30, 0x00, 0x00, 
    0x00, 0x29, 0x00, 0x07, 0x29, 0x45, 0x4C, 0xDE, 0x1C, 0x3F, 0x24, 0x3F, 0x24, 0x3F, 0x24, 0x1F, 
    0x24, 0x1F, 0x24, 0x1F, 0x23, 0xFF, 0x23, 0xFF, 0x23, 0xFF, 0x23, 0xDF, 0x2B, 0xDF, 0x2B, 0xDF, 
    0x2B, 0xBF, 0x2B, 0xBF, 0x2B, 0x9F, 0x2B, 0xBF, 0x2B, 0x9F, 0x33, 0x9F, 0x33, 0x9F, 0x33, 0x9F, 
    0x33, 0x7F, 0x33, 0x5F, 0x33, 0x5F, 0x33, 0x5F, 0x3B, 0x5F, 0x3B, 0x3F, 0x3B, 0x3F, 0x3B, 0x1F, 
    0x3B, 0x1F, 0x43, 0x1F, 0x4B, 0x1F, 0x42, 0xBF, 0x6B, 0xBE, 0x39, 0x88, 0x00, 0x03, 0x02, 0x72, 
    0x03, 0x6E, 0x01, 0x65, 0x00, 0x00, 0x00, 0x00, 0x00, 0x00, 0x00, 0x00, 0x00, 0x00, 0x00, 0x00, 
    0x00, 0x00, 0x00, 0x00, 0x00, 0x00, 0x00, 0x00, 0x00, 0x00, 0x00, 0x00, 0x00, 0x00, 0x00, 0x00, 
    0x00, 0x00, 0x00, 0x00, 0x0A, 0x69, 0x13, 0x50, 0x10, 0x84, 0x9B, 0x3B, 0x82, 0x9F, 0x72, 0x5F, 
    0x72, 0x3F, 0x72, 0x5F, 0x92, 0x9F, 0x92, 0x76, 0x00, 0x45, 0x02, 0x72, 0x03, 0x4D, 0x01, 0xE7, 
    0x00, 0x00, 0x00, 0x00, 0x00, 0x00, 0x00, 0x00, 0x00, 0x00, 0x00, 0x00, 0x00, 0x00, 0x00, 0x00, 
    0x00, 0x00, 0x00, 0x00, 0x00, 0x00, 0x00, 0x00, 0x02, 0x07, 0x13, 0x70, 0x01, 0x6B, 0x41, 0x29, 
    0xBA, 0x5F, 0x99, 0x7F, 0x99, 0x9F, 0x99, 0xBF, 0xCA, 0x3F, 0x69, 0x4E, 0x00, 0xAA, 0x1B, 0x14, 
    0x0B, 0x0B, 0x00, 0xE3, 0x00, 0x00, 0x00, 0x00, 0x01, 0x04, 0x13, 0x2C, 0x12, 0x90, 0x00, 0x24, 
    0x9A, 0x56, 0xC1, 0x9F, 0xB1, 0x1F, 0xB1, 0x3F, 0xB9, 0x5F, 0xB9, 0x5F, 0xB9, 0x7F, 0xC1, 0x7F, 
    0xC1, 0x5F, 0xC1, 0x3F, 0xC1, 0x1F, 0xC9, 0x1F, 0xC9, 0x3F, 0xC9, 0x3F, 0xD1, 0x3F, 0xD0, 0xFF, 
    0xE1, 0x5F, 0xA9, 0xD6, 0x08, 0x21, 0x11, 0x2D, 0x2B, 0x73, 0x12, 0x89, 0x00, 0x00, 0x00, 0x00, 
    0x00, 0x00, 0x00, 0x00, 0x00, 0x00, 0x00, 0x00, 0x00, 0x00, 0x00, 0x00, 0x00, 0x00, 0x00, 0x00, 
    0x00, 0x00, 0x00, 0x00, 0x00, 0x00, 0x00, 0x00, 0x00, 0x00, 0x00, 0x00, 0x00, 0x00, 0x00, 0x00, 
    0x00, 0x00, 0x00, 0x00, 0x00, 0x00, 0x00, 0x00, 0x00, 0x00, 0x00, 0x00, 0x00, 0x00, 0x00, 0x00, 
    0x00, 0x00, 0x00, 0x00, 0x00, 0x00, 0x00, 0x00, 0x00, 0x00, 0x00, 0x00, 0x00, 0x00, 0x00, 0x00, 
    0x00, 0x00, 0x00, 0x00, 0x00, 0x00, 0x00, 0x00, 0x00, 0x00, 0x00, 0x00, 0x00, 0x00, 0x00, 0x00, 
    0x00, 0x00, 0x00, 0x00, 0x00, 0x00, 0x00, 0x00, 0x00, 0x00, 0x00, 0x00, 0x00, 0x00, 0x00, 0x00, 
    0x00, 0x00, 0x00, 0x00, 0x00, 0x00, 0x00, 0x00, 0x00, 0x00, 0x00, 0x00, 0x00, 0x00, 0x00, 0x00, 
    0x00, 0x00, 0x00, 0x00, 0x00, 0x00, 0x00, 0x00, 0x00, 0x00, 0x00, 0x00, 0x00, 0x00, 0x00, 0x00, 
    0x00, 0x00, 0x00, 0x00, 0x00, 0x00, 0x00, 0x00, 0x00, 0x00, 0x00, 0x00, 0x00, 0x00, 0x00, 0x00, 
    0x00, 0x00, 0x02, 0x07, 0x02, 0x6A, 0x29, 0x48, 0x3F, 0xBF, 0x0F, 0xFF, 0x0F, 0xFF, 0x0F, 0xFF, 
    0x0F, 0xFF, 0x0F, 0xFF, 0x0F, 0xFF, 0x0F, 0xFF, 0x0F, 0xFF, 0x0F, 0xFF, 0x0F, 0xFF, 0x0F, 0xFF, 
    0x0F, 0xFF, 0x0F, 0xFF, 0x0F, 0xFF, 0x0F, 0xFF, 0x0F, 0xFF, 0x0F, 0xFF, 0x0F, 0xFF, 0x17, 0xFF, 
    0x0F, 0xFF, 0x0F, 0xFF, 0x0F, 0xFF, 0x0F, 0xFF, 0x0F, 0xFF, 0x0F, 0xFF, 0x0F, 0xFF, 0x0F, 0xFF, 
    0x0F, 0xFF, 0x0F, 0xFF, 0x0F, 0xFF, 0x07, 0xFF, 0x3F, 0x9F, 0x42, 0xAB, 0x00, 0x01, 0x01, 0xCE, 
    0x02, 0xAE, 0x02, 0xCC, 0x02, 0xEC, 0x03, 0x0E, 0x02, 0x2D, 0x00, 0x01, 0x3A, 0x6C, 0x3F, 0x5F, 
    0x07, 0xBF, 0x07, 0x9F, 0x07, 0x7F, 0x07, 0x7F, 0x0F, 0x7F, 0x0F, 0x5F, 0x0F, 0x3F, 0x0F, 0x3F, 
    0x0F, 0x1F, 0x0F, 0x1F, 0x0F, 0x1F, 0x0F, 0x1F, 0x0E, 0xFF, 0x0E, 0xFF, 0x0E, 0xFF, 0x0E, 0xDF, 
    0x0E, 0xBF, 0x0E, 0xBF, 0x0E, 0xBF, 0x0E, 0x9F, 0x0E, 0x9F, 0x0E, 0x7F, 0x0E, 0x7F, 0x0E, 0x7F, 
    0x0E, 0x5F, 0x0E, 0x3F, 0x0E, 0x3F, 0x0E, 0x5F, 0x46, 0x3E, 0x3A, 0x49, 0x00, 0x01, 0x01, 0x8E, 
    0x02, 0x8E, 0x02, 0xED, 0x03, 0x2D, 0x03, 0x2E, 0x02, 0xAE, 0x00, 0x64, 0x21, 0x25, 0x4D, 0x5C, 
    0x15, 0x7F, 0x0D, 0x3F, 0x0D, 0x3F, 0x15, 0x5F, 0x15, 0x5F, 0x15, 0x5F, 0x15, 0x5F, 0x0D, 0x3F, 
    0x15, 0x1F, 0x15, 0x1F, 0x14, 0xFF, 0x14, 0xFF, 0x14, 0xFF, 0x14, 0xFF, 0x14, 0xDF, 0x14, 0xDF, 
    0x14, 0xDF, 0x14, 0xBF, 0x14, 0xBF, 0x14, 0xBF, 0x14, 0xBF, 0x1C, 0x9F, 0x1C, 0x9F, 0x1C, 0x9F, 
    0x14, 0x7F, 0x14, 0x5F, 0x14, 0x3F, 0x0C, 0x1F, 0x34, 0xFF, 0x63, 0xF2, 0x00, 0x01, 0x00, 0x6B, 
    0x00, 0x8C, 0x00, 0x02, 0x4B, 0x10, 0x2C, 0xDF, 0x1C, 0x3F, 0x1C, 0x1F, 0x1C, 0x1F, 0x1C, 0x1F, 
    0x1B, 0xFF, 0x1B, 0xFF, 0x23, 0xFF, 0x1B, 0xDF, 0x1B, 0xDF, 0x23, 0xBF, 0x23, 0xBF, 0x23, 0xBF, 
    0x23, 0xBF, 0x2B, 0x9F, 0x23, 0x7F, 0x23, 0x7F, 0x2B, 0x7F, 0x2B, 0x7F, 0x2B, 0x7F, 0x2B, 0x5F, 
    0x2B, 0x5F, 0x33, 0x3F, 0x33, 0x3F, 0x33, 0x3F, 0x33, 0x3F, 0x3B, 0x3F, 0x3B, 0x1F, 0x3A, 0xFF, 
    0x3A, 0xDF, 0x3A, 0xDF, 0x42, 0xFF, 0x74, 0x1E, 0x39, 0xC9, 0x00, 0x03, 0x01, 0xF2, 0x03, 0x4F, 
    0x02, 0x28, 0x00, 0x00, 0x00, 0x00, 0x00, 0x00, 0x00, 0x00, 0x00, 0x00, 0x00, 0x00, 0x00, 0x00, 
    0x00, 0x00, 0x00, 0x00, 0x00, 0x00, 0x00, 0x00, 0x00, 0x00, 0x00, 0x00, 0x00, 0x00, 0x00, 0x00, 
    0x00, 0x00, 0x00, 0x00, 0x0A, 0x89, 0x0A, 0xAD, 0x29, 0x08, 0xB3, 0xBF, 0x8A, 0x7F, 0x7A, 0x1F, 
    0x79, 0xFF, 0x82, 0x1F, 0xA2, 0x9F, 0x79, 0xF1, 0x00, 0x85, 0x0B, 0x11, 0x02, 0xA9, 0x00, 0xA2, 
    0x00, 0x00, 0x00, 0x00, 0x00, 0x00, 0x00, 0x00, 0x00, 0x00, 0x00, 0x00, 0x00, 0x00, 0x00, 0x00, 
    0x00, 0x00, 0x00, 0x00, 0x00, 0x00, 0x00, 0x00, 0x01, 0xA6, 0x13, 0x4F, 0x01, 0x07, 0x71, 0xEF, 
    0xC2, 0x7F, 0xA9, 0xDF, 0xA9, 0x9F, 0xA9, 0x5F, 0xD2, 0x3F, 0x40, 0xC9, 0x01, 0x4D, 0x1B, 0x71, 
    0x0A, 0x69, 0x00, 0x20, 0x00, 0x00, 0x00, 0x00, 0x00, 0x00, 0x0A, 0x48, 0x1B, 0xB1, 0x09, 0x8D, 
    0x10, 0x64, 0xBA, 0x9B, 0xC9, 0x5F, 0xC1, 0x5F, 0xC9, 0x7F, 0xC9, 0x7F, 0xC9, 0x7F, 0xD1, 0x7F, 
    0xD1, 0x5F, 0xD1, 0x3F, 0xD1, 0x1F, 0xD8, 0xFF, 0xD9, 0x1F, 0xD9, 0x3F, 0xE1, 0x3F, 0xE9, 0xBF, 
    0x9A, 0x34, 0x08, 0x22, 0x10, 0xAE, 0x2A, 0xD5, 0x1B, 0x6D, 0x01, 0x44, 0x00, 0x00, 0x00, 0x00, 
    0x00, 0x00, 0x00, 0x00, 0x00, 0x00, 0x00, 0x00, 0x00, 0x00, 0x00, 0x00, 0x00, 0x00, 0x00, 0x00, 
    0x00, 0x00, 0x00, 0x00, 0x00, 0x00, 0x00, 0x00, 0x00, 0x00, 0x00, 0x00, 0x00, 0x00, 0x00, 0x00, 
    0x00, 0x00, 0x00, 0x00, 0x00, 0x00, 0x00, 0x00, 0x00, 0x00, 0x00, 0x00, 0x00, 0x00, 0x00, 0x00, 
    0x00, 0x00, 0x00, 0x00, 0x00, 0x00, 0x00, 0x00, 0x00, 0x00, 0x00, 0x00, 0x00, 0x00, 0x00, 0x00, 
    0x00, 0x00, 0x00, 0x00, 0x00, 0x00, 0x00, 0x00, 0x00, 0x00, 0x00, 0x00, 0x00, 0x00, 0x00, 0x00, 
    0x00, 0x00, 0x00, 0x00, 0x00, 0x00, 0x00, 0x00, 0x00, 0x00, 0x00, 0x00, 0x00, 0x00, 0x00, 0x00, 
    0x00, 0x00, 0x00, 0x00, 0x00, 0x00, 0x00, 0x00, 0x00, 0x00, 0x00, 0x00, 0x00, 0x00, 0x00, 0x00, 
    0x00, 0x00, 0x00, 0x00, 0x00, 0x00, 0x00, 0x00, 0x00, 0x00, 0x00, 0x00, 0x00, 0x00, 0x00, 0x00, 
    0x00, 0x00, 0x00, 0x00, 0x00, 0x00, 0x00, 0x00, 0x00, 0x00, 0x00, 0x00, 0x00, 0x00, 0x00, 0x00, 
    0x00, 0x00, 0x01, 0x65, 0x01, 0xE8, 0x19, 0x07, 0x5E, 0x1A, 0x46, 0x5A, 0x46, 0x5A, 0x46, 0x3A, 
    0x3E, 0x3A, 0x3E, 0x3A, 0x3E, 0x3A, 0x46, 0x3A, 0x46, 0x3A, 0x46, 0x3A, 0x3E, 0x1A, 0x3E, 0x19, 
    0x3E, 0x1A, 0x46, 0x1A, 0x46, 0x3A, 0x46, 0x1A, 0x46, 0x1A, 0x46, 0x3A, 0x4E, 0x3A, 0x46, 0x3A, 
    0x46, 0x3A, 0x46, 0x3A, 0x46, 0x1A, 0x46, 0x1A, 0x46, 0x1A, 0x46, 0x1A, 0x3E, 0x1A, 0x3E, 0x1A, 
    0x3D, 0xFA, 0x3D, 0xFA, 0x46, 0x1A, 0x45, 0xF9, 0x32, 0x09, 0x00, 0x02, 0x02, 0x0E, 0x03, 0x0E, 
    0x02, 0xEB, 0x02, 0x89, 0x02, 0x69, 0x02, 0xAA, 0x03, 0x0C, 0x02, 0xAC, 0x00, 0x23, 0x3A, 0x6C, 
    0x4D, 0xDA, 0x3D, 0xDA, 0x3D, 0xBA, 0x3D, 0xBA, 0x3D, 0x9A, 0x3D, 0x99, 0x3D, 0x79, 0x3D, 0x79, 
    0x45, 0x79, 0x45, 0x7A, 0x45, 0x7A, 0x3D, 0x79, 0x3D, 0x5A, 0x3D, 0x5A, 0x3D, 0x5A, 0x45, 0x59, 
    0x45, 0x5A, 0x45, 0x5A, 0x45, 0x5A, 0x3D, 0x39, 0x45, 0x3A, 0x45, 0x5A, 0x45, 0x5A, 0x45, 0x5A, 
    0x45, 0x3A, 0x45, 0x19, 0x45, 0x3A, 0x55, 0x59, 0x3A, 0x09, 0x00, 0x03, 0x02, 0x0F, 0x02, 0xED, 
    0x02, 0xCB, 0x02, 0x89, 0x02, 0x49, 0x02, 0x89, 0x03, 0x0C, 0x03, 0x2F, 0x00, 0xC5, 0x21, 0x05, 
    0x4C, 0x98, 0x3C, 0xBA, 0x44, 0xB9, 0x44, 0xDA, 0x44, 0xDA, 0x44, 0xBA, 0x44, 0xBA, 0x44, 0xBA, 
    0x44, 0xBA, 0x4C, 0xBA, 0x4C, 0xBA, 0x4C, 0xBA, 0x4C, 0xBA, 0x44, 0x7A, 0x44, 0x59, 0x44, 0x59, 
    0x44, 0x59, 0x44, 0x59, 0x44, 0x59, 0x44, 0x5A, 0x4C, 0x7A, 0x4C, 0x5A, 0x4C, 0x5A, 0x4C, 0x7A, 
    0x4C, 0x7A, 0x44, 0x39, 0x44, 0x19, 0x44, 0x3A, 0x4B, 0x51, 0x08, 0x01, 0x00, 0xCC, 0x01, 0x50, 
    0x00, 0xEC, 0x00, 0x02, 0x5B, 0xD5, 0x4C, 0x7B, 0x54, 0x5A, 0x4C, 0x3A, 0x4C, 0x19, 0x4C, 0x19, 
    0x54, 0x3A, 0x54, 0x3A, 0x54, 0x1A, 0x4B, 0xF9, 0x53, 0xF9, 0x53, 0xF9, 0x4B, 0xD9, 0x53, 0xD9, 
    0x53, 0xD9, 0x53, 0xD9, 0x53, 0xB9, 0x53, 0x99, 0x53, 0xB9, 0x5B, 0xBA, 0x5B, 0xBA, 0x5B, 0xBA, 
    0x5B, 0xB9, 0x5B, 0x99, 0x5B, 0x99, 0x5B, 0x79, 0x5B, 0x7A, 0x63, 0x7A, 0x63, 0x7A, 0x63, 0x59, 
    0x5B, 0x19, 0x5B, 0x19, 0x6B, 0x79, 0x39, 0x89, 0x00, 0x06, 0x02, 0x14, 0x0B, 0x71, 0x02, 0xA9, 
    0x00, 0xC2, 0x00, 0x00, 0x00, 0x00, 0x00, 0x00, 0x00, 0x00, 0x00, 0x00, 0x00, 0x00, 0x00, 0x00, 
    0x00, 0x00, 0x00, 0x00, 0x00, 0x00, 0x00, 0x00, 0x00, 0x00, 0x00, 0x00, 0x00, 0x00, 0x00, 0x00, 
    0x00, 0x00, 0x00, 0x00, 0x0A, 0x69, 0x0A, 0x6B, 0x28, 0xA7, 0x82, 0x94, 0x72, 0x13, 0x71, 0xF3, 
    0x71, 0xD3, 0x79, 0xD3, 0x82, 0x14, 0x30, 0x86, 0x01, 0x89, 0x0B, 0x6F, 0x01, 0x65, 0x00, 0x00, 
    0x00, 0x00, 0x00, 0x00, 0x00, 0x00, 0x00, 0x00, 0x00, 0x00, 0x00, 0x00, 0x00, 0x00, 0x00, 0x00, 
    0x00, 0x00, 0x00, 0x00, 0x00, 0x00, 0x00, 0x00, 0x01, 0x03, 0x13, 0x2E, 0x00, 0xE6, 0x59, 0x2B, 
    0x9A, 0x15, 0x89, 0xF3, 0x89, 0xB3, 0x89, 0x73, 0x81, 0x92, 0x10, 0x24, 0x12, 0x90, 0x13, 0x8F, 
    0x01, 0x85, 0x00, 0x00, 0x00, 0x00, 0x00, 0x00, 0x00, 0x00, 0x00, 0xE3, 0x13, 0x2C, 0x1B, 0x72, 
    0x00, 0x87, 0x28, 0x85, 0x89, 0xD2, 0x91, 0xD4, 0x91, 0xD4, 0x91, 0xB4, 0x89, 0x93, 0x89, 0x93, 
    0x91, 0x93, 0x91, 0x93, 0x91, 0x73, 0x89, 0x72, 0x89, 0x72, 0x91, 0x72, 0x91, 0x92, 0x69, 0x8D, 
    0x00, 0x23, 0x18, 0xD2, 0x2A, 0x98, 0x23, 0xB0, 0x12, 0x69, 0x00, 0x00, 0x00, 0x00, 0x00, 0x00, 
    0x00, 0x00, 0x00, 0x00, 0x00, 0x00, 0x00, 0x00, 0x00, 0x00, 0x00, 0x00, 0x00, 0x00, 0x00, 0x00, 
    0x00, 0x00, 0x00, 0x00, 0x00, 0x00, 0x00, 0x00, 0x00, 0x00, 0x00, 0x00, 0x00, 0x00, 0x00, 0x00, 
    0x00, 0x00, 0x00, 0x00, 0x00, 0x00, 0x00, 0x00, 0x00, 0x00, 0x00, 0x00, 0x00, 0x00, 0x00, 0x00, 
    0x00, 0x00, 0x00, 0x00, 0x00, 0x00, 0x00, 0x00, 0x00, 0x00, 0x00, 0x00, 0x00, 0x00, 0x00, 0x00, 
    0x00, 0x00, 0x00, 0x00, 0x00, 0x00, 0x00, 0x00, 0x00, 0x00, 0x00, 0x00, 0x00, 0x00, 0x00, 0x00, 
    0x00, 0x00, 0x00, 0x00, 0x00, 0x00, 0x00, 0x00, 0x00, 0x00, 0x00, 0x00, 0x00, 0x00, 0x00, 0x00, 
    0x00, 0x00, 0x00, 0x00, 0x00, 0x00, 0x00, 0x00, 0x00, 0x00, 0x00, 0x00, 0x00, 0x00, 0x00, 0x00, 
    0x00, 0x00, 0x00, 0x00, 0x00, 0x00, 0x00, 0x00, 0x00, 0x00, 0x00, 0x00, 0x00, 0x00, 0x00, 0x00, 
    0x00, 0x00, 0x00, 0x00, 0x00, 0x00, 0x00, 0x00, 0x00, 0x00, 0x00, 0x00, 0x00, 0x00, 0x00, 0x00, 
    0x00, 0x00, 0x00, 0x41, 0x01, 0xC7, 0x00, 0xE4, 0x08, 0x83, 0x10, 0x64, 0x10, 0x65, 0x10, 0x45, 
    0x10, 0x45, 0x10, 0x24, 0x10, 0x24, 0x10, 0x24, 0x10, 0x25, 0x10, 0x24, 0x08, 0x24, 0x08, 0x24, 
    0x08, 0x24, 0x10, 0x24, 0x10, 0x24, 0x10, 0x24, 0x10, 0x24, 0x10, 0x25, 0x10, 0x45, 0x10, 0x45, 
    0x10, 0x24, 0x10, 0x24, 0x10, 0x24, 0x10, 0x25, 0x10, 0x25, 0x10, 0x24, 0x10, 0x44, 0x10, 0x44, 
    0x10, 0x45, 0x10, 0x45, 0x10, 0x45, 0x08, 0x23, 0x00, 0x64, 0x02, 0x8E, 0x03, 0x2D, 0x02, 0x89, 
    0x01, 0xA6, 0x01, 0x24, 0x00, 0xE3, 0x01, 0x45, 0x01, 0xE7, 0x02, 0xEB, 0x03, 0x2D, 0x00, 0xE5, 
    0x08, 0x44, 0x08, 0x44, 0x08, 0x44, 0x08, 0x44, 0x08, 0x44, 0x08, 0x44, 0x08, 0x44, 0x08, 0x44, 
    0x08, 0x44, 0x08, 0x44, 0x08, 0x44, 0x08, 0x44, 0x08, 0x44, 0x08, 0x44, 0x08, 0x44, 0x08, 0x44, 
    0x08, 0x65, 0x08, 0x65, 0x08, 0x65, 0x08, 0x64, 0x08, 0x64, 0x10, 0x64, 0x10, 0x65, 0x10, 0x65, 
    0x08, 0x65, 0x08, 0x44, 0x08, 0x43, 0x08, 0x22, 0x00, 0x85, 0x02, 0xD1, 0x03, 0x4E, 0x02, 0x89, 
    0x01, 0xC6, 0x01, 0x04, 0x00, 0xA2, 0x00, 0xC3, 0x01, 0x86, 0x02, 0xCA, 0x03, 0x4E, 0x01, 0x47, 
    0x00, 0x43, 0x08, 0x84, 0x08, 0x64, 0x08, 0x64, 0x08, 0x64, 0x08, 0x64, 0x08, 0x64, 0x08, 0x64, 
    0x08, 0x65, 0x08, 0x65, 0x08, 0x65, 0x08, 0x64, 0x08, 0x64, 0x08, 0x44, 0x08, 0x44, 0x08, 0x44, 
    0x08, 0x44, 0x08, 0x44, 0x08, 0x44, 0x08, 0x64, 0x08, 0x64, 0x08, 0x64, 0x08, 0x64, 0x08, 0x65, 
    0x10, 0x65, 0x08, 0x64, 0x08, 0x43, 0x08, 0x42, 0x00, 0x01, 0x01, 0x2B, 0x02, 0x2F, 0x02, 0x6E, 
    0x02, 0x6E, 0x00, 0xE7, 0x08, 0x64, 0x08, 0x85, 0x10, 0x86, 0x10, 0x65, 0x08, 0x64, 0x08, 0x44, 
    0x08, 0x65, 0x08, 0x65, 0x08, 0x44, 0x08, 0x44, 0x08, 0x44, 0x08, 0x44, 0x08, 0x44, 0x08, 0x44, 
    0x08, 0x44, 0x08, 0x44, 0x08, 0x44, 0x08, 0x44, 0x08, 0x44, 0x08, 0x44, 0x08, 0x44, 0x08, 0x44, 
    0x08, 0x44, 0x08, 0x44, 0x08, 0x45, 0x08, 0x44, 0x08, 0x44, 0x08, 0x44, 0x08, 0x45, 0x08, 0x44, 
    0x08, 0x43, 0x08, 0x43, 0x08, 0x22, 0x00, 0x66, 0x02, 0x52, 0x03, 0x50, 0x02, 0xA9, 0x00, 0xE3, 
    0x00, 0x00, 0x00, 0x00, 0x00, 0x00, 0x00, 0x00, 0x00, 0x00, 0x00, 0x00, 0x00, 0x00, 0x00, 0x00, 
    0x00, 0x00, 0x00, 0x00, 0x00, 0x00, 0x00, 0x00, 0x00, 0x00, 0x00, 0x00, 0x00, 0x00, 0x00, 0x00, 
    0x00, 0x00, 0x00, 0x00, 0x01, 0x24, 0x0B, 0x0C, 0x09, 0x68, 0x00, 0x85, 0x00, 0x44, 0x00, 0x44, 
    0x00, 0x46, 0x00, 0x66, 0x00, 0x65, 0x01, 0x06, 0x0B, 0x4E, 0x0A, 0xAA, 0x00, 0x20, 0x00, 0x00, 
    0x00, 0x00, 0x00, 0x00, 0x00, 0x00, 0x00, 0x00, 0x00, 0x00, 0x00, 0x00, 0x00, 0x00, 0x00, 0x00, 
    0x00, 0x00, 0x00, 0x00, 0x00, 0x00, 0x00, 0x00, 0x00, 0x20, 0x0A, 0xAA, 0x12, 0xCC, 0x01, 0x07, 
    0x00, 0x87, 0x00, 0x66, 0x00, 0x45, 0x00, 0x45, 0x00, 0x65, 0x09, 0x8B, 0x1B, 0xD1, 0x0A, 0xAA, 
    0x00, 0x40, 0x00, 0x00, 0x00, 0x00, 0x00, 0x00, 0x00, 0x00, 0x00, 0x00, 0x01, 0xC6, 0x13, 0x4D, 
    0x1A, 0xF0, 0x08, 0xE9, 0x00, 0x46, 0x00, 0x47, 0x00, 0x48, 0x00, 0x27, 0x00, 0x25, 0x00, 0x25, 
    0x00, 0x25, 0x00, 0x26, 0x00, 0x26, 0x00, 0x46, 0x00, 0x25, 0x00, 0x25, 0x00, 0x45, 0x00, 0x67, 
    0x21, 0x72, 0x2B, 0x16, 0x23, 0xAF, 0x12, 0x89, 0x00, 0x82, 0x00, 0x00, 0x00, 0x00, 0x00, 0x00, 
    0x00, 0x00, 0x00, 0x00, 0x00, 0x00, 0x00, 0x00, 0x00, 0x00, 0x00, 0x00, 0x00, 0x00, 0x00, 0x00, 
    0x00, 0x00, 0x00, 0x00, 0x00, 0x00, 0x00, 0x00, 0x00, 0x00, 0x00, 0x00, 0x00, 0x00, 0x00, 0x00, 
    0x00, 0x00, 0x00, 0x00, 0x00, 0x00, 0x00, 0x00, 0x00, 0x00, 0x00, 0x00, 0x00, 0x00, 0x00, 0x00, 
    0x00, 0x00, 0x00, 0x00, 0x00, 0x00, 0x00, 0x00, 0x00, 0x00, 0x00, 0x00, 0x00, 0x00, 0x00, 0x00, 
    0x00, 0x00, 0x00, 0x00, 0x00, 0x00, 0x00, 0x00, 0x00, 0x00, 0x00, 0x00, 0x00, 0x00, 0x00, 0x00, 
    0x00, 0x00, 0x00, 0x00, 0x00, 0x00, 0x00, 0x00, 0x00, 0x00, 0x00, 0x00, 0x00, 0x00, 0x00, 0x00, 
    0x00, 0x00, 0x00, 0x00, 0x00, 0x00, 0x00, 0x00, 0x00, 0x00, 0x00, 0x00, 0x00, 0x00, 0x00, 0x00, 
    0x00, 0x00, 0x00, 0x00, 0x00, 0x00, 0x00, 0x00, 0x00, 0x00, 0x00, 0x00, 0x00, 0x00, 0x00, 0x00, 
    0x00, 0x00, 0x00, 0x00, 0x00, 0x00, 0x00, 0x00, 0x00, 0x00, 0x00, 0x00, 0x00, 0x00, 0x00, 0x00, 
    0x00, 0x00, 0x00, 0x00, 0x00, 0xA2, 0x02, 0x28, 0x02, 0xAA, 0x02, 0xEC, 0x02, 0xED, 0x02, 0xAE, 
    0x02, 0x6E, 0x02, 0x4D, 0x02, 0x0D, 0x02, 0x0D, 0x02, 0x0D, 0x02, 0x0E, 0x02, 0x0E, 0x02, 0x0E, 
    0x02, 0x0D, 0x02, 0x0D, 0x02, 0x0E, 0x02, 0x0E, 0x02, 0x0E, 0x01, 0xEE, 0x01, 0xED, 0x01, 0xCD, 
    0x01, 0xCD, 0x01, 0xCD, 0x01, 0xEE, 0x01, 0xEE, 0x01, 0xEE, 0x01, 0xED, 0x01, 0xED, 0x02, 0x0D, 
    0x02, 0x2D, 0x02, 0x4D, 0x02, 0x6C, 0x02, 0x8C, 0x03, 0x0D, 0x02, 0xEB, 0x02, 0x08, 0x01, 0x24, 
    0x00, 0x20, 0x00, 0x00, 0x00, 0x00, 0x00, 0x00, 0x00, 0x61, 0x01, 0x24, 0x02, 0x69, 0x03, 0x0C, 
    0x02, 0xEC, 0x02, 0xAC, 0x02, 0x6D, 0x02, 0x4D, 0x02, 0x2D, 0x02, 0x0D, 0x02, 0x0D, 0x02, 0x0D, 
    0x01, 0xED, 0x01, 0xED, 0x01, 0xED, 0x01, 0xED, 0x01, 0xEE, 0x01, 0xEE, 0x01, 0xEE, 0x01, 0xEE, 
    0x01, 0xEE, 0x01, 0xEE, 0x01, 0xCE, 0x01, 0xCE, 0x01, 0xCE, 0x01, 0xCE, 0x01, 0xCE, 0x01, 0xEF, 
    0x02, 0x0F, 0x02, 0x0E, 0x02, 0x2D, 0x02, 0x6C, 0x03, 0x2E, 0x03, 0x2C, 0x02, 0x48, 0x00, 0xE3, 
    0x00, 0x20, 0x00, 0x00, 0x00, 0x00, 0x00, 0x00, 0x00, 0x00, 0x01, 0x04, 0x02, 0x48, 0x03, 0x2C, 
    0x03, 0x0D, 0x02, 0xCE, 0x02, 0x6E, 0x02, 0x0E, 0x01, 0xEE, 0x01, 0xCE, 0x01, 0xCE, 0x01, 0xEE, 
    0x01, 0xEE, 0x01, 0xCE, 0x01, 0xCE, 0x01, 0xAE, 0x01, 0xAE, 0x01, 0xAE, 0x01, 0xAE, 0x01, 0xAE, 
    0x01, 0xAE, 0x01, 0xAE, 0x01, 0xAE, 0x01, 0x8E, 0x01, 0x8E, 0x01, 0x8E, 0x01, 0x8E, 0x01, 0x8E, 
    0x01, 0xAF, 0x01, 0xEF, 0x01, 0xEE, 0x02, 0x0C, 0x02, 0x6D, 0x02, 0xEE, 0x03, 0x0C, 0x03, 0x2C, 
    0x03, 0x4D, 0x03, 0x4E, 0x02, 0xAD, 0x02, 0x6D, 0x02, 0x4F, 0x02, 0x2F, 0x01, 0xEF, 0x01, 0xCF, 
    0x01, 0xAE, 0x01, 0xAE, 0x01, 0xAF, 0x01, 0x8E, 0x01, 0x6E, 0x01, 0x6E, 0x01, 0x8F, 0x01, 0x8F, 
    0x01, 0x8F, 0x01, 0x8F, 0x01, 0x8F, 0x01, 0x6F, 0x01, 0x6F, 0x01, 0x6F, 0x01, 0x6F, 0x01, 0x4F, 
    0x01, 0x6F, 0x01, 0x6F, 0x01, 0x6F, 0x01, 0x6F, 0x01, 0x6F, 0x01, 0x8F, 0x01, 0x8F, 0x01, 0xD0, 
    0x01, 0xEF, 0x02, 0x2F, 0x02, 0x6E, 0x03, 0x0F, 0x03, 0x0C, 0x02, 0x48, 0x00, 0xE3, 0x00, 0x00, 
    0x00, 0x00, 0x00, 0x00, 0x00, 0x00, 0x00, 0x00, 0x00, 0x00, 0x00, 0x00, 0x00, 0x00, 0x00, 0x00, 
    0x00, 0x00, 0x00, 0x00, 0x00, 0x00, 0x00, 0x00, 0x00, 0x00, 0x00, 0x00, 0x00, 0x00, 0x00, 0x00, 
    0x00, 0x00, 0x00, 0x00, 0x00, 0x00, 0x01, 0xE7, 0x0B, 0x8E, 0x13, 0x51, 0x12, 0xB2, 0x12, 0x73, 
    0x12, 0x74, 0x12, 0xD3, 0x13, 0x51, 0x0B, 0x6E, 0x02, 0x89, 0x00, 0xC3, 0x00, 0x00, 0x00, 0x00, 
    0x00, 0x00, 0x00, 0x00, 0x00, 0x00, 0x00, 0x00, 0x00, 0x00, 0x00, 0x00, 0x00, 0x00, 0x00, 0x00, 
    0x00, 0x00, 0x00, 0x00, 0x00, 0x00, 0x00, 0x00, 0x00, 0x00, 0x00, 0xC2, 0x0A, 0xEB, 0x13, 0xD0, 
    0x1B, 0x53, 0x1A, 0x93, 0x1A, 0x53, 0x1A, 0x93, 0x1B, 0x32, 0x13, 0x8F, 0x0A, 0xA9, 0x00, 0xA2, 
    0x00, 0x00, 0x00, 0x00, 0x00, 0x00, 0x00, 0x00, 0x00, 0x00, 0x00, 0x00, 0x00, 0x00, 0x01, 0x85, 
    0x0B, 0x0C, 0x1B, 0x91, 0x1B, 0x13, 0x1A, 0x54, 0x19, 0xD4, 0x19, 0x94, 0x19, 0x73, 0x19, 0x73, 
    0x19, 0x74, 0x19, 0x74, 0x19, 0x95, 0x21, 0xB5, 0x21, 0xD5, 0x21, 0xF5, 0x2A, 0x54, 0x2A, 0xD4, 
    0x23, 0x71, 0x13, 0x6D, 0x0A, 0x27, 0x00, 0x00, 0x00, 0x00, 0x00, 0x00, 0x00, 0x00, 0x00, 0x00, 
    0x00, 0x00, 0x00, 0x00, 0x00, 0x00, 0x00, 0x00, 0x00, 0x00, 0x00, 0x00, 0x00, 0x00, 0x00, 0x00, 
    0x00, 0x00, 0x00, 0x00, 0x00, 0x00, 0x00, 0x00, 0x00, 0x00, 0x00, 0x00, 0x00, 0x00, 0x00, 0x00, 
    0x00, 0x00, 0x00, 0x00, 0x00, 0x00, 0x00, 0x00, 0x00, 0x00, 0x00, 0x00, 0x00, 0x00, 0x00, 0x00, 
    0x00, 0x00, 0x00, 0x00, 0x00, 0x00, 0x00, 0x00, 0x00, 0x00, 0x00, 0x00, 0x00, 0x00, 0x00, 0x00, 
    0x00, 0x00, 0x00, 0x00, 0x00, 0x00, 0x00, 0x00, 0x00, 0x00, 0x00, 0x00, 0x00, 0x00, 0x00, 0x00, 
    0x00, 0x00, 0x00, 0x00, 0x00, 0x00, 0x00, 0x00, 0x00, 0x00, 0x00, 0x00, 0x00, 0x00, 0x00, 0x00, 
    0x00, 0x00, 0x00, 0x00, 0x00, 0x00, 0x00, 0x00, 0x00, 0x00, 0x00, 0x00, 0x00, 0x00, 0x00, 0x00, 
    0x00, 0x00, 0x00, 0x00, 0x00, 0x00, 0x00, 0x00, 0x00, 0x00, 0x00, 0x00, 0x00, 0x00, 0x00, 0x00, 
    0x00, 0x00, 0x00, 0x00, 0x00, 0x00, 0x00, 0x00, 0x00, 0x00, 0x00, 0x00, 0x00, 0x00, 0x00, 0x00, 
    0x00, 0x00, 0x00, 0x00, 0x00, 0x00, 0x00, 0xA2, 0x01, 0x86, 0x02, 0x48, 0x02, 0xCA, 0x02, 0xEB, 
    0x03, 0x0C, 0x03, 0x0D, 0x03, 0x2D, 0x03, 0x0D, 0x03, 0x0D, 0x03, 0x0D, 0x03, 0x0D, 0x03, 0x0D, 
    0x03, 0x0D, 0x03, 0x0D, 0x03, 0x0D, 0x03, 0x2D, 0x03, 0x2D, 0x03, 0x0D, 0x03, 0x0D, 0x03, 0x0D, 
    0x03, 0x0D, 0x03, 0x0D, 0x03, 0x2D, 0x03, 0x2D, 0x03, 0x0D, 0x03, 0x0D, 0x03, 0x0D, 0x03, 0x0D, 
    0x03, 0x0C, 0x02, 0xEC, 0x02, 0xCB, 0x02, 0x8A, 0x02, 0x07, 0x01, 0x65, 0x00, 0xA2, 0x00, 0x00, 
    0x00, 0x00, 0x00, 0x00, 0x00, 0x00, 0x00, 0x00, 0x00, 0x00, 0x00, 0x00, 0x00, 0x82, 0x01, 0x45, 
    0x02, 0x28, 0x02, 0xAA, 0x02, 0xEB, 0x02, 0xEC, 0x02, 0xEC, 0x02, 0xEC, 0x02, 0xEC, 0x02, 0xEC, 
    0x02, 0xCC, 0x02, 0xCC, 0x02, 0xEC, 0x02, 0xEC, 0x02, 0xEC, 0x02, 0xEC, 0x02, 0xEC, 0x02, 0xEC, 
    0x02, 0xEC, 0x02, 0xED, 0x03, 0x0D, 0x03, 0x0D, 0x03, 0x0D, 0x03, 0x0D, 0x03, 0x0D, 0x03, 0x0D, 
    0x03, 0x0D, 0x03, 0x0C, 0x02, 0xEB, 0x02, 0x8A, 0x02, 0x28, 0x01, 0x65, 0x00, 0x82, 0x00, 0x00, 
    0x00, 0x00, 0x00, 0x00, 0x00, 0x00, 0x00, 0x00, 0x00, 0x00, 0x00, 0x00, 0x00, 0xA2, 0x01, 0x65, 
    0x02, 0x28, 0x02, 0xCA, 0x03, 0x0C, 0x03, 0x0C, 0x02, 0xEC, 0x02, 0xEC, 0x02, 0xED, 0x03, 0x0D, 
    0x03, 0x0D, 0x03, 0x0D, 0x02, 0xED, 0x02, 0xEC, 0x02, 0xEC, 0x02, 0xED, 0x02, 0xED, 0x02, 0xED, 
    0x03, 0x0D, 0x03, 0x0D, 0x03, 0x0D, 0x02, 0xED, 0x02, 0xED, 0x02, 0xED, 0x02, 0xED, 0x02, 0xED, 
    0x02, 0xED, 0x03, 0x0D, 0x03, 0x0C, 0x02, 0xCB, 0x02, 0xAA, 0x02, 0x69, 0x02, 0x28, 0x01, 0xE7, 
    0x01, 0xC7, 0x02, 0x08, 0x02, 0x69, 0x02, 0xAA, 0x02, 0xEB, 0x03, 0x0C, 0x03, 0x0D, 0x03, 0x0D, 
    0x03, 0x0D, 0x02, 0xED, 0x03, 0x0D, 0x02, 0xED, 0x02, 0xED, 0x02, 0xED, 0x03, 0x0E, 0x03, 0x0E, 
    0x03, 0x0E, 0x03, 0x0E, 0x03, 0x0E, 0x02, 0xEE, 0x02, 0xEE, 0x02, 0xEE, 0x02, 0xEE, 0x02, 0xEE, 
    0x02, 0xEE, 0x02, 0xEE, 0x03, 0x0E, 0x02, 0xEE, 0x02, 0xEE, 0x02, 0xEE, 0x03, 0x0E, 0x03, 0x0E, 
    0x03, 0x0D, 0x03, 0x0C, 0x02, 0xEB, 0x02, 0x69, 0x01, 0x85, 0x00, 0x61, 0x00, 0x00, 0x00, 0x00, 
    0x00, 0x00, 0x00, 0x00, 0x00, 0x00, 0x00, 0x00, 0x00, 0x00, 0x00, 0x00, 0x00, 0x00, 0x00, 0x00, 
    0x00, 0x00, 0x00, 0x00, 0x00, 0x00, 0x00, 0x00, 0x00, 0x00, 0x00, 0x00, 0x00, 0x00, 0x00, 0x00, 
    0x00, 0x00, 0x00, 0x00, 0x00, 0x00, 0x00, 0x00, 0x01, 0x65, 0x02, 0x89, 0x0B, 0x0C, 0x0B, 0x2E, 
    0x0B, 0x2E, 0x0B, 0x0C, 0x0A, 0xAA, 0x01, 0xC6, 0x00, 0x61, 0x00, 0x00, 0x00, 0x00, 0x00, 0x00, 
    0x00, 0x00, 0x00, 0x00, 0x00, 0x00, 0x00, 0x00, 0x00, 0x00, 0x00, 0x00, 0x00, 0x00, 0x00, 0x00, 
    0x00, 0x00, 0x00, 0x00, 0x00, 0x00, 0x00, 0x00, 0x00, 0x00, 0x00, 0x00, 0x00, 0x41, 0x01, 0xA6, 
    0x0A, 0xCA, 0x13, 0x0C, 0x13, 0x2D, 0x13, 0x2C, 0x0A, 0xAA, 0x01, 0xA6, 0x00, 0x61, 0x00, 0x00, 
    0x00, 0x00, 0x00, 0x00, 0x00, 0x00, 0x00, 0x00, 0x00, 0x00, 0x00, 0x00, 0x00, 0x00, 0x00, 0x00, 
    0x00, 0xE3, 0x02, 0x28, 0x0A, 0xEB, 0x13, 0x2D, 0x13, 0x2E, 0x13, 0x0F, 0x1B, 0x2F, 0x1B, 0x2F, 
    0x1B, 0x30, 0x1B, 0x30, 0x1B, 0x30, 0x1B, 0x30, 0x1B, 0x50, 0x1B, 0x4F, 0x1B, 0x4E, 0x13, 0x0C, 
    0x12, 0x69, 0x01, 0x44, 0x00, 0x00, 0x00, 0x00, 0x00, 0x00, 0x00, 0x00, 0x00, 0x00, 0x00, 0x00, 
    0x00, 0x00, 0x00, 0x00, 0x00, 0x00, 0x00, 0x00, 0x00, 0x00, 0x00, 0x00, 0x00, 0x00, 0x00, 0x00, 
    0x00, 0x00, 0x00, 0x00, 0x00, 0x00, 0x00, 0x00, 0x00, 0x00, 0x00, 0x00, 0x00, 0x00, 0x00, 0x00, 
    0x00, 0x00, 0x00, 0x00, 0x00, 0x00, 0x00, 0x00, 0x00, 0x00, 0x00, 0x00, 0x00, 0x00, 0x00, 0x00, 
    0x00, 0x00, 0x00, 0x00, 0x00, 0x00, 0x00, 0x00, 0x00, 0x00, 0x00, 0x00, 0x00, 0x00, 0x00, 0x00, 
    0x00, 0x00, 0x00, 0x00, 0x00, 0x00, 0x00, 0x00, 0x00, 0x00, 0x00, 0x00, 0x00, 0x00, 0x00, 0x00, 
    0x00, 0x00, 0x00, 0x00, 0x00, 0x00, 0x00, 0x00, 0x00, 0x00, 0x00, 0x00, 0x00, 0x00, 0x00, 0x00, 
    0x00, 0x00, 0x00, 0x00, 0x00, 0x00, 0x00, 0x00, 0x00, 0x00, 0x00, 0x00, 0x00, 0x00, 0x00, 0x00, 
    0x00, 0x00, 0x00, 0x00, 0x00, 0x00, 0x00, 0x00, 0x00, 0x00, 0x00, 0x00, 0x00, 0x00, 0x00, 0x00, 
    0x00, 0x00, 0x00, 0x00, 0x00, 0x00, 0x00, 0x00, 0x00, 0x00, 0x00, 0x00, 0x00, 0x00, 0x00, 0x00, 
    0x00, 0x00, 0x00, 0x00, 0x00, 0x00, 0x00, 0x00, 0x00, 0x00, 0x00, 0x82, 0x01, 0x04, 0x01, 0x85, 
    0x01, 0xA6, 0x01, 0xE7, 0x02, 0x07, 0x02, 0x28, 0x02, 0x28, 0x02, 0x28, 0x02, 0x28, 0x02, 0x28, 
    0x02, 0x08, 0x02, 0x08, 0x02, 0x07, 0x02, 0x07, 0x02, 0x07, 0x02, 0x08, 0x02, 0x28, 0x02, 0x48, 
    0x02, 0x69, 0x02, 0x89, 0x02, 0x89, 0x02, 0x89, 0x02, 0x89, 0x02, 0x69, 0x02, 0x69, 0x02, 0x48, 
    0x02, 0x08, 0x01, 0xC7, 0x01, 0x65, 0x01, 0x04, 0x00, 0x41, 0x00, 0x00, 0x00, 0x00, 0x00, 0x00, 
    0x00, 0x00, 0x00, 0x00, 0x00, 0x00, 0x00, 0x00, 0x00, 0x00, 0x00, 0x00, 0x00, 0x00, 0x00, 0x00, 
    0x00, 0x20, 0x00, 0xA2, 0x01, 0x24, 0x01, 0x65, 0x01, 0x86, 0x01, 0x86, 0x01, 0x86, 0x01, 0xA6, 
    0x01, 0xA6, 0x01, 0xA6, 0x01, 0xA6, 0x01, 0xC6, 0x01, 0xC6, 0x01, 0xC6, 0x01, 0xC6, 0x01, 0xC6, 
    0x01, 0xC6, 0x01, 0xE7, 0x02, 0x07, 0x02, 0x08, 0x02, 0x48, 0x02, 0x68, 0x02, 0x48, 0x02, 0x28, 
    0x02, 0x08, 0x01, 0xC6, 0x01, 0x65, 0x00, 0xE3, 0x00, 0x61, 0x00, 0x00, 0x00, 0x00, 0x00, 0x00, 
    0x00, 0x00, 0x00, 0x00, 0x00, 0x00, 0x00, 0x00, 0x00, 0x00, 0x00, 0x00, 0x00, 0x00, 0x00, 0x00, 
    0x00, 0x00, 0x00, 0xA2, 0x01, 0x24, 0x01, 0x86, 0x01, 0xC6, 0x01, 0xE7, 0x01, 0xE7, 0x01, 0xE7, 
    0x02, 0x07, 0x02, 0x07, 0x02, 0x07, 0x02, 0x07, 0x02, 0x07, 0x02, 0x28, 0x02, 0x28, 0x02, 0x28, 
    0x02, 0x28, 0x02, 0x28, 0x02, 0x48, 0x02, 0x48, 0x02, 0x48, 0x02, 0x28, 0x02, 0x28, 0x02, 0x28, 
    0x02, 0x07, 0x01, 0xE7, 0x01, 0xA6, 0x01, 0x65, 0x01, 0x04, 0x00, 0xA2, 0x00, 0x20, 0x00, 0x00, 
    0x00, 0x00, 0x00, 0x41, 0x00, 0xA2, 0x01, 0x24, 0x01, 0x85, 0x01, 0xA6, 0x01, 0xC6, 0x01, 0xE7, 
    0x02, 0x07, 0x02, 0x28, 0x02, 0x28, 0x02, 0x28, 0x02, 0x28, 0x02, 0x28, 0x02, 0x08, 0x02, 0x27, 
    0x02, 0x28, 0x02, 0x48, 0x02, 0x48, 0x02, 0x48, 0x02, 0x48, 0x02, 0x48, 0x02, 0x48, 0x02, 0x48, 
    0x02, 0x48, 0x02, 0x48, 0x02, 0x48, 0x02, 0x48, 0x02, 0x28, 0x02, 0x28, 0x02, 0x07, 0x01, 0xE7, 
    0x01, 0xA6, 0x01, 0x44, 0x00, 0xE3, 0x00, 0x20, 0x00, 0x00, 0x00, 0x00, 0x00, 0x00, 0x00, 0x00, 
    0x00, 0x00, 0x00, 0x00, 0x00, 0x00, 0x00, 0x00, 0x00, 0x00, 0x00, 0x00, 0x00, 0x00, 0x00, 0x00, 
    0x00, 0x00, 0x00, 0x00, 0x00, 0x00, 0x00, 0x00, 0x00, 0x00, 0x00, 0x00, 0x00, 0x00, 0x00, 0x00, 
    0x00, 0x00, 0x00, 0x00, 0x00, 0x00, 0x00, 0x00, 0x00, 0x00, 0x00, 0x00, 0x00, 0xA2, 0x01, 0x23, 
    0x01, 0x23, 0x00, 0xA2, 0x00, 0x00, 0x00, 0x00, 0x00, 0x00, 0x00, 0x00, 0x00, 0x00, 0x00, 0x00, 
    0x00, 0x00, 0x00, 0x00, 0x00, 0x00, 0x00, 0x00, 0x00, 0x00, 0x00, 0x00, 0x00, 0x00, 0x00, 0x00, 
    0x00, 0x00, 0x00, 0x00, 0x00, 0x00, 0x00, 0x00, 0x00, 0x00, 0x00, 0x00, 0x00, 0x00, 0x00, 0x00, 
    0x00, 0x00, 0x00, 0xC2, 0x00, 0xE3, 0x00, 0x81, 0x00, 0x00, 0x00, 0x00, 0x00, 0x00, 0x00, 0x00, 
    0x00, 0x00, 0x00, 0x00, 0x00, 0x00, 0x00, 0x00, 0x00, 0x00, 0x00, 0x00, 0x00, 0x00, 0x00, 0x00, 
    0x00, 0x00, 0x00, 0x00, 0x00, 0x41, 0x01, 0x24, 0x01, 0xC6, 0x02, 0x07, 0x0A, 0x28, 0x0A, 0x48, 
    0x0A, 0x48, 0x0A, 0x48, 0x0A, 0x68, 0x0A, 0x48, 0x0A, 0x28, 0x0A, 0x07, 0x01, 0x65, 0x00, 0xA2, 
    0x00, 0x00, 0x00, 0x00, 0x00, 0x00, 0x00, 0x00, 0x00, 0x00, 0x00, 0x00, 0x00, 0x00, 0x00, 0x00, 
    0x00, 0x00, 0x00, 0x00, 0x00, 0x00, 0x00, 0x00, 0x00, 0x00, 0x00, 0x00, 0x00, 0x00, 0x00, 0x00, 
    0x00, 0x00, 0x00, 0x00, 0x00, 0x00, 0x00, 0x00, 0x00, 0x00, 0x00, 0x00, 0x00, 0x00, 0x00, 0x00, 
    0x00, 0x00, 0x00, 0x00, 0x00, 0x00, 0x00, 0x00, 0x00, 0x00, 0x00, 0x00, 0x00, 0x00, 0x00, 0x00, 
    0x00, 0x00, 0x00, 0x00, 0x00, 0x00, 0x00, 0x00, 0x00, 0x00, 0x00, 0x00, 0x00, 0x00, 0x00, 0x00, 
    0x00, 0x00, 0x00, 0x00, 0x00, 0x00, 0x00, 0x00, 0x00, 0x00, 0x00, 0x00, 0x00, 0x00, 0x00, 0x00, 
    0x00, 0x00, 0x00, 0x00, 0x00, 0x00, 0x00, 0x00, 0x00, 0x00, 0x00, 0x00, 0x00, 0x00, 0x00, 0x00, 
    0x00, 0x00, 0x00, 0x00, 0x00, 0x00, 0x00, 0x00, 0x00, 0x00, 0x00, 0x00, 0x00, 0x00, 0x00, 0x00, 
    0x00, 0x00, 0x00, 0x00, 0x00, 0x00, 0x00, 0x00, 0x00, 0x00, 0x00, 0x00, 0x00, 0x00, 0x00, 0x00, 
    0x00, 0x00, 0x00, 0x00, 0x00, 0x00, 0x00, 0x00, 0x00, 0x00, 0x00, 0x00, 0x00, 0x00, 0x00, 0x00, 
    0x00, 0x00, 0x00, 0x00, 0x00, 0x00, 0x00, 0x00, 0x00, 0x00, 0x00, 0x00, 0x00, 0x00, 0x00, 0x00, 
    0x00, 0x41, 0x00, 0x61, 0x00, 0xA2, 0x00, 0xC3, 0x01, 0x04, 0x01, 0x04, 0x01, 0x04, 0x00, 0xE3, 
    0x00, 0xC3, 0x00, 0xA2, 0x00, 0x82, 0x00, 0xA2, 0x00, 0x82, 0x00, 0xA2, 0x00, 0xE3, 0x01, 0x04, 
    0x01, 0x45, 0x01, 0x65, 0x01, 0x86, 0x01, 0x65, 0x01, 0x65, 0x01, 0x65, 0x01, 0x45, 0x01, 0x24, 
    0x01, 0x04, 0x00, 0xA2, 0x00, 0x41, 0x00, 0x00, 0x00, 0x00, 0x00, 0x00, 0x00, 0x00, 0x00, 0x00, 
    0x00, 0x00, 0x00, 0x00, 0x00, 0x00, 0x00, 0x00, 0x00, 0x00, 0x00, 0x00, 0x00, 0x00, 0x00, 0x00, 
    0x00, 0x00, 0x00, 0x00, 0x00, 0x00, 0x00, 0x00, 0x00, 0x00, 0x00, 0x00, 0x00, 0x00, 0x00, 0x00, 
    0x00, 0x00, 0x00, 0x00, 0x00, 0x00, 0x00, 0x00, 0x00, 0x00, 0x00, 0x20, 0x00, 0x20, 0x00, 0x20, 
    0x00, 0x20, 0x00, 0x61, 0x00, 0x61, 0x00, 0x82, 0x00, 0xC3, 0x00, 0xE3, 0x01, 0x04, 0x00, 0xE3, 
    0x00, 0xA2, 0x00, 0x41, 0x00, 0x00, 0x00, 0x00, 0x00, 0x00, 0x00, 0x00, 0x00, 0x00, 0x00, 0x00, 
    0x00, 0x00, 0x00, 0x00, 0x00, 0x00, 0x00, 0x00, 0x00, 0x00, 0x00, 0x00, 0x00, 0x00, 0x00, 0x00, 
    0x00, 0x00, 0x00, 0x00, 0x00, 0x00, 0x00, 0x00, 0x00, 0x00, 0x00, 0x20, 0x00, 0x20, 0x00, 0x00, 
    0x00, 0x41, 0x00, 0x41, 0x00, 0x41, 0x00, 0x41, 0x00, 0x61, 0x00, 0x61, 0x00, 0x82, 0x00, 0x82, 
    0x00, 0xA2, 0x00, 0x82, 0x00, 0xA2, 0x00, 0xA2, 0x00, 0xA2, 0x00, 0xA2, 0x00, 0x82, 0x00, 0x61, 
    0x00, 0x41, 0x00, 0x20, 0x00, 0x00, 0x00, 0x00, 0x00, 0x00, 0x00, 0x00, 0x00, 0x00, 0x00, 0x00, 
    0x00, 0x00, 0x00, 0x00, 0x00, 0x00, 0x00, 0x00, 0x00, 0x00, 0x00, 0x00, 0x00, 0x00, 0x00, 0x00, 
    0x00, 0x20, 0x00, 0x20, 0x00, 0x20, 0x00, 0x20, 0x00, 0x00, 0x00, 0x00, 0x00, 0x00, 0x00, 0x20, 
    0x00, 0x41, 0x00, 0x41, 0x00, 0x41, 0x00, 0x41, 0x00, 0x41, 0x00, 0x41, 0x00, 0x41, 0x00, 0x41, 
    0x00, 0x41, 0x00, 0x41, 0x00, 0x41, 0x00, 0x20, 0x00, 0x20, 0x00, 0x20, 0x00, 0x00, 0x00, 0x00, 
    0x00, 0x00, 0x00, 0x00, 0x00, 0x00, 0x00, 0x00, 0x00, 0x00, 0x00, 0x00, 0x00, 0x00, 0x00, 0x00, 
    0x00, 0x00, 0x00, 0x00, 0x00, 0x00, 0x00, 0x00, 0x00, 0x00, 0x00, 0x00, 0x00, 0x00, 0x00, 0x00, 
    0x00, 0x00, 0x00, 0x00, 0x00, 0x00, 0x00, 0x00, 0x00, 0x00, 0x00, 0x00, 0x00, 0x00, 0x00, 0x00, 
    0x00, 0x00, 0x00, 0x00, 0x00, 0x00, 0x00, 0x00, 0x00, 0x00, 0x00, 0x00, 0x00, 0x00, 0x00, 0x00, 
    0x00, 0x00, 0x00, 0x00, 0x00, 0x00, 0x00, 0x00, 0x00, 0x00, 0x00, 0x00, 0x00, 0x00, 0x00, 0x00, 
    0x00, 0x00, 0x00, 0x00, 0x00, 0x00, 0x00, 0x00, 0x00, 0x00, 0x00, 0x00, 0x00, 0x00, 0x00, 0x00, 
    0x00, 0x00, 0x00, 0x00, 0x00, 0x00, 0x00, 0x00, 0x00, 0x00, 0x00, 0x00, 0x00, 0x00, 0x00, 0x00, 
    0x00, 0x00, 0x00, 0x00, 0x00, 0x00, 0x00, 0x00, 0x00, 0x00, 0x00, 0x00, 0x00, 0x00, 0x00, 0x00, 
    0x00, 0x00, 0x00, 0x00, 0x00, 0x00, 0x00, 0x00, 0x00, 0x00, 0x00, 0x00, 0x00, 0x00, 0x00, 0x00, 
    0x00, 0x00, 0x00, 0x00, 0x00, 0x00, 0x00, 0x00, 0x00, 0x00, 0x00, 0x00, 0x00, 0x00, 0x00, 0x00, 
    0x00, 0x00, 0x00, 0x00, 0x00, 0x00, 0x00, 0x00, 0x00, 0x00, 0x00, 0x00, 0x00, 0x00, 0x00, 0x00, 
    0x00, 0x00, 0x00, 0x00, 0x00, 0x00, 0x00, 0x00, 0x00, 0x00, 0x00, 0x00, 0x00, 0x00, 0x00, 0x00, 
    0x00, 0x00, 0x00, 0x00, 0x00, 0x00, 0x00, 0x00, 0x00, 0x00, 0x00, 0x00, 0x00, 0x00, 0x00, 0x00, 
    0x00, 0x00, 0x00, 0x00, 0x00, 0x00, 0x00, 0x00, 0x00, 0x00, 0x00, 0x00, 0x00, 0x00, 0x00, 0x00, 
    0x00, 0x00, 0x00, 0x00, 0x00, 0x00, 0x00, 0x00, 0x00, 0x00, 0x00, 0x00, 0x00, 0x00, 0x00, 0x00, 
    0x00, 0x00, 0x00, 0x00, 0x00, 0x00, 0x00, 0x00, 0x00, 0x00, 0x00, 0x00, 0x00, 0x00, 0x00, 0x00, 
    0x00, 0x00, 0x00, 0x00, 0x00, 0x00, 0x00, 0x00, 0x00, 0x00, 0x00, 0x00, 0x00, 0x00, 0x00, 0x00, 
    0x00, 0x00, 0x00, 0x00, 0x00, 0x00, 0x00, 0x00, 0x00, 0x00, 0x00, 0x00, 0x00, 0x00, 0x00, 0x00, 
    0x00, 0x00, 0x00, 0x00, 0x00, 0x00, 0x00, 0x00, 0x00, 0x00, 0x00, 0x00, 0x00, 0x00, 0x00, 0x00, 
    0x00, 0x00, 0x00, 0x00, 0x00, 0x00, 0x00, 0x00, 0x00, 0x00, 0x00, 0x00, 0x00, 0x00, 0x00, 0x00, 
    0x00, 0x00, 0x00, 0x00, 0x00, 0x00, 0x00, 0x00, 0x00, 0x00, 0x00, 0x00, 0x00, 0x00, 0x00, 0x00, 
    0x00, 0x00, 0x00, 0x00, 0x00, 0x00, 0x00, 0x00, 0x00, 0x00, 0x00, 0x00, 0x00, 0x00, 0x00, 0x00, 
    0x00, 0x00, 0x00, 0x00, 0x00, 0x20, 0x00, 0x61, 0x00, 0x61, 0x00, 0x82, 0x00, 0x82, 0x00, 0x61, 
    0x00, 0x20, 0x00, 0x00, 0x00, 0x00, 0x00, 0x00, 0x00, 0x00, 0x00, 0x00, 0x00, 0x00, 0x00, 0x61, 
    0x00, 0xA2, 0x00, 0xE3, 0x01, 0x04, 0x00, 0xE3, 0x01, 0x04, 0x00, 0xE3, 0x01, 0x04, 0x00, 0xC3, 
    0x00, 0x61, 0x00, 0x20, 0x00, 0x00, 0x00, 0x00, 0x00, 0x00, 0x00, 0x00, 0x00, 0x00, 0x00, 0x00, 
    0x00, 0x00, 0x00, 0x00, 0x00, 0x00, 0x00, 0x00, 0x00, 0x00, 0x00, 0x00, 0x00, 0x00, 0x00, 0x00, 
    0x00, 0x00, 0x00, 0x00, 0x00, 0x00, 0x00, 0x00, 0x00, 0x00, 0x00, 0x00, 0x00, 0x00, 0x00, 0x00, 
    0x00, 0x00, 0x00, 0x00, 0x00, 0x00, 0x00, 0x00, 0x00, 0x00, 0x00, 0x00, 0x00, 0x00, 0x00, 0x00, 
    0x00, 0x00, 0x00, 0x00, 0x00, 0x00, 0x00, 0x00, 0x00, 0x00, 0x00, 0x20, 0x00, 0x00, 0x00, 0x00, 
    0x00, 0x00, 0x00, 0x00, 0x00, 0x00, 0x00, 0x00, 0x00, 0x00, 0x00, 0x00, 0x00, 0x00, 0x00, 0x00, 
    0x00, 0x00, 0x00, 0x00, 0x00, 0x00, 0x00, 0x00, 0x00, 0x00, 0x00, 0x00, 0x00, 0x00, 0x00, 0x00, 
    0x00, 0x00, 0x00, 0x00, 0x00, 0x00, 0x00, 0x00, 0x00, 0x00, 0x00, 0x00, 0x00, 0x00, 0x00, 0x00, 
    0x00, 0x00, 0x00, 0x00, 0x00, 0x00, 0x00, 0x00, 0x00, 0x00, 0x00, 0x00, 0x00, 0x00, 0x00, 0x00, 
    0x00, 0x00, 0x00, 0x00, 0x00, 0x00, 0x00, 0x00, 0x00, 0x00, 0x00, 0x00, 0x00, 0x00, 0x00, 0x00, 
    0x00, 0x00, 0x00, 0x00, 0x00, 0x00, 0x00, 0x00, 0x00, 0x00, 0x00, 0x00, 0x00, 0x00, 0x00, 0x00, 
    0x00, 0x00, 0x00, 0x00, 0x00, 0x00, 0x00, 0x00, 0x00, 0x00, 0x00, 0x00, 0x00, 0x00, 0x00, 0x00, 
    0x00, 0x00, 0x00, 0x00, 0x00, 0x00, 0x00, 0x00, 0x00, 0x00, 0x00, 0x00, 0x00, 0x00, 0x00, 0x00, 
    0x00, 0x00, 0x00, 0x00, 0x00, 0x00, 0x00, 0x00, 0x00, 0x00, 0x00, 0x00, 0x00, 0x00, 0x00, 0x00, 
    0x00, 0x00, 0x00, 0x00, 0x00, 0x00, 0x00, 0x00, 0x00, 0x00, 0x00, 0x00, 0x00, 0x00, 0x00, 0x00, 
    0x00, 0x00, 0x00, 0x00, 0x00, 0x00, 0x00, 0x00, 0x00, 0x00, 0x00, 0x00, 0x00, 0x00, 0x00, 0x00, 
    0x00, 0x00, 0x00, 0x00, 0x00, 0x00, 0x00, 0x00, 0x00, 0x00, 0x00, 0x00, 0x00, 0x00, 0x00, 0x00, 
    0x00, 0x00, 0x00, 0x00, 0x00, 0x00, 0x00, 0x00, 0x00, 0x00, 0x00, 0x00, 0x00, 0x00, 0x00, 0x00, 
    0x00, 0x00, 0x00, 0x00, 0x00, 0x00, 0x00, 0x00, 0x00, 0x00, 0x00, 0x00, 0x00, 0x00, 0x00, 0x00, 
    0x00, 0x00, 0x00, 0x00, 0x00, 0x00, 0x00, 0x00, 0x00, 0x00, 0x00, 0x00, 0x00, 0x00, 0x00, 0x00, 
    0x00, 0x00, 0x00, 0x00, 0x00, 0x00, 0x00, 0x00, 0x00, 0x00, 0x00, 0x00, 0x00, 0x00, 0x00, 0x00, 
    0x00, 0x00, 0x00, 0x00, 0x00, 0x00, 0x00, 0x00, 0x00, 0x00, 0x00, 0x00, 0x00, 0x00, 0x00, 0x00, 
    0x00, 0x00, 0x00, 0x00, 0x00, 0x00, 0x00, 0x00, 0x00, 0x00, 0x00, 0x00, 0x00, 0x00, 0x00, 0x00, 
    0x00, 0x00, 0x00, 0x00, 0x00, 0x00, 0x00, 0x00, 0x00, 0x00, 0x00, 0x00, 0x00, 0x00, 0x00, 0x00, 
    0x00, 0x00, 0x00, 0x00, 0x00, 0x00, 0x00, 0x00, 0x00, 0x00, 0x00, 0x00, 0x00, 0x00, 0x00, 0x00, 
    0x00, 0x00, 0x00, 0x00, 0x00, 0x00, 0x00, 0x00, 0x00, 0x00, 0x00, 0x00, 0x00, 0x00, 0x00, 0x00, 
    0x00, 0x00, 0x00, 0x00, 0x00, 0x00, 0x00, 0x00, 0x00, 0x00, 0x00, 0x00, 0x00, 0x00, 0x00, 0x00, 
    0x00, 0x00, 0x00, 0x00, 0x00, 0x00, 0x00, 0x00, 0x00, 0x00, 0x00, 0x00, 0x00, 0x00, 0x00, 0x00, 
    0x00, 0x00, 0x00, 0x00, 0x00, 0x00, 0x00, 0x00, 0x00, 0x00, 0x00, 0x00, 0x00, 0x00, 0x00, 0x00, 
    0x00, 0x00, 0x00, 0x00, 0x00, 0x00, 0x00, 0x00, 0x00, 0x00, 0x00, 0x00, 0x00, 0x00, 0x00, 0x00, 
    0x00, 0x00, 0x00, 0x00, 0x00, 0x00, 0x00, 0x00, 0x00, 0x00, 0x00, 0x00, 0x00, 0x00, 0x00, 0x00, 
    0x00, 0x00, 0x00, 0x00, 0x00, 0x00, 0x00, 0x00, 0x00, 0x00, 0x00, 0x00, 0x00, 0x00, 0x00, 0x00, 
    0x00, 0x00, 0x00, 0x00, 0x00, 0x00, 0x00, 0x00, 0x00, 0x00, 0x00, 0x00, 0x00, 0x00, 0x00, 0x00, 
    0x00, 0x00, 0x00, 0x00, 0x00, 0x00, 0x00, 0x00, 0x00, 0x00, 0x00, 0x00, 0x00, 0x00, 0x00, 0x00, 
    0x00, 0x00, 0x00, 0x00, 0x00, 0x00, 0x00, 0x00, 0x00, 0x00, 0x00, 0x00, 0x00, 0x00, 0x00, 0x00, 
    0x00, 0x00, 0x00, 0x00, 0x00, 0x00, 0x00, 0x00, 0x00, 0x00, 0x00, 0x00, 0x00, 0x00, 0x00, 0x00, 
    0x00, 0x00, 0x00, 0x00, 0x00, 0x00, 0x00, 0x00, 0x00, 0x00, 0x00, 0x00, 0x00, 0x00, 0x00, 0x00, 
    0x00, 0x00, 0x00, 0x82, 0x01, 0x24, 0x01, 0x65, 0x01, 0x65, 0x01, 0x65, 0x01, 0x45, 0x01, 0x04, 
    0x00, 0x82, 0x00, 0x41, 0x00, 0x00, 0x00, 0x00, 0x00, 0x00, 0x00, 0x00, 0x00, 0x20, 0x00, 0xC3, 
    0x01, 0x45, 0x01, 0xA6, 0x01, 0xC7, 0x01, 0xA6, 0x01, 0xC7, 0x01, 0xA6, 0x01, 0xA6, 0x01, 0xA6, 
    0x01, 0x45, 0x00, 0x82, 0x00, 0x00, 0x00, 0x00, 0x00, 0x00, 0x00, 0x00, 0x00, 0x00, 0x00, 0x00, 
    0x00, 0x00, 0x00, 0x00, 0x00, 0x00, 0x00, 0x00, 0x00, 0x00, 0x00, 0x00, 0x00, 0x00, 0x00, 0x00, 
    0x00, 0x00, 0x00, 0x00, 0x00, 0x00, 0x00, 0x00, 0x00, 0x00, 0x00, 0x00, 0x00, 0x00, 0x00, 0x00, 
    0x00, 0x00, 0x00, 0x00, 0x00, 0x00, 0x00, 0x00, 0x00, 0x00, 0x00, 0x00, 0x00, 0x00, 0x00, 0x00, 
    0x00, 0x00, 0x00, 0x00, 0x00, 0x00, 0x00, 0x00, 0x00, 0x41, 0x00, 0xE3, 0x00, 0xE3, 0x00, 0x61, 
    0x00, 0x00, 0x00, 0x00, 0x00, 0x00, 0x00, 0x00, 0x00, 0x00, 0x00, 0x00, 0x00, 0x00, 0x00, 0x00, 
    0x00, 0x00, 0x00, 0x00, 0x00, 0x00, 0x00, 0x00, 0x00, 0x00, 0x00, 0x00, 0x00, 0x00, 0x00, 0x00, 
    0x00, 0x00, 0x00, 0x00, 0x00, 0x00, 0x00, 0x00, 0x00, 0x00, 0x00, 0x00, 0x00, 0x00, 0x00, 0x00, 
    0x00, 0x00, 0x00, 0x00, 0x00, 0x00, 0x00, 0x00, 0x00, 0x00, 0x00, 0x00, 0x00, 0x00, 0x00, 0x00, 
    0x00, 0x00, 0x00, 0x00, 0x00, 0x00, 0x00, 0x00, 0x00, 0x00, 0x00, 0x00, 0x00, 0x00, 0x00, 0x00, 
    0x00, 0x00, 0x00, 0x00, 0x00, 0x00, 0x00, 0x00, 0x00, 0x00, 0x00, 0x00, 0x00, 0x00, 0x00, 0x00, 
    0x00, 0x00, 0x00, 0x00, 0x00, 0x00, 0x00, 0x00, 0x00, 0x00, 0x00, 0x00, 0x00, 0x00, 0x00, 0x00, 
    0x00, 0x00, 0x00, 0x00, 0x00, 0x00, 0x00, 0x00, 0x00, 0x00, 0x00, 0x00, 0x00, 0x00, 0x00, 0x00, 
    0x00, 0x00, 0x00, 0x00, 0x00, 0x00, 0x00, 0x00, 0x00, 0x00, 0x00, 0x00, 0x00, 0x00, 0x00, 0x00, 
    0x00, 0x00, 0x00, 0x00, 0x00, 0x00, 0x00, 0x00, 0x00, 0x00, 0x00, 0x00, 0x00, 0x00, 0x00, 0x00, 
    0x00, 0x00, 0x00, 0x00, 0x00, 0x00, 0x00, 0x00, 0x00, 0x00, 0x00, 0x00, 0x00, 0x00, 0x00, 0x00, 
    0x00, 0x00, 0x00, 0x00, 0x00, 0x00, 0x00, 0x00, 0x00, 0x00, 0x00, 0x00, 0x00, 0x00, 0x00, 0x00, 
    0x00, 0x00, 0x00, 0x00, 0x00, 0x00, 0x00, 0x00, 0x00, 0x00, 0x00, 0x00, 0x00, 0x00, 0x00, 0x00, 
    0x00, 0x00, 0x00, 0x00, 0x00, 0x00, 0x00, 0x00, 0x00, 0x00, 0x00, 0x00, 0x00, 0x00, 0x00, 0x00, 
    0x00, 0x00, 0x00, 0x00, 0x00, 0x00, 0x00, 0x00, 0x00, 0x00, 0x00, 0x00, 0x00, 0x00, 0x00, 0x00, 
    0x00, 0x00, 0x00, 0x00, 0x00, 0x00, 0x00, 0x00, 0x00, 0x00, 0x00, 0x00, 0x00, 0x00, 0x00, 0x00, 
    0x00, 0x00, 0x00, 0x00, 0x00, 0x00, 0x00, 0x00, 0x00, 0x00, 0x00, 0x00, 0x00, 0x00, 0x00, 0x00, 
    0x00, 0x00, 0x00, 0x00, 0x00, 0x00, 0x00, 0x00, 0x00, 0x00, 0x00, 0x00, 0x00, 0x00, 0x00, 0x00, 
    0x00, 0x00, 0x00, 0x00, 0x00, 0x00, 0x00, 0x00, 0x00, 0x00, 0x00, 0x00, 0x00, 0x00, 0x00, 0x00, 
    0x00, 0x00, 0x00, 0x00, 0x00, 0x00, 0x00, 0x00, 0x00, 0x00, 0x00, 0x00, 0x00, 0x00, 0x00, 0x00, 
    0x00, 0x00, 0x00, 0x00, 0x00, 0x00, 0x00, 0x00, 0x00, 0x00, 0x00, 0x00, 0x00, 0xC2, 0x00, 0xC3, 
    0x00, 0x20, 0x00, 0x00, 0x00, 0x00, 0x00, 0x00, 0x00, 0x00, 0x00, 0x00, 0x00, 0x00, 0x00, 0x00, 
    0x00, 0x00, 0x00, 0x00, 0x00, 0x00, 0x00, 0x00, 0x00, 0x00, 0x00, 0x00, 0x00, 0x00, 0x00, 0x00, 
    0x00, 0x00, 0x00, 0x00, 0x00, 0x00, 0x00, 0x00, 0x00, 0x00, 0x00, 0x00, 0x00, 0x00, 0x00, 0x00, 
    0x00, 0x00, 0x00, 0x00, 0x00, 0x00, 0x00, 0x00, 0x00, 0x00, 0x00, 0x00, 0x00, 0x00, 0x00, 0x00, 
    0x00, 0x00, 0x00, 0x00, 0x00, 0x00, 0x00, 0x00, 0x00, 0x00, 0x00, 0x00, 0x00, 0x00, 0x00, 0x00, 
    0x00, 0x00, 0x00, 0x00, 0x00, 0x00, 0x00, 0x00, 0x00, 0x00, 0x00, 0x00, 0x00, 0x00, 0x00, 0x00, 
    0x00, 0x00, 0x00, 0x00, 0x00, 0x00, 0x00, 0x00, 0x00, 0x00, 0x00, 0x00, 0x00, 0x00, 0x00, 0x00, 
    0x00, 0x00, 0x00, 0x00, 0x00, 0x00, 0x00, 0x00, 0x00, 0x00, 0x00, 0x00, 0x00, 0x00, 0x00, 0x00, 
    0x00, 0x00, 0x00, 0x00, 0x00, 0x00, 0x00, 0x00, 0x00, 0x00, 0x00, 0x00, 0x00, 0x00, 0x00, 0x00, 
    0x00, 0x00, 0x00, 0x00, 0x00, 0x00, 0x00, 0x00, 0x00, 0x00, 0x00, 0x00, 0x00, 0x00, 0x00, 0x00, 
    0x00, 0x00, 0x00, 0x00, 0x00, 0x00, 0x00, 0x00, 0x00, 0x00, 0x00, 0x00, 0x00, 0x00, 0x00, 0xC2, 
    0x02, 0x28, 0x02, 0xAA, 0x02, 0xEB, 0x03, 0x4D, 0x03, 0x6D, 0x03, 0x8E, 0x03, 0x6D, 0x03, 0x0C, 
    0x02, 0x89, 0x01, 0xA6, 0x00, 0xE3, 0x00, 0x41, 0x00, 0x20, 0x00, 0x82, 0x01, 0x24, 0x02, 0x49, 
    0x03, 0x0B, 0x03, 0x4D, 0x03, 0x6D, 0x03, 0x4D, 0x02, 0xEB, 0x02, 0xEB, 0x03, 0x2C, 0x03, 0x4D, 
    0x03, 0x2C, 0x02, 0xAA, 0x01, 0x86, 0x00, 0x00, 0x00, 0x00, 0x00, 0x00, 0x00, 0x00, 0x00, 0x00, 
    0x00, 0x00, 0x00, 0x00, 0x00, 0x00, 0x00, 0x00, 0x00, 0x00, 0x00, 0x00, 0x00, 0x00, 0x00, 0x00, 
    0x00, 0x00, 0x00, 0x00, 0x00, 0x00, 0x00, 0x00, 0x00, 0x00, 0x00, 0x00, 0x00, 0x00, 0x00, 0x00, 
    0x00, 0x00, 0x00, 0x00, 0x00, 0x00, 0x00, 0x00, 0x00, 0x00, 0x00, 0x00, 0x00, 0x00, 0x00, 0x00, 
    0x00, 0x00, 0x00, 0x00, 0x00, 0x00, 0x01, 0x45, 0x02, 0x28, 0x02, 0xAA, 0x02, 0xCB, 0x02, 0x8A, 
    0x01, 0xA6, 0x00, 0x20, 0x00, 0x00, 0x00, 0x00, 0x00, 0x00, 0x00, 0x00, 0x00, 0x00, 0x00, 0x00, 
    0x00, 0x00, 0x00, 0x00, 0x00, 0x00, 0x00, 0x00, 0x00, 0x00, 0x00, 0x00, 0x00, 0x00, 0x00, 0x00, 
    0x00, 0x00, 0x00, 0x00, 0x00, 0x00, 0x00, 0x00, 0x00, 0x00, 0x00, 0x00, 0x00, 0x00, 0x00, 0x00, 
    0x00, 0x00, 0x00, 0x00, 0x00, 0x00, 0x00, 0x00, 0x00, 0x00, 0x00, 0x00, 0x00, 0x00, 0x00, 0x00, 
    0x00, 0x20, 0x00, 0x61, 0x00, 0x41, 0x00, 0x00, 0x00, 0x00, 0x00, 0x00, 0x00, 0x00, 0x00, 0x00, 
    0x00, 0x00, 0x00, 0x00, 0x00, 0x00, 0x00, 0x00, 0x00, 0x00, 0x00, 0x00, 0x00, 0x00, 0x00, 0x00, 
    0x00, 0x00, 0x00, 0x00, 0x00, 0x00, 0x00, 0x00, 0x00, 0x00, 0x00, 0x00, 0x00, 0x00, 0x00, 0x00, 
    0x00, 0x00, 0x00, 0x00, 0x00, 0x00, 0x00, 0x00, 0x00, 0x00, 0x00, 0x00, 0x00, 0x00, 0x00, 0x00, 
    0x00, 0x00, 0x00, 0x00, 0x00, 0x00, 0x00, 0x00, 0x00, 0x00, 0x00, 0x00, 0x00, 0x00, 0x00, 0x00, 
    0x00, 0x00, 0x00, 0x00, 0x00, 0x00, 0x00, 0x00, 0x00, 0x00, 0x00, 0x00, 0x00, 0x00, 0x00, 0x00, 
    0x00, 0x00, 0x00, 0x00, 0x00, 0x00, 0x00, 0x00, 0x00, 0x00, 0x00, 0x00, 0x00, 0x00, 0x00, 0x00, 
    0x00, 0x00, 0x00, 0x00, 0x00, 0x00, 0x00, 0x00, 0x00, 0x00, 0x00, 0x00, 0x00, 0x00, 0x00, 0x00, 
    0x00, 0x00, 0x00, 0x00, 0x00, 0x00, 0x00, 0x00, 0x00, 0x00, 0x00, 0x00, 0x00, 0x00, 0x00, 0x00, 
    0x00, 0x00, 0x00, 0x00, 0x00, 0x00, 0x00, 0x00, 0x00, 0x00, 0x00, 0x00, 0x00, 0x00, 0x00, 0x00, 
    0x00, 0x00, 0x00, 0x00, 0x00, 0x00, 0x00, 0x00, 0x00, 0x00, 0x00, 0x00, 0x00, 0x00, 0x00, 0x00, 
    0x00, 0x00, 0x00, 0x00, 0x00, 0x00, 0x00, 0x00, 0x00, 0x00, 0x00, 0x00, 0x00, 0x00, 0x00, 0x00, 
    0x00, 0x00, 0x00, 0x00, 0x00, 0x00, 0x00, 0x00, 0x00, 0x00, 0x00, 0x00, 0x00, 0x00, 0x00, 0x00, 
    0x00, 0x00, 0x00, 0x00, 0x00, 0x00, 0x00, 0x00, 0x00, 0x00, 0x00, 0x00, 0x00, 0x00, 0x00, 0x00, 
    0x00, 0x00, 0x00, 0x00, 0x00, 0x00, 0x00, 0x00, 0x00, 0x00, 0x00, 0x00, 0x00, 0x00, 0x00, 0x00, 
    0x00, 0x00, 0x00, 0x00, 0x00, 0x00, 0x00, 0x00, 0x00, 0x00, 0x00, 0x00, 0x00, 0x00, 0x00, 0x00, 
    0x00, 0x00, 0x00, 0x00, 0x00, 0x00, 0x00, 0x00, 0x09, 0xA6, 0x1B, 0x4D, 0x1B, 0xAE, 0x1B, 0x8E, 
    0x12, 0xEB, 0x09, 0xC6, 0x00, 0x00, 0x00, 0x00, 0x00, 0x00, 0x00, 0x00, 0x00, 0x00, 0x00, 0x00, 
    0x00, 0x00, 0x00, 0x00, 0x00, 0x00, 0x00, 0x00, 0x00, 0x00, 0x00, 0x00, 0x00, 0x00, 0x00, 0x00, 
    0x00, 0x00, 0x00, 0x00, 0x00, 0x00, 0x00, 0x00, 0x00, 0x00, 0x00, 0x00, 0x00, 0x00, 0x00, 0x00, 
    0x00, 0x00, 0x00, 0x00, 0x00, 0x00, 0x00, 0x00, 0x00, 0x00, 0x00, 0x00, 0x00, 0x00, 0x00, 0x00, 
    0x00, 0x00, 0x00, 0x00, 0x00, 0x00, 0x00, 0x00, 0x00, 0x00, 0x00, 0x00, 0x00, 0x00, 0x00, 0x00, 
    0x00, 0x00, 0x00, 0x00, 0x00, 0x00, 0x00, 0x00, 0x00, 0x00, 0x00, 0x00, 0x00, 0x00, 0x00, 0x00, 
    0x00, 0x00, 0x00, 0x00, 0x00, 0x00, 0x00, 0x00, 0x00, 0x00, 0x00, 0x00, 0x00, 0x00, 0x00, 0x00, 
    0x00, 0x00, 0x00, 0x00, 0x00, 0x00, 0x00, 0x00, 0x00, 0x00, 0x00, 0x00, 0x00, 0x00, 0x00, 0x00, 
    0x00, 0x00, 0x00, 0x00, 0x00, 0x00, 0x00, 0x00, 0x00, 0x00, 0x00, 0x00, 0x00, 0x00, 0x00, 0x00, 
    0x00, 0x00, 0x00, 0x00, 0x00, 0x00, 0x00, 0x00, 0x00, 0x00, 0x00, 0x00, 0x00, 0x00, 0x00, 0x00, 
    0x00, 0x00, 0x00, 0x00, 0x00, 0x00, 0x00, 0x00, 0x00, 0x00, 0x00, 0x00, 0x01, 0x65, 0x02, 0x08, 
    0x01, 0x66, 0x09, 0xA7, 0x09, 0xA7, 0x09, 0xA7, 0x09, 0xC8, 0x0A, 0x09, 0x0A, 0x2A, 0x0A, 0x09, 
    0x01, 0xE9, 0x03, 0x4D, 0x02, 0x69, 0x01, 0x86, 0x01, 0x65, 0x01, 0xC7, 0x02, 0x49, 0x01, 0x86, 
    0x09, 0x87, 0x09, 0xC9, 0x09, 0xC9, 0x01, 0xE9, 0x03, 0x0E, 0x02, 0x8B, 0x01, 0x87, 0x09, 0xC8, 
    0x0A, 0x09, 0x09, 0xE8, 0x02, 0x08, 0x01, 0xA6, 0x00, 0x00, 0x00, 0x00, 0x00, 0x00, 0x00, 0x00, 
    0x00, 0x00, 0x00, 0x00, 0x00, 0x00, 0x00, 0x00, 0x00, 0x00, 0x00, 0x00, 0x00, 0x00, 0x00, 0x00, 
    0x00, 0x00, 0x00, 0x00, 0x00, 0x00, 0x00, 0x00, 0x00, 0x00, 0x00, 0x00, 0x00, 0x00, 0x00, 0x00, 
    0x00, 0x00, 0x00, 0x00, 0x00, 0x00, 0x00, 0x00, 0x00, 0x00, 0x00, 0x00, 0x00, 0x00, 0x00, 0x00, 
    0x00, 0x00, 0x00, 0x20, 0x01, 0x86, 0x01, 0xA6, 0x01, 0x86, 0x09, 0xA7, 0x09, 0xA7, 0x09, 0xA7, 
    0x02, 0x49, 0x02, 0x69, 0x00, 0x82, 0x00, 0x00, 0x00, 0x00, 0x00, 0x00, 0x00, 0x00, 0x00, 0x00, 
    0x00, 0x00, 0x00, 0x00, 0x00, 0x00, 0x00, 0x00, 0x00, 0x00, 0x00, 0x00, 0x00, 0x00, 0x00, 0x00, 
    0x00, 0x00, 0x00, 0x00, 0x00, 0x00, 0x00, 0x00, 0x00, 0x00, 0x00, 0x00, 0x00, 0x00, 0x00, 0x00, 
    0x00, 0x00, 0x00, 0x00, 0x00, 0x00, 0x00, 0x00, 0x00, 0x00, 0x00, 0x00, 0x00, 0x20, 0x01, 0xC7, 
    0x02, 0x49, 0x02, 0xAA, 0x02, 0xAA, 0x02, 0x69, 0x01, 0x04, 0x00, 0x00, 0x00, 0x00, 0x00, 0x00, 
    0x00, 0x00, 0x00, 0x00, 0x00, 0x00, 0x00, 0x00, 0x00, 0x00, 0x00, 0x00, 0x00, 0x00, 0x00, 0x00, 
    0x00, 0x00, 0x00, 0x00, 0x00, 0x00, 0x00, 0x00, 0x00, 0x00, 0x00, 0x00, 0x00, 0x00, 0x00, 0x00, 
    0x00, 0x00, 0x00, 0x00, 0x00, 0x00, 0x00, 0x00, 0x00, 0x00, 0x00, 0x00, 0x00, 0x00, 0x00, 0x00, 
    0x00, 0x00, 0x00, 0x00, 0x00, 0x00, 0x00, 0x00, 0x00, 0x00, 0x00, 0x00, 0x00, 0x00, 0x00, 0x00, 
    0x00, 0x00, 0x00, 0x00, 0x00, 0x00, 0x00, 0x00, 0x00, 0x00, 0x00, 0x00, 0x00, 0x00, 0x00, 0x00, 
    0x00, 0x00, 0x00, 0x00, 0x00, 0x00, 0x00, 0x00, 0x00, 0x00, 0x00, 0x00, 0x00, 0x00, 0x00, 0x00, 
    0x00, 0x00, 0x00, 0x00, 0x00, 0x00, 0x00, 0x00, 0x00, 0x00, 0x00, 0x00, 0x00, 0x00, 0x00, 0x00, 
    0x00, 0x00, 0x00, 0x00, 0x00, 0x00, 0x00, 0x00, 0x00, 0x00, 0x00, 0x00, 0x00, 0x00, 0x00, 0x00, 
    0x00, 0x00, 0x00, 0x00, 0x00, 0x00, 0x00, 0x00, 0x00, 0x00, 0x00, 0x00, 0x00, 0x00, 0x00, 0x00, 
    0x00, 0x00, 0x00, 0x00, 0x00, 0x00, 0x00, 0x00, 0x00, 0x00, 0x00, 0x00, 0x00, 0x00, 0x00, 0x00, 
    0x00, 0x00, 0x00, 0x00, 0x00, 0x00, 0x00, 0x00, 0x00, 0x00, 0x00, 0x00, 0x00, 0x00, 0x00, 0x00, 
    0x00, 0x00, 0x00, 0x00, 0x00, 0x00, 0x00, 0x00, 0x00, 0x00, 0x00, 0x00, 0x00, 0x00, 0x00, 0x00, 
    0x00, 0x00, 0x00, 0x00, 0x00, 0x00, 0x00, 0x00, 0x00, 0x00, 0x00, 0x00, 0x00, 0x00, 0x00, 0x00, 
    0x00, 0x00, 0x00, 0x00, 0x00, 0x00, 0x00, 0x00, 0x00, 0x00, 0x00, 0x00, 0x00, 0x00, 0x00, 0x00, 
    0x00, 0x00, 0x00, 0x00, 0x00, 0x00, 0x00, 0x00, 0x00, 0x00, 0x00, 0x00, 0x00, 0x00, 0x00, 0x00, 
    0x00, 0x00, 0x00, 0x00, 0x00, 0x20, 0x02, 0x07, 0x12, 0x69, 0x12, 0x2A, 0x0A, 0x2A, 0x0A, 0x09, 
    0x0A, 0x08, 0x12, 0x69, 0x0A, 0x08, 0x00, 0x00, 0x00, 0x00, 0x00, 0x00, 0x00, 0x00, 0x00, 0x00, 
    0x00, 0x00, 0x00, 0x00, 0x00, 0x00, 0x00, 0x00, 0x00, 0x00, 0x00, 0x00, 0x00, 0x00, 0x00, 0x00, 
    0x00, 0x00, 0x00, 0x00, 0x00, 0x00, 0x00, 0x00, 0x00, 0x00, 0x00, 0x00, 0x00, 0x00, 0x00, 0x00, 
    0x00, 0x00, 0x00, 0x00, 0x00, 0x00, 0x00, 0x00, 0x00, 0x00, 0x00, 0x00, 0x00, 0x00, 0x00, 0x00, 
    0x00, 0x00, 0x00, 0x00, 0x00, 0x00, 0x00, 0x00, 0x00, 0x00, 0x00, 0x00, 0x00, 0x00, 0x00, 0x00, 
    0x00, 0x00, 0x00, 0x00, 0x00, 0x00, 0x00, 0x00, 0x00, 0x00, 0x00, 0x00, 0x00, 0x00, 0x00, 0x00, 
    0x00, 0x00, 0x00, 0x00, 0x00, 0x00, 0x00, 0x00, 0x00, 0x00, 0x00, 0x00, 0x00, 0x00, 0x00, 0x00, 
    0x00, 0x00, 0x00, 0x00, 0x00, 0x00, 0x00, 0x00, 0x00, 0x00, 0x00, 0x00, 0x00, 0x00, 0x00, 0x00, 
    0x00, 0x00, 0x00, 0x00, 0x00, 0x00, 0x00, 0x00, 0x00, 0x00, 0x00, 0x00, 0x00, 0x00, 0x00, 0x00, 
    0x00, 0x00, 0x00, 0x00, 0x00, 0x00, 0x00, 0x00, 0x00, 0x00, 0x00, 0x00, 0x00, 0x00, 0x00, 0x00, 
    0x00, 0x00, 0x00, 0x00, 0x00, 0x00, 0x00, 0x00, 0x00, 0x00, 0x01, 0x04, 0x01, 0xC7, 0x21, 0x66, 
    0x5C, 0xD4, 0x5D, 0xB7, 0x55, 0xB7, 0x55, 0xB7, 0x55, 0x97, 0x55, 0xB7, 0x5D, 0xB8, 0x65, 0xD8, 
    0x4B, 0x70, 0x09, 0x47, 0x03, 0x4D, 0x02, 0xAA, 0x02, 0x49, 0x02, 0xEB, 0x02, 0x29, 0x42, 0x8B, 
    0x5D, 0xB7, 0x5D, 0xB8, 0x6D, 0xD8, 0x4B, 0x4E, 0x00, 0xA8, 0x08, 0xE7, 0x5C, 0xF4, 0x5D, 0xD8, 
    0x5D, 0xD8, 0x75, 0x97, 0x21, 0xC8, 0x02, 0x69, 0x00, 0xE3, 0x00, 0x00, 0x00, 0x00, 0x00, 0x00, 
    0x00, 0x00, 0x00, 0x00, 0x00, 0x00, 0x00, 0x00, 0x00, 0x00, 0x00, 0x00, 0x00, 0x00, 0x00, 0x00, 
    0x00, 0x00, 0x00, 0x00, 0x00, 0x00, 0x00, 0x00, 0x00, 0x00, 0x00, 0x00, 0x00, 0x00, 0x00, 0x00, 
    0x00, 0x00, 0x00, 0x00, 0x00, 0x00, 0x00, 0x00, 0x00, 0x00, 0x00, 0x00, 0x00, 0x00, 0x00, 0x00, 
    0x00, 0x00, 0x01, 0x24, 0x02, 0x8A, 0x11, 0x66, 0x5D, 0x16, 0x55, 0xB8, 0x55, 0x98, 0x5D, 0x16, 
    0x11, 0xE9, 0x03, 0x8E, 0x02, 0x07, 0x00, 0xE3, 0x00, 0x00, 0x00, 0x00, 0x00, 0x00, 0x00, 0x00, 
    0x00, 0x00, 0x00, 0x00, 0x00, 0x00, 0x00, 0x00, 0x00, 0x00, 0x00, 0x00, 0x00, 0x00, 0x00, 0x00, 
    0x00, 0x00, 0x00, 0x00, 0x00, 0x00, 0x00, 0x00, 0x00, 0x00, 0x00, 0x00, 0x00, 0x00, 0x00, 0x00, 
    0x00, 0x00, 0x00, 0x00, 0x00, 0x00, 0x00, 0x00, 0x00, 0x00, 0x00, 0xA2, 0x02, 0x69, 0x01, 0xC7, 
    0x01, 0x65, 0x09, 0xC6, 0x1A, 0x08, 0x12, 0x09, 0x02, 0xEB, 0x01, 0x24, 0x00, 0x00, 0x00, 0x00, 
    0x00, 0x00, 0x00, 0x00, 0x00, 0x00, 0x00, 0x00, 0x00, 0x00, 0x00, 0x00, 0x00, 0x00, 0x00, 0x00, 
    0x00, 0x00, 0x00, 0x00, 0x00, 0x00, 0x00, 0x00, 0x00, 0x00, 0x00, 0x00, 0x00, 0x00, 0x00, 0x00, 
    0x00, 0x00, 0x00, 0x00, 0x00, 0x00, 0x00, 0x00, 0x00, 0x00, 0x00, 0x00, 0x00, 0x00, 0x00, 0x00, 
    0x00, 0x00, 0x00, 0x00, 0x00, 0x00, 0x00, 0x00, 0x00, 0x00, 0x00, 0x00, 0x00, 0x00, 0x00, 0x00, 
    0x00, 0x00, 0x00, 0x00, 0x00, 0x00, 0x00, 0x00, 0x00, 0x00, 0x00, 0x00, 0x00, 0x00, 0x00, 0x00, 
    0x00, 0x00, 0x00, 0x00, 0x00, 0x00, 0x00, 0x00, 0x00, 0x00, 0x00, 0x00, 0x00, 0x00, 0x00, 0x00, 
    0x00, 0x00, 0x00, 0x00, 0x00, 0x00, 0x00, 0x00, 0x00, 0x00, 0x00, 0x00, 0x00, 0x00, 0x00, 0x00, 
    0x00, 0x00, 0x00, 0x00, 0x00, 0x00, 0x00, 0x00, 0x00, 0x00, 0x00, 0x00, 0x00, 0x00, 0x00, 0x00, 
    0x00, 0x00, 0x00, 0x00, 0x00, 0x00, 0x00, 0x00, 0x00, 0x00, 0x00, 0x00, 0x00, 0x00, 0x00, 0x00, 
    0x00, 0x00, 0x00, 0x00, 0x00, 0x00, 0x00, 0x00, 0x00, 0x00, 0x00, 0x00, 0x00, 0x00, 0x00, 0x00, 
    0x00, 0x00, 0x00, 0x00, 0x00, 0x00, 0x00, 0x00, 0x00, 0x00, 0x00, 0x00, 0x00, 0x00, 0x00, 0x00, 
    0x00, 0x00, 0x00, 0x00, 0x00, 0x00, 0x00, 0x00, 0x00, 0x00, 0x00, 0x00, 0x00, 0x00, 0x00, 0x00, 
    0x00, 0x00, 0x00, 0x00, 0x00, 0x00, 0x00, 0x00, 0x00, 0x00, 0x00, 0x00, 0x00, 0x00, 0x00, 0x00, 
    0x00, 0x00, 0x00, 0x00, 0x00, 0x00, 0x00, 0x00, 0x00, 0x00, 0x00, 0x00, 0x00, 0x00, 0x00, 0x00, 
    0x00, 0x00, 0x00, 0x00, 0x00, 0x00, 0x00, 0x00, 0x00, 0x00, 0x00, 0x00, 0x00, 0x00, 0x00, 0x00, 
    0x00, 0x00, 0x00, 0xA2, 0x0A, 0x27, 0x13, 0xCF, 0x11, 0x88, 0x91, 0xB4, 0xA1, 0xB8, 0xA1, 0xD8, 
    0xA2, 0x15, 0x19, 0x88, 0x0B, 0x4C, 0x00, 0x82, 0x00, 0x00, 0x00, 0x00, 0x00, 0x00, 0x00, 0x00, 
    0x00, 0x00, 0x00, 0x00, 0x00, 0x00, 0x00, 0x00, 0x00, 0x00, 0x00, 0x00, 0x00, 0x00, 0x00, 0x00, 
    0x00, 0x00, 0x00, 0x00, 0x00, 0x00, 0x00, 0x00, 0x00, 0x00, 0x00, 0x00, 0x00, 0x00, 0x00, 0x00, 
    0x00, 0x00, 0x00, 0x00, 0x00, 0x00, 0x00, 0x00, 0x00, 0x00, 0x00, 0x00, 0x00, 0x00, 0x00, 0x00, 
    0x00, 0x00, 0x00, 0x00, 0x00, 0x00, 0x00, 0x00, 0x00, 0x00, 0x00, 0x00, 0x00, 0x00, 0x00, 0x00, 
    0x00, 0x00, 0x00, 0x00, 0x00, 0x00, 0x00, 0x00, 0x00, 0x00, 0x00, 0x00, 0x00, 0x00, 0x00, 0x00, 
    0x00, 0x00, 0x00, 0x00, 0x00, 0x00, 0x00, 0x00, 0x00, 0x00, 0x00, 0x00, 0x00, 0x00, 0x00, 0x00, 
    0x00, 0x00, 0x00, 0x00, 0x00, 0x00, 0x00, 0x00, 0x00, 0x00, 0x00, 0x00, 0x00, 0x00, 0x00, 0x00, 
    0x00, 0x00, 0x00, 0x00, 0x00, 0x00, 0x00, 0x00, 0x00, 0x00, 0x00, 0x00, 0x00, 0x00, 0x00, 0x00, 
    0x00, 0x00, 0x00, 0x00, 0x00, 0x00, 0x00, 0x00, 0x00, 0x00, 0x00, 0x00, 0x00, 0x00, 0x00, 0x00, 
    0x00, 0x00, 0x00, 0x00, 0x00, 0x00, 0x00, 0x00, 0x00, 0x20, 0x02, 0x69, 0x09, 0x25, 0x5D, 0x97, 
    0x1F, 0xFF, 0x0F, 0xFF, 0x17, 0xFF, 0x0F, 0xFF, 0x0F, 0xFF, 0x0F, 0xFF, 0x17, 0xFF, 0x0F, 0xFF, 
    0x47, 0xFF, 0x42, 0xAC, 0x01, 0xC9, 0x03, 0x4D, 0x03, 0x0C, 0x03, 0x8E, 0x02, 0x0A, 0x4B, 0xD0, 
    0x1F, 0xFF, 0x0F, 0xFF, 0x1F, 0xFF, 0x44, 0xF3, 0x00, 0x06, 0x18, 0xE8, 0x47, 0x5D, 0x07, 0xFF, 
    0x07, 0xFF, 0x47, 0xBF, 0x29, 0xE8, 0x02, 0xAB, 0x01, 0xA6, 0x00, 0x20, 0x00, 0x00, 0x00, 0x00, 
    0x00, 0x00, 0x00, 0x00, 0x00, 0x00, 0x00, 0x00, 0x00, 0x00, 0x00, 0x00, 0x00, 0x00, 0x00, 0x00, 
    0x00, 0x00, 0x00, 0x00, 0x00, 0x00, 0x00, 0x00, 0x00, 0x00, 0x00, 0x00, 0x00, 0x00, 0x00, 0x00, 
    0x00, 0x00, 0x00, 0x00, 0x00, 0x00, 0x00, 0x00, 0x00, 0x00, 0x00, 0x00, 0x00, 0x00, 0x00, 0x82, 
    0x01, 0x86, 0x02, 0x89, 0x03, 0x2D, 0x19, 0x87, 0x4E, 0xFD, 0x07, 0xDF, 0x07, 0x9F, 0x3F, 0x1E, 
    0x19, 0x89, 0x03, 0x0F, 0x03, 0x4C, 0x02, 0x89, 0x01, 0x86, 0x00, 0xC3, 0x00, 0x41, 0x00, 0x00, 
    0x00, 0x00, 0x00, 0x00, 0x00, 0x00, 0x00, 0x00, 0x00, 0x00, 0x00, 0x00, 0x00, 0x00, 0x00, 0x00, 
    0x00, 0x41, 0x00, 0x82, 0x00, 0x82, 0x00, 0xA2, 0x00, 0xA2, 0x00, 0xA2, 0x00, 0x82, 0x00, 0x61, 
    0x00, 0x61, 0x00, 0x41, 0x00, 0x61, 0x00, 0x82, 0x01, 0x24, 0x02, 0xEB, 0x02, 0x6A, 0x3A, 0x8B, 
    0x54, 0x54, 0x4C, 0x37, 0x5D, 0x7C, 0x42, 0xEE, 0x02, 0xAC, 0x03, 0x2C, 0x01, 0xC6, 0x00, 0xC3, 
    0x00, 0x00, 0x00, 0x00, 0x00, 0x00, 0x00, 0x00, 0x00, 0x00, 0x00, 0x00, 0x00, 0x00, 0x00, 0x00, 
    0x00, 0x00, 0x00, 0x00, 0x00, 0x00, 0x00, 0x00, 0x00, 0x00, 0x00, 0x00, 0x00, 0x00, 0x00, 0x00, 
    0x00, 0x00, 0x00, 0x00, 0x00, 0x00, 0x00, 0x00, 0x00, 0x00, 0x00, 0x41, 0x00, 0x20, 0x00, 0x00, 
    0x00, 0x00, 0x00, 0x00, 0x00, 0x00, 0x00, 0x00, 0x00, 0x41, 0x00, 0xA2, 0x00, 0xC3, 0x00, 0xE3, 
    0x00, 0xE3, 0x01, 0x03, 0x00, 0xE3, 0x00, 0xC3, 0x00, 0xA2, 0x00, 0x82, 0x00, 0x00, 0x00, 0x00, 
    0x00, 0x00, 0x00, 0x00, 0x00, 0x00, 0x00, 0x00, 0x00, 0x00, 0x00, 0x00, 0x00, 0x00, 0x00, 0x00, 
    0x00, 0x00, 0x00, 0x00, 0x00, 0x00, 0x00, 0x00, 0x00, 0x00, 0x00, 0x00, 0x00, 0x00, 0x00, 0x00, 
    0x00, 0x00, 0x00, 0x00, 0x00, 0x00, 0x00, 0x00, 0x00, 0x00, 0x00, 0x00, 0x00, 0x00, 0x00, 0x00, 
    0x00, 0x00, 0x00, 0x00, 0x00, 0x00, 0x00, 0x00, 0x00, 0x00, 0x00, 0x41, 0x00, 0xA2, 0x00, 0xC2, 
    0x00, 0xC2, 0x00, 0xA2, 0x00, 0xA2, 0x00, 0x61, 0x00, 0x40, 0x00, 0x00, 0x00, 0x00, 0x00, 0x00, 
    0x00, 0x00, 0x00, 0x00, 0x00, 0x00, 0x00, 0x00, 0x00, 0x00, 0x00, 0x20, 0x00, 0xA2, 0x00, 0xC2, 
    0x00, 0xE3, 0x00, 0xC2, 0x00, 0xC2, 0x00, 0xC2, 0x00, 0x82, 0x00, 0x20, 0x00, 0x00, 0x00, 0x00, 
    0x00, 0x00, 0x00, 0x00, 0x00, 0x00, 0x00, 0x00, 0x00, 0x00, 0x00, 0x00, 0x00, 0x61, 0x00, 0xA2, 
    0x00, 0xC2, 0x00, 0xC2, 0x00, 0xC2, 0x00, 0xC2, 0x00, 0xA2, 0x00, 0x41, 0x00, 0x00, 0x00, 0x00, 
    0x00, 0x00, 0x00, 0x00, 0x00, 0x00, 0x00, 0x00, 0x00, 0x00, 0x00, 0x61, 0x01, 0x03, 0x01, 0x85, 
    0x0A, 0x27, 0x0A, 0xEB, 0x13, 0x6E, 0x13, 0x34, 0x19, 0x4A, 0xBA, 0x3D, 0xC1, 0x3F, 0xC1, 0x7F, 
    0xD2, 0x7E, 0x21, 0xAA, 0x13, 0xAF, 0x01, 0xA6, 0x00, 0x00, 0x00, 0x00, 0x00, 0x00, 0x00, 0x00, 
    0x00, 0x00, 0x00, 0x00, 0x00, 0x00, 0x00, 0x00, 0x00, 0x00, 0x00, 0x00, 0x00, 0x00, 0x00, 0x00, 
    0x00, 0x00, 0x00, 0x00, 0x00, 0x00, 0x00, 0x00, 0x00, 0x00, 0x00, 0x00, 0x00, 0x00, 0x00, 0x00, 
    0x00, 0x00, 0x00, 0x00, 0x00, 0x00, 0x00, 0x00, 0x00, 0x00, 0x00, 0x00, 0x00, 0x00, 0x00, 0x00, 
    0x00, 0x00, 0x00, 0x00, 0x00, 0x00, 0x00, 0x00, 0x00, 0x00, 0x00, 0x00, 0x00, 0x00, 0x00, 0x00, 
    0x00, 0x00, 0x00, 0x00, 0x00, 0x00, 0x00, 0x00, 0x00, 0x00, 0x00, 0x00, 0x00, 0x00, 0x00, 0x00, 
    0x00, 0x00, 0x00, 0x00, 0x00, 0x00, 0x00, 0x00, 0x00, 0x00, 0x00, 0x00, 0x00, 0x00, 0x00, 0x00, 
    0x00, 0x00, 0x00, 0x00, 0x00, 0x00, 0x00, 0x00, 0x00, 0x00, 0x00, 0x00, 0x00, 0x00, 0x00, 0x00, 
    0x00, 0x00, 0x00, 0x00, 0x00, 0x00, 0x00, 0x00, 0x00, 0x00, 0x00, 0x00, 0x00, 0x00, 0x00, 0x00, 
    0x00, 0x00, 0x00, 0x00, 0x00, 0x00, 0x00, 0x00, 0x00, 0x00, 0x00, 0x00, 0x00, 0x00, 0x00, 0x00, 
    0x00, 0x00, 0x00, 0x00, 0x00, 0x00, 0x00, 0x00, 0x01, 0x65, 0x02, 0x69, 0x29, 0xC8, 0x37, 0xBF, 
    0x07, 0xFF, 0x17, 0xFF, 0x17, 0xFF, 0x0F, 0xFF, 0x0F, 0xFF, 0x0F, 0xFF, 0x17, 0xDF, 0x17, 0xDF, 
    0x0F, 0xFF, 0x4D, 0x56, 0x00, 0xA6, 0x02, 0xCE, 0x03, 0x2D, 0x03, 0x30, 0x01, 0x6B, 0x43, 0xB0, 
    0x1F, 0xFF, 0x07, 0xDF, 0x17, 0xFF, 0x44, 0xD3, 0x00, 0x05, 0x18, 0xC8, 0x46, 0xFC, 0x07, 0xFF, 
    0x07, 0xDF, 0x37, 0x5E, 0x21, 0xA8, 0x02, 0xCC, 0x02, 0x49, 0x00, 0xA2, 0x00, 0x00, 0x00, 0x00, 
    0x00, 0x00, 0x00, 0x00, 0x00, 0xE3, 0x01, 0x65, 0x01, 0xE7, 0x01, 0xE7, 0x01, 0x86, 0x00, 0xA2, 
    0x00, 0x41, 0x00, 0x41, 0x00, 0x61, 0x00, 0x82, 0x01, 0x65, 0x01, 0xE7, 0x02, 0x07, 0x01, 0xE7, 
    0x01, 0xA6, 0x00, 0xE3, 0x00, 0xA2, 0x00, 0x41, 0x00, 0x82, 0x01, 0x04, 0x02, 0x28, 0x02, 0xAA, 
    0x03, 0x2C, 0x03, 0x8E, 0x02, 0xF0, 0x19, 0x68, 0x46, 0xBC, 0x0F, 0x3F, 0x07, 0x1F, 0x3E, 0xDD, 
    0x19, 0x68, 0x01, 0xEF, 0x03, 0x0F, 0x03, 0x8F, 0x03, 0x6D, 0x03, 0x0C, 0x02, 0xCA, 0x02, 0x69, 
    0x01, 0xC7, 0x01, 0x04, 0x00, 0xC2, 0x00, 0xA2, 0x00, 0xE3, 0x01, 0x65, 0x02, 0x28, 0x02, 0x89, 
    0x02, 0xCB, 0x03, 0x0C, 0x03, 0x2C, 0x03, 0x2C, 0x03, 0x2C, 0x03, 0x2C, 0x03, 0x2C, 0x03, 0x0B, 
    0x02, 0xAA, 0x02, 0x69, 0x02, 0x49, 0x02, 0x89, 0x03, 0x0B, 0x03, 0xD0, 0x01, 0x8A, 0x4C, 0x54, 
    0x26, 0x1F, 0x05, 0x1F, 0x1D, 0x9F, 0x3B, 0x0E, 0x01, 0xED, 0x03, 0xD1, 0x03, 0x6D, 0x02, 0xAA, 
    0x01, 0x65, 0x00, 0x00, 0x00, 0x00, 0x00, 0x00, 0x00, 0x00, 0x00, 0x00, 0x00, 0x00, 0x00, 0x00, 
    0x00, 0x00, 0x01, 0x45, 0x02, 0x08, 0x02, 0x28, 0x01, 0xE7, 0x00, 0xC3, 0x00, 0x00, 0x00, 0x00, 
    0x00, 0x00, 0x00, 0x00, 0x00, 0x20, 0x01, 0x65, 0x02, 0x48, 0x02, 0x8A, 0x02, 0xAA, 0x02, 0x48, 
    0x01, 0xC6, 0x01, 0xC6, 0x01, 0xC6, 0x02, 0x48, 0x02, 0xEB, 0x03, 0x2C, 0x03, 0x4D, 0x03, 0x6D, 
    0x03, 0x6D, 0x03, 0x8E, 0x03, 0x8E, 0x03, 0x8E, 0x03, 0x2C, 0x02, 0xEB, 0x02, 0x69, 0x02, 0x48, 
    0x02, 0x28, 0x02, 0x28, 0x02, 0x69, 0x02, 0xAA, 0x02, 0xAA, 0x02, 0x48, 0x01, 0x44, 0x00, 0x00, 
    0x00, 0x00, 0x00, 0x00, 0x00, 0x00, 0x00, 0x00, 0x00, 0xC3, 0x01, 0xC6, 0x02, 0x08, 0x01, 0xE7, 
    0x01, 0x45, 0x00, 0x00, 0x00, 0x00, 0x00, 0x00, 0x00, 0x00, 0x00, 0x00, 0x00, 0x00, 0x00, 0x00, 
    0x00, 0x00, 0x01, 0x24, 0x02, 0x28, 0x02, 0xCA, 0x0B, 0x2C, 0x0B, 0x6D, 0x0B, 0x6E, 0x0B, 0x8E, 
    0x0B, 0x8E, 0x0B, 0x8E, 0x0B, 0x8E, 0x0B, 0x6D, 0x0B, 0x2C, 0x0A, 0xCA, 0x02, 0x28, 0x01, 0x65, 
    0x01, 0x24, 0x01, 0x04, 0x01, 0x24, 0x01, 0x85, 0x0A, 0x69, 0x0B, 0x0B, 0x0B, 0x6D, 0x0B, 0x8E, 
    0x13, 0xAE, 0x13, 0xAE, 0x13, 0xCF, 0x13, 0xAE, 0x0B, 0x6D, 0x0B, 0x4C, 0x0A, 0xCA, 0x0A, 0x28, 
    0x09, 0xC6, 0x01, 0xC6, 0x01, 0xA6, 0x09, 0xE7, 0x0A, 0xCA, 0x13, 0x4D, 0x13, 0x8E, 0x13, 0xAE, 
    0x13, 0xAF, 0x13, 0xAE, 0x13, 0xAF, 0x13, 0xAE, 0x13, 0x8E, 0x13, 0x4C, 0x12, 0xEA, 0x0A, 0x48, 
    0x09, 0xE7, 0x09, 0xE7, 0x0A, 0x07, 0x0A, 0x27, 0x12, 0xCA, 0x13, 0x6D, 0x1B, 0x8E, 0x1B, 0xAF, 
    0x1B, 0xB0, 0x23, 0x52, 0x1A, 0x74, 0x11, 0x95, 0x19, 0x0A, 0xBA, 0x7C, 0xB9, 0x7F, 0xB9, 0x7F, 
    0xC2, 0x7C, 0x21, 0x4A, 0x1B, 0x91, 0x12, 0x89, 0x00, 0x41, 0x00, 0x00, 0x00, 0x00, 0x00, 0x00, 
    0x00, 0x00, 0x00, 0x00, 0x00, 0x00, 0x00, 0x00, 0x00, 0x00, 0x00, 0x00, 0x00, 0x00, 0x00, 0x00, 
    0x00, 0x00, 0x00, 0x00, 0x00, 0x00, 0x00, 0x00, 0x00, 0x00, 0x00, 0x00, 0x00, 0x00, 0x00, 0x00, 
    0x00, 0x00, 0x00, 0x00, 0x00, 0x00, 0x00, 0x00, 0x00, 0x00, 0x00, 0x00, 0x00, 0x00, 0x00, 0x00, 
    0x00, 0x00, 0x00, 0x00, 0x00, 0x00, 0x00, 0x00, 0x00, 0x00, 0x00, 0x00, 0x00, 0x00, 0x00, 0x00, 
    0x00, 0x00, 0x00, 0x00, 0x00, 0x00, 0x00, 0x00, 0x00, 0x00, 0x00, 0x00, 0x00, 0x00, 0x00, 0x00, 
    0x00, 0x00, 0x00, 0x00, 0x00, 0x00, 0x00, 0x00, 0x00, 0x00, 0x00, 0x00, 0x00, 0x00, 0x00, 0x00, 
    0x00, 0x00, 0x00, 0x00, 0x00, 0x00, 0x00, 0x00, 0x00, 0x00, 0x00, 0x00, 0x00, 0x00, 0x00, 0x00, 
    0x00, 0x00, 0x00, 0x00, 0x00, 0x00, 0x00, 0x00, 0x00, 0x00, 0x00, 0x00, 0x00, 0x00, 0x00, 0x00, 
    0x00, 0x00, 0x00, 0x00, 0x00, 0x00, 0x00, 0x00, 0x00, 0x00, 0x00, 0x00, 0x00, 0x00, 0x00, 0x00, 
    0x00, 0x00, 0x00, 0x00, 0x00, 0x00, 0x00, 0x41, 0x02, 0x49, 0x01, 0xE7, 0x4B, 0x4E, 0x27, 0xFF, 
    0x07, 0xDF, 0x0F, 0xFF, 0x27, 0xFF, 0x47, 0xFF, 0x47, 0xFF, 0x47, 0xFF, 0x0F, 0xDF, 0x17, 0xDF, 
    0x07, 0xFF, 0x4E, 0xFC, 0x18, 0xC7, 0x01, 0xEE, 0x02, 0x8E, 0x02, 0x6F, 0x00, 0xEA, 0x43, 0xB0, 
    0x1F, 0xFF, 0x07, 0xDF, 0x17, 0xFF, 0x44, 0xD3, 0x00, 0x04, 0x18, 0xC7, 0x46, 0xFC, 0x07, 0xFF, 
    0x07, 0xDF, 0x37, 0x7E, 0x21, 0xA8, 0x02, 0xCD, 0x02, 0xCA, 0x01, 0x24, 0x00, 0x00, 0x00, 0x00, 
    0x00, 0x00, 0x01, 0x24, 0x01, 0x86, 0x01, 0xA6, 0x01, 0xC7, 0x01, 0xC7, 0x01, 0xE8, 0x02, 0x8A, 
    0x02, 0x28, 0x01, 0xE7, 0x02, 0x08, 0x02, 0x8A, 0x02, 0x08, 0x02, 0x08, 0x02, 0x49, 0x02, 0x29, 
    0x02, 0x49, 0x03, 0x0C, 0x02, 0x49, 0x02, 0x08, 0x02, 0x49, 0x03, 0x0C, 0x02, 0x49, 0x02, 0x49, 
    0x02, 0x29, 0x01, 0x89, 0x01, 0x4B, 0x11, 0x28, 0x3E, 0xBD, 0x0F, 0x1F, 0x07, 0x1F, 0x46, 0xFD, 
    0x18, 0xC5, 0x00, 0x88, 0x01, 0x09, 0x01, 0x8A, 0x02, 0x0A, 0x02, 0x6B, 0x02, 0x8B, 0x02, 0x6A, 
    0x02, 0xEC, 0x03, 0x8E, 0x02, 0xEB, 0x02, 0x89, 0x02, 0x89, 0x02, 0xEB, 0x02, 0x28, 0x02, 0x49, 
    0x02, 0x8B, 0x02, 0xCC, 0x02, 0xAC, 0x02, 0x6B, 0x02, 0x4B, 0x02, 0x4B, 0x02, 0x8B, 0x02, 0xAC, 
    0x02, 0x6B, 0x02, 0xEC, 0x03, 0x6F, 0x03, 0x4F, 0x03, 0x0F, 0x01, 0xCB, 0x00, 0x23, 0x44, 0x13, 
    0x25, 0xDF, 0x15, 0x1F, 0x25, 0xBF, 0x32, 0xCC, 0x00, 0x66, 0x01, 0xAC, 0x02, 0x0A, 0x02, 0x29, 
    0x02, 0x6A, 0x02, 0x28, 0x00, 0x41, 0x00, 0x00, 0x00, 0x00, 0x00, 0x00, 0x00, 0x00, 0x00, 0x41, 
    0x01, 0xE7, 0x01, 0xE7, 0x02, 0x07, 0x02, 0x07, 0x02, 0x28, 0x02, 0x6A, 0x01, 0xE7, 0x00, 0xA2, 
    0x00, 0x82, 0x00, 0xA2, 0x01, 0xE7, 0x02, 0x49, 0x02, 0x49, 0x02, 0x6A, 0x02, 0x8B, 0x02, 0xCC, 
    0x03, 0x8F, 0x03, 0x8E, 0x03, 0xCF, 0x03, 0x8F, 0x02, 0xAB, 0x02, 0x8A, 0x02, 0x6B, 0x02, 0x6B, 
    0x02, 0x4B, 0x02, 0x6C, 0x02, 0x8D, 0x02, 0x8D, 0x02, 0x4B, 0x02, 0x4A, 0x03, 0x0D, 0x03, 0xD0, 
    0x03, 0xD0, 0x03, 0xCF, 0x02, 0xAB, 0x02, 0x8A, 0x02, 0x8A, 0x02, 0x49, 0x02, 0x69, 0x02, 0x49, 
    0x00, 0xC3, 0x00, 0x82, 0x00, 0x41, 0x01, 0xA6, 0x02, 0x49, 0x02, 0x28, 0x02, 0x28, 0x02, 0x28, 
    0x02, 0x07, 0x02, 0x49, 0x00, 0xC3, 0x00, 0x00, 0x00, 0x00, 0x00, 0x00, 0x00, 0x00, 0x00, 0x00, 
    0x01, 0x65, 0x02, 0x28, 0x02, 0x48, 0x02, 0xAA, 0x02, 0xCC, 0x02, 0x8D, 0x02, 0x6C, 0x02, 0x6C, 
    0x02, 0x6D, 0x02, 0x6D, 0x02, 0x6C, 0x02, 0x6C, 0x02, 0x6C, 0x02, 0xCD, 0x0B, 0xD0, 0x0B, 0xD0, 
    0x0B, 0x6D, 0x0B, 0x4C, 0x0B, 0x4C, 0x0B, 0xCF, 0x03, 0x4E, 0x02, 0x8B, 0x02, 0x6C, 0x02, 0x6D, 
    0x02, 0x8E, 0x02, 0x8E, 0x02, 0x8E, 0x02, 0x8E, 0x02, 0x8E, 0x02, 0xAD, 0x0B, 0x4F, 0x13, 0xD1, 
    0x13, 0x8F, 0x13, 0x8F, 0x13, 0x8E, 0x13, 0xD0, 0x13, 0x70, 0x02, 0xEE, 0x02, 0xAE, 0x02, 0x8E, 
    0x02, 0x8E, 0x02, 0x6E, 0x02, 0x6E, 0x02, 0x6E, 0x02, 0x6E, 0x02, 0x8D, 0x0B, 0x2F, 0x1B, 0xF2, 
    0x1B, 0xAF, 0x1B, 0xAF, 0x1B, 0xAF, 0x1C, 0x12, 0x13, 0xD2, 0x02, 0xAD, 0x02, 0x4C, 0x02, 0x0C, 
    0x01, 0xAC, 0x01, 0x2D, 0x00, 0xCD, 0x00, 0x8D, 0x08, 0xA6, 0xBA, 0xBC, 0xB9, 0x9F, 0xB1, 0x7F, 
    0xC2, 0x7C, 0x21, 0x09, 0x1B, 0x32, 0x12, 0xEB, 0x00, 0xA2, 0x00, 0x00, 0x00, 0x00, 0x00, 0x00, 
    0x00, 0x00, 0x00, 0x00, 0x00, 0x00, 0x00, 0x00, 0x00, 0x00, 0x00, 0x00, 0x00, 0x00, 0x00, 0x00, 
    0x00, 0x00, 0x00, 0x00, 0x00, 0x00, 0x00, 0x00, 0x00, 0x00, 0x00, 0x00, 0x00, 0x00, 0x00, 0x00, 
    0x00, 0x00, 0x00, 0x00, 0x00, 0x00, 0x00, 0x00, 0x00, 0x00, 0x00, 0x00, 0x00, 0x00, 0x00, 0x00, 
    0x00, 0x00, 0x00, 0x00, 0x00, 0x00, 0x00, 0x00, 0x00, 0x00, 0x00, 0x00, 0x00, 0x00, 0x00, 0x00, 
    0x00, 0x00, 0x00, 0x00, 0x00, 0x00, 0x00, 0x00, 0x00, 0x00, 0x00, 0x00, 0x00, 0x00, 0x00, 0x00, 
    0x00, 0x00, 0x00, 0x00, 0x00, 0x00, 0x00, 0x00, 0x00, 0x00, 0x00, 0x00, 0x00, 0x00, 0x00, 0x00, 
    0x00, 0x00, 0x00, 0x00, 0x00, 0x00, 0x00, 0x00, 0x00, 0x00, 0x00, 0x00, 0x00, 0x00, 0x00, 0x00, 
    0x00, 0x00, 0x00, 0x00, 0x00, 0x00, 0x00, 0x00, 0x00, 0x00, 0x00, 0x00, 0x00, 0x00, 0x00, 0x00, 
    0x00, 0x00, 0x00, 0x00, 0x00, 0x00, 0x00, 0x00, 0x00, 0x00, 0x00, 0x00, 0x00, 0x00, 0x00, 0x00, 
    0x00, 0x00, 0x00, 0x00, 0x00, 0x00, 0x00, 0x82, 0x03, 0x0C, 0x09, 0x66, 0x55, 0x56, 0x0F, 0xFF, 
    0x0F, 0xDF, 0x0F, 0xFF, 0x5E, 0x9A, 0x31, 0xA9, 0x29, 0x89, 0x5B, 0x50, 0x3F, 0xFF, 0x0F, 0xDF, 
    0x0F, 0xDF, 0x37, 0xFF, 0x3A, 0x2B, 0x00, 0xEB, 0x02, 0x0F, 0x01, 0xEF, 0x00, 0xA8, 0x4B, 0xB0, 
    0x27, 0xFF, 0x0F, 0xFF, 0x17, 0xFF, 0x44, 0xD4, 0x00, 0x02, 0x18, 0xA6, 0x3F, 0x1D, 0x07, 0xFF, 
    0x07, 0xDF, 0x37, 0x7E, 0x21, 0xA8, 0x02, 0xCE, 0x02, 0xEB, 0x01, 0x65, 0x00, 0x20, 0x00, 0x00, 
    0x01, 0x04, 0x01, 0x24, 0x2A, 0x49, 0x4B, 0xD0, 0x43, 0x6F, 0x4B, 0x8F, 0x4A, 0xAC, 0x01, 0xE9, 
    0x03, 0x8E, 0x03, 0x4C, 0x03, 0x4D, 0x02, 0x29, 0x29, 0xE9, 0x43, 0x6F, 0x4B, 0x90, 0x53, 0xB0, 
    0x32, 0x2A, 0x02, 0x4A, 0x03, 0x8E, 0x03, 0x4C, 0x03, 0x8E, 0x01, 0xE8, 0x3A, 0x8B, 0x43, 0x8F, 
    0x43, 0x6F, 0x43, 0x8F, 0x29, 0xCA, 0x10, 0xA4, 0x36, 0xBD, 0x07, 0x1F, 0x0E, 0xFF, 0x36, 0xFE, 
    0x43, 0xF1, 0x3B, 0x2E, 0x43, 0x6E, 0x4B, 0x6F, 0x43, 0x6F, 0x43, 0x4F, 0x4B, 0x6F, 0x53, 0x6F, 
    0x3A, 0x6B, 0x01, 0xA9, 0x03, 0x90, 0x03, 0x6E, 0x03, 0x8F, 0x01, 0xC8, 0x3A, 0x6B, 0x43, 0x70, 
    0x4B, 0x70, 0x4B, 0x70, 0x43, 0x4F, 0x43, 0x2F, 0x43, 0x2F, 0x43, 0x2F, 0x43, 0x4F, 0x43, 0x30, 
    0x4B, 0x2F, 0x29, 0xEA, 0x01, 0x29, 0x02, 0x52, 0x01, 0x09, 0x29, 0xC9, 0x3A, 0xED, 0x4D, 0x39, 
    0x1D, 0x7F, 0x1D, 0x3F, 0x25, 0x7F, 0x54, 0xB6, 0x3B, 0x0E, 0x3B, 0x0E, 0x3A, 0xEE, 0x4B, 0x50, 
    0x32, 0x0A, 0x02, 0x8A, 0x01, 0xC7, 0x00, 0x00, 0x00, 0x00, 0x00, 0x00, 0x00, 0x00, 0x02, 0x28, 
    0x01, 0xA7, 0x3A, 0x8C, 0x3A, 0xEF, 0x3A, 0xCE, 0x4A, 0xEF, 0x11, 0xE9, 0x03, 0x4D, 0x01, 0xE7, 
    0x01, 0x86, 0x01, 0xE7, 0x02, 0x48, 0x19, 0x67, 0x4A, 0xF0, 0x4A, 0xF0, 0x53, 0x31, 0x31, 0xCA, 
    0x02, 0x0D, 0x03, 0x53, 0x02, 0xAF, 0x11, 0x26, 0x3A, 0x4B, 0x42, 0xAE, 0x42, 0xAE, 0x4A, 0xAF, 
    0x4A, 0xAF, 0x4A, 0x8E, 0x4A, 0xAF, 0x52, 0xAF, 0x4A, 0x8E, 0x4A, 0x6E, 0x21, 0x48, 0x01, 0xCC, 
    0x03, 0x55, 0x02, 0x0D, 0x29, 0x68, 0x4A, 0x6E, 0x4A, 0x6E, 0x5A, 0xAF, 0x29, 0xA9, 0x03, 0x0C, 
    0x02, 0x48, 0x01, 0x86, 0x01, 0xA6, 0x02, 0xEB, 0x19, 0xA8, 0x5A, 0x8F, 0x52, 0x6F, 0x5A, 0x6F, 
    0x49, 0xCB, 0x0A, 0x29, 0x02, 0xAA, 0x00, 0x00, 0x00, 0x00, 0x00, 0x00, 0x00, 0x00, 0x00, 0xA2, 
    0x02, 0xEB, 0x19, 0x67, 0x52, 0x4E, 0x52, 0x0E, 0x5A, 0x0E, 0x5A, 0x4F, 0x5A, 0x4F, 0x5A, 0x2F, 
    0x5A, 0x0F, 0x5A, 0x0F, 0x5A, 0x0F, 0x59, 0xEF, 0x62, 0x0F, 0x5A, 0x0E, 0x19, 0x28, 0x02, 0xB0, 
    0x0B, 0xB4, 0x0B, 0x92, 0x0B, 0x72, 0x01, 0xA9, 0x31, 0x47, 0x59, 0xCD, 0x59, 0xCE, 0x59, 0xEF, 
    0x62, 0x10, 0x62, 0x30, 0x62, 0x10, 0x59, 0xEF, 0x61, 0xCF, 0x61, 0xEF, 0x31, 0x08, 0x01, 0x29, 
    0x12, 0xB4, 0x12, 0xD3, 0x13, 0x14, 0x01, 0xAB, 0x29, 0x07, 0x61, 0xCE, 0x69, 0xF0, 0x61, 0xCF, 
    0x61, 0xAF, 0x61, 0xCF, 0x61, 0xCF, 0x61, 0xCF, 0x61, 0xCF, 0x69, 0xEF, 0x41, 0x6B, 0x09, 0x29, 
    0x1A, 0x94, 0x1A, 0xB4, 0x1A, 0xF5, 0x0A, 0x0E, 0x21, 0x08, 0x61, 0xAE, 0x69, 0x8F, 0x61, 0x8E, 
    0x61, 0xAF, 0x69, 0xCF, 0x69, 0xCF, 0x69, 0xCF, 0x72, 0x30, 0xBA, 0x9E, 0xB1, 0xBF, 0xB1, 0x7F, 
    0xC2, 0x3C, 0x20, 0xE8, 0x1A, 0xF2, 0x13, 0x0B, 0x00, 0xA2, 0x00, 0x00, 0x00, 0x00, 0x00, 0x00, 
    0x00, 0x00, 0x00, 0x00, 0x00, 0x00, 0x00, 0x00, 0x00, 0x00, 0x00, 0x00, 0x00, 0x00, 0x00, 0x00, 
    0x00, 0x00, 0x00, 0x00, 0x00, 0x00, 0x00, 0x00, 0x00, 0x00, 0x00, 0x00, 0x00, 0x00, 0x00, 0x00, 
    0x00, 0x00, 0x00, 0x00, 0x00, 0x00, 0x00, 0x00, 0x00, 0x00, 0x00, 0x00, 0x00, 0x00, 0x00, 0x00, 
    0x00, 0x00, 0x00, 0x00, 0x00, 0x00, 0x00, 0x00, 0x00, 0x00, 0x00, 0x00, 0x00, 0x00, 0x00, 0x00, 
    0x00, 0x00, 0x00, 0x00, 0x00, 0x00, 0x00, 0x00, 0x00, 0x00, 0x00, 0x00, 0x00, 0x00, 0x00, 0x00, 
    0x00, 0x00, 0x00, 0x00, 0x00, 0x00, 0x00, 0x00, 0x00, 0x00, 0x00, 0x00, 0x00, 0x00, 0x00, 0x00, 
    0x00, 0x00, 0x00, 0x00, 0x00, 0x00, 0x00, 0x00, 0x00, 0x00, 0x00, 0x00, 0x00, 0x00, 0x00, 0x00, 
    0x00, 0x00, 0x00, 0x00, 0x00, 0x00, 0x00, 0x00, 0x00, 0x00, 0x00, 0x00, 0x00, 0x00, 0x00, 0x00, 
    0x00, 0x00, 0x00, 0x00, 0x00, 0x00, 0x00, 0x00, 0x00, 0x00, 0x00, 0x00, 0x00, 0x00, 0x00, 0x00, 
    0x00, 0x00, 0x00, 0x00, 0x00, 0x00, 0x01, 0x45, 0x03, 0x0C, 0x29, 0xA8, 0x57, 0x1D, 0x07, 0xFF, 
    0x0F, 0xDF, 0x27, 0xFF, 0x4C, 0x31, 0x00, 0x02, 0x00, 0x05, 0x18, 0x87, 0x4F, 0x3D, 0x0F, 0xFF, 
    0x0F, 0xFF, 0x27, 0xFF, 0x54, 0x31, 0x00, 0x48, 0x01, 0xAF, 0x01, 0x8E, 0x00, 0x87, 0x43, 0xB0, 
    0x27, 0xFF, 0x17, 0xFF, 0x1F, 0xFF, 0x44, 0xD4, 0x00, 0x01, 0x18, 0xA5, 0x3F, 0x1D, 0x07, 0xFF, 
    0x0F, 0xFF, 0x3F, 0x7E, 0x21, 0xA8, 0x02, 0xAE, 0x03, 0x2C, 0x01, 0x86, 0x00, 0x61, 0x00, 0x20, 
    0x01, 0x45, 0x01, 0xC7, 0x3A, 0xCC, 0x47, 0xFF, 0x1F, 0xFF, 0x27, 0xFF, 0x6F, 0x5E, 0x19, 0x48, 
    0x02, 0xCE, 0x03, 0x2E, 0x03, 0x2F, 0x09, 0x06, 0x4E, 0x39, 0x1F, 0xFF, 0x2F, 0xFF, 0x27, 0xFF, 
    0x46, 0x19, 0x08, 0xE6, 0x02, 0xF0, 0x03, 0x0F, 0x02, 0xAE, 0x19, 0x06, 0x56, 0xFE, 0x1F, 0xDF, 
    0x1F, 0xBF, 0x47, 0xFF, 0x3A, 0xAC, 0x08, 0x62, 0x36, 0x9D, 0x06, 0xFF, 0x0E, 0xFF, 0x0E, 0xDF, 
    0x17, 0x1F, 0x1F, 0x3F, 0x27, 0x5F, 0x2F, 0x5F, 0x27, 0x3F, 0x27, 0x1F, 0x27, 0x1F, 0x2E, 0xFF, 
    0x3E, 0xFF, 0x4B, 0x4F, 0x00, 0xA5, 0x02, 0x4F, 0x02, 0x90, 0x09, 0x07, 0x5D, 0xB9, 0x26, 0xDF, 
    0x2E, 0x9F, 0x26, 0x5F, 0x1E, 0x5F, 0x26, 0x3F, 0x26, 0x3F, 0x26, 0x1F, 0x2E, 0x1F, 0x25, 0xDF, 
    0x25, 0xDF, 0x4E, 0x1F, 0x4A, 0xEE, 0x00, 0x89, 0x00, 0x46, 0x4C, 0x75, 0x25, 0xDF, 0x1D, 0x5F, 
    0x1D, 0x1F, 0x1D, 0x3F, 0x1D, 0x1F, 0x25, 0x5F, 0x25, 0x7F, 0x1D, 0x5F, 0x1D, 0x5F, 0x46, 0x1F, 
    0x53, 0x92, 0x02, 0x09, 0x02, 0x89, 0x00, 0x82, 0x00, 0x00, 0x00, 0x00, 0x00, 0xC3, 0x02, 0xCB, 
    0x09, 0x86, 0x54, 0xB9, 0x24, 0xFF, 0x2C, 0xBF, 0x65, 0x9F, 0x2A, 0x0B, 0x03, 0x2D, 0x02, 0xEB, 
    0x02, 0x8A, 0x03, 0x0B, 0x02, 0x49, 0x3A, 0x8E, 0x45, 0x1F, 0x3C, 0x7F, 0x4D, 0x1F, 0x53, 0x93, 
    0x00, 0xA9, 0x01, 0x6E, 0x18, 0xC5, 0x64, 0x37, 0x44, 0x7F, 0x34, 0x3F, 0x3C, 0x3F, 0x44, 0x3F, 
    0x3C, 0x1F, 0x3B, 0xFF, 0x4C, 0x1F, 0x4C, 0x1F, 0x43, 0xBF, 0x4B, 0xDF, 0x74, 0x5D, 0x39, 0xA9, 
    0x00, 0xED, 0x00, 0xAB, 0x5B, 0x33, 0x5C, 0x1F, 0x5B, 0x9F, 0x8C, 0x5F, 0x5A, 0x8F, 0x02, 0x8C, 
    0x03, 0x4C, 0x02, 0x8A, 0x02, 0xCA, 0x02, 0xCC, 0x31, 0xEB, 0x8C, 0x7F, 0x6B, 0x7F, 0x7B, 0x5F, 
    0x8B, 0x38, 0x0A, 0x2A, 0x03, 0x8D, 0x00, 0xE3, 0x00, 0x00, 0x00, 0x00, 0x00, 0x00, 0x01, 0xC6, 
    0x03, 0x2D, 0x39, 0xCC, 0x93, 0xDF, 0x6A, 0xBF, 0x72, 0xFF, 0x83, 0x5F, 0x8B, 0x7F, 0x83, 0x3F, 
    0x82, 0xDF, 0x82, 0xBF, 0x82, 0xDF, 0x8A, 0xFF, 0x8A, 0xFF, 0x9B, 0x1F, 0x9B, 0x39, 0x20, 0xE7, 
    0x01, 0xB1, 0x02, 0x75, 0x01, 0x0A, 0x51, 0xAC, 0x9B, 0x1E, 0x8A, 0x5F, 0x92, 0x9F, 0x9A, 0xDF, 
    0xA2, 0xDF, 0xA2, 0xDF, 0xA2, 0xDF, 0x9A, 0xBF, 0x9A, 0x5F, 0x9A, 0x1F, 0xAA, 0x9E, 0x51, 0x6B, 
    0x00, 0xAB, 0x01, 0xD6, 0x01, 0x0D, 0x39, 0x29, 0xAB, 0x1C, 0xAA, 0xBF, 0xAA, 0x9F, 0xAA, 0x5F, 
    0xA9, 0xFF, 0xAA, 0x1F, 0xB2, 0x3F, 0xB2, 0x5F, 0xB2, 0x3F, 0xB2, 0x3F, 0xC2, 0xBF, 0x71, 0xEE, 
    0x00, 0x89, 0x09, 0x97, 0x01, 0x0F, 0x28, 0xE8, 0xAA, 0x9B, 0xBA, 0x3F, 0xBA, 0x1F, 0xBA, 0x1F, 
    0xBA, 0x5F, 0xC2, 0x5F, 0xC2, 0x7F, 0xC2, 0x1F, 0xC1, 0xFF, 0xB1, 0xBF, 0xB1, 0xBF, 0xB1, 0x5F, 
    0xC2, 0x3C, 0x20, 0xE8, 0x1A, 0xD3, 0x13, 0x2C, 0x00, 0xC2, 0x00, 0x00, 0x00, 0x00, 0x00, 0x00, 
    0x00, 0x00, 0x00, 0x00, 0x00, 0x00, 0x00, 0x00, 0x00, 0x00, 0x00, 0x00, 0x00, 0x00, 0x00, 0x00, 
    0x00, 0x00, 0x00, 0x00, 0x00, 0x00, 0x00, 0x00, 0x00, 0x00, 0x00, 0x00, 0x00, 0x00, 0x00, 0x00, 
    0x00, 0x00, 0x00, 0x00, 0x00, 0x00, 0x00, 0x00, 0x00, 0x00, 0x00, 0x00, 0x00, 0x00, 0x00, 0x00, 
    0x00, 0x00, 0x00, 0x00, 0x00, 0x00, 0x00, 0x00, 0x00, 0x00, 0x00, 0x00, 0x00, 0x00, 0x00, 0x00, 
    0x00, 0x00, 0x00, 0x00, 0x00, 0x00, 0x00, 0x00, 0x00, 0x00, 0x00, 0x00, 0x00, 0x00, 0x00, 0x00, 
    0x00, 0x00, 0x00, 0x00, 0x00, 0x00, 0x00, 0x00, 0x00, 0x00, 0x00, 0x00, 0x00, 0x00, 0x00, 0x00, 
    0x00, 0x00, 0x00, 0x00, 0x00, 0x00, 0x00, 0x00, 0x00, 0x00, 0x00, 0x00, 0x00, 0x00, 0x00, 0x00, 
    0x00, 0x00, 0x00, 0x00, 0x00, 0x00, 0x00, 0x00, 0x00, 0x00, 0x00, 0x00, 0x00, 0x00, 0x00, 0x00, 
    0x00, 0x00, 0x00, 0x00, 0x00, 0x00, 0x00, 0x00, 0x00, 0x00, 0x00, 0x00, 0x00, 0x00, 0x00, 0x00, 
    0x00, 0x00, 0x00, 0x00, 0x00, 0x00, 0x02, 0x49, 0x02, 0x8A, 0x42, 0xAC, 0x3F, 0xFF, 0x0F, 0xFF, 
    0x0F, 0xFF, 0x37, 0xFF, 0x31, 0xE9, 0x00, 0x05, 0x00, 0x47, 0x00, 0x03, 0x4D, 0x97, 0x0F, 0xFF, 
    0x17, 0xFF, 0x17, 0xFF, 0x5E, 0x59, 0x08, 0x67, 0x01, 0x2D, 0x01, 0x4D, 0x00, 0x47, 0x43, 0xB0, 
    0x27, 0xFF, 0x17, 0xDF, 0x1F, 0xFF, 0x44, 0xB3, 0x00, 0x01, 0x18, 0xA5, 0x3F, 0x1D, 0x0F, 0xFF, 
    0x0F, 0xFF, 0x3F, 0x7E, 0x21, 0xA8, 0x02, 0x8E, 0x03, 0x2C, 0x01, 0xC6, 0x00, 0xA2, 0x00, 0x82, 
    0x01, 0x65, 0x02, 0xAB, 0x19, 0x46, 0x46, 0xDB, 0x07, 0xFF, 0x07, 0xFF, 0x3F, 0xFF, 0x3A, 0x4B, 
    0x01, 0x4B, 0x02, 0x2F, 0x01, 0x8D, 0x31, 0xC9, 0x3F, 0xBF, 0x07, 0xBF, 0x07, 0x9F, 0x07, 0x9F, 
    0x2F, 0x7F, 0x29, 0xA9, 0x01, 0x6E, 0x02, 0x11, 0x01, 0x2C, 0x3A, 0x2A, 0x2F, 0x5F, 0x07, 0x1F, 
    0x07, 0x5F, 0x46, 0xDD, 0x18, 0x63, 0x10, 0xA3, 0x2E, 0x9D, 0x06, 0xFF, 0x0E, 0xDF, 0x0E, 0xBF, 
    0x06, 0x9F, 0x06, 0xBF, 0x0E, 0xBF, 0x0E, 0x9F, 0x0E, 0x9F, 0x0E, 0x7F, 0x06, 0x5F, 0x0E, 0x5F, 
    0x06, 0x3F, 0x2E, 0xDF, 0x3A, 0xAB, 0x00, 0xC9, 0x01, 0xB0, 0x11, 0x08, 0x4D, 0xBA, 0x05, 0xFF, 
    0x05, 0xBF, 0x05, 0x7F, 0x05, 0x7F, 0x05, 0x5F, 0x0D, 0x5F, 0x0D, 0x5F, 0x0D, 0x3F, 0x05, 0x3F, 
    0x0D, 0x3F, 0x0D, 0x3F, 0x4E, 0x3F, 0x32, 0x2B, 0x00, 0x01, 0x3C, 0x35, 0x0D, 0x3F, 0x15, 0x1F, 
    0x1D, 0x3F, 0x15, 0x1F, 0x15, 0x1F, 0x14, 0xDF, 0x0C, 0xBF, 0x0C, 0x9F, 0x04, 0x7F, 0x25, 0x5F, 
    0x4B, 0x51, 0x02, 0x09, 0x02, 0xCB, 0x00, 0xE3, 0x00, 0x00, 0x00, 0x20, 0x01, 0x85, 0x03, 0x2D, 
    0x09, 0x66, 0x4C, 0x57, 0x0C, 0x7F, 0x14, 0x3F, 0x4C, 0xFF, 0x21, 0xA9, 0x02, 0x8D, 0x03, 0x8E, 
    0x03, 0x4D, 0x03, 0xAE, 0x02, 0x2B, 0x3A, 0x6D, 0x34, 0x7F, 0x13, 0x9F, 0x24, 0x3F, 0x43, 0x52, 
    0x00, 0x48, 0x08, 0x66, 0x53, 0xB5, 0x2B, 0xFF, 0x23, 0x7F, 0x2B, 0x9F, 0x2B, 0x9F, 0x23, 0x5F, 
    0x1B, 0x1F, 0x1A, 0xFF, 0x22, 0xFF, 0x22, 0xFF, 0x2B, 0x1F, 0x33, 0x3F, 0x3B, 0x7F, 0x7C, 0xBC, 
    0x21, 0x28, 0x00, 0x07, 0x5A, 0xF2, 0x53, 0xBF, 0x42, 0xFF, 0x6B, 0xBF, 0x52, 0x4E, 0x02, 0x0C, 
    0x03, 0x8F, 0x03, 0x6D, 0x03, 0x8E, 0x02, 0x6D, 0x29, 0x8A, 0x7B, 0xDF, 0x52, 0xDF, 0x6A, 0xFF, 
    0x7B, 0x37, 0x01, 0xEB, 0x0B, 0xF0, 0x01, 0xE7, 0x00, 0x20, 0x00, 0x00, 0x00, 0x20, 0x02, 0x69, 
    0x02, 0xEE, 0x39, 0x8B, 0x83, 0x7F, 0x52, 0x3F, 0x5A, 0x7F, 0x62, 0x7F, 0x62, 0x7F, 0x62, 0x3F, 
    0x59, 0xFF, 0x59, 0xFF, 0x62, 0x3F, 0x6A, 0x5F, 0x6A, 0x3F, 0x69, 0xFF, 0x82, 0x9F, 0x8B, 0x57, 
    0x08, 0x87, 0x00, 0x8F, 0x41, 0x8A, 0x9B, 0x5F, 0x61, 0xBF, 0x69, 0xDF, 0x71, 0xFF, 0x7A, 0x1F, 
    0x71, 0xDF, 0x71, 0xBF, 0x79, 0xDF, 0x79, 0xDF, 0x79, 0x9F, 0x79, 0x9F, 0x81, 0x7F, 0xAB, 0x3F, 
    0x31, 0x49, 0x00, 0x6D, 0x20, 0xE9, 0xAB, 0x3C, 0x89, 0xFF, 0x89, 0xFF, 0x89, 0xBF, 0x89, 0x7F, 
    0x89, 0x7F, 0x89, 0x5F, 0x89, 0x5F, 0x91, 0x7F, 0x91, 0x9F, 0x99, 0x9F, 0x99, 0x7F, 0xCB, 0x1F, 
    0x51, 0xEC, 0x00, 0x4D, 0x18, 0xA9, 0xAA, 0xBB, 0xA1, 0x9F, 0x99, 0x7F, 0xA1, 0x7F, 0xA1, 0x9F, 
    0xA1, 0xBF, 0xA1, 0xBF, 0xA9, 0x9F, 0xA9, 0x5F, 0xA9, 0x3F, 0xB1, 0x9F, 0xB1, 0xBF, 0xB1, 0x5F, 
    0xC2, 0x3C, 0x20, 0xE9, 0x1A, 0xD3, 0x13, 0x2C, 0x00, 0xE3, 0x00, 0x00, 0x00, 0x00, 0x00, 0x00, 
    0x00, 0x00, 0x00, 0x00, 0x00, 0x00, 0x00, 0x00, 0x00, 0x00, 0x00, 0x00, 0x00, 0x00, 0x00, 0x00, 
    0x00, 0x00, 0x00, 0x00, 0x00, 0x00, 0x00, 0x00, 0x00, 0x00, 0x00, 0x00, 0x00, 0x00, 0x00, 0x00, 
    0x00, 0x00, 0x00, 0x00, 0x00, 0x00, 0x00, 0x00, 0x00, 0x00, 0x00, 0x00, 0x00, 0x00, 0x00, 0x00, 
    0x00, 0x00, 0x00, 0x00, 0x00, 0x00, 0x00, 0x00, 0x00, 0x00, 0x00, 0x00, 0x00, 0x00, 0x00, 0x00, 
    0x00, 0x00, 0x00, 0x00, 0x00, 0x00, 0x00, 0x00, 0x00, 0x00, 0x00, 0x00, 0x00, 0x00, 0x00, 0x00, 
    0x00, 0x00, 0x00, 0x00, 0x00, 0x00, 0x00, 0x00, 0x00, 0x00, 0x00, 0x00, 0x00, 0x00, 0x00, 0x00, 
    0x00, 0x00, 0x00, 0x00, 0x00, 0x00, 0x00, 0x00, 0x00, 0x00, 0x00, 0x00, 0x00, 0x00, 0x00, 0x00, 
    0x00, 0x00, 0x00, 0x00, 0x00, 0x00, 0x00, 0x00, 0x00, 0x00, 0x00, 0x00, 0x00, 0x00, 0x00, 0x00, 
    0x00, 0x00, 0x00, 0x00, 0x00, 0x00, 0x00, 0x00, 0x00, 0x00, 0x00, 0x00, 0x00, 0x00, 0x00, 0x00, 
    0x00, 0x00, 0x00, 0x00, 0x00, 0x00, 0x03, 0x2C, 0x01, 0xE8, 0x5C, 0x93, 0x27, 0xFF, 0x17, 0xFF, 
    0x0F, 0xFF, 0x46, 0xFB, 0x10, 0x64, 0x00, 0x26, 0x00, 0x47, 0x00, 0x03, 0x43, 0xD0, 0x2F, 0xFF, 
    0x17, 0xFF, 0x17, 0xFF, 0x4F, 0xBE, 0x29, 0x69, 0x00, 0x6A, 0x01, 0x0C, 0x00, 0x27, 0x43, 0xB0, 
    0x27, 0xFF, 0x17, 0xFF, 0x17, 0xFF, 0x3C, 0xB3, 0x00, 0x02, 0x18, 0xA6, 0x3F, 0x1D, 0x07, 0xFF, 
    0x0F, 0xFF, 0x3F, 0x9E, 0x21, 0xA9, 0x02, 0x8E, 0x03, 0x2C, 0x01, 0xC7, 0x00, 0xC3, 0x00, 0x82, 
    0x01, 0x65, 0x02, 0xEB, 0x01, 0x87, 0x55, 0x15, 0x1F, 0xFF, 0x0F, 0xDF, 0x1F, 0xFF, 0x4C, 0x52, 
    0x00, 0x48, 0x01, 0x70, 0x00, 0x47, 0x3B, 0xF0, 0x1F, 0xFF, 0x0F, 0x9F, 0x0F, 0x7F, 0x07, 0x7F, 
    0x1F, 0xFF, 0x3B, 0xB0, 0x00, 0x49, 0x01, 0x4F, 0x00, 0x26, 0x44, 0x12, 0x0F, 0x5F, 0x07, 0x1F, 
    0x17, 0xBF, 0x45, 0x35, 0x00, 0x03, 0x10, 0xE6, 0x36, 0xBD, 0x06, 0xFF, 0x0E, 0xFF, 0x0E, 0xBF, 
    0x27, 0x3F, 0x2F, 0x3F, 0x2F, 0x3F, 0x27, 0x1F, 0x26, 0xFF, 0x26, 0xFF, 0x0E, 0xBF, 0x06, 0x3F, 
    0x0E, 0x3F, 0x06, 0x7F, 0x45, 0x98, 0x08, 0x87, 0x00, 0xEE, 0x19, 0x48, 0x5E, 0x7D, 0x2E, 0x5F, 
    0x26, 0x1F, 0x1D, 0xFF, 0x25, 0xFF, 0x2E, 0x1F, 0x2E, 0x1F, 0x2E, 0x1F, 0x2E, 0x1F, 0x1D, 0xBF, 
    0x0D, 0x3F, 0x15, 0x5F, 0x15, 0xBF, 0x4C, 0x76, 0x00, 0x00, 0x44, 0x76, 0x2D, 0xBF, 0x25, 0x5F, 
    0x15, 0x1F, 0x15, 0x1F, 0x14, 0xFF, 0x25, 0x5F, 0x35, 0x9F, 0x35, 0x7F, 0x2D, 0x7F, 0x3D, 0xFF, 
    0x4B, 0x51, 0x02, 0x2A, 0x03, 0x0B, 0x01, 0x04, 0x00, 0x20, 0x00, 0x82, 0x01, 0xE7, 0x03, 0x4E, 
    0x09, 0x47, 0x54, 0x77, 0x14, 0x9F, 0x14, 0x5F, 0x45, 0x1F, 0x21, 0xA9, 0x02, 0x2E, 0x03, 0x4F, 
    0x03, 0x6D, 0x03, 0x4F, 0x01, 0xAB, 0x3A, 0x8E, 0x3C, 0xBF, 0x1B, 0xBF, 0x24, 0x3F, 0x43, 0x52, 
    0x00, 0x04, 0x21, 0x49, 0x4C, 0x5F, 0x13, 0x5F, 0x23, 0x9F, 0x33, 0xDF, 0x54, 0x7F, 0x4C, 0x3F, 
    0x3B, 0xDF, 0x3B, 0xBF, 0x3B, 0xBF, 0x43, 0xBF, 0x33, 0x5F, 0x33, 0x3F, 0x3B, 0x5F, 0x54, 0x3F, 
    0x4A, 0xAF, 0x00, 0x00, 0x5B, 0x12, 0x5B, 0xDF, 0x43, 0x1F, 0x6B, 0xDF, 0x52, 0x4E, 0x01, 0x6C, 
    0x03, 0x2F, 0x03, 0x8E, 0x03, 0x4F, 0x02, 0x0E, 0x31, 0x8A, 0x7B, 0xDF, 0x52, 0xDF, 0x6B, 0x3F, 
    0x7B, 0x57, 0x01, 0x8A, 0x0B, 0xD1, 0x02, 0x69, 0x00, 0xA2, 0x00, 0x20, 0x00, 0xA2, 0x02, 0xCA, 
    0x02, 0xAE, 0x31, 0x6A, 0x83, 0x9F, 0x5A, 0x9F, 0x5A, 0x9F, 0x6A, 0x9F, 0x7A, 0xFF, 0x7A, 0xBF, 
    0x7A, 0xBF, 0x7A, 0xBF, 0x82, 0xFF, 0x8A, 0xFF, 0x6A, 0x3F, 0x6A, 0x3F, 0x6A, 0x3F, 0x93, 0x5F, 
    0x39, 0x6A, 0x00, 0x03, 0x82, 0xF3, 0x82, 0x9F, 0x72, 0x3F, 0x72, 0x3F, 0x92, 0xDF, 0x9A, 0xDF, 
    0x92, 0x5F, 0x92, 0x1E, 0x92, 0x3F, 0x9A, 0x7F, 0x92, 0x3F, 0x79, 0xBF, 0x81, 0xFF, 0x9A, 0x7F, 
    0x72, 0x52, 0x00, 0x02, 0x62, 0x10, 0xA2, 0x5F, 0x81, 0xDF, 0x81, 0xBF, 0x91, 0xDF, 0xAA, 0x5F, 
    0xB2, 0x7F, 0xB2, 0x5F, 0xAA, 0x1F, 0xAA, 0x3F, 0xAA, 0x3F, 0x99, 0xBF, 0x99, 0xDF, 0xA9, 0xDF, 
    0x9A, 0x97, 0x00, 0x02, 0x51, 0x6E, 0xBA, 0x3F, 0x99, 0x7F, 0x99, 0x9F, 0xA9, 0xBF, 0xC2, 0x5F, 
    0xC2, 0x7F, 0xC2, 0x5F, 0xC2, 0x3F, 0xB9, 0xFF, 0xB9, 0xFF, 0xB1, 0x9F, 0xB1, 0x9F, 0xB1, 0x3F, 
    0xC2, 0x5C, 0x20, 0xE9, 0x1A, 0xD3, 0x13, 0x4C, 0x01, 0x03, 0x00, 0x00, 0x00, 0x00, 0x00, 0x00, 
    0x00, 0x00, 0x00, 0x00, 0x00, 0x00, 0x00, 0x00, 0x00, 0x00, 0x00, 0x00, 0x00, 0x00, 0x00, 0x00, 
    0x00, 0x00, 0x00, 0x00, 0x00, 0x00, 0x00, 0x00, 0x00, 0x00, 0x00, 0x00, 0x00, 0x00, 0x00, 0x00, 
    0x00, 0x00, 0x00, 0x00, 0x00, 0x00, 0x00, 0x00, 0x00, 0x00, 0x00, 0x00, 0x00, 0x00, 0x00, 0x00, 
    0x00, 0x00, 0x00, 0x00, 0x00, 0x00, 0x00, 0x00, 0x00, 0x00, 0x00, 0x00, 0x00, 0x00, 0x00, 0x00, 
    0x00, 0x00, 0x00, 0x00, 0x00, 0x00, 0x00, 0x00, 0x00, 0x00, 0x00, 0x00, 0x00, 0x00, 0x00, 0x00, 
    0x00, 0x00, 0x00, 0x00, 0x00, 0x00, 0x00, 0x00, 0x00, 0x00, 0x00, 0x00, 0x00, 0x00, 0x00, 0x00, 
    0x00, 0x00, 0x00, 0x00, 0x00, 0x00, 0x00, 0x00, 0x00, 0x00, 0x00, 0x00, 0x00, 0x00, 0x00, 0x00, 
    0x00, 0x00, 0x00, 0x00, 0x00, 0x00, 0x00, 0x00, 0x00, 0x00, 0x00, 0x00, 0x00, 0x00, 0x00, 0x00, 
    0x00, 0x00, 0x00, 0x00, 0x00, 0x00, 0x00, 0x00, 0x00, 0x00, 0x00, 0x00, 0x00, 0x00, 0x00, 0x00, 
    0x00, 0x00, 0x00, 0x00, 0x00, 0xC3, 0x03, 0x2C, 0x19, 0x67, 0x5E, 0x9B, 0x17, 0xFF, 0x17, 0xFF, 
    0x17, 0xFF, 0x4D, 0x54, 0x00, 0x02, 0x00, 0x47, 0x00, 0x67, 0x00, 0x06, 0x29, 0xC9, 0x47, 0xFF, 
    0x17, 0xFF, 0x17, 0xFF, 0x37, 0xFF, 0x43, 0x4E, 0x00, 0x06, 0x00, 0xCC, 0x00, 0x06, 0x43, 0xB0, 
    0x27, 0xFF, 0x17, 0xFF, 0x17, 0xFF, 0x3C, 0xD3, 0x00, 0x02, 0x18, 0xA6, 0x47, 0x1D, 0x0F, 0xFF, 
    0x0F, 0xFF, 0x3F, 0x9E, 0x21, 0xA9, 0x02, 0x8E, 0x03, 0x0C, 0x01, 0xC7, 0x00, 0x82, 0x00, 0x61, 
    0x01, 0x04, 0x02, 0xAA, 0x02, 0x8B, 0x43, 0x0E, 0x2F, 0xFF, 0x0F, 0xDF, 0x0F, 0xFF, 0x4E, 0x59, 
    0x08, 0x66, 0x00, 0xAC, 0x08, 0x65, 0x46, 0x3A, 0x07, 0xDF, 0x0F, 0x9F, 0x07, 0x7F, 0x0F, 0x7F, 
    0x0F, 0xBF, 0x46, 0x19, 0x08, 0x47, 0x00, 0x8C, 0x08, 0x64, 0x3E, 0x1A, 0x07, 0x3F, 0x07, 0x1F, 
    0x27, 0xBF, 0x2A, 0xCC, 0x00, 0x04, 0x18, 0xE6, 0x3E, 0xBD, 0x06, 0xFF, 0x06, 0xFF, 0x36, 0xFE, 
    0x32, 0xED, 0x22, 0x2C, 0x22, 0x4C, 0x22, 0x4B, 0x22, 0x4B, 0x22, 0x09, 0x44, 0x93, 0x1E, 0xBF, 
    0x0E, 0x5F, 0x16, 0x7F, 0x45, 0xB9, 0x08, 0x86, 0x00, 0xCD, 0x00, 0xA7, 0x21, 0xCA, 0x21, 0xA9, 
    0x19, 0x87, 0x19, 0x87, 0x19, 0x88, 0x19, 0x89, 0x19, 0xA9, 0x19, 0x89, 0x19, 0x67, 0x44, 0x13, 
    0x25, 0xDF, 0x0D, 0x3F, 0x15, 0x9F, 0x44, 0x96, 0x00, 0x02, 0x11, 0x28, 0x21, 0xA7, 0x44, 0x96, 
    0x15, 0x5F, 0x15, 0x1F, 0x2D, 0x7F, 0x44, 0x13, 0x21, 0xEA, 0x22, 0x0C, 0x22, 0x0B, 0x2A, 0x0B, 
    0x19, 0x47, 0x02, 0xCC, 0x02, 0x69, 0x00, 0xC3, 0x00, 0x20, 0x00, 0x82, 0x02, 0x08, 0x03, 0x8F, 
    0x09, 0x68, 0x54, 0x98, 0x1C, 0x9F, 0x0C, 0x3F, 0x45, 0x1F, 0x29, 0xCA, 0x01, 0xCF, 0x02, 0xCF, 
    0x02, 0xEE, 0x02, 0xCF, 0x01, 0x4B, 0x3A, 0x8D, 0x3C, 0xBF, 0x1B, 0xBF, 0x2C, 0x5F, 0x4B, 0x73, 
    0x00, 0x01, 0x21, 0x48, 0x3C, 0x5F, 0x1B, 0x9F, 0x23, 0xBF, 0x54, 0x5C, 0x32, 0x0C, 0x21, 0x6A, 
    0x21, 0x6A, 0x21, 0x6A, 0x21, 0x4A, 0x21, 0x68, 0x4B, 0x77, 0x33, 0x9F, 0x33, 0x5F, 0x4B, 0xDF, 
    0x42, 0xB0, 0x00, 0x00, 0x5B, 0x12, 0x53, 0xBF, 0x43, 0x1F, 0x6B, 0xBF, 0x4A, 0x2E, 0x01, 0x2B, 
    0x02, 0xB0, 0x03, 0x0F, 0x02, 0xF0, 0x01, 0xCE, 0x31, 0x8A, 0x7B, 0xFF, 0x52, 0xDF, 0x62, 0xFF, 
    0x73, 0x16, 0x01, 0x29, 0x03, 0xB1, 0x02, 0x89, 0x00, 0xE3, 0x00, 0x61, 0x00, 0xE3, 0x02, 0xEB, 
    0x02, 0x8E, 0x31, 0x4A, 0x83, 0x9F, 0x5A, 0x9F, 0x62, 0xBF, 0x7B, 0x1A, 0x39, 0x4A, 0x39, 0x0C, 
    0x39, 0x2C, 0x39, 0x2D, 0x39, 0x2D, 0x49, 0xAE, 0x82, 0xBC, 0x6A, 0x1F, 0x6A, 0x1F, 0x82, 0xDF, 
    0x39, 0x4A, 0x00, 0x00, 0x72, 0xB4, 0x7A, 0x5F, 0x72, 0x5F, 0x93, 0x3F, 0x62, 0x30, 0x20, 0xA8, 
    0x28, 0xA8, 0x28, 0xA6, 0x28, 0x86, 0x20, 0x86, 0x6A, 0x10, 0x9A, 0x9F, 0x81, 0xDF, 0x92, 0x1F, 
    0x71, 0xF3, 0x00, 0x00, 0x61, 0xF1, 0x9A, 0x5F, 0x79, 0xDF, 0x91, 0xFF, 0x7A, 0x13, 0x28, 0xA6, 
    0x30, 0xC9, 0x28, 0xA8, 0x28, 0xA7, 0x20, 0x66, 0x51, 0x6D, 0xB2, 0x7F, 0x99, 0xBF, 0xA1, 0xBF, 
    0x8A, 0x37, 0x00, 0x00, 0x51, 0x4D, 0xB1, 0xFF, 0x99, 0x9F, 0xA9, 0xDF, 0xA2, 0x99, 0x41, 0x2C, 
    0x41, 0x0D, 0x40, 0xEC, 0x40, 0xEB, 0x38, 0xCA, 0x49, 0x4B, 0xB2, 0x3D, 0xB1, 0x7F, 0xB1, 0x5F, 
    0xC2, 0x5C, 0x20, 0xE9, 0x1A, 0xD3, 0x13, 0x4C, 0x01, 0x03, 0x00, 0x00, 0x00, 0x00, 0x00, 0x00, 
    0x00, 0x00, 0x00, 0x00, 0x00, 0x00, 0x00, 0x00, 0x00, 0x00, 0x00, 0x00, 0x00, 0x00, 0x00, 0x00, 
    0x00, 0x00, 0x00, 0x00, 0x00, 0x00, 0x00, 0x00, 0x00, 0x00, 0x00, 0x00, 0x00, 0x00, 0x00, 0x00, 
    0x00, 0x00, 0x00, 0x00, 0x00, 0x00, 0x00, 0x00, 0x00, 0x00, 0x00, 0x00, 0x00, 0x00, 0x00, 0x00, 
    0x00, 0x00, 0x00, 0x00, 0x00, 0x00, 0x00, 0x00, 0x00, 0x00, 0x00, 0x00, 0x00, 0x00, 0x00, 0x00, 
    0x00, 0x00, 0x00, 0x00, 0x00, 0x00, 0x00, 0x00, 0x00, 0x00, 0x00, 0x00, 0x00, 0x00, 0x00, 0x00, 
    0x00, 0x00, 0x00, 0x00, 0x00, 0x00, 0x00, 0x00, 0x00, 0x00, 0x00, 0x00, 0x00, 0x00, 0x00, 0x00, 
    0x00, 0x00, 0x00, 0x00, 0x00, 0x00, 0x00, 0x00, 0x00, 0x00, 0x00, 0x00, 0x00, 0x00, 0x00, 0x00, 
    0x00, 0x00, 0x00, 0x00, 0x00, 0x00, 0x00, 0x00, 0x00, 0x00, 0x00, 0x00, 0x00, 0x00, 0x00, 0x00, 
    0x00, 0x00, 0x00, 0x00, 0x00, 0x00, 0x00, 0x00, 0x00, 0x00, 0x00, 0x00, 0x00, 0x00, 0x00, 0x00, 
    0x00, 0x00, 0x00, 0x00, 0x01, 0xA6, 0x02, 0x8A, 0x31, 0xE9, 0x4F, 0xDF, 0x0F, 0xFF, 0x17, 0xFF, 
    0x37, 0xFF, 0x43, 0x4D, 0x00, 0x03, 0x00, 0x27, 0x00, 0x47, 0x00, 0x28, 0x08, 0x25, 0x56, 0xDB, 
    0x17, 0xFF, 0x17, 0xFF, 0x17, 0xFF, 0x4D, 0x75, 0x00, 0x03, 0x00, 0x8B, 0x00, 0x05, 0x43, 0xD0, 
    0x27, 0xFF, 0x17, 0xFF, 0x17, 0xFF, 0x44, 0xD3, 0x00, 0x02, 0x18, 0xA6, 0x47, 0x1D, 0x0F, 0xFF, 
    0x0F, 0xFF, 0x3F, 0x9E, 0x21, 0xA9, 0x02, 0x8E, 0x03, 0x0B, 0x01, 0xA6, 0x00, 0x41, 0x00, 0x00, 
    0x00, 0xA2, 0x02, 0x28, 0x03, 0x2D, 0x21, 0xA8, 0x3F, 0x3E, 0x07, 0xFF, 0x0F, 0xDF, 0x47, 0xBE, 
    0x21, 0x68, 0x00, 0x06, 0x29, 0xC9, 0x37, 0xBF, 0x07, 0xBF, 0x0F, 0x9F, 0x27, 0x9F, 0x17, 0x7F, 
    0x0F, 0x9F, 0x3F, 0x9F, 0x21, 0x8A, 0x00, 0x07, 0x29, 0xA9, 0x37, 0x5F, 0x07, 0x3F, 0x07, 0x3F, 
    0x36, 0xDD, 0x18, 0xC5, 0x00, 0x05, 0x18, 0xE5, 0x46, 0xDD, 0x0F, 0x1F, 0x0F, 0x1F, 0x46, 0xFD, 
    0x10, 0xA6, 0x00, 0x08, 0x00, 0x29, 0x00, 0x28, 0x00, 0x08, 0x00, 0x05, 0x29, 0xC8, 0x3F, 0x1F, 
    0x0E, 0x7F, 0x16, 0x7F, 0x3D, 0xB9, 0x08, 0x65, 0x00, 0x8B, 0x00, 0x6B, 0x00, 0x05, 0x08, 0x02, 
    0x10, 0x83, 0x08, 0x82, 0x10, 0x83, 0x10, 0x84, 0x10, 0x83, 0x10, 0x83, 0x10, 0x42, 0x3A, 0xCD, 
    0x2D, 0xFF, 0x15, 0x3F, 0x15, 0x9F, 0x44, 0x76, 0x00, 0x03, 0x00, 0x05, 0x00, 0x00, 0x3B, 0xF3, 
    0x1D, 0x7F, 0x14, 0xFF, 0x2D, 0x9F, 0x32, 0xED, 0x00, 0x05, 0x00, 0xAC, 0x01, 0x2D, 0x01, 0xEB, 
    0x02, 0xEC, 0x02, 0xEB, 0x01, 0x86, 0x00, 0x61, 0x00, 0x00, 0x00, 0x82, 0x02, 0x28, 0x03, 0x90, 
    0x09, 0x89, 0x54, 0x98, 0x14, 0x9F, 0x0C, 0x3F, 0x4D, 0x3F, 0x29, 0xCB, 0x01, 0x6E, 0x02, 0x4F, 
    0x02, 0x8E, 0x02, 0x70, 0x01, 0x0B, 0x3A, 0x8D, 0x34, 0x9F, 0x1B, 0xBF, 0x34, 0x7F, 0x53, 0xB3, 
    0x00, 0x01, 0x21, 0x47, 0x44, 0x7E, 0x1B, 0x9F, 0x2C, 0x1F, 0x5C, 0x17, 0x00, 0x03, 0x00, 0x07, 
    0x00, 0x27, 0x00, 0x48, 0x00, 0x28, 0x00, 0x02, 0x42, 0x8F, 0x43, 0xFF, 0x3B, 0x5F, 0x4B, 0xFF, 
    0x4A, 0xB0, 0x00, 0x00, 0x52, 0xF2, 0x4B, 0x7F, 0x3A, 0xFF, 0x63, 0x7F, 0x4A, 0x2E, 0x00, 0xEB, 
    0x02, 0x70, 0x02, 0xCF, 0x02, 0x90, 0x01, 0x6E, 0x31, 0x8A, 0x73, 0xFF, 0x52, 0xBF, 0x5A, 0xBF, 
    0x6A, 0xF6, 0x01, 0x08, 0x03, 0x91, 0x02, 0xCA, 0x01, 0x04, 0x00, 0x61, 0x01, 0x04, 0x02, 0xEB, 
    0x02, 0x6D, 0x31, 0x4A, 0x83, 0x5F, 0x5A, 0x7F, 0x62, 0xBF, 0x72, 0xF7, 0x00, 0x01, 0x00, 0x28, 
    0x00, 0x49, 0x00, 0x4A, 0x00, 0x2A, 0x00, 0x02, 0x72, 0x96, 0x6A, 0x3F, 0x62, 0x1F, 0x82, 0xDF, 
    0x39, 0x4A, 0x00, 0x00, 0x72, 0xB4, 0x7A, 0x3F, 0x6A, 0x3F, 0x93, 0x5F, 0x41, 0x8A, 0x08, 0x63, 
    0x10, 0x83, 0x10, 0x62, 0x10, 0x62, 0x08, 0x41, 0x49, 0xAC, 0xA3, 0x1F, 0x79, 0xDF, 0x89, 0xFF, 
    0x69, 0xD2, 0x00, 0x00, 0x6A, 0x11, 0x9A, 0x9F, 0x79, 0xBF, 0x9A, 0x3F, 0x59, 0xCE, 0x08, 0x41, 
    0x10, 0x84, 0x10, 0x83, 0x10, 0x62, 0x08, 0x41, 0x31, 0x27, 0xB2, 0xDF, 0x99, 0xBF, 0xA1, 0xBF, 
    0x8A, 0x17, 0x00, 0x00, 0x49, 0x2C, 0xB1, 0xFF, 0x99, 0x7F, 0xBA, 0x3F, 0x7A, 0x32, 0x00, 0x04, 
    0x00, 0x49, 0x00, 0x48, 0x00, 0x27, 0x00, 0x05, 0x08, 0x63, 0xAA, 0x5C, 0xB1, 0x7F, 0xB1, 0x7F, 
    0xC2, 0x7C, 0x20, 0xE9, 0x12, 0xD3, 0x13, 0x4C, 0x00, 0xE3, 0x00, 0x00, 0x00, 0x00, 0x00, 0x00, 
    0x00, 0x00, 0x00, 0x00, 0x00, 0x00, 0x00, 0x00, 0x00, 0x00, 0x00, 0x00, 0x00, 0x00, 0x00, 0x00, 
    0x00, 0x00, 0x00, 0x00, 0x00, 0x00, 0x00, 0x00, 0x00, 0x00, 0x00, 0x00, 0x00, 0x00, 0x00, 0x00, 
    0x00, 0x00, 0x00, 0x00, 0x00, 0x00, 0x00, 0x00, 0x00, 0x00, 0x00, 0x00, 0x00, 0x00, 0x00, 0x00, 
    0x00, 0x00, 0x00, 0x00, 0x00, 0x00, 0x00, 0x00, 0x00, 0x00, 0x00, 0x00, 0x00, 0x00, 0x00, 0x00, 
    0x00, 0x00, 0x00, 0x00, 0x00, 0x00, 0x00, 0x00, 0x00, 0x00, 0x00, 0x00, 0x00, 0x00, 0x00, 0x00, 
    0x00, 0x00, 0x00, 0x00, 0x00, 0x00, 0x00, 0x00, 0x00, 0x00, 0x00, 0x00, 0x00, 0x00, 0x00, 0x00, 
    0x00, 0x00, 0x00, 0x00, 0x00, 0x00, 0x00, 0x00, 0x00, 0x00, 0x00, 0x00, 0x00, 0x00, 0x00, 0x00, 
    0x00, 0x00, 0x00, 0x00, 0x00, 0x00, 0x00, 0x00, 0x00, 0x00, 0x00, 0x00, 0x00, 0x00, 0x00, 0x00, 
    0x00, 0x00, 0x00, 0x00, 0x00, 0x00, 0x00, 0x00, 0x00, 0x00, 0x00, 0x00, 0x00, 0x00, 0x00, 0x00, 
    0x00, 0x00, 0x00, 0x20, 0x02, 0x69, 0x01, 0xC7, 0x4B, 0x6F, 0x2F, 0xFF, 0x17, 0xFF, 0x17, 0xFF, 
    0x57, 0xDF, 0x4A, 0x09, 0x18, 0x84, 0x18, 0x85, 0x18, 0x84, 0x18, 0xA6, 0x20, 0x84, 0x65, 0x56, 
    0x1F, 0xFF, 0x17, 0xFF, 0x07, 0xFF, 0x3F, 0x3C, 0x10, 0xA5, 0x00, 0x4A, 0x00, 0x06, 0x4B, 0xD0, 
    0x27, 0xFF, 0x17, 0xDF, 0x17, 0xFF, 0x3C, 0xB3, 0x00, 0x02, 0x18, 0xA6, 0x47, 0x1D, 0x0F, 0xFF, 
    0x0F, 0xFF, 0x3F, 0x7E, 0x21, 0xA8, 0x02, 0x8D, 0x03, 0x0B, 0x01, 0x86, 0x00, 0x00, 0x00, 0x00, 
    0x00, 0x20, 0x01, 0xA6, 0x03, 0x2C, 0x09, 0x46, 0x4D, 0x77, 0x07, 0xFF, 0x0F, 0xDF, 0x2F, 0xFF, 
    0x3B, 0x2E, 0x00, 0x01, 0x4C, 0x32, 0x27, 0xFF, 0x0F, 0xBF, 0x27, 0x7F, 0x65, 0x17, 0x37, 0x7F, 
    0x07, 0x9F, 0x2F, 0xFF, 0x43, 0xD1, 0x00, 0x00, 0x43, 0x70, 0x27, 0xBF, 0x0F, 0x5F, 0x0F, 0x7F, 
    0x45, 0x36, 0x00, 0x02, 0x00, 0x07, 0x18, 0xE5, 0x4E, 0xDD, 0x0F, 0x1F, 0x0E, 0xFF, 0x46, 0xDD, 
    0x19, 0x07, 0x00, 0x8B, 0x01, 0x0C, 0x01, 0x2C, 0x01, 0x0C, 0x00, 0x4A, 0x32, 0x2A, 0x3E, 0xFF, 
    0x0E, 0x7F, 0x16, 0x7F, 0x3D, 0xB9, 0x08, 0x44, 0x00, 0x48, 0x00, 0x03, 0x3A, 0x8C, 0x4D, 0xBB, 
    0x35, 0xDD, 0x35, 0xBD, 0x3D, 0xDD, 0x35, 0xDD, 0x35, 0x9C, 0x35, 0xBC, 0x45, 0xDD, 0x3D, 0xBE, 
    0x1D, 0x5F, 0x15, 0x5F, 0x15, 0x9F, 0x3C, 0x75, 0x00, 0x03, 0x00, 0x08, 0x00, 0x03, 0x44, 0x34, 
    0x1D, 0x7F, 0x14, 0xDF, 0x25, 0x7F, 0x33, 0x0E, 0x00, 0x49, 0x01, 0x6F, 0x02, 0x4F, 0x03, 0x2E, 
    0x03, 0x0B, 0x02, 0x08, 0x01, 0x04, 0x00, 0x20, 0x00, 0x00, 0x00, 0x61, 0x02, 0x48, 0x03, 0x90, 
    0x09, 0x68, 0x54, 0x78, 0x14, 0x9F, 0x14, 0x3F, 0x4D, 0x5F, 0x29, 0xCA, 0x01, 0x0D, 0x01, 0xEE, 
    0x02, 0x2F, 0x02, 0x10, 0x00, 0xCA, 0x32, 0x8D, 0x34, 0x7F, 0x1B, 0xBF, 0x34, 0x5F, 0x4B, 0x93, 
    0x00, 0x02, 0x21, 0x68, 0x4C, 0xBE, 0x23, 0x9F, 0x23, 0xDF, 0x53, 0xD7, 0x08, 0x44, 0x00, 0x8B, 
    0x00, 0xEC, 0x01, 0x0C, 0x00, 0xCC, 0x00, 0x06, 0x4A, 0xD0, 0x4C, 0x1F, 0x3B, 0x7F, 0x54, 0x1F, 
    0x4A, 0xB0, 0x00, 0x00, 0x4A, 0xD1, 0x4B, 0x5F, 0x3A, 0xDF, 0x63, 0x7F, 0x4A, 0x2E, 0x00, 0xCB, 
    0x02, 0x11, 0x02, 0x4F, 0x02, 0x30, 0x01, 0x4E, 0x31, 0x8A, 0x73, 0xBF, 0x4A, 0x9F, 0x5A, 0xBF, 
    0x6A, 0xD6, 0x01, 0x08, 0x03, 0x71, 0x02, 0xCA, 0x01, 0x24, 0x00, 0x82, 0x01, 0x03, 0x02, 0xEB, 
    0x02, 0x6D, 0x31, 0x6A, 0x83, 0x5F, 0x5A, 0x5F, 0x62, 0xBF, 0x7A, 0xF7, 0x00, 0x44, 0x00, 0xAD, 
    0x00, 0xEE, 0x00, 0xEE, 0x00, 0xCE, 0x00, 0x45, 0x7A, 0x96, 0x72, 0x3F, 0x62, 0x1F, 0x8A, 0xFF, 
    0x39, 0x4B, 0x00, 0x01, 0x72, 0xB4, 0x7A, 0x3F, 0x6A, 0x1F, 0x7A, 0x7F, 0x92, 0xFD, 0x9A, 0xFD, 
    0x92, 0xBC, 0x92, 0x7C, 0x92, 0x5C, 0x92, 0xBC, 0x9A, 0xDD, 0x82, 0x1F, 0x79, 0xDF, 0x89, 0xFF, 
    0x69, 0xF2, 0x00, 0x00, 0x6A, 0x52, 0xA2, 0xBF, 0x81, 0xDF, 0x81, 0xBF, 0x9A, 0x5E, 0xA2, 0x9C, 
    0xA2, 0x9D, 0xA2, 0x5C, 0xA2, 0x3C, 0xA2, 0x5C, 0xAA, 0x9D, 0xA2, 0x1F, 0x99, 0xBF, 0xA1, 0x9F, 
    0x8A, 0x17, 0x00, 0x00, 0x49, 0x4D, 0xB2, 0x1F, 0x99, 0x7F, 0xB2, 0x1F, 0x7A, 0x13, 0x00, 0x27, 
    0x00, 0x8C, 0x00, 0xAB, 0x00, 0x8A, 0x00, 0x4A, 0x18, 0xA6, 0xB2, 0x3C, 0xB1, 0x3F, 0xB1, 0x7F, 
    0xC2, 0x5C, 0x20, 0xEA, 0x12, 0xD3, 0x13, 0x4C, 0x01, 0x03, 0x00, 0x00, 0x00, 0x00, 0x00, 0x00, 
    0x00, 0x00, 0x00, 0x00, 0x00, 0x00, 0x00, 0x00, 0x00, 0x00, 0x00, 0x00, 0x00, 0x00, 0x00, 0x00, 
    0x00, 0x00, 0x00, 0x00, 0x00, 0x00, 0x00, 0x00, 0x00, 0x00, 0x00, 0x00, 0x00, 0x00, 0x00, 0x00, 
    0x00, 0x00, 0x00, 0x00, 0x00, 0x00, 0x00, 0x00, 0x00, 0x00, 0x00, 0x00, 0x00, 0x00, 0x00, 0x00, 
    0x00, 0x00, 0x00, 0x00, 0x00, 0x00, 0x00, 0x00, 0x00, 0x00, 0x00, 0x00, 0x00, 0x00, 0x00, 0x00, 
    0x00, 0x00, 0x00, 0x00, 0x00, 0x00, 0x00, 0x00, 0x00, 0x00, 0x00, 0x00, 0x00, 0x00, 0x00, 0x00, 
    0x00, 0x00, 0x00, 0x00, 0x00, 0x00, 0x00, 0x00, 0x00, 0x00, 0x00, 0x00, 0x00, 0x00, 0x00, 0x00, 
    0x00, 0x00, 0x00, 0x00, 0x00, 0x00, 0x00, 0x00, 0x00, 0x00, 0x00, 0x00, 0x00, 0x00, 0x00, 0x00, 
    0x00, 0x00, 0x00, 0x00, 0x00, 0x00, 0x00, 0x00, 0x00, 0x00, 0x00, 0x00, 0x00, 0x00, 0x00, 0x00, 
    0x00, 0x00, 0x00, 0x00, 0x00, 0x00, 0x00, 0x00, 0x00, 0x00, 0x00, 0x00, 0x00, 0x00, 0x00, 0x00, 
    0x00, 0x00, 0x00, 0xA2, 0x02, 0xCB, 0x09, 0x25, 0x55, 0x77, 0x0F, 0xFF, 0x17, 0xDF, 0x17, 0xDF, 
    0x2F, 0xDF, 0x5F, 0x1C, 0x57, 0x3C, 0x4F, 0x1C, 0x47, 0x1C, 0x57, 0x3C, 0x5F, 0x3D, 0x47, 0x7E, 
    0x0F, 0xDF, 0x17, 0xDF, 0x0F, 0xDF, 0x2F, 0xFF, 0x32, 0x6B, 0x00, 0x08, 0x00, 0x06, 0x4B, 0xD0, 
    0x27, 0xFF, 0x0F, 0xDF, 0x17, 0xFF, 0x3C, 0xB4, 0x00, 0x02, 0x18, 0xA6, 0x47, 0x1D, 0x0F, 0xFF, 
    0x0F, 0xFF, 0x3F, 0x7E, 0x21, 0xA9, 0x02, 0x8D, 0x03, 0x0B, 0x01, 0x45, 0x00, 0x00, 0x00, 0x00, 
    0x00, 0x00, 0x01, 0x24, 0x02, 0xCB, 0x01, 0xC8, 0x3B, 0x6F, 0x27, 0xFF, 0x0F, 0xDF, 0x17, 0xFF, 
    0x3D, 0x15, 0x08, 0x00, 0x4E, 0x5A, 0x0F, 0xFF, 0x0F, 0xFF, 0x36, 0x9B, 0x29, 0x06, 0x3E, 0xDC, 
    0x07, 0xBF, 0x07, 0xBF, 0x45, 0xF9, 0x08, 0x00, 0x45, 0x16, 0x0F, 0x9F, 0x0F, 0x5F, 0x27, 0xBF, 
    0x3B, 0x2D, 0x00, 0x04, 0x00, 0x28, 0x18, 0xE5, 0x46, 0xDD, 0x0F, 0x1F, 0x06, 0xFF, 0x3E, 0xBD, 
    0x19, 0x07, 0x00, 0xEC, 0x01, 0x8D, 0x01, 0xCD, 0x01, 0xAD, 0x00, 0xEB, 0x32, 0x0A, 0x36, 0xDF, 
    0x0E, 0x5F, 0x16, 0x7F, 0x3D, 0xB9, 0x08, 0x44, 0x00, 0x04, 0x32, 0x6A, 0x3E, 0x9F, 0x0E, 0x1F, 
    0x0D, 0xDF, 0x0D, 0xBF, 0x05, 0xBF, 0x05, 0x9F, 0x05, 0x7F, 0x05, 0x7F, 0x05, 0x5F, 0x05, 0x3F, 
    0x15, 0x3F, 0x15, 0x5F, 0x1D, 0xBF, 0x3C, 0x75, 0x00, 0x02, 0x00, 0x29, 0x00, 0x04, 0x44, 0x34, 
    0x25, 0x7F, 0x14, 0xDF, 0x25, 0x7F, 0x33, 0x0F, 0x00, 0x6A, 0x01, 0xAF, 0x02, 0x8E, 0x03, 0x4E, 
    0x02, 0xEB, 0x01, 0xA6, 0x00, 0xA2, 0x00, 0x00, 0x00, 0x00, 0x00, 0x41, 0x02, 0x28, 0x03, 0x8F, 
    0x09, 0x47, 0x54, 0x77, 0x14, 0x7F, 0x14, 0x5F, 0x4D, 0x5F, 0x29, 0xA9, 0x00, 0xCC, 0x01, 0x8F, 
    0x01, 0xCF, 0x01, 0x90, 0x00, 0x89, 0x3A, 0x8D, 0x34, 0x7F, 0x1B, 0x9F, 0x2C, 0x3F, 0x4B, 0x93, 
    0x00, 0x02, 0x29, 0x69, 0x54, 0xBF, 0x1B, 0x9F, 0x1B, 0x9F, 0x53, 0xB6, 0x08, 0x44, 0x00, 0xCD, 
    0x01, 0x2D, 0x01, 0x2C, 0x01, 0x0D, 0x00, 0x08, 0x4A, 0xD0, 0x4C, 0x1F, 0x3B, 0x5F, 0x4B, 0xDF, 
    0x42, 0x8F, 0x00, 0x00, 0x4A, 0xB1, 0x4B, 0x5F, 0x3A, 0xDF, 0x63, 0x9F, 0x52, 0x4E, 0x00, 0xAC, 
    0x01, 0xB1, 0x01, 0xEF, 0x01, 0xD0, 0x01, 0x0E, 0x29, 0x6A, 0x73, 0x9F, 0x4A, 0x9F, 0x5A, 0xBF, 
    0x72, 0xF7, 0x01, 0x09, 0x03, 0x71, 0x02, 0xCA, 0x01, 0x04, 0x00, 0x82, 0x01, 0x03, 0x03, 0x0B, 
    0x02, 0x8E, 0x31, 0x6A, 0x83, 0x3F, 0x5A, 0x5F, 0x6A, 0xBF, 0x7A, 0xF7, 0x00, 0x86, 0x01, 0x0F, 
    0x01, 0x6F, 0x01, 0x6E, 0x01, 0x2F, 0x00, 0x86, 0x7A, 0xB6, 0x7A, 0x7F, 0x62, 0x1F, 0x8A, 0xDF, 
    0x39, 0x4B, 0x00, 0x01, 0x7A, 0xD4, 0x7A, 0x5F, 0x6A, 0x1F, 0x72, 0x1F, 0x71, 0xFF, 0x79, 0xDF, 
    0x71, 0x9F, 0x71, 0x7F, 0x79, 0x9F, 0x81, 0xDF, 0x79, 0xBF, 0x79, 0xBF, 0x79, 0x9F, 0x89, 0xBF, 
    0x6A, 0x12, 0x00, 0x00, 0x6A, 0x72, 0xA2, 0xBF, 0x81, 0xDF, 0x81, 0xDF, 0x89, 0xDF, 0x89, 0xBF, 
    0x89, 0x5F, 0x89, 0x3F, 0x89, 0x7F, 0x91, 0xBF, 0x91, 0x9F, 0x91, 0x7F, 0x91, 0x7F, 0x99, 0x5F, 
    0x8A, 0x17, 0x00, 0x00, 0x51, 0x6E, 0xB2, 0x5F, 0x99, 0x7F, 0xB1, 0xFF, 0x79, 0xF2, 0x00, 0x27, 
    0x00, 0xAC, 0x00, 0xCB, 0x00, 0xCB, 0x00, 0x6B, 0x18, 0xA7, 0xB2, 0x3C, 0xB1, 0x1F, 0xB1, 0x5F, 
    0xC2, 0x5C, 0x20, 0xEA, 0x1A, 0xD3, 0x13, 0x4C, 0x01, 0x03, 0x00, 0x00, 0x00, 0x00, 0x00, 0x00, 
    0x00, 0x00, 0x00, 0x00, 0x00, 0x00, 0x00, 0x00, 0x00, 0x00, 0x00, 0x00, 0x00, 0x00, 0x00, 0x00, 
    0x00, 0x00, 0x00, 0x00, 0x00, 0x00, 0x00, 0x00, 0x00, 0x00, 0x00, 0x00, 0x00, 0x00, 0x00, 0x00, 
    0x00, 0x00, 0x00, 0x00, 0x00, 0x00, 0x00, 0x00, 0x00, 0x00, 0x00, 0x00, 0x00, 0x00, 0x00, 0x00, 
    0x00, 0x00, 0x00, 0x00, 0x00, 0x00, 0x00, 0x00, 0x00, 0x00, 0x00, 0x00, 0x00, 0x00, 0x00, 0x00, 
    0x00, 0x00, 0x00, 0x00, 0x00, 0x00, 0x00, 0x00, 0x00, 0x00, 0x00, 0x00, 0x00, 0x00, 0x00, 0x00, 
    0x00, 0x00, 0x00, 0x00, 0x00, 0x00, 0x00, 0x00, 0x00, 0x00, 0x00, 0x00, 0x00, 0x00, 0x00, 0x00, 
    0x00, 0x00, 0x00, 0x00, 0x00, 0x00, 0x00, 0x00, 0x00, 0x00, 0x00, 0x00, 0x00, 0x00, 0x00, 0x00, 
    0x00, 0x00, 0x00, 0x00, 0x00, 0x00, 0x00, 0x00, 0x00, 0x00, 0x00, 0x00, 0x00, 0x00, 0x00, 0x00, 
    0x00, 0x00, 0x00, 0x00, 0x00, 0x00, 0x00, 0x00, 0x00, 0x00, 0x00, 0x00, 0x00, 0x00, 0x00, 0x00, 
    0x00, 0x00, 0x01, 0x04, 0x02, 0xAA, 0x21, 0x86, 0x47, 0x1D, 0x07, 0xFF, 0x17, 0xDF, 0x17, 0xDF, 
    0x0F, 0xDF, 0x0F, 0xFF, 0x17, 0xFF, 0x0F, 0xFF, 0x0F, 0xFF, 0x0F, 0xFF, 0x07, 0xFF, 0x07, 0xFF, 
    0x0F, 0xDF, 0x17, 0xDF, 0x17, 0xDF, 0x1F, 0xFF, 0x4C, 0x92, 0x00, 0x05, 0x00, 0x05, 0x43, 0xB0, 
    0x27, 0xFF, 0x0F, 0xDF, 0x17, 0xFF, 0x44, 0xD4, 0x00, 0x02, 0x18, 0xA6, 0x47, 0x1D, 0x0F, 0xFF, 
    0x0F, 0xFF, 0x3F, 0x9E, 0x21, 0xA9, 0x02, 0xAD, 0x02, 0xCB, 0x01, 0x24, 0x00, 0x00, 0x00, 0x00, 
    0x00, 0x00, 0x00, 0x82, 0x02, 0x48, 0x02, 0xCB, 0x21, 0xC9, 0x3F, 0x9E, 0x0F, 0xFF, 0x07, 0xFF, 
    0x36, 0x7A, 0x39, 0xE9, 0x27, 0x7F, 0x07, 0xDF, 0x0F, 0xFF, 0x3C, 0xB3, 0x00, 0x00, 0x3C, 0xF4, 
    0x0F, 0xFF, 0x07, 0x7F, 0x37, 0x3E, 0x39, 0xC8, 0x2E, 0x5C, 0x07, 0x5F, 0x0F, 0x5F, 0x47, 0x5E, 
    0x21, 0x47, 0x00, 0x49, 0x00, 0x69, 0x18, 0xE5, 0x3E, 0xBD, 0x06, 0xFF, 0x06, 0xFF, 0x3E, 0xBD, 
    0x19, 0x27, 0x01, 0x6D, 0x02, 0x4D, 0x02, 0x6D, 0x02, 0x4E, 0x01, 0x4B, 0x2A, 0x0A, 0x2E, 0xDF, 
    0x0E, 0x5F, 0x0E, 0x7F, 0x35, 0xB9, 0x08, 0x23, 0x08, 0x23, 0x45, 0x99, 0x06, 0x3F, 0x15, 0xDF, 
    0x15, 0xDF, 0x2E, 0x3F, 0x2E, 0x1E, 0x2E, 0x1E, 0x2E, 0x1E, 0x25, 0xDE, 0x25, 0xBE, 0x2D, 0x9E, 
    0x0D, 0x5F, 0x15, 0x5F, 0x1D, 0xBF, 0x3C, 0x96, 0x00, 0x04, 0x00, 0x4A, 0x00, 0x04, 0x3C, 0x34, 
    0x1D, 0x7F, 0x14, 0xFF, 0x35, 0xBF, 0x3B, 0x2F, 0x00, 0x6A, 0x01, 0xAF, 0x02, 0x6F, 0x03, 0x4E, 
    0x02, 0xEB, 0x01, 0xA6, 0x00, 0x82, 0x00, 0x00, 0x00, 0x00, 0x00, 0x41, 0x02, 0x28, 0x03, 0x8F, 
    0x09, 0x47, 0x4C, 0x77, 0x14, 0x7F, 0x14, 0x3F, 0x55, 0x5F, 0x29, 0x89, 0x00, 0xAD, 0x01, 0x50, 
    0x01, 0x50, 0x01, 0x0F, 0x00, 0x28, 0x3A, 0xAD, 0x3C, 0x9F, 0x1B, 0x9F, 0x24, 0x1F, 0x4B, 0x94, 
    0x00, 0x02, 0x29, 0x68, 0x4C, 0x9F, 0x1B, 0x7F, 0x23, 0xBF, 0x5B, 0xD7, 0x08, 0x65, 0x00, 0xCD, 
    0x01, 0x2D, 0x01, 0x2D, 0x01, 0x0D, 0x00, 0x07, 0x42, 0xB0, 0x4B, 0xDF, 0x33, 0x1F, 0x43, 0x9F, 
    0x42, 0x6F, 0x00, 0x00, 0x4A, 0xD1, 0x4B, 0x7F, 0x42, 0xDF, 0x6B, 0xDF, 0x52, 0x6E, 0x00, 0x8B, 
    0x01, 0x50, 0x01, 0x6F, 0x01, 0x4F, 0x00, 0xAC, 0x29, 0x69, 0x73, 0xBF, 0x4A, 0x9F, 0x62, 0xFF, 
    0x7B, 0x37, 0x01, 0x29, 0x03, 0x71, 0x02, 0xCA, 0x01, 0x24, 0x00, 0x82, 0x01, 0x03, 0x03, 0x0B, 
    0x02, 0xAF, 0x31, 0x6B, 0x83, 0x3F, 0x5A, 0x5F, 0x6A, 0x9F, 0x7A, 0xF7, 0x00, 0xA7, 0x01, 0x91, 
    0x01, 0xEF, 0x01, 0xEE, 0x01, 0xB0, 0x00, 0xA7, 0x82, 0xD6, 0x7A, 0x7F, 0x61, 0xFF, 0x82, 0xBF, 
    0x39, 0x4A, 0x00, 0x01, 0x7A, 0xD5, 0x82, 0x9F, 0x72, 0x3F, 0x72, 0x1F, 0x8A, 0x3F, 0x8A, 0x5F, 
    0x8A, 0x3F, 0x92, 0x5F, 0x9A, 0x9F, 0x9A, 0x9F, 0x9A, 0x7F, 0x92, 0x1F, 0x91, 0xDF, 0xB2, 0x5F, 
    0x72, 0x33, 0x00, 0x01, 0x6A, 0x32, 0x9A, 0x5F, 0x81, 0xBF, 0x89, 0xFF, 0x9A, 0x5F, 0xA2, 0x7F, 
    0x99, 0xFF, 0xA1, 0xFF, 0xAA, 0x3F, 0xAA, 0x5F, 0xAA, 0x3F, 0xA9, 0xFF, 0xA9, 0xDF, 0xB9, 0xDF, 
    0x92, 0x37, 0x00, 0x00, 0x51, 0x8E, 0xBA, 0x7F, 0x99, 0x7F, 0xB1, 0xBF, 0x79, 0xD1, 0x00, 0x25, 
    0x00, 0xAC, 0x00, 0xCB, 0x00, 0xCC, 0x00, 0x8C, 0x18, 0xA7, 0xB2, 0x3C, 0xB1, 0x1F, 0xB9, 0x5F, 
    0xC2, 0x5C, 0x18, 0xC9, 0x12, 0xD2, 0x13, 0x2C, 0x00, 0xE3, 0x00, 0x00, 0x00, 0x00, 0x00, 0x00, 
    0x00, 0x00, 0x00, 0x00, 0x00, 0x00, 0x00, 0x00, 0x00, 0x00, 0x00, 0x00, 0x00, 0x00, 0x00, 0x00, 
    0x00, 0x00, 0x00, 0x00, 0x00, 0x00, 0x00, 0x00, 0x00, 0x00, 0x00, 0x00, 0x00, 0x00, 0x00, 0x00, 
    0x00, 0x00, 0x00, 0x00, 0x00, 0x00, 0x00, 0x00, 0x00, 0x00, 0x00, 0x00, 0x00, 0x00, 0x00, 0x00, 
    0x00, 0x00, 0x00, 0x00, 0x00, 0x00, 0x00, 0x00, 0x00, 0x00, 0x00, 0x00, 0x00, 0x00, 0x00, 0x00, 
    0x00, 0x00, 0x00, 0x00, 0x00, 0x00, 0x00, 0x00, 0x00, 0x00, 0x00, 0x00, 0x00, 0x00, 0x00, 0x00, 
    0x00, 0x00, 0x00, 0x00, 0x00, 0x00, 0x00, 0x00, 0x00, 0x00, 0x00, 0x00, 0x00, 0x00, 0x00, 0x00, 
    0x00, 0x00, 0x00, 0x00, 0x00, 0x00, 0x00, 0x00, 0x00, 0x00, 0x00, 0x00, 0x00, 0x00, 0x00, 0x00, 
    0x00, 0x00, 0x00, 0x00, 0x00, 0x00, 0x00, 0x00, 0x00, 0x00, 0x00, 0x00, 0x00, 0x00, 0x00, 0x00, 
    0x00, 0x00, 0x00, 0x00, 0x00, 0x00, 0x00, 0x00, 0x00, 0x00, 0x00, 0x00, 0x00, 0x00, 0x00, 0x00, 
    0x00, 0x00, 0x02, 0x07, 0x02, 0x09, 0x42, 0xAC, 0x2F, 0xFF, 0x0F, 0xFF, 0x17, 0xDF, 0x07, 0xDF, 
    0x07, 0xFF, 0x07, 0xFF, 0x0F, 0xFF, 0x17, 0xFF, 0x17, 0xFF, 0x0F, 0xFF, 0x07, 0xFF, 0x07, 0xFF, 
    0x07, 0xFF, 0x0F, 0xDF, 0x17, 0xDF, 0x17, 0xFF, 0x4E, 0x7A, 0x08, 0x25, 0x00, 0x03, 0x43, 0xAF, 
    0x1F, 0xFF, 0x0F, 0xFF, 0x1F, 0xFF, 0x44, 0xD4, 0x00, 0x02, 0x18, 0xA5, 0x3F, 0x1D, 0x07, 0xFF, 
    0x0F, 0xFF, 0x47, 0x9E, 0x29, 0xC9, 0x02, 0xAD, 0x02, 0xAA, 0x01, 0x03, 0x00, 0x00, 0x00, 0x00, 
    0x00, 0x00, 0x00, 0x00, 0x01, 0xA6, 0x03, 0x4D, 0x09, 0x48, 0x4D, 0xF8, 0x0F, 0xFF, 0x07, 0xDF, 
    0x2F, 0x5E, 0x55, 0xD9, 0x0F, 0x9F, 0x07, 0x9F, 0x27, 0xDF, 0x2A, 0x2A, 0x00, 0x00, 0x32, 0x6B, 
    0x37, 0xDF, 0x07, 0x7F, 0x17, 0x7F, 0x55, 0xD9, 0x1E, 0xFE, 0x07, 0x3F, 0x17, 0x9F, 0x55, 0xB8, 
    0x00, 0x25, 0x00, 0xCC, 0x00, 0xAB, 0x19, 0x06, 0x3E, 0xBD, 0x06, 0xFF, 0x0E, 0xFF, 0x3E, 0xBD, 
    0x19, 0x26, 0x01, 0xCE, 0x02, 0xCE, 0x03, 0x0D, 0x02, 0xEE, 0x01, 0x6B, 0x2A, 0x09, 0x36, 0xDF, 
    0x0E, 0x5F, 0x0E, 0x7F, 0x3D, 0xB9, 0x08, 0x23, 0x08, 0x44, 0x45, 0xBA, 0x0E, 0x1F, 0x05, 0xDF, 
    0x2E, 0x1E, 0x2A, 0x29, 0x11, 0x06, 0x19, 0x48, 0x19, 0x28, 0x11, 0x06, 0x10, 0xE3, 0x32, 0xCD, 
    0x25, 0xFF, 0x0D, 0x5F, 0x15, 0x9F, 0x3C, 0x96, 0x00, 0x05, 0x00, 0x6B, 0x00, 0x03, 0x3C, 0x13, 
    0x1D, 0x7F, 0x1C, 0xFF, 0x35, 0xDF, 0x3B, 0x0E, 0x00, 0x07, 0x01, 0x2D, 0x01, 0xCD, 0x02, 0xAD, 
    0x03, 0x6D, 0x02, 0x69, 0x00, 0xA3, 0x00, 0x00, 0x00, 0x00, 0x00, 0x41, 0x01, 0xE7, 0x03, 0x6E, 
    0x09, 0x47, 0x54, 0x78, 0x14, 0x7F, 0x0C, 0x1F, 0x45, 0x1F, 0x31, 0xC9, 0x00, 0x06, 0x00, 0x69, 
    0x00, 0x68, 0x00, 0x46, 0x00, 0x02, 0x42, 0xAD, 0x44, 0xBF, 0x1B, 0xBF, 0x2C, 0x1F, 0x4B, 0x93, 
    0x00, 0x01, 0x21, 0x47, 0x44, 0x5F, 0x1B, 0x7F, 0x33, 0xFF, 0x64, 0x16, 0x00, 0x04, 0x00, 0x6B, 
    0x00, 0xAB, 0x00, 0xCC, 0x00, 0x8C, 0x00, 0x04, 0x42, 0x8E, 0x43, 0xDF, 0x33, 0x1F, 0x43, 0x9F, 
    0x42, 0x6F, 0x00, 0x00, 0x52, 0xF2, 0x53, 0x9F, 0x42, 0xFF, 0x6B, 0xDF, 0x4A, 0x4D, 0x00, 0x08, 
    0x00, 0xAD, 0x00, 0xCC, 0x00, 0xAC, 0x00, 0x28, 0x29, 0x48, 0x73, 0xBF, 0x52, 0xBF, 0x63, 0x1F, 
    0x7B, 0x57, 0x01, 0x2A, 0x03, 0x91, 0x02, 0xAA, 0x01, 0x04, 0x00, 0x82, 0x00, 0xE3, 0x02, 0xEB, 
    0x02, 0xCF, 0x31, 0x6B, 0x83, 0x5F, 0x5A, 0x5F, 0x62, 0x7F, 0x7A, 0xF7, 0x00, 0xA8, 0x01, 0xD1, 
    0x02, 0x2F, 0x02, 0x2E, 0x01, 0xF0, 0x00, 0xC7, 0x7A, 0xB6, 0x7A, 0x5F, 0x61, 0xFF, 0x82, 0xBF, 
    0x39, 0x4A, 0x00, 0x01, 0x7A, 0xF5, 0x82, 0xBF, 0x6A, 0x3F, 0x82, 0xBF, 0x49, 0x8B, 0x20, 0xA5, 
    0x28, 0xC6, 0x28, 0xC7, 0x28, 0xE8, 0x28, 0xC8, 0x28, 0xC7, 0x28, 0xA6, 0x28, 0xA6, 0x28, 0xA7, 
    0x18, 0x87, 0x00, 0x02, 0x62, 0x11, 0x92, 0x1F, 0x81, 0x9F, 0x9A, 0x9F, 0x6A, 0x32, 0x20, 0xA6, 
    0x28, 0xA6, 0x28, 0xA6, 0x28, 0xC8, 0x28, 0xC8, 0x28, 0xA7, 0x28, 0xA6, 0x28, 0xA6, 0x30, 0xA7, 
    0x18, 0x87, 0x00, 0x03, 0x51, 0x8E, 0xBA, 0x7F, 0x99, 0x7F, 0xB1, 0xBF, 0x71, 0xD0, 0x00, 0x03, 
    0x00, 0x49, 0x00, 0x8A, 0x00, 0x8B, 0x00, 0x4A, 0x10, 0x86, 0xB2, 0x7C, 0xB9, 0x5F, 0xB9, 0x5F, 
    0xC2, 0x5C, 0x18, 0xE9, 0x12, 0xF2, 0x13, 0x2C, 0x00, 0xC3, 0x00, 0x00, 0x00, 0x00, 0x00, 0x00, 
    0x00, 0x00, 0x00, 0x00, 0x00, 0x00, 0x00, 0x00, 0x00, 0x00, 0x00, 0x00, 0x00, 0x00, 0x00, 0x00, 
    0x00, 0x00, 0x00, 0x00, 0x00, 0x00, 0x00, 0x00, 0x00, 0x00, 0x00, 0x00, 0x00, 0x00, 0x00, 0x00, 
    0x00, 0x00, 0x00, 0x00, 0x00, 0x00, 0x00, 0x00, 0x00, 0x00, 0x00, 0x00, 0x00, 0x00, 0x00, 0x00, 
    0x00, 0x00, 0x00, 0x00, 0x00, 0x00, 0x00, 0x00, 0x00, 0x00, 0x00, 0x00, 0x00, 0x00, 0x00, 0x00, 
    0x00, 0x00, 0x00, 0x00, 0x00, 0x00, 0x00, 0x00, 0x00, 0x00, 0x00, 0x00, 0x00, 0x00, 0x00, 0x00, 
    0x00, 0x00, 0x00, 0x00, 0x00, 0x00, 0x00, 0x00, 0x00, 0x00, 0x00, 0x00, 0x00, 0x00, 0x00, 0x00, 
    0x00, 0x00, 0x00, 0x00, 0x00, 0x00, 0x00, 0x00, 0x00, 0x00, 0x00, 0x00, 0x00, 0x00, 0x00, 0x00, 
    0x00, 0x00, 0x00, 0x00, 0x00, 0x00, 0x00, 0x00, 0x00, 0x00, 0x00, 0x00, 0x00, 0x00, 0x00, 0x00, 
    0x00, 0x00, 0x00, 0x00, 0x00, 0x00, 0x00, 0x00, 0x00, 0x00, 0x00, 0x00, 0x00, 0x00, 0x00, 0x00, 
    0x00, 0x41, 0x02, 0xAA, 0x01, 0x66, 0x5C, 0xB4, 0x1F, 0xFF, 0x17, 0xFF, 0x0F, 0xFF, 0x2F, 0xDF, 
    0x4F, 0x3D, 0x47, 0x1C, 0x47, 0x1C, 0x4F, 0x3D, 0x4F, 0x3D, 0x47, 0x1C, 0x3E, 0xFC, 0x3E, 0xFC, 
    0x47, 0x7E, 0x17, 0xFF, 0x17, 0xFF, 0x17, 0xFF, 0x3F, 0xBF, 0x29, 0x69, 0x00, 0x00, 0x43, 0xB0, 
    0x1F, 0xFF, 0x0F, 0xFF, 0x1F, 0xFF, 0x44, 0xD4, 0x00, 0x01, 0x18, 0xA5, 0x3F, 0x1D, 0x07, 0xFF, 
    0x0F, 0xFF, 0x4F, 0x9E, 0x29, 0xC9, 0x02, 0xCD, 0x02, 0xAA, 0x00, 0xE3, 0x00, 0x00, 0x00, 0x00, 
    0x00, 0x00, 0x00, 0x00, 0x01, 0x04, 0x03, 0x2C, 0x01, 0xC9, 0x43, 0xB0, 0x17, 0xFF, 0x07, 0xBF, 
    0x0F, 0xDF, 0x1F, 0xDF, 0x07, 0x9F, 0x07, 0xBF, 0x3E, 0x9A, 0x10, 0x64, 0x00, 0x07, 0x10, 0x85, 
    0x4E, 0xBC, 0x07, 0x9F, 0x07, 0x5F, 0x17, 0x7F, 0x0F, 0x3F, 0x07, 0x3F, 0x27, 0xBF, 0x43, 0x8F, 
    0x00, 0x27, 0x01, 0x0E, 0x00, 0xEC, 0x19, 0x06, 0x46, 0xBD, 0x0E, 0xFF, 0x06, 0xFF, 0x3E, 0xBD, 
    0x19, 0x27, 0x02, 0x0E, 0x03, 0x2D, 0x03, 0x4C, 0x03, 0x2E, 0x01, 0xCB, 0x32, 0x0A, 0x36, 0xDF, 
    0x0E, 0x5F, 0x0E, 0x7F, 0x3D, 0xB9, 0x08, 0x24, 0x08, 0x24, 0x45, 0xBA, 0x0E, 0x1F, 0x05, 0xDF, 
    0x2D, 0xFE, 0x21, 0x24, 0x08, 0x01, 0x08, 0x23, 0x08, 0x23, 0x08, 0x21, 0x00, 0x00, 0x2A, 0x4A, 
    0x2D, 0xFF, 0x0D, 0x3F, 0x15, 0x9F, 0x3C, 0x76, 0x00, 0x25, 0x00, 0x6B, 0x00, 0x03, 0x44, 0x34, 
    0x1D, 0x7F, 0x1D, 0x1F, 0x1D, 0x5F, 0x3C, 0x55, 0x21, 0x46, 0x19, 0x67, 0x19, 0x67, 0x21, 0xA9, 
    0x11, 0x88, 0x02, 0xEC, 0x01, 0xE7, 0x00, 0x41, 0x00, 0x00, 0x00, 0x41, 0x01, 0xC6, 0x03, 0x4E, 
    0x09, 0x46, 0x54, 0x78, 0x14, 0x7F, 0x14, 0x3F, 0x14, 0x1F, 0x44, 0x7A, 0x4B, 0xD4, 0x4B, 0xD5, 
    0x43, 0xB5, 0x43, 0x94, 0x4B, 0xB4, 0x4C, 0x39, 0x2B, 0xFF, 0x23, 0xBF, 0x2C, 0x3F, 0x4B, 0x73, 
    0x00, 0x00, 0x21, 0x47, 0x4C, 0x5F, 0x1B, 0x7F, 0x2B, 0x9F, 0x5C, 0x3B, 0x29, 0x87, 0x19, 0x06, 
    0x21, 0x28, 0x21, 0x28, 0x19, 0x07, 0x20, 0xE5, 0x53, 0x75, 0x3B, 0x9F, 0x3B, 0x3F, 0x53, 0xDF, 
    0x4A, 0x90, 0x00, 0x00, 0x52, 0xF2, 0x53, 0x9F, 0x42, 0xDF, 0x53, 0x3F, 0x63, 0x35, 0x21, 0x27, 
    0x21, 0x28, 0x21, 0x27, 0x21, 0x07, 0x20, 0xE6, 0x42, 0x0B, 0x6B, 0x7F, 0x52, 0xBF, 0x6B, 0x1F, 
    0x7B, 0x57, 0x01, 0x4A, 0x03, 0xB1, 0x02, 0x69, 0x00, 0xE3, 0x00, 0x41, 0x00, 0xE3, 0x02, 0xCB, 
    0x02, 0xCF, 0x39, 0x8C, 0x8B, 0x9F, 0x5A, 0x5F, 0x6A, 0x7F, 0x82, 0xF7, 0x00, 0xA8, 0x02, 0x11, 
    0x02, 0x8E, 0x02, 0x8E, 0x02, 0x30, 0x00, 0xE7, 0x7A, 0x76, 0x72, 0x1F, 0x61, 0xDF, 0x8A, 0xBF, 
    0x39, 0x4B, 0x00, 0x02, 0x7A, 0xF5, 0x82, 0xBF, 0x72, 0x1F, 0x82, 0x7F, 0x49, 0x8C, 0x08, 0x20, 
    0x10, 0x62, 0x10, 0x84, 0x10, 0x84, 0x10, 0x63, 0x10, 0x63, 0x10, 0x62, 0x10, 0x62, 0x10, 0x63, 
    0x00, 0x45, 0x00, 0x02, 0x6A, 0x11, 0x9A, 0x1F, 0x81, 0x9F, 0xA2, 0x7F, 0x72, 0x52, 0x00, 0x21, 
    0x08, 0x42, 0x08, 0x42, 0x08, 0x63, 0x08, 0x63, 0x08, 0x62, 0x08, 0x41, 0x08, 0x41, 0x08, 0x62, 
    0x08, 0x44, 0x00, 0x03, 0x59, 0x8E, 0xBA, 0x7F, 0x99, 0x5F, 0xA1, 0x5F, 0x92, 0x36, 0x28, 0xC5, 
    0x20, 0xC6, 0x20, 0xC7, 0x20, 0xC8, 0x20, 0xC8, 0x39, 0x49, 0xBA, 0xBD, 0xB9, 0x7F, 0xB9, 0x3F, 
    0xC2, 0x3C, 0x20, 0xEA, 0x12, 0xF2, 0x13, 0x0C, 0x00, 0xC3, 0x00, 0x00, 0x00, 0x00, 0x00, 0x00, 
    0x00, 0x00, 0x00, 0x00, 0x00, 0x00, 0x00, 0x00, 0x00, 0x00, 0x00, 0x00, 0x00, 0x00, 0x00, 0x00, 
    0x00, 0x00, 0x00, 0x00, 0x00, 0x00, 0x00, 0x00, 0x00, 0x00, 0x00, 0x00, 0x00, 0x00, 0x00, 0x00, 
    0x00, 0x00, 0x00, 0x00, 0x00, 0x00, 0x00, 0x00, 0x00, 0x00, 0x00, 0x00, 0x00, 0x00, 0x00, 0x00, 
    0x00, 0x00, 0x00, 0x00, 0x00, 0x00, 0x00, 0x00, 0x00, 0x00, 0x00, 0x00, 0x00, 0x00, 0x00, 0x00, 
    0x00, 0x00, 0x00, 0x00, 0x00, 0x00, 0x00, 0x00, 0x00, 0x00, 0x00, 0x00, 0x00, 0x00, 0x00, 0x00, 
    0x00, 0x00, 0x00, 0x00, 0x00, 0x00, 0x00, 0x00, 0x00, 0x00, 0x00, 0x00, 0x00, 0x00, 0x00, 0x00, 
    0x00, 0x00, 0x00, 0x00, 0x00, 0x00, 0x00, 0x00, 0x00, 0x00, 0x00, 0x00, 0x00, 0x00, 0x00, 0x00, 
    0x00, 0x00, 0x00, 0x00, 0x00, 0x00, 0x00, 0x00, 0x00, 0x00, 0x00, 0x00, 0x00, 0x00, 0x00, 0x00, 
    0x00, 0x00, 0x00, 0x00, 0x00, 0x00, 0x00, 0x00, 0x00, 0x00, 0x00, 0x00, 0x00, 0x00, 0x00, 0x00, 
    0x00, 0xC3, 0x02, 0xCB, 0x11, 0x26, 0x56, 0x9B, 0x0F, 0xFF, 0x1F, 0xFF, 0x17, 0xFF, 0x66, 0x18, 
    0x28, 0xC6, 0x19, 0x07, 0x18, 0xE6, 0x19, 0x28, 0x21, 0x48, 0x19, 0x28, 0x19, 0x07, 0x18, 0xC5, 
    0x4A, 0x8C, 0x3F, 0xFF, 0x17, 0xFF, 0x17, 0xDF, 0x27, 0xFF, 0x43, 0x4F, 0x00, 0x00, 0x43, 0xB0, 
    0x1F, 0xFF, 0x17, 0xFF, 0x1F, 0xFF, 0x44, 0xB3, 0x00, 0x01, 0x18, 0xA5, 0x47, 0x1D, 0x0F, 0xFF, 
    0x0F, 0xFF, 0x47, 0x9E, 0x29, 0xC9, 0x02, 0xCD, 0x02, 0x89, 0x00, 0xC3, 0x00, 0x00, 0x00, 0x00, 
    0x00, 0x00, 0x00, 0x00, 0x00, 0x41, 0x02, 0x69, 0x02, 0xAB, 0x29, 0xE9, 0x2F, 0xBF, 0x07, 0xDF, 
    0x0F, 0xDF, 0x0F, 0xBF, 0x07, 0x9F, 0x17, 0xFF, 0x44, 0x72, 0x00, 0x05, 0x00, 0x6B, 0x00, 0x05, 
    0x44, 0x94, 0x0F, 0xDF, 0x0F, 0x3F, 0x0F, 0x3F, 0x0F, 0x3F, 0x07, 0x3F, 0x37, 0x3F, 0x21, 0x87, 
    0x00, 0xCB, 0x01, 0x4D, 0x01, 0x2D, 0x19, 0x27, 0x4E, 0xBD, 0x0E, 0xFF, 0x06, 0xFF, 0x46, 0xBD, 
    0x19, 0x47, 0x02, 0x4E, 0x03, 0x2D, 0x03, 0x2C, 0x03, 0x4D, 0x02, 0x0C, 0x32, 0x2A, 0x36, 0xDF, 
    0x06, 0x5F, 0x16, 0x7F, 0x45, 0xD9, 0x08, 0x25, 0x08, 0x25, 0x4D, 0xDA, 0x06, 0x1F, 0x0D, 0xDF, 
    0x0D, 0xDF, 0x35, 0x9B, 0x45, 0x5A, 0x45, 0x7A, 0x3D, 0x5A, 0x35, 0x3A, 0x35, 0x1A, 0x35, 0x7B, 
    0x1D, 0x7F, 0x15, 0x5F, 0x1D, 0xBF, 0x44, 0x96, 0x00, 0x25, 0x00, 0xAC, 0x00, 0x05, 0x44, 0x34, 
    0x1D, 0x9F, 0x14, 0xFF, 0x0C, 0xBF, 0x1D, 0x3F, 0x3D, 0x7E, 0x35, 0x3E, 0x35, 0x1D, 0x55, 0xBE, 
    0x53, 0x30, 0x02, 0x29, 0x02, 0xAA, 0x00, 0xA2, 0x00, 0x00, 0x00, 0x00, 0x01, 0x86, 0x03, 0x4D, 
    0x01, 0x46, 0x54, 0x16, 0x24, 0xDF, 0x1C, 0x3F, 0x14, 0x1F, 0x14, 0x1F, 0x24, 0x5F, 0x24, 0x3F, 
    0x24, 0x1F, 0x24, 0x1F, 0x24, 0x3F, 0x23, 0xFF, 0x23, 0xBF, 0x23, 0xBF, 0x34, 0x3F, 0x4B, 0x73, 
    0x00, 0x01, 0x21, 0x48, 0x4C, 0x9F, 0x1B, 0x7F, 0x23, 0x5F, 0x2B, 0x7F, 0x4C, 0x5E, 0x54, 0x3D, 
    0x54, 0x3D, 0x53, 0xFD, 0x4B, 0xDD, 0x53, 0xDE, 0x43, 0x9F, 0x3B, 0x3F, 0x3B, 0x3F, 0x5B, 0xFF, 
    0x52, 0xD1, 0x00, 0x01, 0x52, 0xD2, 0x4B, 0x5F, 0x3A, 0xBF, 0x3A, 0x7F, 0x4B, 0x1F, 0x6B, 0xBF, 
    0x6B, 0x7E, 0x63, 0x5E, 0x63, 0x3E, 0x63, 0x3E, 0x63, 0x1E, 0x4A, 0x7F, 0x52, 0x9F, 0x62, 0xDF, 
    0x7B, 0x17, 0x01, 0x8A, 0x03, 0xD0, 0x02, 0x28, 0x00, 0xA2, 0x00, 0x20, 0x00, 0xC3, 0x02, 0xAA, 
    0x02, 0xCE, 0x39, 0x8C, 0x8B, 0x7F, 0x5A, 0x5F, 0x6A, 0x9F, 0x82, 0xD7, 0x00, 0xC8, 0x02, 0x51, 
    0x02, 0xCE, 0x02, 0xCE, 0x02, 0x90, 0x01, 0x07, 0x72, 0x36, 0x71, 0xFF, 0x69, 0xFF, 0x8A, 0xFF, 
    0x39, 0x6B, 0x00, 0x02, 0x7A, 0xD5, 0x82, 0x7F, 0x71, 0xFF, 0x71, 0xDF, 0x82, 0x5E, 0x8A, 0x9B, 
    0x92, 0x9C, 0x92, 0x9C, 0x92, 0x9C, 0x92, 0x7C, 0x92, 0x7C, 0x9A, 0x9C, 0x9A, 0x9C, 0xB2, 0xDD, 
    0x51, 0x8E, 0x00, 0x00, 0x6A, 0x10, 0xA2, 0x5F, 0x89, 0xBF, 0x89, 0xDF, 0x9A, 0x3F, 0x9A, 0x5B, 
    0x9A, 0x3B, 0x9A, 0x1B, 0x9A, 0x1B, 0x9A, 0x1B, 0xA2, 0x3B, 0x9A, 0x1B, 0xA2, 0x1B, 0xBA, 0xBD, 
    0x72, 0x12, 0x00, 0x02, 0x51, 0x6E, 0xBA, 0x3F, 0x99, 0x3F, 0x99, 0x3F, 0xA1, 0x7F, 0xB2, 0x1E, 
    0xB1, 0xFD, 0xB1, 0xFD, 0xBA, 0x3D, 0xBA, 0x5D, 0xC2, 0x7E, 0xB1, 0xDF, 0xB1, 0x9F, 0xB9, 0x5F, 
    0xC2, 0x1C, 0x20, 0xE9, 0x13, 0x12, 0x13, 0x0B, 0x00, 0xA2, 0x00, 0x00, 0x00, 0x00, 0x00, 0x00, 
    0x00, 0x00, 0x00, 0x00, 0x00, 0x00, 0x00, 0x00, 0x00, 0x00, 0x00, 0x00, 0x00, 0x00, 0x00, 0x00, 
    0x00, 0x00, 0x00, 0x00, 0x00, 0x00, 0x00, 0x00, 0x00, 0x00, 0x00, 0x00, 0x00, 0x00, 0x00, 0x00, 
    0x00, 0x00, 0x00, 0x00, 0x00, 0x00, 0x00, 0x00, 0x00, 0x00, 0x00, 0x00, 0x00, 0x00, 0x00, 0x00, 
    0x00, 0x00, 0x00, 0x00, 0x00, 0x00, 0x00, 0x00, 0x00, 0x00, 0x00, 0x00, 0x00, 0x00, 0x00, 0x00, 
    0x00, 0x00, 0x00, 0x00, 0x00, 0x00, 0x00, 0x00, 0x00, 0x00, 0x00, 0x00, 0x00, 0x00, 0x00, 0x00, 
    0x00, 0x00, 0x00, 0x00, 0x00, 0x00, 0x00, 0x00, 0x00, 0x00, 0x00, 0x00, 0x00, 0x00, 0x00, 0x00, 
    0x00, 0x00, 0x00, 0x00, 0x00, 0x00, 0x00, 0x00, 0x00, 0x00, 0x00, 0x00, 0x00, 0x00, 0x00, 0x00, 
    0x00, 0x00, 0x00, 0x00, 0x00, 0x00, 0x00, 0x00, 0x00, 0x00, 0x00, 0x00, 0x00, 0x00, 0x00, 0x00, 
    0x00, 0x00, 0x00, 0x00, 0x00, 0x00, 0x00, 0x00, 0x00, 0x00, 0x00, 0x00, 0x00, 0x00, 0x00, 0x00, 
    0x01, 0x24, 0x02, 0x49, 0x3A, 0x4B, 0x47, 0xDF, 0x0F, 0xFF, 0x17, 0xFF, 0x37, 0xFF, 0x4B, 0xD0, 
    0x00, 0x06, 0x01, 0x6C, 0x01, 0xAB, 0x01, 0xEB, 0x02, 0x0B, 0x02, 0x2C, 0x01, 0xED, 0x01, 0x4D, 
    0x10, 0xA8, 0x57, 0x1C, 0x17, 0xFF, 0x17, 0xFF, 0x07, 0xFF, 0x4D, 0x97, 0x00, 0x00, 0x43, 0x90, 
    0x27, 0xFF, 0x17, 0xFF, 0x1F, 0xFF, 0x4C, 0xD3, 0x00, 0x02, 0x18, 0xA6, 0x4F, 0x1D, 0x0F, 0xFF, 
    0x07, 0xFF, 0x37, 0x7E, 0x21, 0xC8, 0x02, 0xED, 0x02, 0x48, 0x00, 0x61, 0x00, 0x00, 0x00, 0x00, 
    0x00, 0x00, 0x00, 0x00, 0x00, 0x00, 0x01, 0x45, 0x02, 0xEB, 0x11, 0x26, 0x4E, 0x5A, 0x0F, 0xFF, 
    0x17, 0xDF, 0x0F, 0xBF, 0x07, 0x9F, 0x37, 0xBF, 0x29, 0xE9, 0x00, 0x49, 0x00, 0xEC, 0x00, 0x69, 
    0x2A, 0x2B, 0x27, 0x9F, 0x07, 0x5F, 0x0F, 0x3F, 0x0F, 0x1F, 0x07, 0x7F, 0x45, 0xD9, 0x08, 0x64, 
    0x01, 0x8D, 0x01, 0xED, 0x01, 0xEE, 0x19, 0x68, 0x56, 0xBD, 0x0E, 0xFF, 0x0E, 0xFF, 0x4E, 0xBD, 
    0x19, 0x67, 0x02, 0x8D, 0x03, 0x2C, 0x02, 0xCB, 0x03, 0x2C, 0x02, 0x4B, 0x32, 0x2A, 0x3E, 0xDF, 
    0x0E, 0x7F, 0x16, 0x9F, 0x4D, 0xB9, 0x08, 0x45, 0x00, 0x05, 0x43, 0xF2, 0x1E, 0x9F, 0x0D, 0xDF, 
    0x15, 0xDF, 0x05, 0xBF, 0x05, 0x9F, 0x0D, 0x9F, 0x0D, 0x7F, 0x05, 0x5F, 0x05, 0x5F, 0x0D, 0x5F, 
    0x15, 0x5F, 0x15, 0x5F, 0x1D, 0xBF, 0x44, 0x95, 0x00, 0x45, 0x00, 0xED, 0x00, 0x6A, 0x32, 0x2B, 
    0x3D, 0xDF, 0x0C, 0xDF, 0x14, 0xDF, 0x14, 0xDF, 0x0C, 0xBF, 0x0C, 0x9F, 0x04, 0x7F, 0x25, 0x3F, 
    0x4B, 0x71, 0x02, 0x09, 0x02, 0xEB, 0x01, 0x24, 0x00, 0x00, 0x00, 0x00, 0x01, 0x24, 0x02, 0xCB, 
    0x02, 0x8C, 0x21, 0xA9, 0x4D, 0x1E, 0x14, 0x5F, 0x14, 0x1F, 0x14, 0x1F, 0x13, 0xDF, 0x13, 0xBF, 
    0x13, 0xBF, 0x13, 0xBF, 0x13, 0xBF, 0x1B, 0xBF, 0x23, 0xDF, 0x23, 0xDF, 0x34, 0x5F, 0x4B, 0x93, 
    0x00, 0x04, 0x08, 0x45, 0x53, 0xF9, 0x23, 0xBF, 0x23, 0x5F, 0x2B, 0x5F, 0x23, 0x5F, 0x2B, 0x5F, 
    0x23, 0x3F, 0x23, 0x1F, 0x22, 0xFF, 0x22, 0xDF, 0x32, 0xFF, 0x3B, 0x3F, 0x3A, 0xFF, 0x6C, 0x1E, 
    0x29, 0x48, 0x00, 0x07, 0x29, 0x6A, 0x63, 0xBF, 0x32, 0x7F, 0x42, 0x9F, 0x3A, 0x9F, 0x42, 0x9F, 
    0x42, 0x9F, 0x42, 0x7F, 0x42, 0x7F, 0x42, 0x5F, 0x4A, 0x5F, 0x4A, 0x7F, 0x4A, 0x7F, 0x5A, 0x7F, 
    0x72, 0xB6, 0x01, 0x88, 0x03, 0xAF, 0x01, 0x86, 0x00, 0x20, 0x00, 0x00, 0x00, 0x41, 0x02, 0x69, 
    0x02, 0xED, 0x31, 0x6A, 0x83, 0x3F, 0x62, 0x5F, 0x6A, 0x7F, 0x7A, 0xB7, 0x00, 0xE7, 0x02, 0xB1, 
    0x03, 0x4E, 0x03, 0x4E, 0x02, 0xF0, 0x01, 0x27, 0x72, 0x15, 0x69, 0xFF, 0x69, 0xFF, 0x93, 0x1F, 
    0x39, 0x6B, 0x00, 0x07, 0x41, 0x6B, 0x92, 0xDF, 0x69, 0x9F, 0x71, 0xDF, 0x71, 0xBF, 0x79, 0xDF, 
    0x79, 0xFF, 0x79, 0xBF, 0x79, 0xBF, 0x79, 0x9F, 0x79, 0x9F, 0x81, 0x9F, 0x89, 0x9F, 0xAA, 0x5F, 
    0x41, 0x4A, 0x00, 0x04, 0x28, 0xE8, 0xB3, 0x3E, 0x89, 0xDF, 0x81, 0xBF, 0x89, 0x5F, 0x89, 0x5F, 
    0x91, 0x9F, 0x91, 0x7F, 0x89, 0x3F, 0x91, 0x1F, 0x91, 0x3F, 0x99, 0x3F, 0xA1, 0x5F, 0xC2, 0x1F, 
    0x69, 0xD0, 0x00, 0x06, 0x18, 0x88, 0xB2, 0x7C, 0xA1, 0x1F, 0x99, 0x3F, 0x99, 0x3F, 0x99, 0x1F, 
    0xA1, 0x1F, 0xA0, 0xFF, 0xA0, 0xFF, 0xA9, 0x1F, 0xA8, 0xFF, 0xB1, 0x3F, 0xB1, 0x7F, 0xB9, 0x5F, 
    0xC1, 0xFC, 0x18, 0xE8, 0x13, 0x31, 0x0A, 0xA9, 0x00, 0x20, 0x00, 0x00, 0x00, 0x00, 0x00, 0x00, 
    0x00, 0x00, 0x00, 0x00, 0x00, 0x00, 0x00, 0x00, 0x00, 0x00, 0x00, 0x00, 0x00, 0x00, 0x00, 0x00, 
    0x00, 0x00, 0x00, 0x00, 0x00, 0x00, 0x00, 0x00, 0x00, 0x00, 0x00, 0x00, 0x00, 0x00, 0x00, 0x00, 
    0x00, 0x00, 0x00, 0x00, 0x00, 0x00, 0x00, 0x00, 0x00, 0x00, 0x00, 0x00, 0x00, 0x00, 0x00, 0x00, 
    0x00, 0x00, 0x00, 0x00, 0x00, 0x00, 0x00, 0x00, 0x00, 0x00, 0x00, 0x00, 0x00, 0x00, 0x00, 0x00, 
    0x00, 0x00, 0x00, 0x00, 0x00, 0x00, 0x00, 0x00, 0x00, 0x00, 0x00, 0x00, 0x00, 0x00, 0x00, 0x00, 
    0x00, 0x00, 0x00, 0x00, 0x00, 0x00, 0x00, 0x00, 0x00, 0x00, 0x00, 0x00, 0x00, 0x00, 0x00, 0x00, 
    0x00, 0x00, 0x00, 0x00, 0x00, 0x00, 0x00, 0x00, 0x00, 0x00, 0x00, 0x00, 0x00, 0x00, 0x00, 0x00, 
    0x00, 0x00, 0x00, 0x00, 0x00, 0x00, 0x00, 0x00, 0x00, 0x00, 0x00, 0x00, 0x00, 0x00, 0x00, 0x00, 
    0x00, 0x00, 0x00, 0x00, 0x00, 0x00, 0x00, 0x00, 0x00, 0x00, 0x00, 0x00, 0x00, 0x00, 0x00, 0x00, 
    0x01, 0xA6, 0x01, 0x86, 0x64, 0x32, 0x3F, 0xFF, 0x17, 0xFF, 0x17, 0xFF, 0x57, 0xFF, 0x3A, 0x09, 
    0x01, 0x6B, 0x02, 0xAE, 0x02, 0xEC, 0x02, 0xEB, 0x02, 0xCB, 0x02, 0xEB, 0x03, 0x2D, 0x03, 0x0F, 
    0x00, 0xA8, 0x55, 0x36, 0x27, 0xFF, 0x0F, 0xFF, 0x07, 0xFF, 0x47, 0xDF, 0x18, 0xC4, 0x4B, 0xB0, 
    0x37, 0xFF, 0x1F, 0xFF, 0x27, 0xFF, 0x4D, 0x14, 0x00, 0x03, 0x18, 0xC8, 0x57, 0x9E, 0x17, 0xFF, 
    0x07, 0xFF, 0x37, 0xFF, 0x21, 0xE8, 0x02, 0xCB, 0x01, 0xE7, 0x00, 0x20, 0x00, 0x00, 0x00, 0x00, 
    0x00, 0x00, 0x00, 0x00, 0x00, 0x00, 0x00, 0x61, 0x02, 0xAA, 0x01, 0x87, 0x4C, 0x94, 0x27, 0xFF, 
    0x17, 0xFF, 0x17, 0xFF, 0x17, 0xFF, 0x46, 0x7A, 0x08, 0x64, 0x01, 0x6D, 0x01, 0xAD, 0x01, 0x8D, 
    0x08, 0x86, 0x4E, 0x7B, 0x1F, 0xFF, 0x17, 0xBF, 0x0F, 0x9F, 0x27, 0xFF, 0x44, 0x11, 0x00, 0xA7, 
    0x02, 0x6E, 0x02, 0xAD, 0x02, 0xAE, 0x19, 0x88, 0x57, 0x1F, 0x17, 0x7F, 0x17, 0x7F, 0x57, 0x3F, 
    0x19, 0x67, 0x02, 0xCD, 0x02, 0xEB, 0x02, 0x69, 0x02, 0xCB, 0x02, 0x6A, 0x32, 0x4A, 0x47, 0x5F, 
    0x16, 0xFF, 0x1F, 0x1F, 0x56, 0x1A, 0x08, 0x45, 0x00, 0x69, 0x10, 0x64, 0x54, 0xF7, 0x36, 0xBF, 
    0x1E, 0x5F, 0x1E, 0x1F, 0x15, 0xFF, 0x0D, 0xDF, 0x15, 0xDF, 0x15, 0xDF, 0x1D, 0xDF, 0x1D, 0xDF, 
    0x1D, 0xBF, 0x1D, 0xBF, 0x1E, 0x1F, 0x44, 0xB6, 0x00, 0x66, 0x01, 0x8F, 0x01, 0xCF, 0x00, 0x67, 
    0x43, 0x10, 0x45, 0xDF, 0x1D, 0x5F, 0x1D, 0x3F, 0x1D, 0x3F, 0x1D, 0x3F, 0x1D, 0x3F, 0x2D, 0xBF, 
    0x4B, 0x92, 0x02, 0x09, 0x02, 0xEB, 0x01, 0x04, 0x00, 0x00, 0x00, 0x00, 0x00, 0xA2, 0x02, 0x28, 
    0x03, 0x6E, 0x01, 0x69, 0x21, 0x89, 0x3C, 0x39, 0x34, 0x7D, 0x3C, 0x9D, 0x3C, 0x7E, 0x3C, 0x5D, 
    0x3C, 0x1D, 0x3C, 0x1D, 0x44, 0x3D, 0x3C, 0x1E, 0x23, 0xDF, 0x23, 0xDF, 0x34, 0x5F, 0x53, 0x93, 
    0x00, 0x06, 0x00, 0x08, 0x19, 0x07, 0x54, 0x5B, 0x3C, 0x1F, 0x33, 0xBF, 0x33, 0xBF, 0x33, 0xDF, 
    0x33, 0xBF, 0x2B, 0x7F, 0x33, 0x5F, 0x33, 0x5F, 0x3B, 0x5F, 0x43, 0x5F, 0x6B, 0xBE, 0x41, 0xCB, 
    0x00, 0x26, 0x00, 0xAE, 0x00, 0x27, 0x4A, 0x2E, 0x6B, 0xDF, 0x4A, 0xDF, 0x4A, 0xDF, 0x4A, 0xDF, 
    0x53, 0x1F, 0x5B, 0x3F, 0x5B, 0x3F, 0x5A, 0xFF, 0x5A, 0xDF, 0x5A, 0xDF, 0x62, 0x9F, 0x7B, 0x1E, 
    0x30, 0xE7, 0x02, 0x6B, 0x03, 0x2C, 0x00, 0xE3, 0x00, 0x00, 0x00, 0x00, 0x00, 0x00, 0x02, 0x08, 
    0x02, 0xCC, 0x31, 0x6A, 0x8B, 0x1F, 0x72, 0x9F, 0x82, 0xBF, 0x82, 0x98, 0x01, 0x06, 0x03, 0x50, 
    0x03, 0x8D, 0x03, 0x6D, 0x03, 0x6F, 0x01, 0x47, 0x7A, 0x37, 0x82, 0x3F, 0x82, 0x5F, 0xA3, 0x5F, 
    0x39, 0x6B, 0x00, 0x2B, 0x00, 0x26, 0x59, 0xED, 0x92, 0x9F, 0x81, 0xDF, 0x82, 0x1F, 0x8A, 0x5F, 
    0x8A, 0x5F, 0x8A, 0x1F, 0x8A, 0x1F, 0x89, 0xFF, 0x89, 0xDF, 0x89, 0xBF, 0x91, 0x7F, 0xB2, 0x7F, 
    0x31, 0x08, 0x00, 0x2A, 0x00, 0x09, 0x51, 0xCC, 0xB3, 0x1E, 0x99, 0xBF, 0x91, 0x9F, 0x99, 0x9F, 
    0xA1, 0xBF, 0xA1, 0xBF, 0xA1, 0x9F, 0xA1, 0x7F, 0xA1, 0x7F, 0xA9, 0x9F, 0xA9, 0xBF, 0xCA, 0xBF, 
    0x59, 0x8C, 0x00, 0x08, 0x00, 0x08, 0x41, 0x0A, 0xB2, 0x7D, 0xA9, 0x7F, 0xA9, 0x9F, 0xB1, 0xBF, 
    0xB1, 0xBF, 0xB1, 0x9F, 0xB1, 0x5F, 0xB9, 0x1F, 0xB9, 0x1F, 0xB9, 0x3F, 0xC1, 0x5F, 0xC9, 0x3F, 
    0xD9, 0xFE, 0x21, 0x29, 0x13, 0x91, 0x0A, 0x07, 0x00, 0x00, 0x00, 0x00, 0x00, 0x00, 0x00, 0x00, 
    0x00, 0x00, 0x00, 0x00, 0x00, 0x00, 0x00, 0x00, 0x00, 0x00, 0x00, 0x00, 0x00, 0x00, 0x00, 0x00, 
    0x00, 0x00, 0x00, 0x00, 0x00, 0x00, 0x00, 0x00, 0x00, 0x00, 0x00, 0x00, 0x00, 0x00, 0x00, 0x00, 
    0x00, 0x00, 0x00, 0x00, 0x00, 0x00, 0x00, 0x00, 0x00, 0x00, 0x00, 0x00, 0x00, 0x00, 0x00, 0x00, 
    0x00, 0x00, 0x00, 0x00, 0x00, 0x00, 0x00, 0x00, 0x00, 0x00, 0x00, 0x00, 0x00, 0x00, 0x00, 0x00, 
    0x00, 0x00, 0x00, 0x00, 0x00, 0x00, 0x00, 0x00, 0x00, 0x00, 0x00, 0x00, 0x00, 0x00, 0x00, 0x00, 
    0x00, 0x00, 0x00, 0x00, 0x00, 0x00, 0x00, 0x00, 0x00, 0x00, 0x00, 0x00, 0x00, 0x00, 0x00, 0x00, 
    0x00, 0x00, 0x00, 0x00, 0x00, 0x00, 0x00, 0x00, 0x00, 0x00, 0x00, 0x00, 0x00, 0x00, 0x00, 0x00, 
    0x00, 0x00, 0x00, 0x00, 0x00, 0x00, 0x00, 0x00, 0x00, 0x00, 0x00, 0x00, 0x00, 0x00, 0x00, 0x00, 
    0x00, 0x00, 0x00, 0x00, 0x00, 0x00, 0x00, 0x00, 0x00, 0x00, 0x00, 0x00, 0x00, 0x00, 0x00, 0x00, 
    0x01, 0xA6, 0x01, 0x25, 0x53, 0x2E, 0x54, 0xB4, 0x44, 0x94, 0x44, 0x94, 0x53, 0xF1, 0x09, 0x27, 
    0x03, 0x4F, 0x02, 0xEB, 0x02, 0x69, 0x01, 0xE7, 0x01, 0xA6, 0x01, 0xC7, 0x02, 0x48, 0x03, 0x2C, 
    0x02, 0x6B, 0x2A, 0x0A, 0x4C, 0xB4, 0x3C, 0x73, 0x3C, 0x73, 0x44, 0xB4, 0x19, 0x06, 0x29, 0xCA, 
    0x54, 0xB4, 0x44, 0x73, 0x44, 0x72, 0x32, 0x6A, 0x00, 0x68, 0x08, 0xC9, 0x54, 0x12, 0x44, 0x94, 
    0x3C, 0x73, 0x44, 0x53, 0x11, 0x66, 0x02, 0xAB, 0x01, 0x45, 0x00, 0x00, 0x00, 0x00, 0x00, 0x00, 
    0x00, 0x00, 0x00, 0x00, 0x00, 0x00, 0x00, 0x00, 0x01, 0xA6, 0x02, 0x49, 0x22, 0x0A, 0x4C, 0xB4, 
    0x44, 0x94, 0x44, 0xB5, 0x44, 0xB4, 0x32, 0x49, 0x00, 0xE6, 0x02, 0x8D, 0x02, 0xCD, 0x02, 0xAD, 
    0x01, 0x27, 0x32, 0x6B, 0x44, 0x94, 0x3C, 0x73, 0x34, 0x53, 0x44, 0x73, 0x19, 0x67, 0x02, 0x6C, 
    0x03, 0x2D, 0x03, 0x2C, 0x03, 0x4D, 0x09, 0x67, 0x43, 0xF2, 0x3C, 0x54, 0x4C, 0x74, 0x54, 0x12, 
    0x09, 0x67, 0x03, 0x2D, 0x02, 0x28, 0x01, 0xA6, 0x02, 0x28, 0x02, 0xAA, 0x21, 0xA8, 0x54, 0x95, 
    0x44, 0x54, 0x44, 0x54, 0x3B, 0x4F, 0x00, 0x85, 0x01, 0xAD, 0x01, 0x2A, 0x10, 0xA5, 0x3B, 0x2F, 
    0x44, 0x34, 0x44, 0x14, 0x3C, 0x13, 0x3B, 0xF3, 0x3B, 0xF3, 0x3B, 0xF3, 0x43, 0xF3, 0x43, 0xF3, 
    0x3B, 0xD3, 0x3B, 0xB2, 0x3B, 0xF3, 0x32, 0x6C, 0x01, 0x07, 0x02, 0xAF, 0x02, 0xAD, 0x02, 0x8E, 
    0x01, 0x08, 0x32, 0x2C, 0x43, 0xB2, 0x43, 0xB3, 0x43, 0xB3, 0x43, 0xD3, 0x43, 0x93, 0x43, 0xD3, 
    0x29, 0xCA, 0x02, 0x6B, 0x02, 0x8A, 0x00, 0x61, 0x00, 0x00, 0x00, 0x00, 0x00, 0x41, 0x01, 0xA6, 
    0x03, 0x0C, 0x02, 0xCF, 0x00, 0x68, 0x00, 0x00, 0x10, 0x83, 0x10, 0xA5, 0x10, 0xA6, 0x10, 0x85, 
    0x10, 0x83, 0x10, 0x83, 0x08, 0x42, 0x42, 0xEF, 0x3C, 0x7F, 0x23, 0xBF, 0x34, 0x3F, 0x4B, 0x72, 
    0x00, 0x26, 0x00, 0xAD, 0x00, 0x69, 0x10, 0xC7, 0x42, 0xB0, 0x4A, 0xF3, 0x4A, 0xF3, 0x53, 0x13, 
    0x4A, 0xF3, 0x42, 0xB2, 0x42, 0x92, 0x4A, 0xB3, 0x52, 0xB3, 0x4A, 0x71, 0x29, 0x27, 0x00, 0x66, 
    0x01, 0x8F, 0x01, 0xAE, 0x01, 0xAF, 0x00, 0xA7, 0x31, 0x8B, 0x52, 0x72, 0x52, 0x53, 0x52, 0x53, 
    0x5A, 0x73, 0x62, 0x93, 0x62, 0x93, 0x62, 0x93, 0x5A, 0x73, 0x5A, 0x52, 0x62, 0x31, 0x28, 0xE7, 
    0x01, 0xA8, 0x03, 0x4E, 0x02, 0x08, 0x00, 0x41, 0x00, 0x00, 0x00, 0x00, 0x00, 0x00, 0x01, 0x45, 
    0x02, 0x8A, 0x18, 0xE6, 0x72, 0x53, 0x72, 0x34, 0x72, 0x54, 0x51, 0x8E, 0x01, 0x67, 0x03, 0x8E, 
    0x02, 0xCB, 0x02, 0xAA, 0x03, 0x4D, 0x01, 0xA7, 0x51, 0x6D, 0x7A, 0x14, 0x71, 0xF3, 0x72, 0x33, 
    0x20, 0xA6, 0x00, 0xEC, 0x01, 0x0D, 0x00, 0x66, 0x39, 0x29, 0x69, 0xD2, 0x71, 0xF3, 0x71, 0xF3, 
    0x79, 0xF3, 0x79, 0xF3, 0x79, 0xD3, 0x71, 0xD3, 0x71, 0xD3, 0x71, 0xB2, 0x71, 0x92, 0x71, 0x91, 
    0x18, 0x66, 0x01, 0x0E, 0x01, 0x50, 0x00, 0xAA, 0x31, 0x0A, 0x79, 0xB2, 0x79, 0x93, 0x79, 0xB3, 
    0x79, 0xB3, 0x79, 0xD3, 0x79, 0xB3, 0x79, 0xB3, 0x79, 0x93, 0x81, 0xB3, 0x81, 0xB3, 0x89, 0xF3, 
    0x28, 0xA7, 0x00, 0xAC, 0x00, 0xEE, 0x00, 0x68, 0x28, 0xC8, 0x79, 0xB2, 0x89, 0xB4, 0x89, 0xB4, 
    0x89, 0xD3, 0x89, 0xB3, 0x81, 0x93, 0x81, 0x52, 0x81, 0x52, 0x81, 0x52, 0x81, 0x52, 0x81, 0x53, 
    0x81, 0x51, 0x19, 0x4A, 0x13, 0xAF, 0x01, 0x03, 0x00, 0x00, 0x00, 0x00, 0x00, 0x00, 0x00, 0x00, 
    0x00, 0x00, 0x00, 0x00, 0x00, 0x00, 0x00, 0x00, 0x00, 0x00, 0x00, 0x00, 0x00, 0x00, 0x00, 0x00, 
    0x00, 0x00, 0x00, 0x00, 0x00, 0x00, 0x00, 0x00, 0x00, 0x00, 0x00, 0x00, 0x00, 0x00, 0x00, 0x00, 
    0x00, 0x00, 0x00, 0x00, 0x00, 0x00, 0x00, 0x00, 0x00, 0x00, 0x00, 0x00, 0x00, 0x00, 0x00, 0x00, 
    0x00, 0x00, 0x00, 0x00, 0x00, 0x00, 0x00, 0x00, 0x00, 0x00, 0x00, 0x00, 0x00, 0x00, 0x00, 0x00, 
    0x00, 0x00, 0x00, 0x00, 0x00, 0x00, 0x00, 0x00, 0x00, 0x00, 0x00, 0x00, 0x00, 0x00, 0x00, 0x00, 
    0x00, 0x00, 0x00, 0x00, 0x00, 0x00, 0x00, 0x00, 0x00, 0x00, 0x00, 0x00, 0x00, 0x00, 0x00, 0x00, 
    0x00, 0x00, 0x00, 0x00, 0x00, 0x00, 0x00, 0x00, 0x00, 0x00, 0x00, 0x00, 0x00, 0x00, 0x00, 0x00, 
    0x00, 0x00, 0x00, 0x00, 0x00, 0x00, 0x00, 0x00, 0x00, 0x00, 0x00, 0x00, 0x00, 0x00, 0x00, 0x00, 
    0x00, 0x00, 0x00, 0x00, 0x00, 0x00, 0x00, 0x00, 0x00, 0x00, 0x00, 0x00, 0x00, 0x00, 0x00, 0x00, 
    0x00, 0x81, 0x01, 0xC7, 0x01, 0xE8, 0x01, 0xC8, 0x01, 0xA8, 0x01, 0x88, 0x01, 0x87, 0x02, 0xCB, 
    0x03, 0x0C, 0x01, 0xE7, 0x01, 0x04, 0x00, 0x61, 0x00, 0x20, 0x00, 0x41, 0x00, 0xE3, 0x01, 0xA6, 
    0x02, 0xCB, 0x02, 0x29, 0x01, 0x87, 0x01, 0x47, 0x01, 0x28, 0x01, 0x28, 0x01, 0xAB, 0x01, 0xAB, 
    0x01, 0x69, 0x01, 0x28, 0x01, 0x07, 0x01, 0x48, 0x02, 0x6E, 0x02, 0x4C, 0x01, 0x88, 0x01, 0x68, 
    0x01, 0x68, 0x01, 0x87, 0x02, 0x28, 0x02, 0x08, 0x00, 0x61, 0x00, 0x00, 0x00, 0x00, 0x00, 0x00, 
    0x00, 0x00, 0x00, 0x00, 0x00, 0x00, 0x00, 0x00, 0x00, 0x61, 0x02, 0x08, 0x02, 0x08, 0x01, 0xC8, 
    0x01, 0xEA, 0x01, 0xCA, 0x01, 0xA9, 0x01, 0xC8, 0x02, 0xCC, 0x02, 0xCB, 0x02, 0xAA, 0x02, 0xAA, 
    0x02, 0xCB, 0x01, 0xC8, 0x01, 0xC9, 0x01, 0xA9, 0x01, 0x88, 0x01, 0x68, 0x02, 0x4A, 0x03, 0x0C, 
    0x02, 0x8A, 0x02, 0x89, 0x02, 0xCA, 0x02, 0x8A, 0x01, 0xC8, 0x01, 0xC8, 0x01, 0xE9, 0x01, 0xE9, 
    0x02, 0xAA, 0x02, 0x69, 0x01, 0x24, 0x00, 0xE3, 0x01, 0x04, 0x02, 0x49, 0x02, 0x8A, 0x02, 0x09, 
    0x01, 0xE9, 0x01, 0xC9, 0x01, 0xA9, 0x02, 0x8C, 0x02, 0xED, 0x02, 0xEE, 0x02, 0xAE, 0x01, 0xAA, 
    0x01, 0x69, 0x01, 0x4A, 0x01, 0x09, 0x01, 0x09, 0x01, 0x09, 0x01, 0x09, 0x01, 0x09, 0x01, 0x29, 
    0x01, 0x29, 0x01, 0x29, 0x01, 0x49, 0x01, 0xE9, 0x03, 0x0C, 0x03, 0x0C, 0x03, 0x0B, 0x03, 0x4D, 
    0x03, 0x6F, 0x02, 0x2B, 0x01, 0x68, 0x01, 0x69, 0x01, 0x8A, 0x01, 0xAB, 0x01, 0xAA, 0x01, 0xA8, 
    0x02, 0x08, 0x02, 0xAA, 0x01, 0x44, 0x00, 0x00, 0x00, 0x00, 0x00, 0x00, 0x00, 0x00, 0x01, 0x45, 
    0x03, 0x0B, 0x02, 0xAC, 0x11, 0x07, 0x29, 0xEA, 0x21, 0xA9, 0x29, 0xCA, 0x29, 0xCA, 0x21, 0xA9, 
    0x21, 0x88, 0x21, 0x68, 0x21, 0x88, 0x53, 0xD6, 0x34, 0x1F, 0x2B, 0xDF, 0x34, 0x3F, 0x4B, 0x73, 
    0x00, 0x47, 0x01, 0x0E, 0x01, 0x6E, 0x01, 0x4D, 0x00, 0xC8, 0x00, 0xE8, 0x01, 0x09, 0x00, 0xE9, 
    0x00, 0xE9, 0x00, 0xE9, 0x00, 0xE9, 0x01, 0x0A, 0x01, 0x2A, 0x01, 0x29, 0x01, 0xAB, 0x02, 0x8E, 
    0x02, 0xCD, 0x03, 0x0D, 0x03, 0x0E, 0x02, 0xEF, 0x01, 0xEB, 0x01, 0x48, 0x01, 0x28, 0x01, 0x09, 
    0x01, 0x09, 0x01, 0x0A, 0x01, 0x0B, 0x01, 0x2B, 0x01, 0x4B, 0x01, 0x4A, 0x01, 0x68, 0x02, 0x8B, 
    0x03, 0x8E, 0x02, 0x69, 0x01, 0x04, 0x00, 0x00, 0x00, 0x00, 0x00, 0x00, 0x00, 0x00, 0x00, 0x61, 
    0x02, 0x28, 0x02, 0x49, 0x01, 0xE9, 0x01, 0xEA, 0x02, 0x0B, 0x02, 0x4A, 0x02, 0xEB, 0x02, 0x8A, 
    0x01, 0xC7, 0x01, 0xA6, 0x02, 0x28, 0x02, 0xCB, 0x02, 0x6B, 0x02, 0x4B, 0x01, 0xCA, 0x01, 0x89, 
    0x01, 0xCB, 0x02, 0x8E, 0x02, 0x8E, 0x02, 0x8F, 0x01, 0xEC, 0x01, 0x6A, 0x01, 0x4B, 0x01, 0x2B, 
    0x00, 0xEB, 0x00, 0xEB, 0x00, 0xEA, 0x00, 0xEB, 0x00, 0xEB, 0x01, 0x0A, 0x01, 0x29, 0x01, 0x48, 
    0x01, 0xEC, 0x02, 0xAF, 0x02, 0xAE, 0x02, 0xB0, 0x01, 0xEE, 0x01, 0x4A, 0x01, 0x0B, 0x00, 0xEB, 
    0x00, 0xCB, 0x00, 0xCB, 0x00, 0xCB, 0x00, 0xEB, 0x00, 0xEB, 0x00, 0xEB, 0x00, 0xEA, 0x01, 0x0A, 
    0x01, 0x8D, 0x0A, 0x30, 0x0A, 0x2F, 0x0A, 0x30, 0x01, 0xAE, 0x01, 0x2B, 0x01, 0x0C, 0x00, 0xEC, 
    0x00, 0xEC, 0x00, 0xEC, 0x00, 0xCB, 0x00, 0xCA, 0x00, 0xCA, 0x00, 0xEA, 0x01, 0x0A, 0x09, 0x6B, 
    0x0A, 0x2D, 0x13, 0x4E, 0x0A, 0xAA, 0x00, 0x00, 0x00, 0x00, 0x00, 0x00, 0x00, 0x00, 0x00, 0x00, 
    0x00, 0x00, 0x00, 0x00, 0x00, 0x00, 0x00, 0x00, 0x00, 0x00, 0x00, 0x00, 0x00, 0x00, 0x00, 0x00, 
    0x00, 0x00, 0x00, 0x00, 0x00, 0x00, 0x00, 0x00, 0x00, 0x00, 0x00, 0x00, 0x00, 0x00, 0x00, 0x00, 
    0x00, 0x00, 0x00, 0x00, 0x00, 0x00, 0x00, 0x00, 0x00, 0x00, 0x00, 0x00, 0x00, 0x00, 0x00, 0x00, 
    0x00, 0x00, 0x00, 0x00, 0x00, 0x00, 0x00, 0x00, 0x00, 0x00, 0x00, 0x00, 0x00, 0x00, 0x00, 0x00, 
    0x00, 0x00, 0x00, 0x00, 0x00, 0x00, 0x00, 0x00, 0x00, 0x00, 0x00, 0x00, 0x00, 0x00, 0x00, 0x00, 
    0x00, 0x00, 0x00, 0x00, 0x00, 0x00, 0x00, 0x00, 0x00, 0x00, 0x00, 0x00, 0x00, 0x00, 0x00, 0x00, 
    0x00, 0x00, 0x00, 0x00, 0x00, 0x00, 0x00, 0x00, 0x00, 0x00, 0x00, 0x00, 0x00, 0x00, 0x00, 0x00, 
    0x00, 0x00, 0x00, 0x00, 0x00, 0x00, 0x00, 0x00, 0x00, 0x00, 0x00, 0x00, 0x00, 0x00, 0x00, 0x00, 
    0x00, 0x00, 0x00, 0x00, 0x00, 0x00, 0x00, 0x00, 0x00, 0x00, 0x00, 0x00, 0x00, 0x00, 0x00, 0x00, 
    0x00, 0x00, 0x00, 0xA2, 0x01, 0xE7, 0x02, 0xCB, 0x03, 0x2C, 0x03, 0x4D, 0x03, 0x0B, 0x02, 0x49, 
    0x01, 0x45, 0x00, 0x61, 0x00, 0x00, 0x00, 0x00, 0x00, 0x00, 0x00, 0x00, 0x00, 0x00, 0x00, 0x00, 
    0x01, 0x04, 0x02, 0x28, 0x02, 0xAA, 0x02, 0xCB, 0x03, 0x0C, 0x03, 0x0D, 0x03, 0x2D, 0x03, 0x2D, 
    0x03, 0x2D, 0x03, 0x2D, 0x03, 0x0D, 0x03, 0x0C, 0x02, 0xEB, 0x02, 0xEB, 0x03, 0x0C, 0x03, 0x0C, 
    0x02, 0xEB, 0x02, 0x8A, 0x01, 0xC7, 0x00, 0xA2, 0x00, 0x00, 0x00, 0x00, 0x00, 0x00, 0x00, 0x00, 
    0x00, 0x00, 0x00, 0x00, 0x00, 0x00, 0x00, 0x00, 0x00, 0x00, 0x00, 0x82, 0x01, 0xA6, 0x02, 0x89, 
    0x03, 0x0C, 0x03, 0x2C, 0x03, 0x0C, 0x02, 0xCB, 0x02, 0x28, 0x01, 0xA6, 0x01, 0x45, 0x01, 0x65, 
    0x01, 0xE7, 0x02, 0x8A, 0x03, 0x0C, 0x03, 0x4D, 0x03, 0x2C, 0x02, 0xEB, 0x02, 0x69, 0x01, 0xA6, 
    0x01, 0x45, 0x01, 0x24, 0x01, 0x04, 0x01, 0xC6, 0x02, 0x69, 0x02, 0xCB, 0x02, 0xCB, 0x02, 0x8A, 
    0x01, 0xC6, 0x00, 0xA2, 0x00, 0x20, 0x00, 0x00, 0x00, 0x00, 0x00, 0x82, 0x01, 0xE7, 0x02, 0x8A, 
    0x02, 0xCB, 0x03, 0x0C, 0x03, 0x0C, 0x02, 0xCB, 0x02, 0xAA, 0x02, 0xCA, 0x02, 0xEB, 0x03, 0x2C, 
    0x03, 0x2D, 0x03, 0x2E, 0x03, 0x2E, 0x03, 0x2E, 0x03, 0x2F, 0x03, 0x2F, 0x03, 0x2F, 0x03, 0x2F, 
    0x03, 0x2E, 0x03, 0x0D, 0x03, 0x2D, 0x03, 0x0C, 0x02, 0x89, 0x02, 0x07, 0x01, 0xE7, 0x01, 0xE7, 
    0x02, 0x48, 0x02, 0xCB, 0x03, 0x0D, 0x03, 0x4E, 0x03, 0x8F, 0x03, 0x8F, 0x03, 0x4D, 0x02, 0xEB, 
    0x02, 0x49, 0x01, 0x04, 0x00, 0x00, 0x00, 0x00, 0x00, 0x00, 0x00, 0x00, 0x00, 0x00, 0x00, 0xE3, 
    0x02, 0xCB, 0x02, 0x29, 0x4B, 0x0E, 0x4D, 0x9F, 0x2C, 0xDF, 0x34, 0xDF, 0x34, 0xBF, 0x34, 0x9F, 
    0x2C, 0x7F, 0x2C, 0x5F, 0x34, 0x7F, 0x23, 0xDF, 0x23, 0x9F, 0x2B, 0xBF, 0x44, 0x7F, 0x4A, 0xCF, 
    0x00, 0x88, 0x01, 0xEE, 0x02, 0x8D, 0x02, 0xCD, 0x02, 0xEE, 0x03, 0x0F, 0x03, 0x2F, 0x03, 0x0F, 
    0x03, 0x0F, 0x03, 0x10, 0x03, 0x30, 0x03, 0x50, 0x03, 0x4F, 0x03, 0x4E, 0x02, 0xEC, 0x02, 0xAA, 
    0x02, 0x89, 0x02, 0x69, 0x02, 0x69, 0x02, 0xAA, 0x02, 0xEC, 0x03, 0x2D, 0x03, 0x4E, 0x03, 0x2F, 
    0x03, 0x30, 0x03, 0x10, 0x03, 0x30, 0x03, 0x50, 0x03, 0x50, 0x03, 0x6F, 0x03, 0x4E, 0x02, 0xEB, 
    0x01, 0xE7, 0x00, 0xC3, 0x00, 0x00, 0x00, 0x00, 0x00, 0x00, 0x00, 0x00, 0x00, 0x00, 0x00, 0x00, 
    0x00, 0xA2, 0x02, 0x28, 0x02, 0xEB, 0x03, 0x2C, 0x03, 0x6D, 0x03, 0x0C, 0x01, 0xE7, 0x01, 0x04, 
    0x00, 0x82, 0x00, 0x61, 0x00, 0xA2, 0x01, 0xA6, 0x02, 0xCA, 0x03, 0x4D, 0x03, 0x4E, 0x03, 0x2D, 
    0x02, 0xEC, 0x02, 0xCA, 0x02, 0xCA, 0x02, 0xEB, 0x03, 0x2D, 0x03, 0x4E, 0x03, 0x6F, 0x03, 0x50, 
    0x03, 0x30, 0x0B, 0x11, 0x0B, 0x11, 0x0B, 0x11, 0x0B, 0x31, 0x0B, 0x50, 0x0B, 0x4F, 0x0B, 0x2E, 
    0x02, 0xEC, 0x02, 0xCA, 0x02, 0xCA, 0x0A, 0xEB, 0x0B, 0x2D, 0x0B, 0x70, 0x13, 0x71, 0x13, 0x32, 
    0x13, 0x12, 0x12, 0xF2, 0x12, 0xF2, 0x12, 0xF2, 0x13, 0x12, 0x13, 0x12, 0x13, 0x30, 0x13, 0x2F, 
    0x0B, 0x2E, 0x0A, 0xEC, 0x0A, 0xEC, 0x13, 0x2D, 0x13, 0x6F, 0x13, 0x71, 0x13, 0x32, 0x1B, 0x13, 
    0x1A, 0xF3, 0x1A, 0xD3, 0x1A, 0xD3, 0x1A, 0xF3, 0x1B, 0x13, 0x1B, 0x33, 0x23, 0x72, 0x23, 0xB1, 
    0x1B, 0x8F, 0x0A, 0x69, 0x00, 0x61, 0x00, 0x00, 0x00, 0x00, 0x00, 0x00, 0x00, 0x00, 0x00, 0x00, 
    0x00, 0x00, 0x00, 0x00, 0x00, 0x00, 0x00, 0x00, 0x00, 0x00, 0x00, 0x00, 0x00, 0x00, 0x00, 0x00, 
    0x00, 0x00, 0x00, 0x00, 0x00, 0x00, 0x00, 0x00, 0x00, 0x00, 0x00, 0x00, 0x00, 0x00, 0x00, 0x00, 
    0x00, 0x00, 0x00, 0x00, 0x00, 0x00, 0x00, 0x00, 0x00, 0x00, 0x00, 0x00, 0x00, 0x00, 0x00, 0x00, 
    0x00, 0x00, 0x00, 0x00, 0x00, 0x00, 0x00, 0x00, 0x00, 0x00, 0x00, 0x00, 0x00, 0x00, 0x00, 0x00, 
    0x00, 0x00, 0x00, 0x00, 0x00, 0x00, 0x00, 0x00, 0x00, 0x00, 0x00, 0x00, 0x00, 0x00, 0x00, 0x00, 
    0x00, 0x00, 0x00, 0x00, 0x00, 0x00, 0x00, 0x00, 0x00, 0x00, 0x00, 0x00, 0x00, 0x00, 0x00, 0x00, 
    0x00, 0x00, 0x00, 0x00, 0x00, 0x00, 0x00, 0x00, 0x00, 0x00, 0x00, 0x00, 0x00, 0x00, 0x00, 0x00, 
    0x00, 0x00, 0x00, 0x00, 0x00, 0x00, 0x00, 0x00, 0x00, 0x00, 0x00, 0x00, 0x00, 0x00, 0x00, 0x00, 
    0x00, 0x00, 0x00, 0x00, 0x00, 0x00, 0x00, 0x00, 0x00, 0x00, 0x00, 0x00, 0x00, 0x00, 0x00, 0x00, 
    0x00, 0x00, 0x00, 0x00, 0x00, 0x82, 0x01, 0x65, 0x02, 0x08, 0x02, 0x28, 0x01, 0xC7, 0x01, 0x04, 
    0x00, 0x41, 0x00, 0x00, 0x00, 0x00, 0x00, 0x00, 0x00, 0x00, 0x00, 0x00, 0x00, 0x00, 0x00, 0x00, 
    0x00, 0x00, 0x00, 0x41, 0x00, 0xE3, 0x01, 0x65, 0x01, 0xC6, 0x01, 0xE7, 0x01, 0xE7, 0x01, 0xE7, 
    0x01, 0xE7, 0x01, 0xE7, 0x01, 0xE7, 0x01, 0xE7, 0x01, 0xC7, 0x01, 0xC7, 0x01, 0xC7, 0x01, 0xA6, 
    0x01, 0x45, 0x00, 0xE3, 0x00, 0x41, 0x00, 0x00, 0x00, 0x00, 0x00, 0x00, 0x00, 0x00, 0x00, 0x00, 
    0x00, 0x00, 0x00, 0x00, 0x00, 0x00, 0x00, 0x00, 0x00, 0x00, 0x00, 0x00, 0x00, 0x00, 0x00, 0x61, 
    0x01, 0x24, 0x01, 0x86, 0x01, 0x65, 0x01, 0x04, 0x00, 0xA2, 0x00, 0x41, 0x00, 0x20, 0x00, 0x00, 
    0x00, 0x61, 0x00, 0xC3, 0x01, 0x24, 0x01, 0x86, 0x01, 0x65, 0x01, 0x24, 0x00, 0xC3, 0x00, 0x41, 
    0x00, 0x20, 0x00, 0x00, 0x00, 0x00, 0x00, 0x00, 0x00, 0xA2, 0x01, 0x24, 0x01, 0x04, 0x00, 0xA2, 
    0x00, 0x20, 0x00, 0x00, 0x00, 0x00, 0x00, 0x00, 0x00, 0x00, 0x00, 0x00, 0x00, 0x20, 0x00, 0xC3, 
    0x01, 0x45, 0x01, 0x86, 0x01, 0x86, 0x01, 0x86, 0x01, 0x45, 0x01, 0x45, 0x01, 0x44, 0x01, 0x85, 
    0x01, 0xC6, 0x02, 0x28, 0x02, 0x48, 0x02, 0x69, 0x02, 0x89, 0x02, 0x89, 0x02, 0x89, 0x02, 0x69, 
    0x02, 0x69, 0x02, 0x28, 0x01, 0xC6, 0x01, 0x45, 0x00, 0xE3, 0x00, 0xA2, 0x00, 0x41, 0x00, 0x41, 
    0x00, 0x82, 0x01, 0x24, 0x01, 0xA6, 0x01, 0xE7, 0x02, 0x28, 0x02, 0x28, 0x01, 0xC6, 0x01, 0x24, 
    0x00, 0x82, 0x00, 0x00, 0x00, 0x00, 0x00, 0x00, 0x00, 0x00, 0x00, 0x00, 0x00, 0x00, 0x00, 0xA2, 
    0x02, 0x89, 0x02, 0x29, 0x4B, 0x0F, 0x35, 0x1F, 0x0C, 0x1F, 0x0B, 0xFF, 0x0B, 0xDF, 0x13, 0xDF, 
    0x1B, 0xDF, 0x1B, 0xDF, 0x13, 0x9F, 0x13, 0x7F, 0x13, 0x7F, 0x23, 0xDF, 0x6C, 0x7B, 0x18, 0xC5, 
    0x01, 0xAE, 0x02, 0xEE, 0x03, 0x2C, 0x02, 0xCB, 0x02, 0xAA, 0x02, 0xAA, 0x02, 0xCA, 0x02, 0xCA, 
    0x02, 0xCA, 0x02, 0xCA, 0x02, 0xCA, 0x02, 0xAA, 0x02, 0x69, 0x02, 0x07, 0x01, 0xC6, 0x01, 0x65, 
    0x01, 0x04, 0x00, 0xC3, 0x00, 0xC3, 0x01, 0x24, 0x01, 0x65, 0x01, 0xE7, 0x02, 0x48, 0x02, 0xA9, 
    0x02, 0xAA, 0x02, 0xAA, 0x02, 0xAA, 0x02, 0x89, 0x02, 0x69, 0x02, 0x28, 0x01, 0xA6, 0x00, 0xE3, 
    0x00, 0x20, 0x00, 0x00, 0x00, 0x00, 0x00, 0x00, 0x00, 0x00, 0x00, 0x00, 0x00, 0x00, 0x00, 0x00, 
    0x00, 0x00, 0x00, 0x00, 0x00, 0xA2, 0x01, 0x24, 0x01, 0x24, 0x00, 0xC2, 0x00, 0x41, 0x00, 0x00, 
    0x00, 0x00, 0x00, 0x00, 0x00, 0x00, 0x00, 0x00, 0x00, 0x82, 0x01, 0x24, 0x01, 0x86, 0x01, 0xA6, 
    0x01, 0x65, 0x01, 0x65, 0x01, 0x45, 0x01, 0x65, 0x01, 0xA6, 0x01, 0xE7, 0x02, 0x48, 0x02, 0x89, 
    0x02, 0xCA, 0x02, 0xCA, 0x02, 0xCA, 0x02, 0xCA, 0x02, 0xCA, 0x0A, 0x89, 0x02, 0x48, 0x01, 0xC6, 
    0x01, 0x85, 0x01, 0x44, 0x01, 0x24, 0x01, 0x45, 0x01, 0xC6, 0x0A, 0x48, 0x0A, 0xA9, 0x0A, 0xEA, 
    0x0B, 0x0B, 0x0B, 0x0C, 0x0B, 0x0C, 0x0B, 0x0C, 0x0B, 0x0B, 0x0A, 0xCA, 0x0A, 0x89, 0x0A, 0x28, 
    0x01, 0xE7, 0x01, 0xA6, 0x01, 0x85, 0x01, 0x85, 0x02, 0x07, 0x0A, 0x89, 0x12, 0xEB, 0x13, 0x2C, 
    0x13, 0x2C, 0x13, 0x4C, 0x13, 0x4D, 0x13, 0x4C, 0x13, 0x2C, 0x13, 0x0B, 0x12, 0xCA, 0x0A, 0x48, 
    0x01, 0x24, 0x00, 0x00, 0x00, 0x00, 0x00, 0x00, 0x00, 0x00, 0x00, 0x00, 0x00, 0x00, 0x00, 0x00, 
    0x00, 0x00, 0x00, 0x00, 0x00, 0x00, 0x00, 0x00, 0x00, 0x00, 0x00, 0x00, 0x00, 0x00, 0x00, 0x00, 
    0x00, 0x00, 0x00, 0x00, 0x00, 0x00, 0x00, 0x00, 0x00, 0x00, 0x00, 0x00, 0x00, 0x00, 0x00, 0x00, 
    0x00, 0x00, 0x00, 0x00, 0x00, 0x00, 0x00, 0x00, 0x00, 0x00, 0x00, 0x00, 0x00, 0x00, 0x00, 0x00, 
    0x00, 0x00, 0x00, 0x00, 0x00, 0x00, 0x00, 0x00, 0x00, 0x00, 0x00, 0x00, 0x00, 0x00, 0x00, 0x00, 
    0x00, 0x00, 0x00, 0x00, 0x00, 0x00, 0x00, 0x00, 0x00, 0x00, 0x00, 0x00, 0x00, 0x00, 0x00, 0x00, 
    0x00, 0x00, 0x00, 0x00, 0x00, 0x00, 0x00, 0x00, 0x00, 0x00, 0x00, 0x00, 0x00, 0x00, 0x00, 0x00, 
    0x00, 0x00, 0x00, 0x00, 0x00, 0x00, 0x00, 0x00, 0x00, 0x00, 0x00, 0x00, 0x00, 0x00, 0x00, 0x00, 
    0x00, 0x00, 0x00, 0x00, 0x00, 0x00, 0x00, 0x00, 0x00, 0x00, 0x00, 0x00, 0x00, 0x00, 0x00, 0x00, 
    0x00, 0x00, 0x00, 0x00, 0x00, 0x00, 0x00, 0x00, 0x00, 0x00, 0x00, 0x00, 0x00, 0x00, 0x00, 0x00, 
    0x00, 0x00, 0x00, 0x00, 0x00, 0x20, 0x01, 0x04, 0x01, 0xA6, 0x01, 0xC7, 0x01, 0x45, 0x00, 0x82, 
    0x00, 0x00, 0x00, 0x00, 0x00, 0x00, 0x00, 0x00, 0x00, 0x00, 0x00, 0x00, 0x00, 0x00, 0x00, 0x00, 
    0x00, 0x00, 0x00, 0x00, 0x00, 0x00, 0x00, 0x00, 0x00, 0x00, 0x00, 0x20, 0x00, 0x20, 0x00, 0x41, 
    0x00, 0x41, 0x00, 0x41, 0x00, 0x20, 0x00, 0x20, 0x00, 0x20, 0x00, 0x20, 0x00, 0x20, 0x00, 0x20, 
    0x00, 0x00, 0x00, 0x00, 0x00, 0x00, 0x00, 0x00, 0x00, 0x00, 0x00, 0x00, 0x00, 0x00, 0x00, 0x00, 
    0x00, 0x00, 0x00, 0x00, 0x00, 0x00, 0x00, 0x00, 0x00, 0x00, 0x00, 0x00, 0x00, 0x00, 0x00, 0x00, 
    0x00, 0x00, 0x00, 0x00, 0x00, 0x00, 0x00, 0x00, 0x00, 0x00, 0x00, 0x00, 0x00, 0x00, 0x00, 0x00, 
    0x00, 0x00, 0x00, 0x00, 0x00, 0x00, 0x00, 0x00, 0x00, 0x00, 0x00, 0x00, 0x00, 0x00, 0x00, 0x00, 
    0x00, 0x00, 0x00, 0x00, 0x00, 0x00, 0x00, 0x00, 0x00, 0x00, 0x00, 0x00, 0x00, 0x00, 0x00, 0x00, 
    0x00, 0x00, 0x00, 0x00, 0x00, 0x00, 0x00, 0x00, 0x00, 0x00, 0x00, 0x00, 0x00, 0x00, 0x00, 0x00, 
    0x00, 0x00, 0x00, 0x00, 0x00, 0x20, 0x00, 0x00, 0x00, 0x00, 0x00, 0x00, 0x00, 0x00, 0x00, 0x00, 
    0x00, 0x00, 0x00, 0x41, 0x00, 0x61, 0x00, 0x82, 0x00, 0xA2, 0x00, 0xA2, 0x00, 0xC3, 0x00, 0xC3, 
    0x00, 0xA2, 0x00, 0x82, 0x00, 0x20, 0x00, 0x00, 0x00, 0x00, 0x00, 0x00, 0x00, 0x00, 0x00, 0x00, 
    0x00, 0x00, 0x00, 0x00, 0x00, 0x00, 0x00, 0x20, 0x00, 0x41, 0x00, 0x61, 0x00, 0x20, 0x00, 0x00, 
    0x00, 0x00, 0x00, 0x00, 0x00, 0x00, 0x00, 0x00, 0x00, 0x00, 0x00, 0x00, 0x00, 0x00, 0x00, 0x41, 
    0x02, 0x49, 0x02, 0x08, 0x53, 0x4F, 0x5D, 0xFF, 0x34, 0xFF, 0x2C, 0xBF, 0x24, 0x9F, 0x2C, 0x9F, 
    0x3C, 0xBF, 0x3C, 0x9F, 0x34, 0x5F, 0x2C, 0x3F, 0x2C, 0x3F, 0x5C, 0x1A, 0x29, 0x06, 0x01, 0x0C, 
    0x03, 0x11, 0x03, 0x4C, 0x02, 0x49, 0x01, 0x86, 0x01, 0x24, 0x01, 0x04, 0x01, 0x04, 0x01, 0x04, 
    0x01, 0x04, 0x01, 0x04, 0x00, 0xE3, 0x00, 0xC3, 0x00, 0xA2, 0x00, 0x61, 0x00, 0x20, 0x00, 0x00, 
    0x00, 0x00, 0x00, 0x00, 0x00, 0x00, 0x00, 0x00, 0x00, 0x00, 0x00, 0x20, 0x00, 0x41, 0x00, 0xA2, 
    0x00, 0xA2, 0x00, 0xC3, 0x00, 0xC3, 0x00, 0xC3, 0x00, 0x82, 0x00, 0x41, 0x00, 0x00, 0x00, 0x00, 
    0x00, 0x00, 0x00, 0x00, 0x00, 0x00, 0x00, 0x00, 0x00, 0x00, 0x00, 0x00, 0x00, 0x00, 0x00, 0x00, 
    0x00, 0x00, 0x00, 0x00, 0x00, 0x00, 0x00, 0x00, 0x00, 0x00, 0x00, 0x00, 0x00, 0x00, 0x00, 0x00, 
    0x00, 0x00, 0x00, 0x00, 0x00, 0x00, 0x00, 0x00, 0x00, 0x00, 0x00, 0x00, 0x00, 0x00, 0x00, 0x00, 
    0x00, 0x00, 0x00, 0x00, 0x00, 0x00, 0x00, 0x00, 0x00, 0x00, 0x00, 0x00, 0x00, 0x20, 0x00, 0x41, 
    0x00, 0x82, 0x00, 0x82, 0x00, 0x82, 0x00, 0xA2, 0x00, 0x81, 0x00, 0x40, 0x00, 0x00, 0x00, 0x00, 
    0x00, 0x00, 0x00, 0x00, 0x00, 0x00, 0x00, 0x00, 0x00, 0x00, 0x00, 0x00, 0x00, 0x20, 0x00, 0x41, 
    0x00, 0x82, 0x00, 0xA2, 0x00, 0xA2, 0x00, 0xA2, 0x00, 0xA2, 0x00, 0x61, 0x00, 0x20, 0x00, 0x00, 
    0x00, 0x00, 0x00, 0x00, 0x00, 0x00, 0x00, 0x00, 0x00, 0x00, 0x00, 0x20, 0x00, 0x61, 0x00, 0xA2, 
    0x00, 0xC2, 0x01, 0x03, 0x00, 0xE3, 0x00, 0xE3, 0x00, 0xC2, 0x00, 0x82, 0x00, 0x20, 0x00, 0x00, 
    0x00, 0x00, 0x00, 0x00, 0x00, 0x00, 0x00, 0x00, 0x00, 0x00, 0x00, 0x00, 0x00, 0x00, 0x00, 0x00, 
    0x00, 0x00, 0x00, 0x00, 0x00, 0x00, 0x00, 0x00, 0x00, 0x00, 0x00, 0x00, 0x00, 0x00, 0x00, 0x00, 
    0x00, 0x00, 0x00, 0x00, 0x00, 0x00, 0x00, 0x00, 0x00, 0x00, 0x00, 0x00, 0x00, 0x00, 0x00, 0x00, 
    0x00, 0x00, 0x00, 0x00, 0x00, 0x00, 0x00, 0x00, 0x00, 0x00, 0x00, 0x00, 0x00, 0x00, 0x00, 0x00, 
    0x00, 0x00, 0x00, 0x00, 0x00, 0x00, 0x00, 0x00, 0x00, 0x00, 0x00, 0x00, 0x00, 0x00, 0x00, 0x00, 
    0x00, 0x00, 0x00, 0x00, 0x00, 0x00, 0x00, 0x00, 0x00, 0x00, 0x00, 0x00, 0x00, 0x00, 0x00, 0x00, 
    0x00, 0x00, 0x00, 0x00, 0x00, 0x00, 0x00, 0x00, 0x00, 0x00, 0x00, 0x00, 0x00, 0x00, 0x00, 0x00, 
    0x00, 0x00, 0x00, 0x00, 0x00, 0x00, 0x00, 0x00, 0x00, 0x00, 0x00, 0x00, 0x00, 0x00, 0x00, 0x00, 
    0x00, 0x00, 0x00, 0x00, 0x00, 0x00, 0x00, 0x00, 0x00, 0x00, 0x00, 0x00, 0x00, 0x00, 0x00, 0x00, 
    0x00, 0x00, 0x00, 0x00, 0x00, 0x00, 0x00, 0x00, 0x00, 0x00, 0x00, 0x00, 0x00, 0x00, 0x00, 0x00, 
    0x00, 0x00, 0x00, 0x00, 0x00, 0x20, 0x01, 0x45, 0x02, 0x08, 0x02, 0x28, 0x01, 0x86, 0x00, 0x82, 
    0x00, 0x00, 0x00, 0x00, 0x00, 0x00, 0x00, 0x00, 0x00, 0x00, 0x00, 0x00, 0x00, 0x00, 0x00, 0x00, 
    0x00, 0x00, 0x00, 0x00, 0x00, 0x00, 0x00, 0x00, 0x00, 0x00, 0x00, 0x00, 0x00, 0x00, 0x00, 0x00, 
    0x00, 0x00, 0x00, 0x00, 0x00, 0x00, 0x00, 0x00, 0x00, 0x00, 0x00, 0x00, 0x00, 0x00, 0x00, 0x00, 
    0x00, 0x00, 0x00, 0x00, 0x00, 0x00, 0x00, 0x00, 0x00, 0x00, 0x00, 0x00, 0x00, 0x00, 0x00, 0x00, 
    0x00, 0x00, 0x00, 0x00, 0x00, 0x00, 0x00, 0x00, 0x00, 0x00, 0x00, 0x00, 0x00, 0x00, 0x00, 0x00, 
    0x00, 0x00, 0x00, 0x00, 0x00, 0x00, 0x00, 0x00, 0x00, 0x00, 0x00, 0x00, 0x00, 0x00, 0x00, 0x00, 
    0x00, 0x00, 0x00, 0x00, 0x00, 0x00, 0x00, 0x00, 0x00, 0x00, 0x00, 0x00, 0x00, 0x00, 0x00, 0x00, 
    0x00, 0x00, 0x00, 0x00, 0x00, 0x00, 0x00, 0x00, 0x00, 0x00, 0x00, 0x00, 0x00, 0x00, 0x00, 0x00, 
    0x00, 0x00, 0x00, 0x00, 0x00, 0x00, 0x00, 0x00, 0x00, 0x00, 0x00, 0x00, 0x00, 0x00, 0x00, 0x00, 
    0x00, 0x00, 0x00, 0x00, 0x00, 0x00, 0x00, 0x00, 0x00, 0x00, 0x00, 0x00, 0x00, 0x00, 0x00, 0x00, 
    0x00, 0x00, 0x00, 0x00, 0x00, 0x00, 0x00, 0x00, 0x00, 0x00, 0x00, 0x00, 0x00, 0x00, 0x00, 0x00, 
    0x00, 0x00, 0x00, 0x00, 0x00, 0x00, 0x00, 0x00, 0x00, 0x00, 0x00, 0x00, 0x00, 0x00, 0x00, 0x00, 
    0x00, 0x00, 0x00, 0x00, 0x00, 0x00, 0x00, 0x00, 0x00, 0x00, 0x00, 0x00, 0x00, 0x00, 0x00, 0x00, 
    0x00, 0x00, 0x00, 0x00, 0x00, 0x00, 0x00, 0x00, 0x00, 0x00, 0x00, 0x00, 0x00, 0x00, 0x00, 0x00, 
    0x01, 0xC7, 0x02, 0x49, 0x21, 0xC9, 0x4A, 0xEF, 0x3A, 0x8E, 0x3A, 0x6E, 0x32, 0x6D, 0x32, 0x6D, 
    0x3A, 0x8E, 0x3A, 0x8E, 0x3A, 0x6E, 0x32, 0x6E, 0x32, 0x2C, 0x10, 0xA4, 0x00, 0xCA, 0x02, 0x70, 
    0x03, 0x4E, 0x02, 0xCA, 0x01, 0x65, 0x00, 0x20, 0x00, 0x00, 0x00, 0x00, 0x00, 0x00, 0x00, 0x00, 
    0x00, 0x00, 0x00, 0x00, 0x00, 0x00, 0x00, 0x00, 0x00, 0x00, 0x00, 0x00, 0x00, 0x00, 0x00, 0x00, 
    0x00, 0x00, 0x00, 0x00, 0x00, 0x00, 0x00, 0x00, 0x00, 0x00, 0x00, 0x00, 0x00, 0x00, 0x00, 0x00, 
    0x00, 0x00, 0x00, 0x00, 0x00, 0x00, 0x00, 0x00, 0x00, 0x00, 0x00, 0x00, 0x00, 0x00, 0x00, 0x00, 
    0x00, 0x00, 0x00, 0x00, 0x00, 0x00, 0x00, 0x00, 0x00, 0x00, 0x00, 0x00, 0x00, 0x00, 0x00, 0x00, 
    0x00, 0x00, 0x00, 0x00, 0x00, 0x00, 0x00, 0x00, 0x00, 0x00, 0x00, 0x00, 0x00, 0x00, 0x00, 0x00, 
    0x00, 0x00, 0x00, 0x00, 0x00, 0x00, 0x00, 0x00, 0x00, 0x00, 0x00, 0x00, 0x00, 0x00, 0x00, 0x00, 
    0x00, 0x00, 0x00, 0x00, 0x00, 0x00, 0x00, 0x00, 0x00, 0x00, 0x00, 0x00, 0x00, 0x00, 0x00, 0x00, 
    0x00, 0x00, 0x00, 0x00, 0x00, 0x00, 0x00, 0x00, 0x00, 0x00, 0x00, 0x00, 0x00, 0x00, 0x00, 0x00, 
    0x00, 0x00, 0x00, 0x00, 0x00, 0x00, 0x00, 0x00, 0x00, 0x00, 0x00, 0x00, 0x00, 0x00, 0x00, 0x00, 
    0x00, 0x00, 0x00, 0x00, 0x00, 0x00, 0x00, 0x00, 0x00, 0x00, 0x00, 0x00, 0x00, 0x00, 0x00, 0x00, 
    0x00, 0x00, 0x00, 0x00, 0x00, 0x00, 0x00, 0x00, 0x00, 0x00, 0x00, 0x00, 0x00, 0x00, 0x00, 0x00, 
    0x00, 0x00, 0x00, 0x00, 0x00, 0x00, 0x00, 0x00, 0x00, 0x00, 0x00, 0x00, 0x00, 0x00, 0x00, 0x00, 
    0x00, 0x00, 0x00, 0x00, 0x00, 0x00, 0x00, 0x00, 0x00, 0x00, 0x00, 0x00, 0x00, 0x00, 0x00, 0x00, 
    0x00, 0x00, 0x00, 0x00, 0x00, 0x00, 0x00, 0x00, 0x00, 0x00, 0x00, 0x00, 0x00, 0x00, 0x00, 0x00, 
    0x00, 0x00, 0x00, 0x00, 0x00, 0x00, 0x00, 0x00, 0x00, 0x00, 0x00, 0x00, 0x00, 0x00, 0x00, 0x00, 
    0x00, 0x00, 0x00, 0x00, 0x00, 0x00, 0x00, 0x00, 0x00, 0x00, 0x00, 0x00, 0x00, 0x00, 0x00, 0x00, 
    0x00, 0x00, 0x00, 0x00, 0x00, 0x00, 0x00, 0x00, 0x00, 0x00, 0x00, 0x00, 0x00, 0x00, 0x00, 0x00, 
    0x00, 0x00, 0x00, 0x00, 0x00, 0x00, 0x00, 0x00, 0x00, 0x00, 0x00, 0x00, 0x00, 0x00, 0x00, 0x00, 
    0x00, 0x00, 0x00, 0x00, 0x00, 0x00, 0x00, 0x00, 0x00, 0x00, 0x00, 0x00, 0x00, 0x00, 0x00, 0x00, 
    0x00, 0x00, 0x00, 0x00, 0x00, 0x00, 0x00, 0x00, 0x00, 0x00, 0x00, 0x00, 0x00, 0x00, 0x00, 0x00, 
    0x00, 0x00, 0x00, 0x00, 0x00, 0x00, 0x00, 0x00, 0x00, 0x00, 0x00, 0x00, 0x00, 0x00, 0x00, 0x00, 
    0x00, 0x00, 0x00, 0x00, 0x00, 0x00, 0x00, 0x00, 0x00, 0x00, 0x00, 0x00, 0x00, 0x00, 0x00, 0x00, 
    0x00, 0x00, 0x00, 0x82, 0x01, 0x65, 0x01, 0xC7, 0x02, 0x28, 0x02, 0x69, 0x02, 0x69, 0x01, 0xE7, 
    0x00, 0x41, 0x00, 0x00, 0x00, 0x00, 0x00, 0x00, 0x00, 0x00, 0x00, 0x00, 0x00, 0x00, 0x00, 0x00, 
    0x00, 0x00, 0x00, 0x00, 0x00, 0x00, 0x00, 0x00, 0x00, 0x00, 0x00, 0x00, 0x00, 0x00, 0x00, 0x00, 
    0x00, 0x00, 0x00, 0x00, 0x00, 0x00, 0x00, 0x00, 0x00, 0x00, 0x00, 0x00, 0x00, 0x00, 0x00, 0x00, 
    0x00, 0x00, 0x00, 0x00, 0x00, 0x00, 0x00, 0x00, 0x00, 0x00, 0x00, 0x00, 0x00, 0x82, 0x01, 0x04, 
    0x01, 0x24, 0x01, 0x04, 0x00, 0x00, 0x00, 0x00, 0x00, 0x00, 0x00, 0x00, 0x00, 0x00, 0x00, 0x00, 
    0x00, 0x00, 0x00, 0x00, 0x00, 0x00, 0x00, 0x00, 0x00, 0x00, 0x00, 0x00, 0x00, 0x00, 0x00, 0x00, 
    0x00, 0x00, 0x00, 0x00, 0x00, 0x00, 0x00, 0x00, 0x00, 0x00, 0x00, 0x00, 0x00, 0x00, 0x00, 0x00, 
    0x00, 0x00, 0x00, 0x00, 0x00, 0x00, 0x00, 0x00, 0x00, 0x00, 0x00, 0x00, 0x00, 0x00, 0x00, 0x00, 
    0x00, 0x00, 0x00, 0x00, 0x00, 0x00, 0x00, 0x00, 0x00, 0x00, 0x00, 0x00, 0x00, 0x00, 0x00, 0x00, 
    0x00, 0x00, 0x00, 0x00, 0x00, 0x00, 0x00, 0x00, 0x00, 0x00, 0x00, 0x00, 0x00, 0x00, 0x00, 0x00, 
    0x00, 0x00, 0x00, 0x00, 0x00, 0x00, 0x00, 0x00, 0x00, 0x00, 0x00, 0x00, 0x00, 0x00, 0x00, 0x00, 
    0x00, 0x00, 0x00, 0x00, 0x00, 0x00, 0x00, 0x00, 0x00, 0x00, 0x00, 0x00, 0x00, 0x00, 0x00, 0x00, 
    0x00, 0x00, 0x00, 0x00, 0x00, 0x00, 0x00, 0x00, 0x00, 0x00, 0x00, 0x00, 0x00, 0x00, 0x00, 0x00, 
    0x00, 0x00, 0x00, 0x00, 0x00, 0x00, 0x00, 0x00, 0x00, 0x00, 0x00, 0x00, 0x00, 0x00, 0x00, 0x00, 
    0x00, 0x82, 0x01, 0xE7, 0x02, 0x8A, 0x02, 0x4A, 0x01, 0xA9, 0x01, 0x09, 0x00, 0x88, 0x00, 0x48, 
    0x00, 0x05, 0x00, 0x00, 0x00, 0x00, 0x00, 0x00, 0x00, 0x00, 0x00, 0x69, 0x01, 0xB0, 0x02, 0xCE, 
    0x03, 0x2C, 0x02, 0x08, 0x00, 0xA2, 0x00, 0x00, 0x00, 0x00, 0x00, 0x00, 0x00, 0x00, 0x00, 0x00, 
    0x00, 0x00, 0x00, 0x00, 0x00, 0x00, 0x00, 0x00, 0x00, 0x00, 0x00, 0x00, 0x00, 0x00, 0x00, 0x00, 
    0x00, 0x00, 0x00, 0x00, 0x00, 0x00, 0x00, 0x00, 0x00, 0x00, 0x00, 0x00, 0x00, 0x00, 0x00, 0x00, 
    0x00, 0x00, 0x00, 0x00, 0x00, 0x00, 0x00, 0x00, 0x00, 0x00, 0x00, 0x00, 0x00, 0x00, 0x00, 0x00, 
    0x00, 0x00, 0x00, 0x00, 0x00, 0x00, 0x00, 0x00, 0x00, 0x00, 0x00, 0x00, 0x00, 0x00, 0x00, 0x00, 
    0x00, 0x00, 0x00, 0x00, 0x00, 0x00, 0x00, 0x00, 0x00, 0x00, 0x00, 0x00, 0x00, 0x00, 0x00, 0x00, 
    0x00, 0x00, 0x00, 0x00, 0x00, 0x00, 0x00, 0x00, 0x00, 0x00, 0x00, 0x00, 0x00, 0x00, 0x00, 0x00, 
    0x00, 0x00, 0x00, 0x00, 0x00, 0x00, 0x00, 0x00, 0x00, 0x00, 0x00, 0x00, 0x00, 0x00, 0x00, 0x00, 
    0x00, 0x00, 0x00, 0x00, 0x00, 0x00, 0x00, 0x00, 0x00, 0x00, 0x00, 0x00, 0x00, 0x00, 0x00, 0x00, 
    0x00, 0x00, 0x00, 0x00, 0x00, 0x00, 0x00, 0x00, 0x00, 0x00, 0x00, 0x00, 0x00, 0x00, 0x00, 0x00, 
    0x00, 0x00, 0x00, 0x00, 0x00, 0x00, 0x00, 0x00, 0x00, 0x00, 0x00, 0x00, 0x00, 0x00, 0x00, 0x00, 
    0x00, 0x00, 0x00, 0x00, 0x00, 0x00, 0x00, 0x00, 0x00, 0x00, 0x00, 0x00, 0x00, 0x00, 0x00, 0x00, 
    0x00, 0x00, 0x00, 0x00, 0x00, 0x00, 0x00, 0x00, 0x00, 0x00, 0x00, 0x00, 0x00, 0x00, 0x00, 0x00, 
    0x00, 0x00, 0x00, 0x00, 0x00, 0x00, 0x00, 0x00, 0x00, 0x00, 0x00, 0x00, 0x00, 0x00, 0x00, 0x00, 
    0x00, 0x00, 0x00, 0x00, 0x00, 0x00, 0x00, 0x00, 0x00, 0x00, 0x00, 0x00, 0x00, 0x00, 0x00, 0x00, 
    0x00, 0x00, 0x00, 0x00, 0x00, 0x00, 0x00, 0x00, 0x00, 0x00, 0x00, 0x00, 0x00, 0x00, 0x00, 0x00, 
    0x00, 0x00, 0x00, 0x00, 0x00, 0x00, 0x00, 0x00, 0x00, 0x00, 0x00, 0x00, 0x00, 0x00, 0x00, 0x00, 
    0x00, 0x00, 0x00, 0x00, 0x00, 0x00, 0x00, 0x00, 0x00, 0x00, 0x00, 0x00, 0x00, 0x00, 0x00, 0x00, 
    0x00, 0x00, 0x00, 0x00, 0x00, 0x00, 0x00, 0x00, 0x00, 0x00, 0x00, 0x00, 0x00, 0x00, 0x00, 0x00, 
    0x00, 0x00, 0x00, 0x00, 0x00, 0x00, 0x00, 0x00, 0x00, 0x00, 0x00, 0x00, 0x00, 0x00, 0x00, 0x00, 
    0x00, 0x00, 0x00, 0x00, 0x00, 0x00, 0x00, 0x00, 0x00, 0x00, 0x00, 0x00, 0x00, 0x00, 0x00, 0x00, 
    0x00, 0x00, 0x00, 0x00, 0x00, 0x00, 0x00, 0x00, 0x00, 0x00, 0x00, 0x00, 0x00, 0x00, 0x00, 0x00, 
    0x00, 0x00, 0x00, 0x00, 0x00, 0x00, 0x00, 0x00, 0x00, 0x00, 0x00, 0x00, 0x00, 0x00, 0x00, 0x00, 
    0x00, 0x00, 0x01, 0x24, 0x19, 0x86, 0x42, 0x8A, 0x42, 0x49, 0x42, 0x6A, 0x29, 0xE8, 0x02, 0x8A, 
    0x02, 0x48, 0x00, 0x61, 0x00, 0x00, 0x00, 0x00, 0x00, 0x00, 0x00, 0x00, 0x00, 0x00, 0x00, 0x00, 
    0x00, 0x00, 0x00, 0x00, 0x00, 0x00, 0x00, 0x00, 0x00, 0x00, 0x00, 0x00, 0x00, 0x00, 0x00, 0x00, 
    0x00, 0x00, 0x00, 0x00, 0x00, 0x00, 0x00, 0x00, 0x00, 0x00, 0x00, 0x00, 0x00, 0x00, 0x00, 0x00, 
    0x00, 0x00, 0x00, 0x00, 0x00, 0x00, 0x00, 0x00, 0x00, 0x00, 0x01, 0xA6, 0x01, 0xE7, 0x01, 0xC7, 
    0x01, 0x86, 0x01, 0x65, 0x01, 0xE7, 0x00, 0xC3, 0x00, 0x00, 0x00, 0x00, 0x00, 0x00, 0x00, 0x00, 
    0x00, 0x00, 0x00, 0x00, 0x00, 0x00, 0x00, 0x00, 0x00, 0x00, 0x00, 0x00, 0x00, 0x00, 0x00, 0x00, 
    0x00, 0x00, 0x00, 0x00, 0x00, 0x00, 0x00, 0x00, 0x00, 0x00, 0x00, 0x00, 0x00, 0x00, 0x00, 0x00, 
    0x00, 0x00, 0x00, 0x00, 0x00, 0x00, 0x00, 0x00, 0x00, 0x00, 0x00, 0x00, 0x00, 0x00, 0x00, 0x00, 
    0x00, 0x00, 0x00, 0x00, 0x00, 0x00, 0x00, 0x00, 0x00, 0x00, 0x00, 0x00, 0x00, 0x00, 0x00, 0x00, 
    0x00, 0x00, 0x00, 0x00, 0x00, 0x00, 0x00, 0x00, 0x00, 0x00, 0x00, 0x00, 0x00, 0x00, 0x00, 0x00, 
    0x00, 0x00, 0x00, 0x00, 0x00, 0x00, 0x00, 0x00, 0x00, 0x00, 0x00, 0x00, 0x00, 0x00, 0x00, 0x00, 
    0x00, 0x00, 0x00, 0x00, 0x00, 0x00, 0x00, 0x00, 0x00, 0x00, 0x00, 0x00, 0x00, 0x00, 0x00, 0x00, 
    0x00, 0x00, 0x00, 0x00, 0x00, 0x00, 0x00, 0x00, 0x00, 0x00, 0x00, 0x00, 0x00, 0x00, 0x00, 0x00, 
    0x00, 0x00, 0x00, 0x00, 0x00, 0x00, 0x00, 0x00, 0x00, 0x00, 0x00, 0x00, 0x00, 0x00, 0x00, 0x00, 
    0x00, 0x00, 0x00, 0xA2, 0x02, 0x07, 0x02, 0xEB, 0x03, 0x2C, 0x02, 0xEE, 0x02, 0x0E, 0x01, 0x6E, 
    0x08, 0xC6, 0x63, 0xF4, 0x5C, 0x18, 0x53, 0xF7, 0x5B, 0xD6, 0x10, 0xC6, 0x01, 0xAF, 0x03, 0x0F, 
    0x03, 0x2C, 0x01, 0xC7, 0x00, 0xA2, 0x00, 0x00, 0x00, 0x00, 0x00, 0x00, 0x00, 0x00, 0x00, 0x00, 
    0x00, 0x00, 0x00, 0x00, 0x00, 0x00, 0x00, 0x00, 0x00, 0x00, 0x00, 0x00, 0x00, 0x00, 0x00, 0x00, 
    0x00, 0x00, 0x00, 0x00, 0x00, 0x00, 0x00, 0x00, 0x00, 0x00, 0x00, 0x00, 0x00, 0x00, 0x00, 0x00, 
    0x00, 0x00, 0x00, 0x00, 0x00, 0x00, 0x00, 0x00, 0x00, 0x00, 0x00, 0x00, 0x00, 0x00, 0x00, 0x00, 
    0x00, 0x00, 0x00, 0x00, 0x00, 0x00, 0x00, 0x00, 0x00, 0x00, 0x00, 0x00, 0x00, 0x00, 0x00, 0x00, 
    0x00, 0x00, 0x00, 0x00, 0x00, 0x00, 0x00, 0x00, 0x00, 0x00, 0x00, 0x00, 0x00, 0x00, 0x00, 0x00, 
    0x00, 0x00, 0x00, 0x00, 0x00, 0x00, 0x00, 0x00, 0x00, 0x00, 0x00, 0x00, 0x00, 0x00, 0x00, 0x00, 
    0x00, 0x00, 0x00, 0x00, 0x00, 0x00, 0x00, 0x00, 0x00, 0x00, 0x00, 0x00, 0x00, 0x00, 0x00, 0x00, 
    0x00, 0x00, 0x00, 0x00, 0x00, 0x00, 0x00, 0x00, 0x00, 0x00, 0x00, 0x00, 0x00, 0x00, 0x00, 0x00, 
    0x00, 0x00, 0x00, 0x00, 0x00, 0x00, 0x00, 0x00, 0x00, 0x00, 0x00, 0x00, 0x00, 0x00, 0x00, 0x00, 
    0x00, 0x00, 0x00, 0x00, 0x00, 0x00, 0x00, 0x00, 0x00, 0x00, 0x00, 0x00, 0x00, 0x00, 0x00, 0x00, 
    0x00, 0x00, 0x00, 0x00, 0x00, 0x00, 0x00, 0x00, 0x00, 0x00, 0x00, 0x00, 0x00, 0x00, 0x00, 0x00, 
    0x00, 0x00, 0x00, 0x00, 0x00, 0x00, 0x00, 0x00, 0x00, 0x00, 0x00, 0x00, 0x00, 0x00, 0x00, 0x00, 
    0x00, 0x00, 0x00, 0x00, 0x00, 0x00, 0x00, 0x00, 0x00, 0x00, 0x00, 0x00, 0x00, 0x00, 0x00, 0x00, 
    0x00, 0x00, 0x00, 0x00, 0x00, 0x00, 0x00, 0x00, 0x00, 0x00, 0x00, 0x00, 0x00, 0x00, 0x00, 0x00, 
    0x00, 0x00, 0x00, 0x00, 0x00, 0x00, 0x00, 0x00, 0x00, 0x00, 0x00, 0x00, 0x00, 0x00, 0x00, 0x00, 
    0x00, 0x00, 0x00, 0x00, 0x00, 0x00, 0x00, 0x00, 0x00, 0x00, 0x00, 0x00, 0x00, 0x00, 0x00, 0x00, 
    0x00, 0x00, 0x00, 0x00, 0x00, 0x00, 0x00, 0x00, 0x00, 0x00, 0x00, 0x00, 0x00, 0x00, 0x00, 0x00, 
    0x00, 0x00, 0x00, 0x00, 0x00, 0x00, 0x00, 0x00, 0x00, 0x00, 0x00, 0x00, 0x00, 0x00, 0x00, 0x00, 
    0x00, 0x00, 0x00, 0x00, 0x00, 0x00, 0x00, 0x00, 0x00, 0x00, 0x00, 0x00, 0x00, 0x00, 0x00, 0x00, 
    0x00, 0x00, 0x00, 0x00, 0x00, 0x00, 0x00, 0x00, 0x00, 0x00, 0x00, 0x00, 0x00, 0x00, 0x00, 0x00, 
    0x00, 0x00, 0x00, 0x00, 0x00, 0x00, 0x00, 0x00, 0x00, 0x00, 0x00, 0x00, 0x00, 0x00, 0x00, 0x00, 
    0x00, 0x00, 0x00, 0x00, 0x00, 0x00, 0x00, 0x00, 0x00, 0x00, 0x00, 0x00, 0x00, 0x00, 0x00, 0x00, 
    0x01, 0x24, 0x01, 0x45, 0x4B, 0x0D, 0x77, 0xFF, 0x47, 0xFF, 0x57, 0xFF, 0x6C, 0x92, 0x01, 0xC8, 
    0x03, 0x8E, 0x02, 0x28, 0x01, 0x45, 0x00, 0x41, 0x00, 0x00, 0x00, 0x00, 0x00, 0x00, 0x00, 0x00, 
    0x00, 0x00, 0x00, 0x00, 0x00, 0x00, 0x00, 0x00, 0x00, 0x00, 0x00, 0x00, 0x00, 0x00, 0x00, 0x00, 
    0x00, 0x00, 0x00, 0x00, 0x00, 0x00, 0x00, 0x00, 0x00, 0x00, 0x00, 0x00, 0x00, 0x00, 0x00, 0x00, 
    0x00, 0x00, 0x00, 0x00, 0x00, 0x41, 0x01, 0x24, 0x02, 0x8A, 0x01, 0xA7, 0x21, 0xA7, 0x32, 0x29, 
    0x43, 0x4E, 0x53, 0x8E, 0x0A, 0x29, 0x03, 0x0C, 0x01, 0x86, 0x00, 0xC3, 0x00, 0x00, 0x00, 0x00, 
    0x00, 0x00, 0x00, 0x00, 0x00, 0x00, 0x00, 0x00, 0x00, 0x00, 0x00, 0x00, 0x00, 0x00, 0x00, 0x00, 
    0x00, 0x00, 0x00, 0x00, 0x00, 0x00, 0x00, 0x00, 0x00, 0x00, 0x00, 0x00, 0x00, 0x00, 0x00, 0x00, 
    0x00, 0x00, 0x00, 0x00, 0x00, 0x00, 0x00, 0x00, 0x00, 0x00, 0x00, 0x00, 0x00, 0x00, 0x00, 0x00, 
    0x00, 0x00, 0x00, 0x00, 0x00, 0x00, 0x00, 0x00, 0x00, 0x00, 0x00, 0x00, 0x00, 0x00, 0x00, 0x00, 
    0x00, 0x00, 0x00, 0x00, 0x00, 0x00, 0x00, 0x00, 0x00, 0x00, 0x00, 0x00, 0x00, 0x00, 0x00, 0x00, 
    0x00, 0x00, 0x00, 0x00, 0x00, 0x00, 0x00, 0x00, 0x00, 0x00, 0x00, 0x00, 0x00, 0x00, 0x00, 0x00, 
    0x00, 0x00, 0x00, 0x00, 0x00, 0x00, 0x00, 0x00, 0x00, 0x00, 0x00, 0x00, 0x00, 0x00, 0x00, 0x00, 
    0x00, 0x00, 0x00, 0x00, 0x00, 0x00, 0x00, 0x00, 0x00, 0x00, 0x00, 0x20, 0x00, 0x00, 0x00, 0x20, 
    0x00, 0x20, 0x00, 0x20, 0x00, 0x00, 0x00, 0x00, 0x00, 0x00, 0x00, 0x00, 0x00, 0x00, 0x00, 0x00, 
    0x00, 0x00, 0x00, 0x20, 0x00, 0xC3, 0x01, 0x86, 0x02, 0x49, 0x03, 0x0B, 0x03, 0x0D, 0x02, 0x0E, 
    0x19, 0x07, 0x5C, 0x9C, 0x23, 0x9F, 0x1B, 0x7F, 0x54, 0x3F, 0x21, 0x47, 0x01, 0xAF, 0x03, 0x0F, 
    0x03, 0x6D, 0x02, 0x69, 0x01, 0x86, 0x00, 0xE3, 0x00, 0x82, 0x00, 0x61, 0x00, 0x41, 0x00, 0x20, 
    0x00, 0x20, 0x00, 0x00, 0x00, 0x00, 0x00, 0x00, 0x00, 0x00, 0x00, 0x00, 0x00, 0x00, 0x00, 0x00, 
    0x00, 0x20, 0x00, 0x00, 0x00, 0x20, 0x00, 0x20, 0x00, 0x20, 0x00, 0x20, 0x00, 0x00, 0x00, 0x00, 
    0x00, 0x00, 0x00, 0x00, 0x00, 0x00, 0x00, 0x00, 0x00, 0x00, 0x00, 0x00, 0x00, 0x00, 0x00, 0x00, 
    0x00, 0x20, 0x00, 0x00, 0x00, 0x00, 0x00, 0x00, 0x00, 0x00, 0x00, 0x00, 0x00, 0x00, 0x00, 0x00, 
    0x00, 0x00, 0x00, 0x00, 0x00, 0x00, 0x00, 0x00, 0x00, 0x00, 0x00, 0x00, 0x00, 0x00, 0x00, 0x00, 
    0x00, 0x00, 0x00, 0x00, 0x00, 0x00, 0x00, 0x00, 0x00, 0x00, 0x00, 0x00, 0x00, 0x00, 0x00, 0x00, 
    0x00, 0x00, 0x00, 0x00, 0x00, 0x00, 0x00, 0x00, 0x00, 0x00, 0x00, 0x00, 0x00, 0x00, 0x00, 0x00, 
    0x00, 0x00, 0x00, 0x00, 0x00, 0x00, 0x00, 0x00, 0x00, 0x00, 0x00, 0x00, 0x00, 0x00, 0x00, 0x00, 
    0x00, 0x00, 0x00, 0x00, 0x00, 0x00, 0x00, 0x00, 0x00, 0x00, 0x00, 0x00, 0x00, 0x00, 0x00, 0x00, 
    0x00, 0x00, 0x00, 0x00, 0x00, 0x00, 0x00, 0x00, 0x00, 0x00, 0x00, 0x00, 0x00, 0x00, 0x00, 0x00, 
    0x00, 0x00, 0x00, 0x00, 0x00, 0x00, 0x00, 0x00, 0x00, 0x00, 0x00, 0x00, 0x00, 0x00, 0x00, 0x00, 
    0x00, 0x00, 0x00, 0x00, 0x00, 0x00, 0x00, 0x00, 0x00, 0x00, 0x00, 0x00, 0x00, 0x00, 0x00, 0x00, 
    0x00, 0x00, 0x00, 0x00, 0x00, 0x00, 0x00, 0x00, 0x00, 0x00, 0x00, 0x00, 0x00, 0x00, 0x00, 0x00, 
    0x00, 0x00, 0x00, 0x00, 0x00, 0x00, 0x00, 0x00, 0x00, 0x00, 0x00, 0x00, 0x00, 0x00, 0x00, 0x00, 
    0x00, 0x00, 0x00, 0x00, 0x00, 0x00, 0x00, 0x00, 0x00, 0x00, 0x00, 0x00, 0x00, 0x00, 0x00, 0x00, 
    0x00, 0x00, 0x00, 0x00, 0x00, 0x00, 0x00, 0x00, 0x00, 0x00, 0x00, 0x00, 0x00, 0x00, 0x00, 0x00, 
    0x00, 0x00, 0x00, 0x00, 0x00, 0x00, 0x00, 0x00, 0x00, 0x00, 0x00, 0x00, 0x00, 0x00, 0x00, 0x00, 
    0x00, 0x00, 0x00, 0x00, 0x00, 0x00, 0x00, 0x00, 0x00, 0x00, 0x00, 0x00, 0x00, 0x00, 0x00, 0x00, 
    0x00, 0x00, 0x00, 0x00, 0x00, 0x00, 0x00, 0x00, 0x00, 0x00, 0x00, 0x00, 0x00, 0x00, 0x00, 0x00, 
    0x00, 0x00, 0x00, 0x00, 0x00, 0x00, 0x00, 0x00, 0x00, 0x00, 0x00, 0x00, 0x00, 0x00, 0x00, 0x00, 
    0x00, 0x00, 0x00, 0x00, 0x00, 0x00, 0x00, 0x00, 0x00, 0x00, 0x00, 0x00, 0x00, 0x00, 0x00, 0x00, 
    0x00, 0x00, 0x00, 0x00, 0x00, 0x00, 0x00, 0x00, 0x00, 0x00, 0x00, 0x00, 0x00, 0x00, 0x00, 0x00, 
    0x01, 0xA6, 0x01, 0xC7, 0x4B, 0x0D, 0x37, 0xFF, 0x07, 0xFF, 0x1F, 0xFF, 0x54, 0xB3, 0x01, 0x07, 
    0x03, 0x50, 0x03, 0x6D, 0x03, 0x0B, 0x02, 0x28, 0x01, 0xA6, 0x01, 0x24, 0x00, 0xE3, 0x00, 0xA2, 
    0x00, 0x41, 0x00, 0x00, 0x00, 0x00, 0x00, 0x00, 0x00, 0x41, 0x00, 0x82, 0x00, 0xC3, 0x01, 0x24, 
    0x01, 0x65, 0x01, 0x86, 0x01, 0x86, 0x01, 0x86, 0x01, 0x86, 0x01, 0x65, 0x01, 0x45, 0x01, 0x04, 
    0x01, 0x04, 0x01, 0x45, 0x01, 0xE7, 0x02, 0xCA, 0x03, 0x6E, 0x22, 0x09, 0x6E, 0xFC, 0x3F, 0xDF, 
    0x2F, 0xFF, 0x66, 0xFC, 0x19, 0xC9, 0x03, 0xB0, 0x03, 0x2C, 0x02, 0x69, 0x01, 0xC7, 0x01, 0x45, 
    0x01, 0x24, 0x01, 0x04, 0x00, 0xC3, 0x00, 0x41, 0x00, 0x00, 0x00, 0x00, 0x00, 0x00, 0x00, 0x00, 
    0x00, 0x00, 0x00, 0x00, 0x00, 0x20, 0x00, 0x82, 0x00, 0xA2, 0x00, 0x61, 0x00, 0x00, 0x00, 0x00, 
    0x00, 0x00, 0x00, 0x00, 0x00, 0x00, 0x00, 0x00, 0x00, 0xA2, 0x01, 0x24, 0x01, 0x45, 0x01, 0x04, 
    0x01, 0x04, 0x01, 0x24, 0x01, 0x45, 0x01, 0x65, 0x01, 0xA6, 0x01, 0xC7, 0x01, 0xE7, 0x01, 0xE7, 
    0x01, 0xE7, 0x01, 0xE7, 0x01, 0xC6, 0x01, 0x45, 0x01, 0x04, 0x00, 0xC3, 0x00, 0x61, 0x00, 0x20, 
    0x00, 0x20, 0x00, 0x61, 0x00, 0xA2, 0x01, 0x04, 0x01, 0x24, 0x01, 0xA6, 0x01, 0xC7, 0x01, 0xE7, 
    0x01, 0xE7, 0x01, 0xC7, 0x01, 0xA6, 0x01, 0x65, 0x01, 0x24, 0x00, 0xE3, 0x00, 0xC3, 0x01, 0x04, 
    0x00, 0xE3, 0x01, 0x04, 0x01, 0x45, 0x01, 0xA6, 0x01, 0xE7, 0x02, 0x07, 0x02, 0x08, 0x02, 0x08, 
    0x02, 0x28, 0x02, 0x28, 0x02, 0x08, 0x01, 0xA6, 0x01, 0x65, 0x01, 0x04, 0x00, 0xC3, 0x00, 0x61, 
    0x00, 0x20, 0x00, 0x20, 0x00, 0x41, 0x00, 0xA2, 0x01, 0x45, 0x02, 0x28, 0x03, 0x2C, 0x02, 0xAE, 
    0x19, 0x26, 0x64, 0x9C, 0x23, 0xBF, 0x2B, 0xDF, 0x64, 0xBF, 0x21, 0x68, 0x01, 0x90, 0x02, 0xB0, 
    0x03, 0x6E, 0x03, 0x4D, 0x02, 0xCB, 0x02, 0x89, 0x02, 0x49, 0x02, 0x49, 0x02, 0x48, 0x02, 0x08, 
    0x01, 0xE7, 0x01, 0xA6, 0x01, 0x86, 0x01, 0x65, 0x01, 0x86, 0x01, 0x86, 0x01, 0xC7, 0x02, 0x08, 
    0x02, 0x48, 0x02, 0x48, 0x02, 0x49, 0x02, 0x49, 0x02, 0x69, 0x02, 0x49, 0x02, 0x28, 0x01, 0xE7, 
    0x01, 0x86, 0x01, 0x45, 0x01, 0x24, 0x01, 0x24, 0x01, 0x24, 0x01, 0x86, 0x01, 0xE7, 0x02, 0x48, 
    0x02, 0x48, 0x02, 0x48, 0x02, 0x48, 0x02, 0x48, 0x02, 0x48, 0x02, 0x28, 0x02, 0x07, 0x01, 0x85, 
    0x00, 0xE3, 0x00, 0x00, 0x00, 0x00, 0x00, 0x00, 0x00, 0x00, 0x00, 0x00, 0x00, 0x00, 0x00, 0x00, 
    0x00, 0x00, 0x00, 0x00, 0x00, 0x00, 0x00, 0x00, 0x00, 0x00, 0x00, 0x00, 0x00, 0x00, 0x00, 0x00, 
    0x00, 0x00, 0x00, 0x00, 0x00, 0x00, 0x00, 0x00, 0x00, 0x00, 0x00, 0x00, 0x00, 0x00, 0x00, 0x00, 
    0x00, 0x00, 0x00, 0x00, 0x00, 0x00, 0x00, 0x00, 0x00, 0x00, 0x00, 0x00, 0x00, 0x00, 0x00, 0x00, 
    0x00, 0x00, 0x00, 0x00, 0x00, 0x00, 0x00, 0x00, 0x00, 0x00, 0x00, 0x00, 0x00, 0x00, 0x00, 0x00, 
    0x00, 0x00, 0x00, 0x00, 0x00, 0x00, 0x00, 0x00, 0x00, 0x00, 0x00, 0x00, 0x00, 0x00, 0x00, 0x00, 
    0x00, 0x00, 0x00, 0x00, 0x00, 0x00, 0x00, 0x00, 0x00, 0x00, 0x00, 0x00, 0x00, 0x00, 0x00, 0x00, 
    0x00, 0x00, 0x00, 0x00, 0x00, 0x00, 0x00, 0x00, 0x00, 0x00, 0x00, 0x00, 0x00, 0x00, 0x00, 0x00, 
    0x00, 0x00, 0x00, 0x00, 0x00, 0x00, 0x00, 0x00, 0x00, 0x00, 0x00, 0x00, 0x00, 0x00, 0x00, 0x00, 
    0x00, 0x00, 0x00, 0x00, 0x00, 0x00, 0x00, 0x00, 0x00, 0x00, 0x00, 0x00, 0x00, 0x00, 0x00, 0x00, 
    0x00, 0x00, 0x00, 0x00, 0x00, 0x00, 0x00, 0x00, 0x00, 0x00, 0x00, 0x00, 0x00, 0x00, 0x00, 0x00, 
    0x00, 0x00, 0x00, 0x00, 0x00, 0x00, 0x00, 0x00, 0x00, 0x00, 0x00, 0x00, 0x00, 0x00, 0x00, 0x00, 
    0x00, 0x00, 0x00, 0x00, 0x00, 0x00, 0x00, 0x00, 0x00, 0x00, 0x00, 0x00, 0x00, 0x00, 0x00, 0x00, 
    0x00, 0x00, 0x00, 0x00, 0x00, 0x00, 0x00, 0x00, 0x00, 0x00, 0x00, 0x00, 0x00, 0x00, 0x00, 0x00, 
    0x00, 0x00, 0x00, 0x00, 0x00, 0x00, 0x00, 0x00, 0x00, 0x00, 0x00, 0x00, 0x00, 0x00, 0x00, 0x00, 
    0x00, 0x00, 0x00, 0x00, 0x00, 0x00, 0x00, 0x00, 0x00, 0x00, 0x00, 0x00, 0x00, 0x00, 0x00, 0x00, 
    0x00, 0x00, 0x00, 0x00, 0x00, 0x00, 0x00, 0x00, 0x00, 0x00, 0x00, 0x00, 0x00, 0x00, 0x00, 0x00, 
    0x00, 0x00, 0x00, 0x00, 0x00, 0x00, 0x00, 0x00, 0x00, 0x00, 0x00, 0x00, 0x00, 0x00, 0x00, 0x00, 
    0x02, 0x08, 0x02, 0x49, 0x4A, 0xED, 0x3F, 0xFF, 0x0F, 0xFF, 0x2F, 0xFF, 0x54, 0xD3, 0x00, 0x86, 
    0x02, 0x2F, 0x02, 0xCF, 0x03, 0x8F, 0x03, 0xAE, 0x03, 0x6D, 0x03, 0x2C, 0x02, 0xEB, 0x02, 0xAA, 
    0x02, 0x07, 0x01, 0xA6, 0x01, 0x86, 0x01, 0x86, 0x01, 0xC7, 0x02, 0x8A, 0x02, 0xEB, 0x03, 0x2C, 
    0x03, 0x4D, 0x03, 0x6D, 0x03, 0x6D, 0x03, 0x4D, 0x03, 0x4D, 0x03, 0x2C, 0x03, 0x2C, 0x03, 0x2C, 
    0x03, 0x2C, 0x02, 0xEB, 0x03, 0x2C, 0x03, 0x4E, 0x02, 0x8E, 0x21, 0xEA, 0x3F, 0xBE, 0x07, 0xFF, 
    0x0F, 0xFF, 0x4E, 0xBB, 0x11, 0x28, 0x02, 0x6F, 0x03, 0x0E, 0x03, 0x4D, 0x03, 0x6D, 0x03, 0x6D, 
    0x03, 0x0C, 0x02, 0xEB, 0x02, 0xCA, 0x02, 0x69, 0x01, 0xE7, 0x01, 0x24, 0x01, 0x04, 0x01, 0x04, 
    0x01, 0x24, 0x02, 0x28, 0x02, 0xAA, 0x02, 0xCB, 0x02, 0xCB, 0x02, 0xAA, 0x02, 0x28, 0x01, 0x86, 
    0x01, 0x45, 0x01, 0x45, 0x01, 0xC7, 0x02, 0xAA, 0x02, 0xEB, 0x03, 0x0C, 0x03, 0x0C, 0x03, 0x2C, 
    0x03, 0x2C, 0x02, 0xEB, 0x03, 0x2C, 0x03, 0x2D, 0x03, 0x6D, 0x03, 0x8E, 0x03, 0xAF, 0x03, 0xAE, 
    0x03, 0x8E, 0x03, 0x8E, 0x03, 0x8E, 0x03, 0x6D, 0x03, 0x4D, 0x02, 0xCA, 0x02, 0x28, 0x02, 0x28, 
    0x02, 0x08, 0x02, 0x08, 0x02, 0x8A, 0x03, 0x0C, 0x03, 0x4D, 0x03, 0xAE, 0x03, 0x8E, 0x03, 0x6D, 
    0x03, 0x4D, 0x03, 0x8E, 0x03, 0x8E, 0x03, 0x6D, 0x03, 0x4D, 0x03, 0x2C, 0x02, 0xCA, 0x02, 0xAA, 
    0x02, 0xEB, 0x03, 0x4D, 0x03, 0x4D, 0x03, 0x6D, 0x03, 0x8E, 0x03, 0xCF, 0x03, 0xAF, 0x03, 0xAF, 
    0x03, 0x8E, 0x03, 0xAE, 0x03, 0xAE, 0x03, 0xAE, 0x03, 0x8E, 0x03, 0x6D, 0x02, 0xCB, 0x01, 0xC7, 
    0x00, 0xE3, 0x00, 0x20, 0x00, 0x00, 0x00, 0x00, 0x00, 0x61, 0x01, 0x65, 0x02, 0xCA, 0x03, 0x0E, 
    0x09, 0x07, 0x4A, 0xF0, 0x43, 0x34, 0x43, 0x34, 0x53, 0x33, 0x10, 0xC7, 0x01, 0x50, 0x02, 0x10, 
    0x02, 0xD0, 0x03, 0x2F, 0x03, 0x6E, 0x03, 0x6E, 0x03, 0x6E, 0x03, 0x8E, 0x03, 0x8E, 0x03, 0xAF, 
    0x03, 0xCF, 0x03, 0xCF, 0x03, 0xCF, 0x03, 0x8E, 0x03, 0x2C, 0x03, 0x4D, 0x03, 0x6E, 0x03, 0x8F, 
    0x03, 0xD0, 0x03, 0xF0, 0x03, 0xD0, 0x03, 0xD0, 0x03, 0xD0, 0x03, 0xCF, 0x03, 0xAF, 0x03, 0xAF, 
    0x03, 0xAE, 0x03, 0x6D, 0x03, 0x4C, 0x03, 0x4C, 0x03, 0x8E, 0x03, 0x8F, 0x03, 0x8F, 0x03, 0xAF, 
    0x03, 0xB0, 0x03, 0xD0, 0x03, 0xF1, 0x04, 0x11, 0x03, 0xF1, 0x03, 0xF0, 0x03, 0xD0, 0x03, 0xEF, 
    0x03, 0xAE, 0x02, 0xCB, 0x01, 0x24, 0x00, 0x00, 0x00, 0x00, 0x00, 0x00, 0x00, 0x00, 0x00, 0x00, 
    0x00, 0x00, 0x00, 0x00, 0x00, 0x00, 0x00, 0x00, 0x00, 0x00, 0x00, 0x00, 0x00, 0x00, 0x00, 0x00, 
    0x00, 0x00, 0x00, 0x00, 0x00, 0x00, 0x00, 0x00, 0x00, 0x00, 0x00, 0x00, 0x00, 0x00, 0x00, 0x00, 
    0x00, 0x00, 0x00, 0x00, 0x00, 0x00, 0x00, 0x00, 0x00, 0x00, 0x00, 0x00, 0x00, 0x00, 0x00, 0x00, 
    0x00, 0x00, 0x00, 0x00, 0x00, 0x00, 0x00, 0x00, 0x00, 0x00, 0x00, 0x00, 0x00, 0x00, 0x00, 0x00, 
    0x00, 0x00, 0x00, 0x00, 0x00, 0x00, 0x00, 0x00, 0x00, 0x00, 0x00, 0x00, 0x00, 0x00, 0x00, 0x00, 
    0x00, 0x00, 0x00, 0x00, 0x00, 0x00, 0x00, 0x00, 0x00, 0x00, 0x00, 0x00, 0x00, 0x00, 0x00, 0x00, 
    0x00, 0x00, 0x00, 0x00, 0x00, 0x00, 0x00, 0x00, 0x00, 0x00, 0x00, 0x00, 0x00, 0x00, 0x00, 0x00, 
    0x00, 0x00, 0x00, 0x00, 0x00, 0x00, 0x00, 0x00, 0x00, 0x00, 0x00, 0x00, 0x00, 0x00, 0x00, 0x00, 
    0x00, 0x00, 0x00, 0x00, 0x00, 0x00, 0x00, 0x00, 0x00, 0x00, 0x00, 0x00, 0x00, 0x00, 0x00, 0x00, 
    0x00, 0x00, 0x00, 0x00, 0x00, 0x00, 0x00, 0x00, 0x00, 0x00, 0x00, 0x00, 0x00, 0x00, 0x00, 0x00, 
    0x00, 0x00, 0x00, 0x00, 0x00, 0x00, 0x00, 0x00, 0x00, 0x00, 0x00, 0x00, 0x00, 0x00, 0x00, 0x00, 
    0x00, 0x00, 0x00, 0x00, 0x00, 0x00, 0x00, 0x00, 0x00, 0x00, 0x00, 0x00, 0x00, 0x00, 0x00, 0x00, 
    0x00, 0x00, 0x00, 0x00, 0x00, 0x00, 0x00, 0x00, 0x00, 0x00, 0x00, 0x00, 0x00, 0x00, 0x00, 0x00, 
    0x00, 0x00, 0x00, 0x00, 0x00, 0x00, 0x00, 0x00, 0x00, 0x00, 0x00, 0x00, 0x00, 0x00, 0x00, 0x00, 
    0x00, 0x00, 0x00, 0x00, 0x00, 0x00, 0x00, 0x00, 0x00, 0x00, 0x00, 0x00, 0x00, 0x00, 0x00, 0x00, 
    0x00, 0x00, 0x00, 0x00, 0x00, 0x00, 0x00, 0x00, 0x00, 0x00, 0x00, 0x00, 0x00, 0x00, 0x00, 0x00, 
    0x00, 0x00, 0x00, 0x00, 0x00, 0x00, 0x00, 0x00, 0x00, 0x00, 0x00, 0x00, 0x00, 0x00, 0x00, 0x00, 
    0x02, 0x48, 0x02, 0x8A, 0x4A, 0xED, 0x3F, 0xFF, 0x17, 0xFF, 0x27, 0xFF, 0x5D, 0x14, 0x10, 0x63, 
    0x10, 0xE7, 0x19, 0x07, 0x19, 0x47, 0x19, 0xA8, 0x19, 0xC8, 0x19, 0xE8, 0x11, 0x87, 0x02, 0x08, 
    0x03, 0x6E, 0x03, 0x4C, 0x03, 0x2C, 0x03, 0x2C, 0x03, 0x2D, 0x01, 0xA7, 0x19, 0x87, 0x19, 0xC8, 
    0x19, 0xC8, 0x19, 0xA7, 0x19, 0xA7, 0x19, 0xA7, 0x19, 0xA7, 0x19, 0xA7, 0x19, 0xA7, 0x09, 0xA8, 
    0x02, 0xAC, 0x03, 0x2E, 0x02, 0xCD, 0x01, 0x68, 0x08, 0xC6, 0x39, 0xC9, 0x47, 0x9E, 0x17, 0xFF, 
    0x17, 0xFF, 0x4E, 0xDB, 0x20, 0xE6, 0x10, 0xE7, 0x11, 0x26, 0x19, 0x87, 0x09, 0xE8, 0x02, 0x08, 
    0x11, 0xA7, 0x11, 0x86, 0x19, 0xC7, 0x11, 0xA7, 0x02, 0xAA, 0x03, 0x0C, 0x02, 0x69, 0x02, 0x69, 
    0x02, 0xCA, 0x01, 0x87, 0x11, 0xC8, 0x11, 0xE8, 0x19, 0xE8, 0x09, 0xA7, 0x02, 0xAB, 0x02, 0xEB, 
    0x02, 0xAA, 0x02, 0xCA, 0x02, 0xEB, 0x09, 0xE8, 0x12, 0x08, 0x11, 0xE7, 0x11, 0xA7, 0x09, 0xA7, 
    0x02, 0xEE, 0x03, 0x71, 0x02, 0x2A, 0x11, 0xC7, 0x11, 0xC7, 0x11, 0xC7, 0x11, 0xC8, 0x11, 0xC7, 
    0x11, 0xC7, 0x11, 0xA7, 0x11, 0xE7, 0x1A, 0x08, 0x09, 0xE8, 0x02, 0xED, 0x03, 0xD0, 0x03, 0x8E, 
    0x03, 0x8D, 0x03, 0x8E, 0x02, 0x8A, 0x09, 0xA6, 0x1A, 0x08, 0x12, 0x28, 0x11, 0xE7, 0x11, 0xA6, 
    0x11, 0xA6, 0x11, 0xC7, 0x11, 0xE7, 0x11, 0xE7, 0x12, 0x28, 0x02, 0x6B, 0x03, 0xB0, 0x03, 0xAF, 
    0x03, 0x4E, 0x01, 0xA7, 0x11, 0xA7, 0x11, 0xA7, 0x11, 0xE8, 0x12, 0x08, 0x11, 0xE8, 0x11, 0xE8, 
    0x11, 0xC7, 0x11, 0xC7, 0x11, 0xA7, 0x11, 0xE7, 0x12, 0x08, 0x0A, 0x09, 0x03, 0x2D, 0x03, 0x8E, 
    0x02, 0x28, 0x00, 0xC3, 0x00, 0x00, 0x00, 0x00, 0x00, 0x00, 0x00, 0xE3, 0x02, 0x89, 0x03, 0x6F, 
    0x01, 0x6A, 0x08, 0x00, 0x10, 0x40, 0x10, 0x61, 0x08, 0x22, 0x00, 0x69, 0x01, 0x30, 0x01, 0x90, 
    0x01, 0x2A, 0x11, 0x47, 0x11, 0x86, 0x11, 0x86, 0x11, 0xA7, 0x11, 0xA7, 0x11, 0xA7, 0x11, 0xC8, 
    0x11, 0xE8, 0x12, 0x09, 0x09, 0xC9, 0x02, 0xAF, 0x03, 0x52, 0x02, 0x0A, 0x09, 0x86, 0x11, 0xA7, 
    0x11, 0xC8, 0x11, 0xC8, 0x11, 0xA7, 0x11, 0x87, 0x11, 0xA7, 0x11, 0xC8, 0x11, 0xC8, 0x11, 0xC7, 
    0x02, 0x2B, 0x03, 0x92, 0x03, 0xB1, 0x03, 0x71, 0x02, 0x2B, 0x11, 0xA8, 0x11, 0x87, 0x11, 0x67, 
    0x11, 0x88, 0x11, 0xA8, 0x11, 0xA9, 0x11, 0xC9, 0x11, 0xC9, 0x11, 0xC9, 0x11, 0xC9, 0x12, 0x09, 
    0x0A, 0x29, 0x02, 0xCB, 0x03, 0x8E, 0x01, 0xE7, 0x00, 0x00, 0x00, 0x00, 0x00, 0x00, 0x00, 0x00, 
    0x00, 0x00, 0x00, 0x00, 0x00, 0x00, 0x00, 0x00, 0x00, 0x00, 0x00, 0x00, 0x00, 0x00, 0x00, 0x00, 
    0x00, 0x00, 0x00, 0x00, 0x00, 0x00, 0x00, 0x00, 0x00, 0x00, 0x00, 0x00, 0x00, 0x00, 0x00, 0x00, 
    0x00, 0x00, 0x00, 0x00, 0x00, 0x00, 0x00, 0x00, 0x00, 0x00, 0x00, 0x00, 0x00, 0x00, 0x00, 0x00, 
    0x00, 0x00, 0x00, 0x00, 0x00, 0x00, 0x00, 0x00, 0x00, 0x00, 0x00, 0x00, 0x00, 0x00, 0x00, 0x00, 
    0x00, 0x00, 0x00, 0x00, 0x00, 0x00, 0x00, 0x00, 0x00, 0x00, 0x00, 0x00, 0x00, 0x00, 0x00, 0x00, 
    0x00, 0x00, 0x00, 0x00, 0x00, 0x00, 0x00, 0x00, 0x00, 0x00, 0x00, 0x00, 0x00, 0x00, 0x00, 0x00, 
    0x00, 0x00, 0x00, 0x00, 0x00, 0x00, 0x00, 0x00, 0x00, 0x00, 0x00, 0x00, 0x00, 0x00, 0x00, 0x00, 
    0x00, 0x00, 0x00, 0x00, 0x00, 0x00, 0x00, 0x00, 0x00, 0x00, 0x00, 0x00, 0x00, 0x00, 0x00, 0x00, 
    0x00, 0x00, 0x00, 0x00, 0x00, 0x00, 0x00, 0x00, 0x00, 0x00, 0x00, 0x00, 0x00, 0x00, 0x00, 0x00, 
    0x00, 0x00, 0x00, 0x00, 0x00, 0x00, 0x00, 0x00, 0x00, 0x00, 0x00, 0x00, 0x00, 0x00, 0x00, 0x00, 
    0x00, 0x00, 0x00, 0x00, 0x00, 0x00, 0x00, 0x00, 0x00, 0x00, 0x00, 0x00, 0x00, 0x00, 0x00, 0x00, 
    0x00, 0x00, 0x00, 0x00, 0x00, 0x00, 0x00, 0x00, 0x00, 0x00, 0x00, 0x00, 0x00, 0x00, 0x00, 0x00, 
    0x00, 0x00, 0x00, 0x00, 0x00, 0x00, 0x00, 0x00, 0x00, 0x00, 0x00, 0x00, 0x00, 0x00, 0x00, 0x00, 
    0x00, 0x00, 0x00, 0x00, 0x00, 0x00, 0x00, 0x00, 0x00, 0x00, 0x00, 0x00, 0x00, 0x00, 0x00, 0x00, 
    0x00, 0x00, 0x00, 0x00, 0x00, 0x00, 0x00, 0x00, 0x00, 0x00, 0x00, 0x00, 0x00, 0x00, 0x00, 0x00, 
    0x00, 0x00, 0x00, 0x00, 0x00, 0x00, 0x00, 0x00, 0x00, 0x00, 0x00, 0x00, 0x00, 0x00, 0x00, 0x00, 
    0x00, 0x00, 0x00, 0x00, 0x00, 0x00, 0x00, 0x00, 0x00, 0x00, 0x00, 0x00, 0x00, 0x00, 0x00, 0x00, 
    0x02, 0x49, 0x02, 0x8A, 0x4A, 0xCD, 0x3F, 0xFF, 0x17, 0xFF, 0x17, 0xFF, 0x3F, 0x7D, 0x56, 0x9A, 
    0x56, 0x9A, 0x4E, 0x79, 0x4E, 0x79, 0x5E, 0x7A, 0x66, 0x7A, 0x66, 0x7A, 0x56, 0x18, 0x42, 0xAB, 
    0x01, 0x06, 0x03, 0x71, 0x03, 0xB0, 0x03, 0x70, 0x09, 0x05, 0x53, 0x8F, 0x5E, 0x5A, 0x5E, 0x7A, 
    0x5E, 0x5A, 0x56, 0x39, 0x4E, 0x39, 0x56, 0x39, 0x5E, 0x59, 0x5E, 0x5A, 0x5E, 0x7A, 0x4D, 0x76, 
    0x29, 0x88, 0x00, 0xE8, 0x01, 0x4B, 0x29, 0x48, 0x66, 0x5A, 0x4E, 0xDC, 0x27, 0xDF, 0x17, 0xFF, 
    0x0F, 0xFF, 0x27, 0x9E, 0x46, 0x7A, 0x46, 0x59, 0x46, 0x59, 0x4E, 0x7A, 0x5D, 0x76, 0x39, 0xC9, 
    0x75, 0xF9, 0x4E, 0x19, 0x56, 0x5A, 0x65, 0xD8, 0x19, 0xA8, 0x03, 0x2E, 0x03, 0x2C, 0x03, 0x4D, 
    0x01, 0xC8, 0x32, 0xCC, 0x56, 0x7B, 0x56, 0x1A, 0x56, 0x5B, 0x4C, 0xB3, 0x01, 0x06, 0x03, 0x2E, 
    0x03, 0x2D, 0x03, 0x6E, 0x01, 0x87, 0x54, 0x33, 0x4D, 0xFB, 0x4D, 0xDA, 0x56, 0x3B, 0x42, 0xED, 
    0x00, 0x86, 0x00, 0xA6, 0x43, 0x0E, 0x55, 0x99, 0x55, 0xBA, 0x55, 0x99, 0x4D, 0x79, 0x4D, 0x79, 
    0x4D, 0x59, 0x4D, 0x59, 0x55, 0x79, 0x55, 0x7A, 0x54, 0xB5, 0x29, 0x87, 0x01, 0xCA, 0x03, 0x31, 
    0x03, 0x72, 0x01, 0xEA, 0x29, 0x87, 0x54, 0x96, 0x55, 0x1A, 0x5D, 0x39, 0x55, 0x19, 0x4C, 0xF9, 
    0x44, 0xD9, 0x44, 0xD9, 0x54, 0xF9, 0x5D, 0x19, 0x5D, 0x19, 0x4B, 0x2E, 0x09, 0x07, 0x02, 0x71, 
    0x00, 0xE9, 0x42, 0x8C, 0x54, 0xFA, 0x4C, 0x99, 0x4C, 0xB9, 0x5C, 0xD9, 0x5C, 0xD9, 0x54, 0xB9, 
    0x54, 0x99, 0x4C, 0x79, 0x4C, 0x79, 0x5C, 0x99, 0x5C, 0xBA, 0x64, 0x15, 0x29, 0x88, 0x02, 0x6A, 
    0x03, 0x8E, 0x01, 0xC7, 0x00, 0x61, 0x00, 0x00, 0x00, 0x00, 0x00, 0xC3, 0x02, 0x89, 0x03, 0x4E, 
    0x09, 0x27, 0x63, 0xF6, 0x54, 0x3A, 0x5C, 0x5B, 0x74, 0x99, 0x19, 0x08, 0x00, 0x8F, 0x00, 0x67, 
    0x42, 0x8E, 0x64, 0x1A, 0x63, 0xF9, 0x63, 0xD9, 0x63, 0xF9, 0x6C, 0x19, 0x6C, 0x19, 0x6C, 0x19, 
    0x74, 0x19, 0x84, 0x3A, 0x72, 0xF0, 0x00, 0xCA, 0x01, 0x0A, 0x41, 0xCA, 0x6B, 0x77, 0x73, 0xDA, 
    0x73, 0xD9, 0x6B, 0x99, 0x6B, 0x59, 0x6B, 0x59, 0x73, 0x99, 0x83, 0xD9, 0x83, 0xD9, 0x83, 0xB9, 
    0x6A, 0x91, 0x08, 0xE8, 0x01, 0xF0, 0x01, 0x4D, 0x29, 0x28, 0x8B, 0xB9, 0x7B, 0x59, 0x83, 0x99, 
    0x83, 0x99, 0x83, 0x59, 0x7B, 0x19, 0x7B, 0x19, 0x83, 0x39, 0x8B, 0x59, 0x93, 0x79, 0x93, 0x5A, 
    0x92, 0xF7, 0x49, 0x8A, 0x01, 0xE8, 0x03, 0xAE, 0x01, 0xC6, 0x00, 0x00, 0x00, 0x00, 0x00, 0x00, 
    0x00, 0x00, 0x00, 0x00, 0x00, 0x00, 0x00, 0x00, 0x00, 0x00, 0x00, 0x00, 0x00, 0x00, 0x00, 0x00, 
    0x00, 0x00, 0x00, 0x00, 0x00, 0x00, 0x00, 0x00, 0x00, 0x00, 0x00, 0x00, 0x00, 0x00, 0x00, 0x00, 
    0x00, 0x00, 0x00, 0x00, 0x00, 0x00, 0x00, 0x00, 0x00, 0x00, 0x00, 0x00, 0x00, 0x00, 0x00, 0x00, 
    0x00, 0x00, 0x00, 0x00, 0x00, 0x00, 0x00, 0x00, 0x00, 0x00, 0x00, 0x00, 0x00, 0x00, 0x00, 0x00, 
    0x00, 0x00, 0x00, 0x00, 0x00, 0x00, 0x00, 0x00, 0x00, 0x00, 0x00, 0x00, 0x00, 0x00, 0x00, 0x00, 
    0x00, 0x00, 0x00, 0x00, 0x00, 0x00, 0x00, 0x00, 0x00, 0x00, 0x00, 0x00, 0x00, 0x00, 0x00, 0x00, 
    0x00, 0x00, 0x00, 0x00, 0x00, 0x00, 0x00, 0x00, 0x00, 0x00, 0x00, 0x00, 0x00, 0x00, 0x00, 0x00, 
    0x00, 0x00, 0x00, 0x00, 0x00, 0x00, 0x00, 0x00, 0x00, 0x00, 0x00, 0x00, 0x00, 0x00, 0x00, 0x00, 
    0x00, 0x00, 0x00, 0x00, 0x00, 0x00, 0x00, 0x00, 0x00, 0x00, 0x00, 0x00, 0x00, 0x00, 0x00, 0x00, 
    0x00, 0x00, 0x00, 0x00, 0x00, 0x00, 0x00, 0x00, 0x00, 0x00, 0x00, 0x00, 0x00, 0x00, 0x00, 0x00, 
    0x00, 0x00, 0x00, 0x00, 0x00, 0x00, 0x00, 0x00, 0x00, 0x00, 0x00, 0x00, 0x00, 0x00, 0x00, 0x00, 
    0x00, 0x00, 0x00, 0x00, 0x00, 0x00, 0x00, 0x00, 0x00, 0x00, 0x00, 0x00, 0x00, 0x00, 0x00, 0x00, 
    0x00, 0x00, 0x00, 0x00, 0x00, 0x00, 0x00, 0x00, 0x00, 0x00, 0x00, 0x00, 0x00, 0x00, 0x00, 0x00, 
    0x00, 0x00, 0x00, 0x00, 0x00, 0x00, 0x00, 0x00, 0x00, 0x00, 0x00, 0x00, 0x00, 0x00, 0x00, 0x00, 
    0x00, 0x00, 0x00, 0x00, 0x00, 0x00, 0x00, 0x00, 0x00, 0x00, 0x00, 0x00, 0x00, 0x00, 0x00, 0x00, 
    0x00, 0x00, 0x00, 0x00, 0x00, 0x00, 0x00, 0x00, 0x00, 0x00, 0x00, 0x00, 0x00, 0x00, 0x00, 0x00, 
    0x00, 0x00, 0x00, 0x00, 0x00, 0x00, 0x00, 0x00, 0x00, 0x00, 0x00, 0x00, 0x00, 0x00, 0x00, 0x00, 
    0x02, 0x49, 0x02, 0x69, 0x42, 0xCC, 0x3F, 0xFF, 0x17, 0xFF, 0x17, 0xDF, 0x0F, 0xFF, 0x17, 0xFF, 
    0x1F, 0xFF, 0x0F, 0xFF, 0x0F, 0xFF, 0x0F, 0xFF, 0x17, 0xFF, 0x0F, 0xFF, 0x07, 0xFF, 0x47, 0xFF, 
    0x53, 0x4E, 0x00, 0xE9, 0x02, 0x71, 0x08, 0xA6, 0x5C, 0x72, 0x2F, 0xFF, 0x0F, 0xFF, 0x0F, 0xFF, 
    0x07, 0xFF, 0x07, 0xFF, 0x07, 0xFF, 0x07, 0xFF, 0x0F, 0xFF, 0x0F, 0xFF, 0x0F, 0xFF, 0x07, 0xFF, 
    0x47, 0x5D, 0x29, 0x67, 0x00, 0x27, 0x31, 0xEB, 0x3F, 0xFF, 0x07, 0xFF, 0x0F, 0xFF, 0x17, 0xFF, 
    0x0F, 0xDF, 0x07, 0xBF, 0x07, 0xFF, 0x07, 0xFF, 0x0F, 0xFF, 0x07, 0xFF, 0x4E, 0xFC, 0x28, 0xC6, 
    0x3E, 0x9C, 0x07, 0xFF, 0x07, 0xFF, 0x27, 0xFF, 0x32, 0x8B, 0x01, 0x49, 0x02, 0x6E, 0x02, 0xAF, 
    0x08, 0xC6, 0x4D, 0xB8, 0x07, 0xDF, 0x07, 0x9F, 0x07, 0x7F, 0x2F, 0x3F, 0x21, 0x67, 0x01, 0xAC, 
    0x02, 0x4E, 0x02, 0x2E, 0x19, 0x47, 0x36, 0x9E, 0x06, 0xFF, 0x06, 0xFF, 0x37, 0x5F, 0x32, 0x2B, 
    0x00, 0x01, 0x4B, 0xD1, 0x2E, 0xDF, 0x06, 0x7F, 0x0E, 0x7F, 0x0E, 0x7F, 0x0E, 0x7F, 0x0E, 0x5F, 
    0x0E, 0x3F, 0x06, 0x1F, 0x05, 0xFF, 0x0D, 0xFF, 0x0E, 0x3F, 0x4E, 0x1D, 0x29, 0x66, 0x01, 0x2D, 
    0x01, 0x4D, 0x31, 0xA8, 0x55, 0xFD, 0x0D, 0x9F, 0x05, 0x3F, 0x0D, 0x5F, 0x15, 0x7F, 0x0D, 0x5F, 
    0x05, 0x1F, 0x05, 0x1F, 0x15, 0x3F, 0x1D, 0x3F, 0x15, 0x3F, 0x46, 0x1F, 0x5B, 0xB1, 0x00, 0x67, 
    0x00, 0x27, 0x43, 0x50, 0x1D, 0x3F, 0x0C, 0x9F, 0x14, 0xBF, 0x1C, 0xDF, 0x1C, 0xBF, 0x14, 0x9F, 
    0x0C, 0x5F, 0x0C, 0x3F, 0x0C, 0x3F, 0x14, 0x5F, 0x1C, 0x5F, 0x2C, 0xBF, 0x5C, 0xDC, 0x21, 0x26, 
    0x02, 0xCB, 0x02, 0xCB, 0x01, 0x24, 0x00, 0x41, 0x00, 0x00, 0x00, 0xC3, 0x02, 0x89, 0x03, 0x0E, 
    0x19, 0x47, 0x5C, 0x7C, 0x1B, 0xBF, 0x1B, 0x9F, 0x5C, 0xBE, 0x21, 0x28, 0x00, 0x07, 0x3A, 0x2B, 
    0x54, 0x9F, 0x23, 0x3F, 0x23, 0x5F, 0x2B, 0x3F, 0x2B, 0x1F, 0x33, 0x3F, 0x3B, 0x7F, 0x43, 0x7F, 
    0x3B, 0x3F, 0x5B, 0xBF, 0x5A, 0x8F, 0x00, 0x03, 0x4A, 0x4D, 0x7C, 0x7F, 0x4B, 0x5F, 0x43, 0x3F, 
    0x43, 0x1F, 0x3A, 0xBF, 0x3A, 0x9F, 0x42, 0x9F, 0x4A, 0xFF, 0x53, 0x1F, 0x52, 0xFF, 0x5A, 0xDF, 
    0x73, 0x9F, 0x6A, 0xD3, 0x00, 0x46, 0x00, 0x4B, 0x31, 0x8A, 0x73, 0x3F, 0x5A, 0x9F, 0x62, 0xDF, 
    0x6A, 0xDF, 0x62, 0xBF, 0x5A, 0x5F, 0x5A, 0x1F, 0x5A, 0x1F, 0x6A, 0x7F, 0x72, 0x7F, 0x72, 0x5F, 
    0x72, 0x1F, 0xA3, 0x3F, 0x51, 0x8C, 0x02, 0x6B, 0x03, 0x8E, 0x00, 0x82, 0x00, 0x00, 0x00, 0x00, 
    0x00, 0x00, 0x00, 0x00, 0x00, 0x00, 0x00, 0x00, 0x00, 0x00, 0x00, 0x00, 0x00, 0x00, 0x00, 0x00, 
    0x00, 0x00, 0x00, 0x00, 0x00, 0x00, 0x00, 0x00, 0x00, 0x00, 0x00, 0x00, 0x00, 0x00, 0x00, 0x00, 
    0x00, 0x00, 0x00, 0x00, 0x00, 0x00, 0x00, 0x00, 0x00, 0x00, 0x00, 0x00, 0x00, 0x00, 0x00, 0x00, 
    0x00, 0x00, 0x00, 0x00, 0x00, 0x00, 0x00, 0x00, 0x00, 0x00, 0x00, 0x00, 0x00, 0x00, 0x00, 0x00, 
    0x00, 0x00, 0x00, 0x00, 0x00, 0x00, 0x00, 0x00, 0x00, 0x00, 0x00, 0x00, 0x00, 0x00, 0x00, 0x00, 
    0x00, 0x00, 0x00, 0x00, 0x00, 0x00, 0x00, 0x00, 0x00, 0x00, 0x00, 0x00, 0x00, 0x00, 0x00, 0x00, 
    0x00, 0x00, 0x00, 0x00, 0x00, 0x00, 0x00, 0x00, 0x00, 0x00, 0x00, 0x00, 0x00, 0x00, 0x00, 0x00, 
    0x00, 0x00, 0x00, 0x00, 0x00, 0x00, 0x00, 0x00, 0x00, 0x00, 0x00, 0x00, 0x00, 0x00, 0x00, 0x00, 
    0x00, 0x00, 0x00, 0x00, 0x00, 0x00, 0x00, 0x00, 0x00, 0x00, 0x00, 0x00, 0x00, 0x00, 0x00, 0x00, 
    0x00, 0x00, 0x00, 0x00, 0x00, 0x00, 0x00, 0x00, 0x00, 0x00, 0x00, 0x00, 0x00, 0x00, 0x00, 0x00, 
    0x00, 0x00, 0x00, 0x00, 0x00, 0x00, 0x00, 0x00, 0x00, 0x00, 0x00, 0x00, 0x00, 0x00, 0x00, 0x00, 
    0x00, 0x00, 0x00, 0x00, 0x00, 0x00, 0x00, 0x00, 0x00, 0x00, 0x00, 0x00, 0x00, 0x00, 0x00, 0x00, 
    0x00, 0x00, 0x00, 0x00, 0x00, 0x00, 0x00, 0x00, 0x00, 0x00, 0x00, 0x00, 0x00, 0x00, 0x00, 0x00, 
    0x00, 0x00, 0x00, 0x00, 0x00, 0x00, 0x00, 0x00, 0x00, 0x00, 0x00, 0x00, 0x00, 0x00, 0x00, 0x00, 
    0x00, 0x00, 0x00, 0x00, 0x00, 0x00, 0x00, 0x00, 0x00, 0x00, 0x00, 0x00, 0x00, 0x00, 0x00, 0x00, 
    0x00, 0x00, 0x00, 0x00, 0x00, 0x00, 0x00, 0x00, 0x00, 0x00, 0x00, 0x00, 0x00, 0x00, 0x00, 0x00, 
    0x00, 0x00, 0x00, 0x00, 0x00, 0x00, 0x00, 0x00, 0x00, 0x00, 0x00, 0x00, 0x00, 0x00, 0x00, 0x00, 
    0x02, 0x69, 0x02, 0x69, 0x42, 0xCD, 0x3F, 0xFF, 0x17, 0xFF, 0x17, 0xDF, 0x0F, 0xFF, 0x17, 0xFF, 
    0x1F, 0xFF, 0x1F, 0xFF, 0x17, 0xFF, 0x0F, 0xFF, 0x0F, 0xFF, 0x07, 0xDF, 0x0F, 0xDF, 0x0F, 0xFF, 
    0x57, 0xDF, 0x21, 0xCA, 0x00, 0x49, 0x3A, 0x4B, 0x3F, 0xFF, 0x07, 0xFF, 0x17, 0xDF, 0x07, 0xFF, 
    0x0F, 0xFF, 0x17, 0xFF, 0x1F, 0xFF, 0x17, 0xFF, 0x0F, 0xFF, 0x07, 0xFF, 0x07, 0xDF, 0x0F, 0xDF, 
    0x0F, 0xFF, 0x56, 0x39, 0x08, 0x04, 0x29, 0xCB, 0x37, 0xFF, 0x07, 0xFF, 0x07, 0xDF, 0x0F, 0xDF, 
    0x0F, 0xDF, 0x0F, 0xDF, 0x0F, 0xFF, 0x0F, 0xFF, 0x0F, 0xFF, 0x0F, 0xFF, 0x3E, 0xFC, 0x10, 0x01, 
    0x3C, 0x54, 0x0F, 0xFF, 0x07, 0xBF, 0x0F, 0xFF, 0x44, 0x72, 0x00, 0x66, 0x01, 0xAF, 0x01, 0x4C, 
    0x29, 0xC9, 0x3F, 0x5F, 0x07, 0x5F, 0x0F, 0x5F, 0x07, 0x3F, 0x1F, 0x9F, 0x3B, 0x6E, 0x00, 0x89, 
    0x01, 0xB0, 0x00, 0xEB, 0x32, 0x6B, 0x27, 0x3F, 0x06, 0xBF, 0x06, 0xFF, 0x46, 0x3C, 0x08, 0x23, 
    0x32, 0x0B, 0x3F, 0x1F, 0x06, 0x3F, 0x06, 0x3F, 0x06, 0x5F, 0x16, 0x9F, 0x1E, 0x9F, 0x1E, 0x7F, 
    0x16, 0x5F, 0x0E, 0x3F, 0x05, 0xFF, 0x05, 0xBF, 0x15, 0xBF, 0x16, 0x3F, 0x55, 0x78, 0x08, 0x89, 
    0x08, 0x88, 0x5D, 0x38, 0x15, 0xBF, 0x05, 0x3F, 0x05, 0x1F, 0x0D, 0x7F, 0x1D, 0x9F, 0x1D, 0x9F, 
    0x15, 0x7F, 0x0D, 0x5F, 0x1D, 0x7F, 0x1D, 0x3F, 0x1D, 0x1F, 0x14, 0xFF, 0x45, 0xFF, 0x2A, 0x0A, 
    0x00, 0x02, 0x43, 0x2F, 0x25, 0x1F, 0x14, 0xBF, 0x1C, 0xBF, 0x1C, 0xBF, 0x1C, 0xBF, 0x14, 0x7F, 
    0x0C, 0x5F, 0x0C, 0x5F, 0x1C, 0x7F, 0x1C, 0x5F, 0x24, 0x3F, 0x1C, 0x1F, 0x24, 0x5F, 0x5C, 0x18, 
    0x09, 0x87, 0x03, 0x6D, 0x01, 0xA6, 0x00, 0x82, 0x00, 0x20, 0x00, 0xE3, 0x02, 0x89, 0x03, 0x0E, 
    0x11, 0x27, 0x5C, 0x7B, 0x23, 0xDF, 0x23, 0xBF, 0x5C, 0x9D, 0x21, 0x06, 0x00, 0x01, 0x4B, 0x74, 
    0x2B, 0xBF, 0x2B, 0x7F, 0x33, 0x7F, 0x33, 0x9F, 0x33, 0x7F, 0x2B, 0x3F, 0x33, 0x5F, 0x3B, 0x7F, 
    0x3B, 0x1F, 0x6C, 0x1F, 0x31, 0x66, 0x10, 0x83, 0x74, 0x1D, 0x43, 0x3F, 0x4B, 0x5F, 0x43, 0x3F, 
    0x43, 0x1F, 0x3A, 0xDF, 0x42, 0xDF, 0x4A, 0xFF, 0x52, 0xFF, 0x4A, 0xDF, 0x4A, 0x9F, 0x52, 0xDF, 
    0x4A, 0x7F, 0x73, 0x7F, 0x49, 0xED, 0x00, 0x05, 0x31, 0x6A, 0x73, 0x5F, 0x5A, 0x9F, 0x62, 0xBF, 
    0x62, 0xBF, 0x6A, 0xFF, 0x6A, 0xBF, 0x62, 0x5F, 0x62, 0x1F, 0x62, 0x3F, 0x6A, 0x1F, 0x6A, 0x1F, 
    0x72, 0x3F, 0x7A, 0x1F, 0xAB, 0x7E, 0x29, 0x6A, 0x03, 0x8F, 0x01, 0xE7, 0x00, 0x00, 0x00, 0x00, 
    0x00, 0x00, 0x00, 0x00, 0x00, 0x00, 0x00, 0x00, 0x00, 0x00, 0x00, 0x00, 0x00, 0x00, 0x00, 0x00, 
    0x00, 0x00, 0x00, 0x00, 0x00, 0x00, 0x00, 0x00, 0x00, 0x00, 0x00, 0x00, 0x00, 0x00, 0x00, 0x00, 
    0x00, 0x00, 0x00, 0x00, 0x00, 0x00, 0x00, 0x00, 0x00, 0x00, 0x00, 0x00, 0x00, 0x00, 0x00, 0x00, 
    0x00, 0x00, 0x00, 0x00, 0x00, 0x00, 0x00, 0x00, 0x00, 0x00, 0x00, 0x00, 0x00, 0x00, 0x00, 0x00, 
    0x00, 0x00, 0x00, 0x00, 0x00, 0x00, 0x00, 0x00, 0x00, 0x00, 0x00, 0x00, 0x00, 0x00, 0x00, 0x00, 
    0x00, 0x00, 0x00, 0x00, 0x00, 0x00, 0x00, 0x00, 0x00, 0x00, 0x00, 0x00, 0x00, 0x00, 0x00, 0x00, 
    0x00, 0x00, 0x00, 0x00, 0x00, 0x00, 0x00, 0x00, 0x00, 0x00, 0x00, 0x00, 0x00, 0x00, 0x00, 0x00, 
    0x00, 0x00, 0x00, 0x00, 0x00, 0x00, 0x00, 0x00, 0x00, 0x00, 0x00, 0x00, 0x00, 0x00, 0x00, 0x00, 
    0x00, 0x00, 0x00, 0x00, 0x00, 0x00, 0x00, 0x00, 0x00, 0x00, 0x00, 0x00, 0x00, 0x00, 0x00, 0x00, 
    0x00, 0x00, 0x00, 0x00, 0x00, 0x00, 0x00, 0x00, 0x00, 0x00, 0x00, 0x00, 0x00, 0x00, 0x00, 0x00, 
    0x00, 0x00, 0x00, 0x00, 0x00, 0x00, 0x00, 0x00, 0x00, 0x00, 0x00, 0x00, 0x00, 0x00, 0x00, 0x00, 
    0x00, 0x00, 0x00, 0x00, 0x00, 0x00, 0x00, 0x00, 0x00, 0x00, 0x00, 0x00, 0x00, 0x00, 0x00, 0x00, 
    0x00, 0x00, 0x00, 0x00, 0x00, 0x00, 0x00, 0x00, 0x00, 0x00, 0x00, 0x00, 0x00, 0x00, 0x00, 0x00, 
    0x00, 0x00, 0x00, 0x00, 0x00, 0x00, 0x00, 0x00, 0x00, 0x00, 0x00, 0x00, 0x00, 0x00, 0x00, 0x00, 
    0x00, 0x00, 0x00, 0x00, 0x00, 0x00, 0x00, 0x00, 0x00, 0x00, 0x00, 0x00, 0x00, 0x00, 0x00, 0x00, 
    0x00, 0x00, 0x00, 0x00, 0x00, 0x00, 0x00, 0x00, 0x00, 0x00, 0x00, 0x00, 0x00, 0x00, 0x00, 0x00, 
    0x00, 0x00, 0x00, 0x00, 0x00, 0x00, 0x00, 0x00, 0x00, 0x00, 0x00, 0x00, 0x00, 0x00, 0x00, 0x00, 
    0x02, 0x69, 0x02, 0x69, 0x4A, 0xCD, 0x3F, 0xFF, 0x17, 0xFF, 0x1F, 0xFF, 0x3F, 0x1D, 0x55, 0xD8, 
    0x5D, 0xF8, 0x5E, 0x18, 0x5E, 0x18, 0x55, 0xD7, 0x55, 0xF8, 0x2F, 0x9F, 0x0F, 0xFF, 0x1F, 0xDF, 
    0x37, 0xFF, 0x3B, 0x2E, 0x00, 0x02, 0x43, 0xF1, 0x1F, 0xFF, 0x0F, 0xFF, 0x0F, 0xFF, 0x3E, 0xFC, 
    0x44, 0xF5, 0x4D, 0x16, 0x4D, 0x36, 0x45, 0x36, 0x44, 0xF5, 0x55, 0x77, 0x2F, 0xBF, 0x07, 0xFF, 
    0x0F, 0xFF, 0x4F, 0x9E, 0x18, 0xE6, 0x19, 0x08, 0x5D, 0xB7, 0x56, 0x19, 0x1F, 0x9F, 0x07, 0xDF, 
    0x0F, 0xDF, 0x2F, 0x9E, 0x56, 0x19, 0x55, 0xF8, 0x55, 0xF8, 0x4D, 0xF8, 0x44, 0xD3, 0x00, 0x01, 
    0x32, 0x2B, 0x27, 0xFF, 0x07, 0xBF, 0x07, 0xDF, 0x46, 0x5A, 0x08, 0x86, 0x01, 0x2F, 0x00, 0x47, 
    0x4B, 0xD0, 0x27, 0xDF, 0x0F, 0x5F, 0x0F, 0x3F, 0x0F, 0x3F, 0x0F, 0x9F, 0x4D, 0xB7, 0x00, 0x67, 
    0x01, 0x30, 0x00, 0x26, 0x4C, 0x32, 0x1F, 0x5F, 0x0E, 0xDF, 0x17, 0x3F, 0x44, 0x94, 0x00, 0x00, 
    0x43, 0x91, 0x2F, 0x3F, 0x0E, 0x7F, 0x06, 0x5F, 0x35, 0xFC, 0x44, 0x95, 0x44, 0xB6, 0x44, 0xB6, 
    0x3C, 0xB6, 0x3C, 0x75, 0x44, 0xD7, 0x1D, 0xFF, 0x0D, 0xDF, 0x15, 0xFF, 0x46, 0x3D, 0x10, 0xA7, 
    0x18, 0xC7, 0x55, 0xFD, 0x0D, 0x7F, 0x0D, 0x3F, 0x1D, 0x5F, 0x3C, 0x97, 0x44, 0x35, 0x44, 0x56, 
    0x44, 0x56, 0x3C, 0x36, 0x4C, 0x55, 0x45, 0x5C, 0x1D, 0x1F, 0x14, 0xDF, 0x25, 0x9F, 0x32, 0xEF, 
    0x00, 0x00, 0x4B, 0x70, 0x2D, 0x5F, 0x1C, 0xDF, 0x1C, 0xBF, 0x3C, 0xBC, 0x3C, 0x38, 0x3C, 0x37, 
    0x3C, 0x17, 0x44, 0x38, 0x4C, 0x58, 0x4C, 0xBB, 0x24, 0x5F, 0x1C, 0x3F, 0x1C, 0x1F, 0x54, 0xDC, 
    0x19, 0xA8, 0x03, 0x8F, 0x02, 0x28, 0x00, 0xC3, 0x00, 0x41, 0x00, 0xE3, 0x02, 0x8A, 0x03, 0x2E, 
    0x11, 0x47, 0x5C, 0x7B, 0x2B, 0xFF, 0x2B, 0xBF, 0x54, 0x7D, 0x19, 0x06, 0x00, 0x00, 0x43, 0x33, 
    0x2B, 0xBF, 0x33, 0x9F, 0x3B, 0xBF, 0x64, 0x3B, 0x63, 0xD8, 0x5B, 0x98, 0x53, 0x78, 0x5B, 0x78, 
    0x5B, 0x98, 0x6B, 0xB5, 0x08, 0x21, 0x29, 0x68, 0x5B, 0xDF, 0x3B, 0x3F, 0x43, 0x3F, 0x5B, 0x9F, 
    0x63, 0x79, 0x5A, 0xF6, 0x63, 0x16, 0x6B, 0x37, 0x62, 0xF7, 0x63, 0x17, 0x63, 0x3D, 0x4A, 0x9F, 
    0x52, 0xBF, 0x6B, 0x3F, 0x62, 0xD2, 0x00, 0x02, 0x31, 0x6B, 0x73, 0x5F, 0x52, 0x7F, 0x62, 0x9F, 
    0x73, 0x1D, 0x7B, 0x19, 0x7B, 0x18, 0x7A, 0xD8, 0x7A, 0x98, 0x7A, 0x98, 0x82, 0xDA, 0x7A, 0x5F, 
    0x72, 0x1F, 0x72, 0x5F, 0xA3, 0x3F, 0x41, 0xAB, 0x03, 0x0E, 0x02, 0x89, 0x00, 0x00, 0x00, 0x00, 
    0x00, 0x00, 0x00, 0x00, 0x00, 0x00, 0x00, 0x00, 0x00, 0x00, 0x00, 0x00, 0x00, 0x00, 0x00, 0x00, 
    0x00, 0x00, 0x00, 0x00, 0x00, 0x00, 0x00, 0x00, 0x00, 0x00, 0x00, 0x00, 0x00, 0x00, 0x00, 0x00, 
    0x00, 0x00, 0x00, 0x00, 0x00, 0x00, 0x00, 0x00, 0x00, 0x00, 0x00, 0x00, 0x00, 0x00, 0x00, 0x00, 
    0x00, 0x00, 0x00, 0x00, 0x00, 0x00, 0x00, 0x00, 0x00, 0x00, 0x00, 0x00, 0x00, 0x00, 0x00, 0x00, 
    0x00, 0x00, 0x00, 0x00, 0x00, 0x00, 0x00, 0x00, 0x00, 0x00, 0x00, 0x00, 0x00, 0x00, 0x00, 0x00, 
    0x00, 0x00, 0x00, 0x00, 0x00, 0x00, 0x00, 0x00, 0x00, 0x00, 0x00, 0x00, 0x00, 0x00, 0x00, 0x00, 
    0x00, 0x00, 0x00, 0x00, 0x00, 0x00, 0x00, 0x00, 0x00, 0x00, 0x00, 0x00, 0x00, 0x00, 0x00, 0x00, 
    0x00, 0x00, 0x00, 0x00, 0x00, 0x00, 0x00, 0x00, 0x00, 0x00, 0x00, 0x00, 0x00, 0x00, 0x00, 0x00, 
    0x00, 0x00, 0x00, 0x00, 0x00, 0x00, 0x00, 0x00, 0x00, 0x00, 0x00, 0x00, 0x00, 0x00, 0x00, 0x00, 
    0x00, 0x00, 0x00, 0x00, 0x00, 0x00, 0x00, 0x00, 0x00, 0x00, 0x00, 0x00, 0x00, 0x00, 0x00, 0x00, 
    0x00, 0x00, 0x00, 0x00, 0x00, 0x00, 0x00, 0x00, 0x00, 0x00, 0x00, 0x00, 0x00, 0x00, 0x00, 0x00, 
    0x00, 0x00, 0x00, 0x00, 0x00, 0x00, 0x00, 0x00, 0x00, 0x00, 0x00, 0x00, 0x00, 0x00, 0x00, 0x00, 
    0x00, 0x00, 0x00, 0x00, 0x00, 0x00, 0x00, 0x00, 0x00, 0x00, 0x00, 0x00, 0x00, 0x00, 0x00, 0x00, 
    0x00, 0x00, 0x00, 0x00, 0x00, 0x00, 0x00, 0x00, 0x00, 0x00, 0x00, 0x00, 0x00, 0x00, 0x00, 0x00, 
    0x00, 0x00, 0x00, 0x00, 0x00, 0x00, 0x00, 0x00, 0x00, 0x00, 0x00, 0x00, 0x00, 0x00, 0x00, 0x00, 
    0x00, 0x00, 0x00, 0x00, 0x00, 0x00, 0x00, 0x00, 0x00, 0x00, 0x00, 0x00, 0x00, 0x00, 0x00, 0x00, 
    0x00, 0x00, 0x00, 0x00, 0x00, 0x00, 0x00, 0x00, 0x00, 0x00, 0x00, 0x00, 0x00, 0x00, 0x00, 0x00, 
    0x02, 0x69, 0x02, 0x69, 0x4A, 0xED, 0x3F, 0xFF, 0x17, 0xFF, 0x27, 0xFF, 0x54, 0xF3, 0x08, 0x01, 
    0x08, 0x26, 0x08, 0x46, 0x08, 0x46, 0x08, 0x25, 0x08, 0x01, 0x55, 0x36, 0x1F, 0xFF, 0x17, 0xFF, 
    0x2F, 0xFF, 0x33, 0x0D, 0x00, 0x00, 0x43, 0xD1, 0x27, 0xFF, 0x0F, 0xFF, 0x27, 0xFF, 0x43, 0x0C, 
    0x00, 0x00, 0x00, 0x00, 0x00, 0x01, 0x00, 0x01, 0x00, 0x00, 0x10, 0x00, 0x46, 0x7B, 0x07, 0xFF, 
    0x0F, 0xFF, 0x4F, 0x7D, 0x21, 0x27, 0x00, 0x05, 0x00, 0x02, 0x29, 0x26, 0x37, 0x7E, 0x07, 0xFF, 
    0x0F, 0xFF, 0x3E, 0xBB, 0x18, 0x65, 0x08, 0x25, 0x08, 0x25, 0x08, 0x45, 0x00, 0x45, 0x00, 0x69, 
    0x10, 0xA7, 0x3E, 0xFC, 0x07, 0xDF, 0x0F, 0xBF, 0x3F, 0x9F, 0x29, 0xA9, 0x00, 0x4A, 0x08, 0x44, 
    0x45, 0xD9, 0x07, 0xBF, 0x0F, 0x5F, 0x07, 0x5F, 0x0F, 0x3F, 0x0F, 0x5F, 0x3F, 0x5E, 0x19, 0x69, 
    0x00, 0x2A, 0x08, 0x44, 0x55, 0xFA, 0x0F, 0x1F, 0x0E, 0xDF, 0x27, 0x3F, 0x2A, 0x4B, 0x00, 0x00, 
    0x3B, 0x4F, 0x27, 0x3F, 0x0E, 0x7F, 0x27, 0x1F, 0x3B, 0x0D, 0x00, 0x00, 0x00, 0x00, 0x00, 0x00, 
    0x00, 0x01, 0x00, 0x00, 0x10, 0x00, 0x3D, 0xBB, 0x0D, 0xFF, 0x0D, 0xFF, 0x35, 0xFC, 0x08, 0x65, 
    0x18, 0xA5, 0x55, 0xDC, 0x0D, 0x7F, 0x15, 0x7F, 0x3D, 0x3A, 0x08, 0x00, 0x00, 0x00, 0x00, 0x01, 
    0x00, 0x01, 0x00, 0x01, 0x00, 0x00, 0x3B, 0x6F, 0x25, 0x9F, 0x14, 0xDF, 0x2D, 0x9F, 0x32, 0xEF, 
    0x00, 0x00, 0x4B, 0x91, 0x35, 0x5F, 0x1C, 0xBF, 0x2D, 0x1F, 0x3B, 0x0F, 0x00, 0x01, 0x08, 0x44, 
    0x08, 0x65, 0x08, 0x66, 0x00, 0x25, 0x21, 0x68, 0x44, 0xFE, 0x1C, 0x1F, 0x14, 0x1F, 0x4C, 0xBC, 
    0x19, 0x88, 0x03, 0x90, 0x02, 0x89, 0x01, 0x24, 0x00, 0x82, 0x01, 0x04, 0x02, 0xAA, 0x03, 0x2E, 
    0x11, 0x48, 0x5C, 0x5B, 0x2B, 0xDF, 0x2B, 0xBF, 0x54, 0x7D, 0x19, 0x06, 0x00, 0x00, 0x4B, 0x33, 
    0x33, 0xBF, 0x2B, 0x7F, 0x54, 0x5F, 0x4A, 0x8D, 0x00, 0x23, 0x08, 0x65, 0x08, 0x65, 0x08, 0x85, 
    0x08, 0x86, 0x08, 0x67, 0x00, 0x07, 0x31, 0x89, 0x6C, 0x3F, 0x3B, 0x3F, 0x4B, 0x5F, 0x73, 0xD8, 
    0x10, 0x62, 0x00, 0x23, 0x00, 0x44, 0x00, 0x45, 0x00, 0x44, 0x00, 0x01, 0x52, 0x8F, 0x63, 0x3F, 
    0x52, 0xBF, 0x73, 0x5F, 0x62, 0xD2, 0x00, 0x00, 0x39, 0x6B, 0x7B, 0x9F, 0x52, 0x7F, 0x62, 0x9F, 
    0x72, 0xF6, 0x08, 0x41, 0x08, 0x45, 0x08, 0x66, 0x08, 0x66, 0x00, 0x65, 0x10, 0x83, 0x82, 0xF9, 
    0x72, 0x1F, 0x72, 0x3F, 0x9A, 0xFF, 0x39, 0x6A, 0x02, 0xCE, 0x02, 0xCA, 0x00, 0x20, 0x00, 0x00, 
    0x00, 0x00, 0x00, 0x00, 0x00, 0x00, 0x00, 0x00, 0x00, 0x00, 0x00, 0x00, 0x00, 0x00, 0x00, 0x00, 
    0x00, 0x00, 0x00, 0x00, 0x00, 0x00, 0x00, 0x00, 0x00, 0x00, 0x00, 0x00, 0x00, 0x00, 0x00, 0x00, 
    0x00, 0x00, 0x00, 0x00, 0x00, 0x00, 0x00, 0x00, 0x00, 0x00, 0x00, 0x00, 0x00, 0x00, 0x00, 0x00, 
    0x00, 0x00, 0x00, 0x00, 0x00, 0x00, 0x00, 0x00, 0x00, 0x00, 0x00, 0x00, 0x00, 0x00, 0x00, 0x00, 
    0x00, 0x00, 0x00, 0x00, 0x00, 0x00, 0x00, 0x00, 0x00, 0x00, 0x00, 0x00, 0x00, 0x00, 0x00, 0x00, 
    0x00, 0x00, 0x00, 0x00, 0x00, 0x00, 0x00, 0x00, 0x00, 0x00, 0x00, 0x00, 0x00, 0x00, 0x00, 0x00, 
    0x00, 0x00, 0x00, 0x00, 0x00, 0x00, 0x00, 0x00, 0x00, 0x00, 0x00, 0x00, 0x00, 0x00, 0x00, 0x00, 
    0x00, 0x00, 0x00, 0x00, 0x00, 0x00, 0x00, 0x00, 0x00, 0x00, 0x00, 0x00, 0x00, 0x00, 0x00, 0x00, 
    0x00, 0x00, 0x00, 0x00, 0x00, 0x00, 0x00, 0x00, 0x00, 0x00, 0x00, 0x00, 0x00, 0x00, 0x00, 0x00, 
    0x00, 0x00, 0x00, 0x00, 0x00, 0x00, 0x00, 0x00, 0x00, 0x00, 0x00, 0x00, 0x00, 0x00, 0x00, 0x00, 
    0x00, 0x00, 0x00, 0x00, 0x00, 0x00, 0x00, 0x00, 0x00, 0x00, 0x00, 0x00, 0x00, 0x00, 0x00, 0x00, 
    0x00, 0x00, 0x00, 0x00, 0x00, 0x00, 0x00, 0x00, 0x00, 0x00, 0x00, 0x00, 0x00, 0x00, 0x00, 0x00, 
    0x00, 0x00, 0x00, 0x00, 0x00, 0x00, 0x00, 0x00, 0x00, 0x00, 0x00, 0x00, 0x00, 0x00, 0x00, 0x00, 
    0x00, 0x00, 0x00, 0x00, 0x00, 0x00, 0x00, 0x00, 0x00, 0x00, 0x00, 0x00, 0x00, 0x00, 0x00, 0x00, 
    0x00, 0x00, 0x00, 0x00, 0x00, 0x00, 0x00, 0x00, 0x00, 0x00, 0x00, 0x00, 0x00, 0x00, 0x00, 0x00, 
    0x00, 0x00, 0x00, 0x00, 0x00, 0x00, 0x00, 0x00, 0x00, 0x00, 0x00, 0x00, 0x00, 0x00, 0x00, 0x00, 
    0x00, 0x00, 0x00, 0x00, 0x00, 0x00, 0x00, 0x00, 0x00, 0x00, 0x00, 0x00, 0x00, 0x00, 0x00, 0x00, 
    0x02, 0x49, 0x02, 0x69, 0x4A, 0xCD, 0x3F, 0xFF, 0x17, 0xFF, 0x27, 0xFF, 0x4C, 0xF3, 0x00, 0x03, 
    0x00, 0x8A, 0x00, 0xCB, 0x00, 0xEC, 0x00, 0xCC, 0x00, 0x05, 0x4C, 0xB3, 0x27, 0xFF, 0x17, 0xFF, 
    0x2F, 0xFF, 0x32, 0xEE, 0x00, 0x01, 0x43, 0xD1, 0x27, 0xFF, 0x0F, 0xFF, 0x17, 0xFF, 0x4C, 0xF4, 
    0x33, 0x2D, 0x3B, 0x4E, 0x43, 0x6F, 0x43, 0x6F, 0x43, 0x6F, 0x53, 0x90, 0x56, 0xFC, 0x07, 0xFF, 
    0x07, 0xFF, 0x3F, 0x5D, 0x19, 0x06, 0x00, 0x07, 0x00, 0x07, 0x21, 0x48, 0x37, 0x7E, 0x07, 0xFF, 
    0x0F, 0xFF, 0x36, 0xDB, 0x10, 0x86, 0x00, 0x6A, 0x00, 0xCB, 0x01, 0x0C, 0x01, 0x2C, 0x01, 0x2E, 
    0x00, 0x27, 0x45, 0x15, 0x17, 0xFF, 0x0F, 0xBF, 0x27, 0xFF, 0x3B, 0x6F, 0x00, 0x02, 0x21, 0x88, 
    0x2F, 0x5F, 0x07, 0x7F, 0x0F, 0x7F, 0x57, 0x1E, 0x27, 0x3F, 0x0F, 0x5F, 0x2F, 0xDF, 0x43, 0x4F, 
    0x00, 0x02, 0x21, 0x67, 0x3E, 0xFF, 0x0E, 0xDF, 0x0E, 0xFF, 0x3E, 0x9C, 0x10, 0x85, 0x00, 0x01, 
    0x3B, 0x4E, 0x1F, 0x1F, 0x0E, 0x5F, 0x1E, 0xBF, 0x44, 0xD4, 0x32, 0xED, 0x33, 0x2E, 0x3B, 0x2E, 
    0x3B, 0x2F, 0x3B, 0x2E, 0x43, 0x4F, 0x3D, 0xFD, 0x0D, 0xDF, 0x0D, 0xDF, 0x35, 0xDC, 0x08, 0x64, 
    0x18, 0x84, 0x4D, 0xDC, 0x0D, 0x7F, 0x15, 0x7F, 0x35, 0x7B, 0x3B, 0x0D, 0x32, 0xEE, 0x3A, 0xEE, 
    0x43, 0x0F, 0x3B, 0x0F, 0x32, 0xCD, 0x44, 0x76, 0x1D, 0x3F, 0x14, 0xDF, 0x25, 0x9F, 0x32, 0xCF, 
    0x00, 0x00, 0x4B, 0x91, 0x35, 0x5F, 0x1C, 0x9F, 0x2D, 0x1F, 0x3A, 0xEF, 0x00, 0x06, 0x00, 0x8B, 
    0x00, 0xCC, 0x00, 0xCD, 0x00, 0x6B, 0x10, 0xC6, 0x4C, 0xDC, 0x1C, 0x3F, 0x1C, 0x1F, 0x4C, 0xBC, 
    0x11, 0x48, 0x03, 0x50, 0x02, 0xCA, 0x01, 0x65, 0x00, 0x82, 0x01, 0x24, 0x02, 0xAA, 0x03, 0x2F, 
    0x11, 0x28, 0x5C, 0x3B, 0x23, 0xBF, 0x23, 0x9F, 0x54, 0x7D, 0x19, 0x06, 0x00, 0x01, 0x4B, 0x53, 
    0x3B, 0xDF, 0x2B, 0x7F, 0x54, 0x5F, 0x42, 0x4D, 0x00, 0x09, 0x00, 0xAD, 0x00, 0xED, 0x01, 0x2D, 
    0x01, 0x2E, 0x01, 0x0F, 0x00, 0x6C, 0x31, 0x89, 0x64, 0x1F, 0x3B, 0x1F, 0x43, 0x3F, 0x63, 0x76, 
    0x00, 0x23, 0x00, 0x6A, 0x00, 0xAB, 0x00, 0xAC, 0x00, 0x8B, 0x00, 0x05, 0x4A, 0x2D, 0x6B, 0x3F, 
    0x52, 0x9F, 0x73, 0x3F, 0x62, 0xB2, 0x00, 0x00, 0x39, 0x6B, 0x7B, 0x9F, 0x5A, 0x7F, 0x62, 0x7F, 
    0x6A, 0xB5, 0x00, 0x03, 0x00, 0x4B, 0x00, 0x8C, 0x00, 0xAD, 0x00, 0x8C, 0x00, 0x25, 0x7A, 0x96, 
    0x7A, 0x5F, 0x72, 0x1F, 0x92, 0xDF, 0x39, 0x6A, 0x02, 0xAE, 0x02, 0xEB, 0x00, 0x61, 0x00, 0x00, 
    0x00, 0x00, 0x00, 0x00, 0x00, 0x00, 0x00, 0x00, 0x00, 0x00, 0x00, 0x00, 0x00, 0x00, 0x00, 0x00, 
    0x00, 0x00, 0x00, 0x00, 0x00, 0x00, 0x00, 0x00, 0x00, 0x00, 0x00, 0x00, 0x00, 0x00, 0x00, 0x00, 
    0x00, 0x00, 0x00, 0x00, 0x00, 0x00, 0x00, 0x00, 0x00, 0x00, 0x00, 0x00, 0x00, 0x00, 0x00, 0x00, 
    0x00, 0x00, 0x00, 0x00, 0x00, 0x00, 0x00, 0x00, 0x00, 0x00, 0x00, 0x00, 0x00, 0x00, 0x00, 0x00, 
    0x00, 0x00, 0x00, 0x00, 0x00, 0x00, 0x00, 0x00, 0x00, 0x00, 0x00, 0x00, 0x00, 0x00, 0x00, 0x00, 
    0x00, 0x00, 0x00, 0x00, 0x00, 0x00, 0x00, 0x00, 0x00, 0x00, 0x00, 0x00, 0x00, 0x00, 0x00, 0x00, 
    0x00, 0x00, 0x00, 0x00, 0x00, 0x00, 0x00, 0x00, 0x00, 0x00, 0x00, 0x00, 0x00, 0x00, 0x00, 0x00, 
    0x00, 0x00, 0x00, 0x00, 0x00, 0x00, 0x00, 0x00, 0x00, 0x00, 0x00, 0x00, 0x00, 0x00, 0x00, 0x00, 
    0x00, 0x00, 0x00, 0x00, 0x00, 0x00, 0x00, 0x00, 0x00, 0x00, 0x00, 0x00, 0x00, 0x00, 0x00, 0x00, 
    0x00, 0x00, 0x00, 0x00, 0x00, 0x00, 0x00, 0x00, 0x00, 0x00, 0x00, 0x00, 0x00, 0x00, 0x00, 0x00, 
    0x00, 0x00, 0x00, 0x00, 0x00, 0x00, 0x00, 0x00, 0x00, 0x00, 0x00, 0x00, 0x00, 0x00, 0x00, 0x00, 
    0x00, 0x00, 0x00, 0x00, 0x00, 0x00, 0x00, 0x00, 0x00, 0x00, 0x00, 0x00, 0x00, 0x00, 0x00, 0x00, 
    0x00, 0x00, 0x00, 0x00, 0x00, 0x00, 0x00, 0x00, 0x00, 0x00, 0x00, 0x00, 0x00, 0x00, 0x00, 0x00, 
    0x00, 0x00, 0x00, 0x00, 0x00, 0x00, 0x00, 0x00, 0x00, 0x00, 0x00, 0x00, 0x00, 0x00, 0x00, 0x00, 
    0x00, 0x00, 0x00, 0x00, 0x00, 0x00, 0x00, 0x00, 0x00, 0x00, 0x00, 0x00, 0x00, 0x00, 0x00, 0x00, 
    0x00, 0x00, 0x00, 0x00, 0x00, 0x00, 0x00, 0x00, 0x00, 0x00, 0x00, 0x00, 0x00, 0x00, 0x00, 0x00, 
    0x00, 0x00, 0x00, 0x00, 0x00, 0x00, 0x00, 0x00, 0x00, 0x00, 0x00, 0x00, 0x00, 0x00, 0x00, 0x00, 
    0x02, 0x49, 0x02, 0x69, 0x4A, 0xCD, 0x3F, 0xFF, 0x17, 0xFF, 0x27, 0xFF, 0x4C, 0xF3, 0x00, 0x04, 
    0x00, 0xEB, 0x01, 0x4B, 0x01, 0x6C, 0x01, 0x4C, 0x00, 0x06, 0x54, 0xD4, 0x2F, 0xFF, 0x17, 0xFF, 
    0x2F, 0xFF, 0x32, 0xEE, 0x00, 0x01, 0x43, 0xD1, 0x1F, 0xFF, 0x0F, 0xFF, 0x0F, 0xFF, 0x17, 0xFF, 
    0x1F, 0xFF, 0x1F, 0xFF, 0x27, 0xFF, 0x27, 0xFF, 0x27, 0xFF, 0x2F, 0xFF, 0x1F, 0xFF, 0x17, 0xDF, 
    0x07, 0xFF, 0x37, 0x5D, 0x19, 0x05, 0x00, 0x28, 0x00, 0x07, 0x21, 0x48, 0x3F, 0x9E, 0x0F, 0xFF, 
    0x0F, 0xFF, 0x3E, 0xDB, 0x10, 0xA6, 0x00, 0xCB, 0x01, 0x6C, 0x01, 0xCD, 0x01, 0xED, 0x01, 0xCE, 
    0x00, 0xA9, 0x32, 0xCC, 0x1F, 0xFF, 0x07, 0xBF, 0x0F, 0xFF, 0x3D, 0x77, 0x00, 0x00, 0x43, 0xD0, 
    0x1F, 0xDF, 0x07, 0x7F, 0x37, 0x9F, 0x5B, 0x70, 0x3E, 0x9C, 0x0F, 0x7F, 0x17, 0x9F, 0x45, 0x98, 
    0x00, 0x00, 0x33, 0x0E, 0x1F, 0x3F, 0x06, 0xBF, 0x0F, 0x3F, 0x3C, 0xD5, 0x00, 0x02, 0x00, 0x02, 
    0x3B, 0x2E, 0x27, 0x1F, 0x16, 0x7F, 0x0E, 0x3F, 0x0E, 0x7F, 0x16, 0x9F, 0x16, 0x9F, 0x1E, 0x9F, 
    0x26, 0x9F, 0x26, 0x7F, 0x26, 0x5F, 0x15, 0xDF, 0x15, 0xDF, 0x0D, 0xDF, 0x35, 0xDC, 0x08, 0x64, 
    0x10, 0xA4, 0x4D, 0xBC, 0x0D, 0x7F, 0x1D, 0x7F, 0x15, 0x7F, 0x1D, 0xBF, 0x1D, 0xBF, 0x25, 0xBF, 
    0x2D, 0xDF, 0x25, 0xBF, 0x1D, 0x7F, 0x15, 0x1F, 0x14, 0xDF, 0x14, 0xDF, 0x2D, 0x9F, 0x32, 0xCF, 
    0x00, 0x00, 0x4B, 0x71, 0x2D, 0x3F, 0x1C, 0x7F, 0x2D, 0x1F, 0x3B, 0x0F, 0x00, 0x28, 0x01, 0x2D, 
    0x01, 0x6D, 0x01, 0x6D, 0x00, 0xCC, 0x18, 0xE6, 0x4C, 0xDD, 0x1C, 0x3F, 0x1C, 0x3F, 0x54, 0xDC, 
    0x11, 0x48, 0x03, 0x2F, 0x02, 0xCA, 0x01, 0x65, 0x00, 0xA2, 0x01, 0x04, 0x02, 0xAA, 0x03, 0x4F, 
    0x11, 0x28, 0x5C, 0x3B, 0x23, 0xBF, 0x23, 0x9F, 0x54, 0x5D, 0x19, 0x06, 0x00, 0x01, 0x53, 0x53, 
    0x3B, 0xFF, 0x2B, 0x5F, 0x4C, 0x1F, 0x42, 0x4D, 0x00, 0x6A, 0x01, 0x6E, 0x01, 0xED, 0x02, 0x2D, 
    0x02, 0x4E, 0x01, 0xCE, 0x00, 0xCB, 0x31, 0x68, 0x5B, 0xBF, 0x32, 0xDF, 0x3B, 0x1F, 0x63, 0x76, 
    0x00, 0x44, 0x00, 0xCC, 0x01, 0x2C, 0x01, 0x4C, 0x01, 0x0C, 0x00, 0x27, 0x4A, 0x2E, 0x6B, 0x3F, 
    0x52, 0x7F, 0x6A, 0xFF, 0x62, 0x92, 0x00, 0x00, 0x39, 0x6B, 0x7B, 0x7F, 0x5A, 0x7F, 0x6A, 0x7F, 
    0x72, 0xD5, 0x00, 0x44, 0x00, 0xED, 0x01, 0x2D, 0x01, 0x4D, 0x01, 0x0E, 0x00, 0x66, 0x7A, 0xB7, 
    0x7A, 0x5F, 0x72, 0x3F, 0x9A, 0xDF, 0x39, 0x4A, 0x02, 0xAE, 0x02, 0xEB, 0x00, 0xA2, 0x00, 0x00, 
    0x00, 0x00, 0x00, 0x00, 0x00, 0x00, 0x00, 0x00, 0x00, 0x00, 0x00, 0x00, 0x00, 0x00, 0x00, 0x00, 
    0x00, 0x00, 0x00, 0x00, 0x00, 0x00, 0x00, 0x00, 0x00, 0x00, 0x00, 0x00, 0x00, 0x00, 0x00, 0x00, 
    0x00, 0x00, 0x00, 0x00, 0x00, 0x00, 0x00, 0x00, 0x00, 0x00, 0x00, 0x00, 0x00, 0x00, 0x00, 0x00, 
    0x00, 0x00, 0x00, 0x00, 0x00, 0x00, 0x00, 0x00, 0x00, 0x00, 0x00, 0x00, 0x00, 0x00, 0x00, 0x00, 
    0x00, 0x00, 0x00, 0x00, 0x00, 0x00, 0x00, 0x00, 0x00, 0x00, 0x00, 0x00, 0x00, 0x00, 0x00, 0x00, 
    0x00, 0x00, 0x00, 0x00, 0x00, 0x00, 0x00, 0x00, 0x00, 0x00, 0x00, 0x00, 0x00, 0x00, 0x00, 0x00, 
    0x00, 0x00, 0x00, 0x00, 0x00, 0x00, 0x00, 0x00, 0x00, 0x00, 0x00, 0x00, 0x00, 0x00, 0x00, 0x00, 
    0x00, 0x00, 0x00, 0x00, 0x00, 0x00, 0x00, 0x00, 0x00, 0x00, 0x00, 0x00, 0x00, 0x00, 0x00, 0x00, 
    0x00, 0x00, 0x00, 0x00, 0x00, 0x00, 0x00, 0x00, 0x00, 0x00, 0x00, 0x00, 0x00, 0x00, 0x00, 0x00, 
    0x00, 0x00, 0x00, 0x00, 0x00, 0x00, 0x00, 0x00, 0x00, 0x00, 0x00, 0x00, 0x00, 0x00, 0x00, 0x00, 
    0x00, 0x00, 0x00, 0x00, 0x00, 0x00, 0x00, 0x00, 0x00, 0x00, 0x00, 0x00, 0x00, 0x00, 0x00, 0x00, 
    0x00, 0x00, 0x00, 0x00, 0x00, 0x00, 0x00, 0x00, 0x00, 0x00, 0x00, 0x00, 0x00, 0x00, 0x00, 0x00, 
    0x00, 0x00, 0x00, 0x00, 0x00, 0x00, 0x00, 0x00, 0x00, 0x00, 0x00, 0x00, 0x00, 0x00, 0x00, 0x00, 
    0x00, 0x00, 0x00, 0x00, 0x00, 0x00, 0x00, 0x00, 0x00, 0x00, 0x00, 0x00, 0x00, 0x00, 0x00, 0x00, 
    0x00, 0x00, 0x00, 0x00, 0x00, 0x00, 0x00, 0x00, 0x00, 0x00, 0x00, 0x00, 0x00, 0x00, 0x00, 0x00, 
    0x00, 0x00, 0x00, 0x00, 0x00, 0x00, 0x00, 0x00, 0x00, 0x00, 0x00, 0x00, 0x00, 0x00, 0x00, 0x00, 
    0x00, 0x00, 0x00, 0x00, 0x00, 0x00, 0x00, 0x00, 0x00, 0x00, 0x00, 0x00, 0x00, 0x00, 0x00, 0x00, 
    0x02, 0x49, 0x02, 0x49, 0x4A, 0xCD, 0x47, 0xFF, 0x17, 0xFF, 0x27, 0xFF, 0x54, 0xF3, 0x00, 0x04, 
    0x01, 0x0B, 0x01, 0x6B, 0x01, 0x8C, 0x01, 0x4D, 0x00, 0x26, 0x54, 0xB3, 0x27, 0xFF, 0x17, 0xFF, 
    0x2F, 0xFF, 0x33, 0x0D, 0x00, 0x00, 0x3B, 0xD1, 0x1F, 0xFF, 0x17, 0xFF, 0x1F, 0xFF, 0x1F, 0xFF, 
    0x1F, 0xFF, 0x17, 0xFF, 0x0F, 0xFF, 0x0F, 0xFF, 0x17, 0xFF, 0x1F, 0xFF, 0x1F, 0xFF, 0x1F, 0xFF, 
    0x17, 0xFF, 0x47, 0xDF, 0x19, 0x26, 0x00, 0x49, 0x00, 0x27, 0x21, 0x68, 0x47, 0x9E, 0x0F, 0xFF, 
    0x17, 0xFF, 0x4E, 0xFB, 0x10, 0xA6, 0x00, 0xEC, 0x01, 0xCD, 0x02, 0x2D, 0x02, 0x2D, 0x01, 0xED, 
    0x01, 0x4B, 0x10, 0xE6, 0x2F, 0x1E, 0x07, 0xDF, 0x07, 0xDF, 0x3F, 0x1D, 0x28, 0xE5, 0x4D, 0xD9, 
    0x0F, 0xBF, 0x0F, 0x9F, 0x46, 0xBC, 0x10, 0x43, 0x3D, 0x36, 0x0F, 0x9F, 0x07, 0x3F, 0x37, 0x1F, 
    0x20, 0xC4, 0x3C, 0xD4, 0x07, 0x1F, 0x06, 0xBF, 0x27, 0x5F, 0x2A, 0xAC, 0x00, 0x05, 0x00, 0x03, 
    0x3B, 0x4E, 0x2F, 0x3F, 0x16, 0x7F, 0x16, 0x5F, 0x0E, 0x5F, 0x0E, 0x7F, 0x0E, 0x5F, 0x0E, 0x5F, 
    0x0E, 0x5F, 0x0E, 0x3F, 0x16, 0x3F, 0x1E, 0x3F, 0x1E, 0x3F, 0x16, 0x5F, 0x46, 0x5E, 0x10, 0x64, 
    0x10, 0xA4, 0x45, 0x9C, 0x0D, 0x5F, 0x1D, 0x5F, 0x1D, 0x5F, 0x15, 0x9F, 0x0D, 0x7F, 0x15, 0x7F, 
    0x1D, 0x7F, 0x15, 0x5F, 0x0D, 0x3F, 0x15, 0x3F, 0x25, 0x5F, 0x25, 0x3F, 0x35, 0xFF, 0x3A, 0xEF, 
    0x00, 0x00, 0x4B, 0x70, 0x25, 0x1F, 0x14, 0x7F, 0x2D, 0x1F, 0x3B, 0x0F, 0x00, 0x89, 0x01, 0xAE, 
    0x02, 0x0D, 0x02, 0x0E, 0x01, 0x6D, 0x19, 0x07, 0x54, 0xFC, 0x24, 0x3F, 0x24, 0x3F, 0x5C, 0xFC, 
    0x19, 0x48, 0x03, 0x0F, 0x02, 0xCA, 0x01, 0x65, 0x00, 0xA2, 0x01, 0x04, 0x02, 0xAA, 0x03, 0x4F, 
    0x11, 0x28, 0x54, 0x1A, 0x23, 0xBF, 0x2B, 0x9F, 0x5C, 0x7D, 0x21, 0x06, 0x00, 0x02, 0x53, 0x54, 
    0x3B, 0xDF, 0x33, 0x5F, 0x54, 0x1F, 0x42, 0x2D, 0x00, 0xCA, 0x02, 0x2F, 0x02, 0xEE, 0x03, 0x4D, 
    0x03, 0x2D, 0x02, 0x8D, 0x01, 0x4B, 0x29, 0x68, 0x5B, 0xBF, 0x32, 0xDF, 0x43, 0x1F, 0x6B, 0xB6, 
    0x00, 0x66, 0x01, 0x0D, 0x01, 0x4D, 0x01, 0x6D, 0x01, 0x0D, 0x00, 0x47, 0x4A, 0x2D, 0x6B, 0x1F, 
    0x52, 0x7F, 0x73, 0x1F, 0x62, 0xB2, 0x00, 0x00, 0x39, 0x6B, 0x7B, 0x7F, 0x5A, 0x7F, 0x72, 0xBF, 
    0x72, 0xF5, 0x00, 0x66, 0x01, 0x6F, 0x01, 0xCE, 0x01, 0xCE, 0x01, 0x8F, 0x00, 0x87, 0x82, 0xD7, 
    0x82, 0x7F, 0x72, 0x3F, 0x9A, 0xFF, 0x39, 0x6A, 0x02, 0x8E, 0x02, 0xEB, 0x00, 0xC2, 0x00, 0x00, 
    0x00, 0x00, 0x00, 0x00, 0x00, 0x00, 0x00, 0x00, 0x00, 0x00, 0x00, 0x00, 0x00, 0x00, 0x00, 0x00, 
    0x00, 0x00, 0x00, 0x00, 0x00, 0x00, 0x00, 0x00, 0x00, 0x00, 0x00, 0x00, 0x00, 0x00, 0x00, 0x00, 
    0x00, 0x00, 0x00, 0x00, 0x00, 0x00, 0x00, 0x00, 0x00, 0x00, 0x00, 0x00, 0x00, 0x00, 0x00, 0x00, 
    0x00, 0x00, 0x00, 0x00, 0x00, 0x00, 0x00, 0x00, 0x00, 0x00, 0x00, 0x00, 0x00, 0x00, 0x00, 0x00, 
    0x00, 0x00, 0x00, 0x00, 0x00, 0x00, 0x00, 0x00, 0x00, 0x00, 0x00, 0x00, 0x00, 0x00, 0x00, 0x00, 
    0x00, 0x00, 0x00, 0x00, 0x00, 0x00, 0x00, 0x00, 0x00, 0x00, 0x00, 0x00, 0x00, 0x00, 0x00, 0x00, 
    0x00, 0x00, 0x00, 0x00, 0x00, 0x00, 0x00, 0x00, 0x00, 0x00, 0x00, 0x00, 0x00, 0x00, 0x00, 0x00, 
    0x00, 0x00, 0x00, 0x00, 0x00, 0x00, 0x00, 0x00, 0x00, 0x00, 0x00, 0x00, 0x00, 0x00, 0x00, 0x00, 
    0x00, 0x00, 0x00, 0x00, 0x00, 0x00, 0x00, 0x00, 0x00, 0x00, 0x00, 0x00, 0x00, 0x00, 0x00, 0x00, 
    0x00, 0x00, 0x00, 0x00, 0x00, 0x00, 0x00, 0x00, 0x00, 0x00, 0x00, 0x00, 0x00, 0x00, 0x00, 0x00, 
    0x00, 0x00, 0x00, 0x00, 0x00, 0x00, 0x00, 0x00, 0x00, 0x00, 0x00, 0x00, 0x00, 0x00, 0x00, 0x00, 
    0x00, 0x00, 0x00, 0x00, 0x00, 0x00, 0x00, 0x00, 0x00, 0x00, 0x00, 0x00, 0x00, 0x00, 0x00, 0x00, 
    0x00, 0x00, 0x00, 0x00, 0x00, 0x00, 0x00, 0x00, 0x00, 0x00, 0x00, 0x00, 0x00, 0x00, 0x00, 0x00, 
    0x00, 0x00, 0x00, 0x00, 0x00, 0x00, 0x00, 0x00, 0x00, 0x00, 0x00, 0x00, 0x00, 0x00, 0x00, 0x00, 
    0x00, 0x00, 0x00, 0x00, 0x00, 0x00, 0x00, 0x00, 0x00, 0x00, 0x00, 0x00, 0x00, 0x00, 0x00, 0x00, 
    0x00, 0x00, 0x00, 0x00, 0x00, 0x00, 0x00, 0x00, 0x00, 0x00, 0x00, 0x00, 0x00, 0x00, 0x00, 0x00, 
    0x00, 0x00, 0x00, 0x00, 0x00, 0x00, 0x00, 0x00, 0x00, 0x00, 0x00, 0x00, 0x00, 0x00, 0x00, 0x00, 
    0x02, 0x49, 0x02, 0x49, 0x4A, 0xCD, 0x47, 0xFF, 0x17, 0xFF, 0x1F, 0xFF, 0x4C, 0xF3, 0x00, 0x05, 
    0x00, 0xED, 0x01, 0x4C, 0x01, 0x4C, 0x01, 0x4D, 0x00, 0x06, 0x54, 0x93, 0x27, 0xFF, 0x17, 0xFF, 
    0x2F, 0xFF, 0x33, 0x0D, 0x00, 0x00, 0x43, 0xD1, 0x1F, 0xFF, 0x17, 0xFF, 0x27, 0xFF, 0x66, 0x5A, 
    0x55, 0x15, 0x4D, 0x36, 0x4D, 0x15, 0x4D, 0x36, 0x4D, 0x36, 0x4D, 0x36, 0x4D, 0x36, 0x4D, 0x36, 
    0x4D, 0x57, 0x4D, 0x15, 0x10, 0xC5, 0x00, 0x89, 0x00, 0x68, 0x29, 0x69, 0x47, 0x9E, 0x0F, 0xFF, 
    0x0F, 0xFF, 0x46, 0xDB, 0x10, 0x86, 0x00, 0xED, 0x01, 0xAD, 0x02, 0x0D, 0x02, 0x2D, 0x01, 0xED, 
    0x01, 0x6C, 0x00, 0x45, 0x45, 0x77, 0x17, 0xFF, 0x0F, 0xBF, 0x37, 0x9F, 0x54, 0x11, 0x2E, 0xFE, 
    0x07, 0x7F, 0x17, 0xDF, 0x44, 0x73, 0x00, 0x00, 0x32, 0xCE, 0x27, 0xDF, 0x07, 0x3F, 0x1F, 0x5F, 
    0x5C, 0x32, 0x36, 0x3B, 0x06, 0xFF, 0x0E, 0xFF, 0x46, 0xBD, 0x19, 0x06, 0x00, 0x49, 0x00, 0x05, 
    0x43, 0x4F, 0x2F, 0x3F, 0x16, 0x7F, 0x1E, 0x9F, 0x45, 0x99, 0x3C, 0x95, 0x3C, 0x96, 0x3C, 0x95, 
    0x3C, 0x75, 0x3C, 0x75, 0x3C, 0x96, 0x3C, 0x96, 0x3C, 0x96, 0x3C, 0xB6, 0x44, 0x53, 0x08, 0x23, 
    0x10, 0xA4, 0x45, 0x9C, 0x0D, 0x5F, 0x15, 0x5F, 0x35, 0x9D, 0x44, 0x76, 0x3C, 0x35, 0x3C, 0x15, 
    0x44, 0x15, 0x3C, 0x15, 0x3B, 0xF5, 0x3C, 0x15, 0x44, 0x36, 0x44, 0x16, 0x4C, 0x76, 0x21, 0xCA, 
    0x00, 0x00, 0x4B, 0x50, 0x25, 0x1F, 0x1C, 0x7F, 0x35, 0x1F, 0x43, 0x0F, 0x00, 0xA9, 0x02, 0x2E, 
    0x02, 0x6D, 0x02, 0x6E, 0x01, 0xAE, 0x19, 0x27, 0x54, 0xFC, 0x24, 0x3F, 0x24, 0x3F, 0x5C, 0xFC, 
    0x19, 0x48, 0x03, 0x2F, 0x02, 0xCA, 0x01, 0x65, 0x00, 0xA2, 0x01, 0x04, 0x02, 0xAA, 0x03, 0x4F, 
    0x11, 0x27, 0x54, 0x1A, 0x2B, 0x9F, 0x2B, 0x9F, 0x5C, 0x7D, 0x21, 0x07, 0x00, 0x02, 0x53, 0x54, 
    0x3B, 0xBF, 0x2B, 0x5F, 0x54, 0x1F, 0x42, 0x2D, 0x01, 0x0A, 0x02, 0xCF, 0x03, 0x4D, 0x03, 0x0B, 
    0x03, 0x0C, 0x03, 0x2D, 0x01, 0xEC, 0x31, 0x88, 0x63, 0xFF, 0x3A, 0xFF, 0x4B, 0x5F, 0x73, 0xD6, 
    0x00, 0x66, 0x00, 0xEE, 0x01, 0x2D, 0x01, 0x2C, 0x00, 0xED, 0x00, 0x27, 0x4A, 0x2D, 0x6B, 0x5F, 
    0x52, 0x7F, 0x73, 0x3F, 0x62, 0xB2, 0x00, 0x00, 0x39, 0x6B, 0x7B, 0x5F, 0x5A, 0x5F, 0x72, 0xBF, 
    0x7A, 0xF5, 0x00, 0xA7, 0x01, 0xD0, 0x02, 0x4F, 0x02, 0x4F, 0x01, 0xEF, 0x00, 0xA7, 0x82, 0xD7, 
    0x7A, 0x7F, 0x72, 0x1F, 0x9A, 0xDF, 0x39, 0x4A, 0x02, 0x8E, 0x02, 0xEB, 0x00, 0xC3, 0x00, 0x00, 
    0x00, 0x00, 0x00, 0x00, 0x00, 0x00, 0x00, 0x00, 0x00, 0x00, 0x00, 0x00, 0x00, 0x00, 0x00, 0x00, 
    0x00, 0x00, 0x00, 0x00, 0x00, 0x00, 0x00, 0x00, 0x00, 0x00, 0x00, 0x00, 0x00, 0x00, 0x00, 0x00, 
    0x00, 0x00, 0x00, 0x00, 0x00, 0x00, 0x00, 0x00, 0x00, 0x00, 0x00, 0x00, 0x00, 0x00, 0x00, 0x00, 
    0x00, 0x00, 0x00, 0x00, 0x00, 0x00, 0x00, 0x00, 0x00, 0x00, 0x00, 0x00, 0x00, 0x00, 0x00, 0x00, 
    0x00, 0x00, 0x00, 0x00, 0x00, 0x00, 0x00, 0x00, 0x00, 0x00, 0x00, 0x00, 0x00, 0x00, 0x00, 0x00, 
    0x00, 0x00, 0x00, 0x00, 0x00, 0x00, 0x00, 0x00, 0x00, 0x00, 0x00, 0x00, 0x00, 0x00, 0x00, 0x00, 
    0x00, 0x00, 0x00, 0x00, 0x00, 0x00, 0x00, 0x00, 0x00, 0x00, 0x00, 0x00, 0x00, 0x00, 0x00, 0x00, 
    0x00, 0x00, 0x00, 0x00, 0x00, 0x00, 0x00, 0x00, 0x00, 0x00, 0x00, 0x00, 0x00, 0x00, 0x00, 0x00, 
    0x00, 0x00, 0x00, 0x00, 0x00, 0x00, 0x00, 0x00, 0x00, 0x00, 0x00, 0x00, 0x00, 0x00, 0x00, 0x00, 
    0x00, 0x00, 0x00, 0x00, 0x00, 0x00, 0x00, 0x00, 0x00, 0x00, 0x00, 0x00, 0x00, 0x00, 0x00, 0x00, 
    0x00, 0x00, 0x00, 0x00, 0x00, 0x00, 0x00, 0x00, 0x00, 0x00, 0x00, 0x00, 0x00, 0x00, 0x00, 0x00, 
    0x00, 0x00, 0x00, 0x00, 0x00, 0x00, 0x00, 0x00, 0x00, 0x00, 0x00, 0x00, 0x00, 0x00, 0x00, 0x00, 
    0x00, 0x00, 0x00, 0x00, 0x00, 0x00, 0x00, 0x00, 0x00, 0x00, 0x00, 0x00, 0x00, 0x00, 0x00, 0x00, 
    0x00, 0x00, 0x00, 0x00, 0x00, 0x00, 0x00, 0x00, 0x00, 0x00, 0x00, 0x00, 0x00, 0x00, 0x00, 0x00, 
    0x00, 0x00, 0x00, 0x00, 0x00, 0x00, 0x00, 0x00, 0x00, 0x00, 0x00, 0x00, 0x00, 0x00, 0x00, 0x00, 
    0x00, 0x00, 0x00, 0x00, 0x00, 0x00, 0x00, 0x00, 0x00, 0x00, 0x00, 0x00, 0x00, 0x00, 0x00, 0x00, 
    0x00, 0x00, 0x00, 0x00, 0x00, 0x00, 0x00, 0x00, 0x00, 0x00, 0x00, 0x00, 0x00, 0x00, 0x00, 0x00, 
    0x02, 0x49, 0x02, 0x49, 0x4A, 0xCD, 0x3F, 0xFF, 0x17, 0xFF, 0x27, 0xFF, 0x4C, 0xD3, 0x00, 0x01, 
    0x00, 0x07, 0x00, 0x26, 0x00, 0x25, 0x00, 0x27, 0x00, 0x02, 0x5C, 0xD4, 0x27, 0xFF, 0x17, 0xFF, 
    0x2F, 0xFF, 0x33, 0x0D, 0x00, 0x00, 0x43, 0xD1, 0x27, 0xFF, 0x17, 0xFF, 0x37, 0xFF, 0x4B, 0x6F, 
    0x00, 0x00, 0x00, 0x00, 0x00, 0x00, 0x00, 0x00, 0x00, 0x00, 0x00, 0x00, 0x00, 0x00, 0x00, 0x00, 
    0x00, 0x01, 0x00, 0x01, 0x00, 0x68, 0x00, 0xCB, 0x00, 0x89, 0x29, 0x89, 0x47, 0x7E, 0x0F, 0xFF, 
    0x0F, 0xFF, 0x3E, 0xFC, 0x10, 0x43, 0x00, 0x05, 0x00, 0x66, 0x00, 0xA7, 0x00, 0xC7, 0x01, 0x6B, 
    0x01, 0x8E, 0x00, 0x68, 0x43, 0x6F, 0x2F, 0xFF, 0x0F, 0xBF, 0x17, 0x9F, 0x3F, 0x3E, 0x17, 0x5F, 
    0x07, 0x5F, 0x27, 0x9F, 0x2A, 0x09, 0x00, 0x04, 0x18, 0xC7, 0x4E, 0xFD, 0x07, 0x5F, 0x0F, 0x1F, 
    0x3E, 0xFE, 0x27, 0x1F, 0x0E, 0xFF, 0x1F, 0x3F, 0x55, 0x56, 0x00, 0x05, 0x00, 0xAB, 0x00, 0x05, 
    0x3B, 0x4E, 0x27, 0x1F, 0x0E, 0x5F, 0x2E, 0xFF, 0x3B, 0x0D, 0x00, 0x00, 0x00, 0x00, 0x00, 0x00, 
    0x00, 0x00, 0x00, 0x00, 0x00, 0x00, 0x00, 0x00, 0x00, 0x00, 0x00, 0x00, 0x00, 0x00, 0x00, 0x04, 
    0x18, 0xC5, 0x4D, 0xBC, 0x0D, 0x7F, 0x1D, 0x7F, 0x4D, 0x39, 0x08, 0x00, 0x00, 0x00, 0x00, 0x00, 
    0x00, 0x00, 0x00, 0x00, 0x00, 0x00, 0x00, 0x00, 0x00, 0x01, 0x00, 0x01, 0x00, 0x00, 0x00, 0x03, 
    0x00, 0x02, 0x4B, 0x50, 0x2D, 0x1F, 0x1C, 0x7F, 0x35, 0x1F, 0x43, 0x0F, 0x00, 0xEA, 0x02, 0x8F, 
    0x02, 0xED, 0x02, 0xCE, 0x01, 0xED, 0x19, 0x27, 0x4C, 0xDC, 0x1C, 0x3F, 0x1C, 0x1F, 0x54, 0xBC, 
    0x11, 0x48, 0x03, 0x2F, 0x02, 0xCA, 0x01, 0x65, 0x00, 0x82, 0x00, 0xE3, 0x02, 0x89, 0x03, 0x2E, 
    0x11, 0x27, 0x53, 0xFA, 0x2B, 0x9F, 0x2B, 0x7F, 0x5C, 0x7D, 0x21, 0x07, 0x00, 0x02, 0x53, 0x54, 
    0x3B, 0xBF, 0x2B, 0x3F, 0x4B, 0xDF, 0x42, 0x0D, 0x01, 0x4B, 0x03, 0x2F, 0x03, 0x0C, 0x02, 0x69, 
    0x02, 0x69, 0x03, 0x2C, 0x02, 0x8D, 0x31, 0xA9, 0x6C, 0x1F, 0x42, 0xFF, 0x4B, 0x3F, 0x6B, 0xB7, 
    0x00, 0x22, 0x00, 0x26, 0x00, 0x46, 0x00, 0x46, 0x00, 0x26, 0x00, 0x02, 0x52, 0x6E, 0x73, 0x9F, 
    0x52, 0x9F, 0x6A, 0xDF, 0x62, 0x71, 0x00, 0x00, 0x39, 0x6B, 0x7B, 0x3F, 0x5A, 0x5F, 0x72, 0xBF, 
    0x7A, 0xF5, 0x00, 0xC8, 0x02, 0x31, 0x02, 0x8E, 0x02, 0x6E, 0x02, 0x2F, 0x00, 0xA7, 0x82, 0x97, 
    0x7A, 0x3F, 0x71, 0xFF, 0x9A, 0xBF, 0x39, 0x4A, 0x02, 0x8E, 0x02, 0xEB, 0x00, 0xC3, 0x00, 0x00, 
    0x00, 0x00, 0x00, 0x00, 0x00, 0x00, 0x00, 0x00, 0x00, 0x00, 0x00, 0x00, 0x00, 0x00, 0x00, 0x00, 
    0x00, 0x00, 0x00, 0x00, 0x00, 0x00, 0x00, 0x00, 0x00, 0x00, 0x00, 0x00, 0x00, 0x00, 0x00, 0x00, 
    0x00, 0x00, 0x00, 0x00, 0x00, 0x00, 0x00, 0x00, 0x00, 0x00, 0x00, 0x00, 0x00, 0x00, 0x00, 0x00, 
    0x00, 0x00, 0x00, 0x00, 0x00, 0x00, 0x00, 0x00, 0x00, 0x00, 0x00, 0x00, 0x00, 0x00, 0x00, 0x00, 
    0x00, 0x00, 0x00, 0x00, 0x00, 0x00, 0x00, 0x00, 0x00, 0x00, 0x00, 0x00, 0x00, 0x00, 0x00, 0x00, 
    0x00, 0x00, 0x00, 0x00, 0x00, 0x00, 0x00, 0x00, 0x00, 0x00, 0x00, 0x00, 0x00, 0x00, 0x00, 0x00, 
    0x00, 0x00, 0x00, 0x00, 0x00, 0x00, 0x00, 0x00, 0x00, 0x00, 0x00, 0x00, 0x00, 0x00, 0x00, 0x00, 
    0x00, 0x00, 0x00, 0x00, 0x00, 0x00, 0x00, 0x00, 0x00, 0x00, 0x00, 0x00, 0x00, 0x00, 0x00, 0x00, 
    0x00, 0x00, 0x00, 0x00, 0x00, 0x00, 0x00, 0x00, 0x00, 0x00, 0x00, 0x00, 0x00, 0x00, 0x00, 0x00, 
    0x00, 0x00, 0x00, 0x00, 0x00, 0x00, 0x00, 0x00, 0x00, 0x00, 0x00, 0x00, 0x00, 0x00, 0x00, 0x00, 
    0x00, 0x00, 0x00, 0x00, 0x00, 0x00, 0x00, 0x00, 0x00, 0x00, 0x00, 0x00, 0x00, 0x00, 0x00, 0x00, 
    0x00, 0x00, 0x00, 0x00, 0x00, 0x00, 0x00, 0x00, 0x00, 0x00, 0x00, 0x00, 0x00, 0x00, 0x00, 0x00, 
    0x00, 0x00, 0x00, 0x00, 0x00, 0x00, 0x00, 0x00, 0x00, 0x00, 0x00, 0x00, 0x00, 0x00, 0x00, 0x00, 
    0x00, 0x00, 0x00, 0x00, 0x00, 0x00, 0x00, 0x00, 0x00, 0x00, 0x00, 0x00, 0x00, 0x00, 0x00, 0x00, 
    0x00, 0x00, 0x00, 0x00, 0x00, 0x00, 0x00, 0x00, 0x00, 0x00, 0x00, 0x00, 0x00, 0x00, 0x00, 0x00, 
    0x00, 0x00, 0x00, 0x00, 0x00, 0x00, 0x00, 0x00, 0x00, 0x00, 0x00, 0x00, 0x00, 0x00, 0x00, 0x00, 
    0x00, 0x00, 0x00, 0x00, 0x00, 0x00, 0x00, 0x00, 0x00, 0x00, 0x00, 0x00, 0x00, 0x00, 0x00, 0x00, 
    0x02, 0x28, 0x02, 0x48, 0x4A, 0xCC, 0x3F, 0xFF, 0x17, 0xFF, 0x1F, 0xFF, 0x56, 0xBA, 0x4C, 0x72, 
    0x4C, 0x92, 0x4C, 0x92, 0x44, 0x72, 0x4C, 0x72, 0x54, 0xD3, 0x4F, 0x5D, 0x17, 0xFF, 0x1F, 0xFF, 
    0x37, 0xFF, 0x3B, 0x4F, 0x00, 0x01, 0x4B, 0xF2, 0x27, 0xFF, 0x17, 0xDF, 0x17, 0xFF, 0x4E, 0xBB, 
    0x43, 0xF1, 0x3B, 0xD1, 0x3B, 0xD1, 0x43, 0xF1, 0x3B, 0xF1, 0x3B, 0xD1, 0x3B, 0xD1, 0x43, 0xF1, 
    0x44, 0x12, 0x4B, 0x6F, 0x08, 0xA8, 0x01, 0x0C, 0x00, 0xCB, 0x29, 0x89, 0x3F, 0x7E, 0x07, 0xFF, 
    0x0F, 0xDF, 0x27, 0xDF, 0x4D, 0x56, 0x3C, 0x52, 0x3C, 0x72, 0x4C, 0x93, 0x54, 0x10, 0x08, 0xC7, 
    0x01, 0x6E, 0x01, 0x0D, 0x29, 0x8A, 0x47, 0x7E, 0x07, 0xBF, 0x0F, 0x7F, 0x07, 0x7F, 0x0F, 0x5F, 
    0x0F, 0x9F, 0x3E, 0x5A, 0x08, 0x44, 0x00, 0x6B, 0x00, 0x06, 0x44, 0xD4, 0x0F, 0x7F, 0x06, 0xFF, 
    0x06, 0xFF, 0x0E, 0xDF, 0x0E, 0xDF, 0x27, 0x7F, 0x3B, 0x0D, 0x00, 0x06, 0x00, 0xEC, 0x00, 0x06, 
    0x3B, 0x4E, 0x1F, 0x1F, 0x0E, 0x5F, 0x16, 0x7F, 0x45, 0xBA, 0x3B, 0xB0, 0x33, 0xB1, 0x33, 0x91, 
    0x33, 0x90, 0x33, 0x90, 0x33, 0x70, 0x33, 0x70, 0x3B, 0x70, 0x43, 0xB2, 0x3A, 0xEF, 0x00, 0x06, 
    0x18, 0xC6, 0x4D, 0xDC, 0x0D, 0x5F, 0x15, 0x5F, 0x25, 0x7E, 0x3B, 0xF3, 0x33, 0x50, 0x33, 0x51, 
    0x3B, 0x51, 0x3B, 0x71, 0x3B, 0x50, 0x3B, 0x50, 0x43, 0x51, 0x43, 0x72, 0x4B, 0xB2, 0x19, 0x29, 
    0x00, 0x01, 0x4B, 0x4F, 0x24, 0xFF, 0x1C, 0x7F, 0x35, 0x1F, 0x43, 0x0F, 0x01, 0x2A, 0x02, 0xCF, 
    0x03, 0x2D, 0x03, 0x0D, 0x02, 0x2D, 0x19, 0x26, 0x4C, 0xBC, 0x1C, 0x1F, 0x1C, 0x1F, 0x4C, 0x9C, 
    0x11, 0x27, 0x03, 0x2F, 0x02, 0xAA, 0x01, 0x24, 0x00, 0x61, 0x00, 0xC3, 0x02, 0x69, 0x03, 0x4E, 
    0x11, 0x27, 0x53, 0xDA, 0x23, 0x7F, 0x2B, 0x7F, 0x5C, 0x5D, 0x21, 0x07, 0x00, 0x03, 0x53, 0x54, 
    0x3B, 0x9F, 0x2B, 0x3F, 0x4B, 0xBF, 0x41, 0xED, 0x01, 0x8B, 0x03, 0x6F, 0x02, 0xCA, 0x01, 0xC7, 
    0x01, 0xE7, 0x02, 0xEB, 0x02, 0xCD, 0x31, 0xA9, 0x6B, 0xFF, 0x42, 0xFF, 0x42, 0xFF, 0x53, 0x3E, 
    0x52, 0xD4, 0x52, 0xB2, 0x5A, 0xB2, 0x5A, 0x92, 0x52, 0x72, 0x5A, 0xB2, 0x7B, 0x9B, 0x62, 0xFF, 
    0x5A, 0x9F, 0x6A, 0xBF, 0x62, 0x71, 0x00, 0x00, 0x31, 0x4A, 0x7B, 0x1F, 0x5A, 0x5F, 0x72, 0xBF, 
    0x7A, 0xF5, 0x00, 0xE9, 0x02, 0x71, 0x02, 0xCE, 0x02, 0xAE, 0x02, 0x4F, 0x00, 0xC7, 0x82, 0x77, 
    0x7A, 0x1F, 0x71, 0xFF, 0x9A, 0xBF, 0x41, 0x6A, 0x02, 0xAE, 0x02, 0xEB, 0x00, 0x82, 0x00, 0x00, 
    0x00, 0x00, 0x00, 0x00, 0x00, 0x00, 0x00, 0x00, 0x00, 0x00, 0x00, 0x00, 0x00, 0x00, 0x00, 0x00, 
    0x00, 0x00, 0x00, 0x00, 0x00, 0x00, 0x00, 0x00, 0x00, 0x00, 0x00, 0x00, 0x00, 0x00, 0x00, 0x00, 
    0x00, 0x00, 0x00, 0x00, 0x00, 0x00, 0x00, 0x00, 0x00, 0x00, 0x00, 0x00, 0x00, 0x00, 0x00, 0x00, 
    0x00, 0x00, 0x00, 0x00, 0x00, 0x00, 0x00, 0x00, 0x00, 0x00, 0x00, 0x00, 0x00, 0x00, 0x00, 0x00, 
    0x00, 0x00, 0x00, 0x00, 0x00, 0x00, 0x00, 0x00, 0x00, 0x00, 0x00, 0x00, 0x00, 0x00, 0x00, 0x00, 
    0x00, 0x00, 0x00, 0x00, 0x00, 0x00, 0x00, 0x00, 0x00, 0x00, 0x00, 0x00, 0x00, 0x00, 0x00, 0x00, 
    0x00, 0x00, 0x00, 0x00, 0x00, 0x00, 0x00, 0x00, 0x00, 0x00, 0x00, 0x00, 0x00, 0x00, 0x00, 0x00, 
    0x00, 0x00, 0x00, 0x00, 0x00, 0x00, 0x00, 0x00, 0x00, 0x00, 0x00, 0x00, 0x00, 0x00, 0x00, 0x00, 
    0x00, 0x00, 0x00, 0x00, 0x00, 0x00, 0x00, 0x00, 0x00, 0x00, 0x00, 0x00, 0x00, 0x00, 0x00, 0x00, 
    0x00, 0x00, 0x00, 0x00, 0x00, 0x00, 0x00, 0x00, 0x00, 0x00, 0x00, 0x00, 0x00, 0x00, 0x00, 0x00, 
    0x00, 0x00, 0x00, 0x00, 0x00, 0x00, 0x00, 0x00, 0x00, 0x00, 0x00, 0x00, 0x00, 0x00, 0x00, 0x00, 
    0x00, 0x00, 0x00, 0x00, 0x00, 0x00, 0x00, 0x00, 0x00, 0x00, 0x00, 0x00, 0x00, 0x00, 0x00, 0x00, 
    0x00, 0x00, 0x00, 0x00, 0x00, 0x00, 0x00, 0x00, 0x00, 0x00, 0x00, 0x00, 0x00, 0x00, 0x00, 0x00, 
    0x00, 0x00, 0x00, 0x00, 0x00, 0x00, 0x00, 0x00, 0x00, 0x00, 0x00, 0x00, 0x00, 0x00, 0x00, 0x00, 
    0x00, 0x00, 0x00, 0x00, 0x00, 0x00, 0x00, 0x00, 0x00, 0x00, 0x00, 0x00, 0x00, 0x00, 0x00, 0x00, 
    0x00, 0x00, 0x00, 0x00, 0x00, 0x00, 0x00, 0x00, 0x00, 0x00, 0x00, 0x00, 0x00, 0x00, 0x00, 0x00, 
    0x00, 0x00, 0x00, 0x00, 0x00, 0x00, 0x00, 0x00, 0x00, 0x00, 0x00, 0x00, 0x00, 0x00, 0x00, 0x00, 
    0x02, 0x08, 0x02, 0x28, 0x4A, 0xCD, 0x3F, 0xFF, 0x17, 0xFF, 0x1F, 0xFF, 0x1F, 0xFF, 0x2F, 0xFF, 
    0x27, 0xFF, 0x1F, 0xFF, 0x17, 0xFF, 0x1F, 0xFF, 0x27, 0xFF, 0x17, 0xFF, 0x17, 0xFF, 0x17, 0xFF, 
    0x57, 0xFF, 0x3A, 0x0B, 0x00, 0x06, 0x3A, 0x6D, 0x3F, 0xFF, 0x07, 0xFF, 0x0F, 0xFF, 0x0F, 0xFF, 
    0x27, 0xFF, 0x27, 0xFF, 0x2F, 0xFF, 0x2F, 0xFF, 0x2F, 0xFF, 0x1F, 0xFF, 0x1F, 0xFF, 0x27, 0xFF, 
    0x27, 0xFF, 0x5E, 0xDA, 0x10, 0xA7, 0x01, 0x4E, 0x01, 0x4D, 0x18, 0xE8, 0x4F, 0x1D, 0x07, 0xFF, 
    0x17, 0xDF, 0x0F, 0xDF, 0x0F, 0xFF, 0x17, 0xFF, 0x1F, 0xFF, 0x17, 0xFF, 0x57, 0x5D, 0x18, 0xE7, 
    0x01, 0x4E, 0x01, 0x8F, 0x08, 0x88, 0x4D, 0xD8, 0x07, 0xDF, 0x0F, 0x7F, 0x0F, 0x5F, 0x0F, 0x5F, 
    0x27, 0xFF, 0x44, 0x52, 0x00, 0x07, 0x01, 0x0D, 0x00, 0x69, 0x2A, 0x2A, 0x2F, 0x5F, 0x06, 0xFF, 
    0x16, 0xDF, 0x0E, 0xDF, 0x06, 0xDF, 0x3E, 0xDE, 0x19, 0x26, 0x00, 0xEB, 0x01, 0x4D, 0x00, 0xA9, 
    0x32, 0x6C, 0x37, 0x3F, 0x0E, 0x7F, 0x16, 0x7F, 0x16, 0x7F, 0x1E, 0xDF, 0x1E, 0xBF, 0x1E, 0x7F, 
    0x1E, 0x5F, 0x1E, 0x5F, 0x1E, 0x3F, 0x1E, 0x1F, 0x26, 0x1F, 0x2E, 0x7F, 0x55, 0x58, 0x00, 0x06, 
    0x08, 0x46, 0x4D, 0x39, 0x05, 0x9F, 0x0D, 0x5F, 0x0D, 0x3F, 0x15, 0x9F, 0x1D, 0xBF, 0x25, 0xBF, 
    0x25, 0xBF, 0x25, 0x9F, 0x1D, 0x7F, 0x1D, 0x5F, 0x25, 0x5F, 0x2D, 0x5F, 0x5E, 0x5F, 0x31, 0xEB, 
    0x00, 0x01, 0x53, 0x70, 0x25, 0x1F, 0x14, 0x7F, 0x35, 0x1F, 0x43, 0x0F, 0x01, 0x6A, 0x03, 0x2F, 
    0x03, 0x6D, 0x03, 0x4D, 0x02, 0x6D, 0x19, 0x26, 0x54, 0xBC, 0x24, 0x3F, 0x1C, 0x1F, 0x54, 0x9C, 
    0x11, 0x47, 0x03, 0x2E, 0x02, 0x69, 0x00, 0xE3, 0x00, 0x00, 0x00, 0x41, 0x02, 0x07, 0x03, 0x6E, 
    0x11, 0x68, 0x5B, 0xFA, 0x23, 0x7F, 0x23, 0x3F, 0x54, 0x3D, 0x21, 0x06, 0x00, 0x03, 0x5B, 0x54, 
    0x43, 0xBF, 0x33, 0x3F, 0x53, 0xFF, 0x4A, 0x2E, 0x02, 0x0C, 0x03, 0x8E, 0x02, 0x49, 0x01, 0x45, 
    0x01, 0x65, 0x02, 0x49, 0x02, 0xCC, 0x21, 0x47, 0x73, 0xDE, 0x42, 0xDF, 0x4B, 0x1F, 0x42, 0xBF, 
    0x4A, 0xFF, 0x53, 0x3F, 0x63, 0x7F, 0x63, 0x5F, 0x5A, 0xFF, 0x63, 0x1F, 0x5A, 0xDF, 0x5A, 0xDF, 
    0x5A, 0xBF, 0x7B, 0x9F, 0x52, 0x2E, 0x00, 0x01, 0x31, 0x6A, 0x7A, 0xFF, 0x5A, 0x3F, 0x72, 0xBF, 
    0x7A, 0xF5, 0x01, 0x09, 0x02, 0xD1, 0x03, 0x4E, 0x03, 0x2E, 0x02, 0xAF, 0x00, 0xE8, 0x82, 0x97, 
    0x7A, 0x3F, 0x71, 0xFF, 0xA2, 0xFF, 0x41, 0x8B, 0x02, 0xEF, 0x02, 0xEB, 0x00, 0x20, 0x00, 0x00, 
    0x00, 0x00, 0x00, 0x00, 0x00, 0x00, 0x00, 0x00, 0x00, 0x00, 0x00, 0x00, 0x00, 0x00, 0x00, 0x00, 
    0x00, 0x00, 0x00, 0x00, 0x00, 0x00, 0x00, 0x00, 0x00, 0x00, 0x00, 0x00, 0x00, 0x00, 0x00, 0x00, 
    0x00, 0x00, 0x00, 0x00, 0x00, 0x00, 0x00, 0x00, 0x00, 0x00, 0x00, 0x00, 0x00, 0x00, 0x00, 0x00, 
    0x00, 0x00, 0x00, 0x00, 0x00, 0x00, 0x00, 0x00, 0x00, 0x00, 0x00, 0x00, 0x00, 0x00, 0x00, 0x00, 
    0x00, 0x00, 0x00, 0x00, 0x00, 0x00, 0x00, 0x00, 0x00, 0x00, 0x00, 0x00, 0x00, 0x00, 0x00, 0x00, 
    0x00, 0x00, 0x00, 0x00, 0x00, 0x00, 0x00, 0x00, 0x00, 0x00, 0x00, 0x00, 0x00, 0x00, 0x00, 0x00, 
    0x00, 0x00, 0x00, 0x00, 0x00, 0x00, 0x00, 0x00, 0x00, 0x00, 0x00, 0x00, 0x00, 0x00, 0x00, 0x00, 
    0x00, 0x00, 0x00, 0x00, 0x00, 0x00, 0x00, 0x00, 0x00, 0x00, 0x00, 0x00, 0x00, 0x00, 0x00, 0x00, 
    0x00, 0x00, 0x00, 0x00, 0x00, 0x00, 0x00, 0x00, 0x00, 0x00, 0x00, 0x00, 0x00, 0x00, 0x00, 0x00, 
    0x00, 0x00, 0x00, 0x00, 0x00, 0x00, 0x00, 0x00, 0x00, 0x00, 0x00, 0x00, 0x00, 0x00, 0x00, 0x00, 
    0x00, 0x00, 0x00, 0x00, 0x00, 0x00, 0x00, 0x00, 0x00, 0x00, 0x00, 0x00, 0x00, 0x00, 0x00, 0x00, 
    0x00, 0x00, 0x00, 0x00, 0x00, 0x00, 0x00, 0x00, 0x00, 0x00, 0x00, 0x00, 0x00, 0x00, 0x00, 0x00, 
    0x00, 0x00, 0x00, 0x00, 0x00, 0x00, 0x00, 0x00, 0x00, 0x00, 0x00, 0x00, 0x00, 0x00, 0x00, 0x00, 
    0x00, 0x00, 0x00, 0x00, 0x00, 0x00, 0x00, 0x00, 0x00, 0x00, 0x00, 0x00, 0x00, 0x00, 0x00, 0x00, 
    0x00, 0x00, 0x00, 0x00, 0x00, 0x00, 0x00, 0x00, 0x00, 0x00, 0x00, 0x00, 0x00, 0x00, 0x00, 0x00, 
    0x00, 0x00, 0x00, 0x00, 0x00, 0x00, 0x00, 0x00, 0x00, 0x00, 0x00, 0x00, 0x00, 0x00, 0x00, 0x00, 
    0x00, 0x00, 0x00, 0x00, 0x00, 0x00, 0x00, 0x00, 0x00, 0x00, 0x00, 0x00, 0x00, 0x00, 0x00, 0x00, 
    0x01, 0xC6, 0x02, 0x08, 0x52, 0xED, 0x3F, 0xFF, 0x07, 0xFF, 0x0F, 0xFF, 0x0F, 0xFF, 0x0F, 0xFF, 
    0x07, 0xFF, 0x07, 0xFF, 0x07, 0xFF, 0x07, 0xFF, 0x07, 0xFF, 0x07, 0xFF, 0x07, 0xFF, 0x37, 0xFF, 
    0x5C, 0x72, 0x00, 0x25, 0x01, 0x0D, 0x08, 0x46, 0x64, 0xF5, 0x37, 0xFF, 0x07, 0xFF, 0x07, 0xFF, 
    0x07, 0xFF, 0x07, 0xFF, 0x0F, 0xFF, 0x0F, 0xFF, 0x0F, 0xFF, 0x07, 0xFF, 0x07, 0xFF, 0x07, 0xFF, 
    0x07, 0xFF, 0x45, 0xF8, 0x08, 0xA7, 0x01, 0xCF, 0x02, 0x0F, 0x00, 0xC8, 0x43, 0x2F, 0x37, 0xFF, 
    0x07, 0xFF, 0x07, 0xFF, 0x07, 0xFF, 0x07, 0xFF, 0x0F, 0xFF, 0x07, 0xFF, 0x3E, 0xDB, 0x10, 0xC6, 
    0x01, 0x8E, 0x01, 0xEF, 0x00, 0x89, 0x43, 0xB0, 0x17, 0xFF, 0x07, 0x9F, 0x07, 0x9F, 0x07, 0x9F, 
    0x3F, 0xBF, 0x32, 0x09, 0x00, 0xEB, 0x01, 0x8D, 0x01, 0x6E, 0x10, 0xA6, 0x46, 0x3B, 0x0F, 0x5F, 
    0x0E, 0xFF, 0x06, 0xDF, 0x07, 0x3F, 0x4D, 0x77, 0x00, 0x86, 0x02, 0x0F, 0x02, 0x2E, 0x02, 0x0E, 
    0x08, 0xA6, 0x4C, 0xB5, 0x2F, 0x3F, 0x06, 0x7F, 0x06, 0x5F, 0x06, 0x3F, 0x06, 0x3F, 0x05, 0xFF, 
    0x0D, 0xDF, 0x0D, 0xBF, 0x05, 0x9F, 0x05, 0x7F, 0x05, 0x7F, 0x0D, 0xFF, 0x4C, 0x33, 0x00, 0x05, 
    0x00, 0x49, 0x29, 0xEA, 0x46, 0x3F, 0x0D, 0xBF, 0x0D, 0x5F, 0x05, 0x3F, 0x05, 0x3F, 0x0D, 0x1F, 
    0x15, 0x1F, 0x0C, 0xFF, 0x0C, 0xDF, 0x0C, 0xDF, 0x0C, 0xBF, 0x0C, 0x9F, 0x4D, 0x7E, 0x21, 0x48, 
    0x00, 0x04, 0x53, 0x91, 0x2D, 0x3F, 0x14, 0x7F, 0x2D, 0x1F, 0x43, 0x0F, 0x01, 0x89, 0x03, 0x6E, 
    0x03, 0x0C, 0x03, 0x2C, 0x02, 0xEE, 0x19, 0x47, 0x54, 0xDC, 0x1C, 0x3F, 0x1C, 0x1F, 0x54, 0x9C, 
    0x19, 0x67, 0x03, 0x4E, 0x02, 0x07, 0x00, 0x82, 0x00, 0x00, 0x00, 0x00, 0x01, 0xA6, 0x03, 0x4D, 
    0x11, 0x88, 0x64, 0x1B, 0x23, 0x5F, 0x1B, 0x1F, 0x5C, 0x1D, 0x21, 0x06, 0x00, 0x04, 0x5B, 0x74, 
    0x43, 0xBF, 0x33, 0x1F, 0x5B, 0xFF, 0x4A, 0x4E, 0x02, 0x6D, 0x03, 0x8E, 0x01, 0xC7, 0x00, 0xC3, 
    0x00, 0xC3, 0x01, 0x86, 0x02, 0xEC, 0x01, 0x67, 0x5A, 0x70, 0x7C, 0x5F, 0x53, 0x1F, 0x4A, 0xDF, 
    0x42, 0x9F, 0x42, 0xBF, 0x4A, 0xDF, 0x4A, 0xBF, 0x4A, 0x7F, 0x4A, 0x7F, 0x4A, 0x7F, 0x52, 0x9F, 
    0x73, 0x5F, 0x83, 0x98, 0x08, 0x46, 0x00, 0x08, 0x39, 0x8A, 0x72, 0xDF, 0x51, 0xFF, 0x72, 0x7F, 
    0x7A, 0xF6, 0x01, 0x49, 0x03, 0x71, 0x03, 0x6D, 0x03, 0x6D, 0x03, 0x50, 0x01, 0x29, 0x82, 0x97, 
    0x79, 0xFF, 0x71, 0xDF, 0xA2, 0xFF, 0x41, 0x8B, 0x03, 0x0E, 0x02, 0x89, 0x00, 0x00, 0x00, 0x00, 
    0x00, 0x00, 0x00, 0x00, 0x00, 0x00, 0x00, 0x00, 0x00, 0x00, 0x00, 0x00, 0x00, 0x00, 0x00, 0x00, 
    0x00, 0x00, 0x00, 0x00, 0x00, 0x00, 0x00, 0x00, 0x00, 0x00, 0x00, 0x00, 0x00, 0x00, 0x00, 0x00, 
    0x00, 0x00, 0x00, 0x00, 0x00, 0x00, 0x00, 0x00, 0x00, 0x00, 0x00, 0x00, 0x00, 0x00, 0x00, 0x00, 
    0x00, 0x00, 0x00, 0x00, 0x00, 0x00, 0x00, 0x00, 0x00, 0x00, 0x00, 0x00, 0x00, 0x00, 0x00, 0x00, 
    0x00, 0x00, 0x00, 0x00, 0x00, 0x00, 0x00, 0x00, 0x00, 0x00, 0x00, 0x00, 0x00, 0x00, 0x00, 0x00, 
    0x00, 0x00, 0x00, 0x00, 0x00, 0x00, 0x00, 0x00, 0x00, 0x00, 0x00, 0x00, 0x00, 0x00, 0x00, 0x00, 
    0x00, 0x00, 0x00, 0x00, 0x00, 0x00, 0x00, 0x00, 0x00, 0x00, 0x00, 0x00, 0x00, 0x00, 0x00, 0x00, 
    0x00, 0x00, 0x00, 0x00, 0x00, 0x00, 0x00, 0x00, 0x00, 0x00, 0x00, 0x00, 0x00, 0x00, 0x00, 0x00, 
    0x00, 0x00, 0x00, 0x00, 0x00, 0x00, 0x00, 0x00, 0x00, 0x00, 0x00, 0x00, 0x00, 0x00, 0x00, 0x00, 
    0x00, 0x00, 0x00, 0x00, 0x00, 0x00, 0x00, 0x00, 0x00, 0x00, 0x00, 0x00, 0x00, 0x00, 0x00, 0x00, 
    0x00, 0x00, 0x00, 0x00, 0x00, 0x00, 0x00, 0x00, 0x00, 0x00, 0x00, 0x00, 0x00, 0x00, 0x00, 0x00, 
    0x00, 0x00, 0x00, 0x00, 0x00, 0x00, 0x00, 0x00, 0x00, 0x00, 0x00, 0x00, 0x00, 0x00, 0x00, 0x00, 
    0x00, 0x00, 0x00, 0x00, 0x00, 0x00, 0x00, 0x00, 0x00, 0x00, 0x00, 0x00, 0x00, 0x00, 0x00, 0x00, 
    0x00, 0x00, 0x00, 0x00, 0x00, 0x00, 0x00, 0x00, 0x00, 0x00, 0x00, 0x00, 0x00, 0x00, 0x00, 0x00, 
    0x00, 0x00, 0x00, 0x00, 0x00, 0x00, 0x00, 0x00, 0x00, 0x00, 0x00, 0x00, 0x00, 0x00, 0x00, 0x00, 
    0x00, 0x00, 0x00, 0x00, 0x00, 0x00, 0x00, 0x00, 0x00, 0x00, 0x00, 0x00, 0x00, 0x00, 0x00, 0x00, 
    0x00, 0x00, 0x00, 0x00, 0x00, 0x00, 0x00, 0x00, 0x00, 0x00, 0x00, 0x00, 0x00, 0x00, 0x00, 0x00, 
    0x01, 0x45, 0x01, 0xA6, 0x4A, 0xAC, 0x6F, 0xBE, 0x47, 0x7D, 0x4F, 0x5D, 0x4F, 0x7D, 0x4F, 0x7D, 
    0x4F, 0x7D, 0x4F, 0x7D, 0x4F, 0x7D, 0x57, 0x7D, 0x57, 0x7D, 0x47, 0x7E, 0x46, 0xFC, 0x53, 0xCF, 
    0x08, 0x44, 0x01, 0xAD, 0x02, 0x2E, 0x01, 0xCD, 0x08, 0x86, 0x54, 0x52, 0x4F, 0x3D, 0x47, 0x7D, 
    0x47, 0x5D, 0x4F, 0x7D, 0x57, 0x7D, 0x57, 0x7D, 0x4F, 0x7D, 0x4F, 0x7D, 0x4F, 0x7D, 0x4F, 0x7D, 
    0x4F, 0x9E, 0x54, 0xB3, 0x00, 0xC6, 0x02, 0xAE, 0x02, 0xCD, 0x02, 0xEE, 0x00, 0xE6, 0x43, 0x2F, 
    0x47, 0x1C, 0x47, 0x7E, 0x47, 0x7D, 0x4F, 0x7D, 0x4F, 0x7D, 0x47, 0x9E, 0x4E, 0x59, 0x08, 0xC5, 
    0x02, 0x2E, 0x02, 0x8E, 0x01, 0xEC, 0x21, 0xA8, 0x57, 0x5E, 0x3F, 0x5E, 0x47, 0x5E, 0x47, 0x7E, 
    0x4D, 0xB7, 0x08, 0x85, 0x02, 0x0D, 0x02, 0x6C, 0x02, 0x8D, 0x00, 0xC7, 0x43, 0xB0, 0x4F, 0x5E, 
    0x46, 0xFE, 0x46, 0xDE, 0x4F, 0x3E, 0x3A, 0xED, 0x01, 0x29, 0x03, 0x2F, 0x03, 0x2D, 0x03, 0x2E, 
    0x02, 0x8D, 0x08, 0xA6, 0x4B, 0xF2, 0x3E, 0x7D, 0x36, 0x7D, 0x36, 0x5D, 0x3E, 0x5D, 0x46, 0x5D, 
    0x46, 0x3D, 0x3E, 0x1D, 0x3D, 0xFD, 0x3D, 0xFD, 0x3D, 0xDD, 0x46, 0x5E, 0x43, 0x4F, 0x00, 0x26, 
    0x01, 0x8F, 0x00, 0x88, 0x31, 0xEA, 0x55, 0x5A, 0x45, 0xDD, 0x3D, 0x9D, 0x3D, 0x9D, 0x3D, 0x9D, 
    0x3D, 0x9D, 0x45, 0x9D, 0x45, 0x9D, 0x45, 0x7D, 0x3D, 0x3D, 0x3D, 0x3D, 0x5D, 0x3A, 0x10, 0xC6, 
    0x00, 0x07, 0x53, 0x70, 0x65, 0xDE, 0x55, 0x1D, 0x5D, 0x7E, 0x42, 0x8D, 0x01, 0xE9, 0x03, 0x2C, 
    0x02, 0x69, 0x02, 0x8A, 0x03, 0x2D, 0x11, 0x47, 0x6C, 0xFB, 0x54, 0xBE, 0x54, 0xBD, 0x6C, 0xBA, 
    0x11, 0xA8, 0x03, 0x4D, 0x01, 0x85, 0x00, 0x00, 0x00, 0x00, 0x00, 0x00, 0x01, 0x24, 0x02, 0xEB, 
    0x11, 0x46, 0x74, 0x19, 0x64, 0x1E, 0x63, 0xFE, 0x74, 0x5B, 0x18, 0xE7, 0x00, 0x06, 0x5B, 0x73, 
    0x74, 0x5E, 0x63, 0xBD, 0x7C, 0x5E, 0x42, 0x0E, 0x02, 0xAC, 0x02, 0xEB, 0x01, 0x04, 0x00, 0x00, 
    0x00, 0x20, 0x00, 0xA2, 0x02, 0x08, 0x03, 0x4D, 0x01, 0x68, 0x62, 0xB0, 0x8B, 0xFC, 0x7B, 0xBD, 
    0x73, 0x5D, 0x73, 0x5D, 0x73, 0x5D, 0x7B, 0x7D, 0x7B, 0x5D, 0x7B, 0x3D, 0x83, 0x3D, 0x8B, 0x5D, 
    0x7A, 0xF5, 0x18, 0xA7, 0x00, 0xAD, 0x00, 0x6B, 0x31, 0x4A, 0x93, 0x5E, 0x8A, 0xBD, 0x9B, 0x1E, 
    0x7A, 0x93, 0x01, 0x87, 0x03, 0xAF, 0x02, 0xEB, 0x02, 0xEB, 0x03, 0xAF, 0x01, 0x69, 0x8A, 0x75, 
    0xA2, 0x9E, 0xA2, 0x7D, 0xB3, 0x1D, 0x39, 0x4A, 0x02, 0xEC, 0x01, 0xE7, 0x00, 0x00, 0x00, 0x00, 
    0x00, 0x00, 0x00, 0x00, 0x00, 0x00, 0x00, 0x00, 0x00, 0x00, 0x00, 0x00, 0x00, 0x00, 0x00, 0x00, 
    0x00, 0x00, 0x00, 0x00, 0x00, 0x00, 0x00, 0x00, 0x00, 0x00, 0x00, 0x00, 0x00, 0x00, 0x00, 0x00, 
    0x00, 0x00, 0x00, 0x00, 0x00, 0x00, 0x00, 0x00, 0x00, 0x00, 0x00, 0x00, 0x00, 0x00, 0x00, 0x00, 
    0x00, 0x00, 0x00, 0x00, 0x00, 0x00, 0x00, 0x00, 0x00, 0x00, 0x00, 0x00, 0x00, 0x00, 0x00, 0x00, 
    0x00, 0x00, 0x00, 0x00, 0x00, 0x00, 0x00, 0x00, 0x00, 0x00, 0x00, 0x00, 0x00, 0x00, 0x00, 0x00, 
    0x00, 0x00, 0x00, 0x00, 0x00, 0x00, 0x00, 0x00, 0x00, 0x00, 0x00, 0x00, 0x00, 0x00, 0x00, 0x00, 
    0x00, 0x00, 0x00, 0x00, 0x00, 0x00, 0x00, 0x00, 0x00, 0x00, 0x00, 0x00, 0x00, 0x00, 0x00, 0x00, 
    0x00, 0x00, 0x00, 0x00, 0x00, 0x00, 0x00, 0x00, 0x00, 0x00, 0x00, 0x00, 0x00, 0x00, 0x00, 0x00, 
    0x00, 0x00, 0x00, 0x00, 0x00, 0x00, 0x00, 0x00, 0x00, 0x00, 0x00, 0x00, 0x00, 0x00, 0x00, 0x00, 
    0x00, 0x00, 0x00, 0x00, 0x00, 0x00, 0x00, 0x00, 0x00, 0x00, 0x00, 0x00, 0x00, 0x00, 0x00, 0x00, 
    0x00, 0x00, 0x00, 0x00, 0x00, 0x00, 0x00, 0x00, 0x00, 0x00, 0x00, 0x00, 0x00, 0x00, 0x00, 0x00, 
    0x00, 0x00, 0x00, 0x00, 0x00, 0x00, 0x00, 0x00, 0x00, 0x00, 0x00, 0x00, 0x00, 0x00, 0x00, 0x00, 
    0x00, 0x00, 0x00, 0x00, 0x00, 0x00, 0x00, 0x00, 0x00, 0x00, 0x00, 0x00, 0x00, 0x00, 0x00, 0x00, 
    0x00, 0x00, 0x00, 0x00, 0x00, 0x00, 0x00, 0x00, 0x00, 0x00, 0x00, 0x00, 0x00, 0x00, 0x00, 0x00, 
    0x00, 0x00, 0x00, 0x00, 0x00, 0x00, 0x00, 0x00, 0x00, 0x00, 0x00, 0x00, 0x00, 0x00, 0x00, 0x00, 
    0x00, 0x00, 0x00, 0x00, 0x00, 0x00, 0x00, 0x00, 0x00, 0x00, 0x00, 0x00, 0x00, 0x00, 0x00, 0x00, 
    0x00, 0x00, 0x00, 0x00, 0x00, 0x00, 0x00, 0x00, 0x00, 0x00, 0x00, 0x00, 0x00, 0x00, 0x00, 0x00, 
    0x00, 0x82, 0x01, 0x86, 0x09, 0x45, 0x22, 0x08, 0x2A, 0x09, 0x29, 0xE9, 0x21, 0xC9, 0x21, 0xC9, 
    0x29, 0xCA, 0x29, 0xCA, 0x29, 0xCA, 0x29, 0xEA, 0x29, 0xEA, 0x29, 0xE9, 0x19, 0x46, 0x01, 0x26, 
    0x02, 0xAE, 0x03, 0x0D, 0x03, 0x0D, 0x03, 0x2D, 0x02, 0xCD, 0x01, 0x88, 0x19, 0xC9, 0x29, 0xE9, 
    0x21, 0xA8, 0x29, 0xC9, 0x29, 0xCA, 0x29, 0xCA, 0x29, 0xCA, 0x29, 0xCA, 0x29, 0xEA, 0x29, 0xEA, 
    0x29, 0xEA, 0x11, 0x46, 0x02, 0x29, 0x03, 0x0C, 0x02, 0xEB, 0x03, 0x2C, 0x03, 0x0C, 0x01, 0x87, 
    0x19, 0xA8, 0x2A, 0x09, 0x29, 0xC9, 0x29, 0xC9, 0x29, 0xCA, 0x29, 0xC9, 0x19, 0x87, 0x01, 0xA8, 
    0x03, 0x2D, 0x03, 0x2D, 0x03, 0x2D, 0x01, 0x87, 0x21, 0xE9, 0x22, 0x4A, 0x2A, 0x2A, 0x2A, 0x2A, 
    0x11, 0x86, 0x01, 0xC9, 0x02, 0xEC, 0x02, 0xEB, 0x02, 0xEB, 0x02, 0x8B, 0x09, 0x46, 0x22, 0x29, 
    0x22, 0x2A, 0x22, 0x09, 0x21, 0xE9, 0x09, 0x46, 0x02, 0xEC, 0x03, 0x0B, 0x02, 0xAA, 0x02, 0xAA, 
    0x03, 0x0C, 0x02, 0xAC, 0x01, 0x26, 0x19, 0xA8, 0x21, 0xE9, 0x19, 0xC9, 0x21, 0xCA, 0x21, 0xC9, 
    0x21, 0xC9, 0x21, 0xC9, 0x21, 0xC9, 0x21, 0xC9, 0x21, 0xCA, 0x21, 0xE9, 0x09, 0x26, 0x02, 0x0C, 
    0x02, 0xCE, 0x02, 0xEF, 0x01, 0xCA, 0x09, 0x68, 0x21, 0xE9, 0x21, 0xA8, 0x19, 0x88, 0x21, 0xA9, 
    0x21, 0xC9, 0x21, 0xCA, 0x21, 0xC9, 0x21, 0xC9, 0x21, 0xA9, 0x21, 0xA9, 0x19, 0x67, 0x01, 0x09, 
    0x01, 0x6D, 0x11, 0x48, 0x22, 0x0A, 0x21, 0xEA, 0x21, 0xE9, 0x09, 0x46, 0x02, 0xAB, 0x02, 0x49, 
    0x01, 0xA6, 0x01, 0xC7, 0x02, 0xAA, 0x01, 0xA7, 0x19, 0xC8, 0x22, 0x09, 0x22, 0x0A, 0x21, 0xE9, 
    0x02, 0x08, 0x02, 0xAA, 0x00, 0xA2, 0x00, 0x00, 0x00, 0x00, 0x00, 0x00, 0x00, 0x82, 0x02, 0x69, 
    0x01, 0xC7, 0x19, 0xC9, 0x29, 0xEA, 0x29, 0xCA, 0x21, 0x69, 0x00, 0xE8, 0x01, 0x0C, 0x11, 0x27, 
    0x21, 0xCA, 0x21, 0xA9, 0x21, 0xCA, 0x09, 0x68, 0x02, 0xCC, 0x01, 0xC7, 0x00, 0x61, 0x00, 0x00, 
    0x00, 0x00, 0x00, 0x00, 0x00, 0xC3, 0x02, 0x69, 0x03, 0x6E, 0x01, 0xEA, 0x21, 0xA9, 0x29, 0xA9, 
    0x21, 0x48, 0x21, 0x48, 0x21, 0x49, 0x29, 0x69, 0x29, 0x69, 0x29, 0x49, 0x29, 0x49, 0x21, 0x49, 
    0x01, 0x07, 0x01, 0xED, 0x02, 0x6F, 0x02, 0x0D, 0x09, 0x07, 0x29, 0x8A, 0x29, 0xAA, 0x29, 0xAA, 
    0x19, 0x27, 0x02, 0x49, 0x02, 0xCB, 0x02, 0x08, 0x01, 0xE7, 0x02, 0xCB, 0x02, 0x29, 0x19, 0x48, 
    0x29, 0xCA, 0x29, 0xAA, 0x29, 0xAA, 0x09, 0xA8, 0x02, 0xAA, 0x00, 0xE3, 0x00, 0x00, 0x00, 0x00, 
    0x00, 0x00, 0x00, 0x00, 0x00, 0x00, 0x00, 0x00, 0x00, 0x00, 0x00, 0x00, 0x00, 0x00, 0x00, 0x00, 
    0x00, 0x00, 0x00, 0x00, 0x00, 0x00, 0x00, 0x00, 0x00, 0x00, 0x00, 0x00, 0x00, 0x00, 0x00, 0x00, 
    0x00, 0x00, 0x00, 0x00, 0x00, 0x00, 0x00, 0x00, 0x00, 0x00, 0x00, 0x00, 0x00, 0x00, 0x00, 0x00, 
    0x00, 0x00, 0x00, 0x00, 0x00, 0x00, 0x00, 0x00, 0x00, 0x00, 0x00, 0x00, 0x00, 0x00, 0x00, 0x00, 
    0x00, 0x00, 0x00, 0x00, 0x00, 0x00, 0x00, 0x00, 0x00, 0x00, 0x00, 0x00, 0x00, 0x00, 0x00, 0x00, 
    0x00, 0x00, 0x00, 0x00, 0x00, 0x00, 0x00, 0x00, 0x00, 0x00, 0x00, 0x00, 0x00, 0x00, 0x00, 0x00, 
    0x00, 0x00, 0x00, 0x00, 0x00, 0x00, 0x00, 0x00, 0x00, 0x00, 0x00, 0x00, 0x00, 0x00, 0x00, 0x00, 
    0x00, 0x00, 0x00, 0x00, 0x00, 0x00, 0x00, 0x00, 0x00, 0x00, 0x00, 0x00, 0x00, 0x00, 0x00, 0x00, 
    0x00, 0x00, 0x00, 0x00, 0x00, 0x00, 0x00, 0x00, 0x00, 0x00, 0x00, 0x00, 0x00, 0x00, 0x00, 0x00, 
    0x00, 0x00, 0x00, 0x00, 0x00, 0x00, 0x00, 0x00, 0x00, 0x00, 0x00, 0x00, 0x00, 0x00, 0x00, 0x00, 
    0x00, 0x00, 0x00, 0x00, 0x00, 0x00, 0x00, 0x00, 0x00, 0x00, 0x00, 0x00, 0x00, 0x00, 0x00, 0x00, 
    0x00, 0x00, 0x00, 0x00, 0x00, 0x00, 0x00, 0x00, 0x00, 0x00, 0x00, 0x00, 0x00, 0x00, 0x00, 0x00, 
    0x00, 0x00, 0x00, 0x00, 0x00, 0x00, 0x00, 0x00, 0x00, 0x00, 0x00, 0x00, 0x00, 0x00, 0x00, 0x00, 
    0x00, 0x00, 0x00, 0x00, 0x00, 0x00, 0x00, 0x00, 0x00, 0x00, 0x00, 0x00, 0x00, 0x00, 0x00, 0x00, 
    0x00, 0x00, 0x00, 0x00, 0x00, 0x00, 0x00, 0x00, 0x00, 0x00, 0x00, 0x00, 0x00, 0x00, 0x00, 0x00, 
    0x00, 0x00, 0x00, 0x00, 0x00, 0x00, 0x00, 0x00, 0x00, 0x00, 0x00, 0x00, 0x00, 0x00, 0x00, 0x00, 
    0x00, 0x00, 0x00, 0x00, 0x00, 0x00, 0x00, 0x00, 0x00, 0x00, 0x00, 0x00, 0x00, 0x00, 0x00, 0x00, 
    0x00, 0x00, 0x00, 0x61, 0x01, 0x65, 0x02, 0x08, 0x02, 0xAA, 0x03, 0x0C, 0x03, 0x0C, 0x03, 0x0D, 
    0x03, 0x0D, 0x03, 0x0D, 0x03, 0x0D, 0x03, 0x2D, 0x03, 0x2D, 0x02, 0xEC, 0x02, 0xEC, 0x03, 0x2C, 
    0x02, 0xCB, 0x02, 0x69, 0x02, 0x28, 0x02, 0x48, 0x02, 0xAA, 0x03, 0x0C, 0x03, 0x0C, 0x02, 0xEC, 
    0x02, 0xED, 0x02, 0xED, 0x02, 0xED, 0x02, 0xED, 0x02, 0xED, 0x03, 0x0D, 0x03, 0x2E, 0x03, 0x4D, 
    0x03, 0x0C, 0x02, 0xAA, 0x02, 0x8A, 0x02, 0x08, 0x01, 0xE7, 0x01, 0xC7, 0x02, 0x08, 0x02, 0xAA, 
    0x02, 0xEB, 0x02, 0xEC, 0x02, 0xEC, 0x02, 0xED, 0x03, 0x0D, 0x03, 0x2D, 0x03, 0x0C, 0x03, 0x0C, 
    0x02, 0xCA, 0x02, 0x8A, 0x02, 0x8A, 0x02, 0xCA, 0x02, 0xAB, 0x02, 0xEC, 0x03, 0x0C, 0x03, 0x0C, 
    0x02, 0xCB, 0x02, 0x89, 0x02, 0x28, 0x01, 0xE7, 0x02, 0x08, 0x02, 0x69, 0x02, 0xAA, 0x02, 0xCB, 
    0x03, 0x0C, 0x03, 0x2D, 0x02, 0xCB, 0x02, 0xAA, 0x02, 0x49, 0x01, 0x86, 0x01, 0x45, 0x01, 0x45, 
    0x01, 0xA6, 0x02, 0x69, 0x03, 0x0B, 0x02, 0xEB, 0x02, 0xCC, 0x02, 0xED, 0x02, 0xEE, 0x02, 0xEE, 
    0x02, 0xCD, 0x02, 0xCD, 0x02, 0xCD, 0x02, 0xED, 0x03, 0x0E, 0x03, 0x0D, 0x03, 0x0C, 0x03, 0x2C, 
    0x03, 0x0B, 0x03, 0x0B, 0x03, 0x2C, 0x03, 0x2C, 0x02, 0xEC, 0x02, 0xCC, 0x02, 0xAD, 0x02, 0xAD, 
    0x02, 0xCE, 0x02, 0xCE, 0x02, 0xCE, 0x02, 0xCE, 0x02, 0xEE, 0x03, 0x0E, 0x03, 0x0E, 0x03, 0x2E, 
    0x03, 0x2E, 0x03, 0x2D, 0x03, 0x2D, 0x03, 0x2D, 0x03, 0x0C, 0x02, 0xAA, 0x02, 0x08, 0x01, 0x24, 
    0x00, 0xA2, 0x00, 0xA2, 0x01, 0x45, 0x02, 0x28, 0x02, 0x8A, 0x02, 0xEB, 0x03, 0x0C, 0x02, 0xCB, 
    0x02, 0x49, 0x01, 0x04, 0x00, 0x00, 0x00, 0x00, 0x00, 0x00, 0x00, 0x00, 0x00, 0x00, 0x00, 0xC3, 
    0x02, 0x28, 0x02, 0xCB, 0x03, 0x4D, 0x03, 0x4E, 0x03, 0x0D, 0x02, 0xED, 0x02, 0xCD, 0x02, 0xCD, 
    0x03, 0x0D, 0x03, 0x4E, 0x03, 0x2C, 0x02, 0xAA, 0x01, 0xC7, 0x00, 0x82, 0x00, 0x00, 0x00, 0x00, 
    0x00, 0x00, 0x00, 0x00, 0x00, 0x00, 0x00, 0xA2, 0x01, 0xE7, 0x02, 0xEB, 0x03, 0x2D, 0x03, 0x2E, 
    0x02, 0xEE, 0x02, 0xCE, 0x02, 0xAE, 0x02, 0xAE, 0x02, 0xAE, 0x02, 0xAE, 0x02, 0xAD, 0x02, 0xED, 
    0x03, 0x4E, 0x03, 0x2D, 0x03, 0x2C, 0x03, 0x2C, 0x03, 0x4D, 0x03, 0x4D, 0x03, 0x8E, 0x03, 0x4D, 
    0x02, 0xCB, 0x02, 0x49, 0x01, 0x65, 0x00, 0xC3, 0x00, 0xC3, 0x01, 0x45, 0x02, 0x08, 0x02, 0xCA, 
    0x03, 0x6D, 0x03, 0xAE, 0x03, 0x4D, 0x02, 0xCA, 0x01, 0x45, 0x00, 0x00, 0x00, 0x00, 0x00, 0x00, 
    0x00, 0x00, 0x00, 0x00, 0x00, 0x00, 0x00, 0x00, 0x00, 0x00, 0x00, 0x00, 0x00, 0x00, 0x00, 0x00, 
    0x00, 0x00, 0x00, 0x00, 0x00, 0x00, 0x00, 0x00, 0x00, 0x00, 0x00, 0x00, 0x00, 0x00, 0x00, 0x00, 
    0x00, 0x00, 0x00, 0x00, 0x00, 0x00, 0x00, 0x00, 0x00, 0x00, 0x00, 0x00, 0x00, 0x00, 0x00, 0x00, 
    0x00, 0x00, 0x00, 0x00, 0x00, 0x00, 0x00, 0x00, 0x00, 0x00, 0x00, 0x00, 0x00, 0x00, 0x00, 0x00, 
    0x00, 0x00, 0x00, 0x00, 0x00, 0x00, 0x00, 0x00, 0x00, 0x00, 0x00, 0x00, 0x00, 0x00, 0x00, 0x00, 
    0x00, 0x00, 0x00, 0x00, 0x00, 0x00, 0x00, 0x00, 0x00, 0x00, 0x00, 0x00, 0x00, 0x00, 0x00, 0x00, 
    0x00, 0x00, 0x00, 0x00, 0x00, 0x00, 0x00, 0x00, 0x00, 0x00, 0x00, 0x00, 0x00, 0x00, 0x00, 0x00, 
    0x00, 0x00, 0x00, 0x00, 0x00, 0x00, 0x00, 0x00, 0x00, 0x00, 0x00, 0x00, 0x00, 0x00, 0x00, 0x00, 
    0x00, 0x00, 0x00, 0x00, 0x00, 0x00, 0x00, 0x00, 0x00, 0x00, 0x00, 0x00, 0x00, 0x00, 0x00, 0x00, 
    0x00, 0x00, 0x00, 0x00, 0x00, 0x00, 0x00, 0x00, 0x00, 0x00, 0x00, 0x00, 0x00, 0x00, 0x00, 0x00, 
    0x00, 0x00, 0x00, 0x00, 0x00, 0x00, 0x00, 0x00, 0x00, 0x00, 0x00, 0x00, 0x00, 0x00, 0x00, 0x00, 
    0x00, 0x00, 0x00, 0x00, 0x00, 0x00, 0x00, 0x00, 0x00, 0x00, 0x00, 0x00, 0x00, 0x00, 0x00, 0x00, 
    0x00, 0x00, 0x00, 0x00, 0x00, 0x00, 0x00, 0x00, 0x00, 0x00, 0x00, 0x00, 0x00, 0x00, 0x00, 0x00, 
    0x00, 0x00, 0x00, 0x00, 0x00, 0x00, 0x00, 0x00, 0x00, 0x00, 0x00, 0x00, 0x00, 0x00, 0x00, 0x00, 
    0x00, 0x00, 0x00, 0x00, 0x00, 0x00, 0x00, 0x00, 0x00, 0x00, 0x00, 0x00, 0x00, 0x00, 0x00, 0x00, 
    0x00, 0x00, 0x00, 0x00, 0x00, 0x00, 0x00, 0x00, 0x00, 0x00, 0x00, 0x00, 0x00, 0x00, 0x00, 0x00, 
    0x00, 0x00, 0x00, 0x00, 0x00, 0x00, 0x00, 0x00, 0x00, 0x00, 0x00, 0x00, 0x00, 0x00, 0x00, 0x00, 
    0x00, 0x00, 0x00, 0x00, 0x00, 0x00, 0x00, 0xA2, 0x01, 0x65, 0x02, 0x08, 0x02, 0x49, 0x02, 0x8A, 
    0x02, 0x8A, 0x02, 0xAA, 0x02, 0x8A, 0x02, 0x89, 0x02, 0x69, 0x02, 0x49, 0x02, 0x08, 0x01, 0xC6, 
    0x01, 0x44, 0x00, 0xE3, 0x00, 0xC3, 0x00, 0xE3, 0x01, 0x24, 0x01, 0x45, 0x01, 0xA6, 0x02, 0x28, 
    0x02, 0x89, 0x02, 0xAA, 0x02, 0xAA, 0x02, 0xAA, 0x02, 0xAA, 0x02, 0xAA, 0x02, 0x8A, 0x02, 0x49, 
    0x02, 0x07, 0x01, 0x86, 0x01, 0x04, 0x00, 0xA2, 0x00, 0x82, 0x00, 0x82, 0x00, 0xC3, 0x01, 0x24, 
    0x01, 0x86, 0x02, 0x08, 0x02, 0x69, 0x02, 0xAA, 0x02, 0xCB, 0x02, 0xAA, 0x02, 0x69, 0x02, 0x28, 
    0x01, 0xE7, 0x01, 0xC7, 0x01, 0xC7, 0x01, 0xC7, 0x01, 0xE7, 0x02, 0x08, 0x02, 0x08, 0x01, 0xE7, 
    0x01, 0x86, 0x01, 0x24, 0x00, 0xE3, 0x00, 0xA2, 0x00, 0xA2, 0x01, 0x04, 0x01, 0x45, 0x01, 0xA6, 
    0x02, 0x07, 0x02, 0x28, 0x01, 0xC7, 0x01, 0x45, 0x00, 0xC3, 0x00, 0x41, 0x00, 0x00, 0x00, 0x20, 
    0x00, 0x61, 0x01, 0x04, 0x01, 0xA6, 0x01, 0xE7, 0x02, 0x69, 0x02, 0xAA, 0x02, 0xCA, 0x02, 0xCB, 
    0x02, 0xCA, 0x02, 0xCA, 0x02, 0xCA, 0x02, 0xAA, 0x02, 0x89, 0x02, 0x48, 0x02, 0x08, 0x01, 0xC7, 
    0x01, 0xC7, 0x01, 0xA6, 0x01, 0xC7, 0x01, 0xE7, 0x02, 0x28, 0x02, 0xAA, 0x02, 0xCB, 0x02, 0xEB, 
    0x02, 0xEB, 0x02, 0xEB, 0x02, 0xEB, 0x02, 0xEB, 0x02, 0xEB, 0x02, 0xCB, 0x02, 0xAA, 0x02, 0x89, 
    0x02, 0x89, 0x02, 0x69, 0x02, 0x49, 0x02, 0x28, 0x01, 0xC7, 0x01, 0x45, 0x00, 0xA2, 0x00, 0x20, 
    0x00, 0x00, 0x00, 0x00, 0x00, 0x41, 0x00, 0xE3, 0x01, 0x65, 0x01, 0xA6, 0x01, 0xA6, 0x01, 0x44, 
    0x00, 0x82, 0x00, 0x00, 0x00, 0x00, 0x00, 0x00, 0x00, 0x00, 0x00, 0x00, 0x00, 0x00, 0x00, 0x00, 
    0x00, 0x41, 0x01, 0x04, 0x01, 0xE7, 0x02, 0x69, 0x02, 0x89, 0x02, 0x89, 0x02, 0x69, 0x02, 0x69, 
    0x02, 0x69, 0x02, 0x69, 0x01, 0xC7, 0x01, 0x04, 0x00, 0x61, 0x00, 0x00, 0x00, 0x00, 0x00, 0x00, 
    0x00, 0x00, 0x00, 0x00, 0x00, 0x00, 0x00, 0x00, 0x00, 0x41, 0x01, 0x24, 0x01, 0xC7, 0x02, 0x69, 
    0x02, 0xCB, 0x02, 0xEB, 0x02, 0xEB, 0x02, 0xEB, 0x02, 0xEB, 0x02, 0xEB, 0x02, 0xCA, 0x02, 0x8A, 
    0x02, 0x49, 0x02, 0x28, 0x01, 0xE7, 0x02, 0x07, 0x02, 0x08, 0x02, 0x48, 0x02, 0x69, 0x02, 0x08, 
    0x01, 0x86, 0x00, 0xE3, 0x00, 0x20, 0x00, 0x00, 0x00, 0x00, 0x00, 0x00, 0x00, 0x82, 0x01, 0x65, 
    0x02, 0x28, 0x02, 0x28, 0x01, 0xA6, 0x00, 0xE3, 0x00, 0x00, 0x00, 0x00, 0x00, 0x00, 0x00, 0x00, 
    0x00, 0x00, 0x00, 0x00, 0x00, 0x00, 0x00, 0x00, 0x00, 0x00, 0x00, 0x00, 0x00, 0x00, 0x00, 0x00, 
    0x00, 0x00, 0x00, 0x00, 0x00, 0x00, 0x00, 0x00, 0x00, 0x00, 0x00, 0x00, 0x00, 0x00, 0x00, 0x00, 
    0x00, 0x00, 0x00, 0x00, 0x00, 0x00, 0x00, 0x00, 0x00, 0x00, 0x00, 0x00, 0x00, 0x00, 0x00, 0x00, 
    0x00, 0x00, 0x00, 0x00, 0x00, 0x00, 0x00, 0x00, 0x00, 0x00, 0x00, 0x00, 0x00, 0x00, 0x00, 0x00, 
    0x00, 0x00, 0x00, 0x00, 0x00, 0x00, 0x00, 0x00, 0x00, 0x00, 0x00, 0x00, 0x00, 0x00, 0x00, 0x00, 
    0x00, 0x00, 0x00, 0x00, 0x00, 0x00, 0x00, 0x00, 0x00, 0x00, 0x00, 0x00, 0x00, 0x00, 0x00, 0x00, 
    0x00, 0x00, 0x00, 0x00, 0x00, 0x00, 0x00, 0x00, 0x00, 0x00, 0x00, 0x00, 0x00, 0x00, 0x00, 0x00, 
    0x00, 0x00, 0x00, 0x00, 0x00, 0x00, 0x00, 0x00, 0x00, 0x00, 0x00, 0x00, 0x00, 0x00, 0x00, 0x00, 
    0x00, 0x00, 0x00, 0x00, 0x00, 0x00, 0x00, 0x00, 0x00, 0x00, 0x00, 0x00, 0x00, 0x00, 0x00, 0x00, 
    0x00, 0x00, 0x00, 0x00, 0x00, 0x00, 0x00, 0x00, 0x00, 0x00, 0x00, 0x00, 0x00, 0x00, 0x00, 0x00, 
    0x00, 0x00, 0x00, 0x00, 0x00, 0x00, 0x00, 0x00, 0x00, 0x00, 0x00, 0x00, 0x00, 0x00, 0x00, 0x00, 
    0x00, 0x00, 0x00, 0x00, 0x00, 0x00, 0x00, 0x00, 0x00, 0x00, 0x00, 0x00, 0x00, 0x00, 0x00, 0x00, 
    0x00, 0x00, 0x00, 0x00, 0x00, 0x00, 0x00, 0x00, 0x00, 0x00, 0x00, 0x00, 0x00, 0x00, 0x00, 0x00, 
    0x00, 0x00, 0x00, 0x00, 0x00, 0x00, 0x00, 0x00, 0x00, 0x00, 0x00, 0x00, 0x00, 0x00, 0x00, 0x00, 
    0x00, 0x00, 0x00, 0x00, 0x00, 0x00, 0x00, 0x00, 0x00, 0x00, 0x00, 0x00, 0x00, 0x00, 0x00, 0x00, 
    0x00, 0x00, 0x00, 0x00, 0x00, 0x00, 0x00, 0x00, 0x00, 0x00, 0x00, 0x00, 0x00, 0x00, 0x00, 0x00, 
    0x00, 0x00, 0x00, 0x00, 0x00, 0x00, 0x00, 0x00, 0x00, 0x00, 0x00, 0x00, 0x00, 0x00, 0x00, 0x00, 
    0x00, 0x00, 0x00, 0x00, 0x00, 0x00, 0x00, 0x00, 0x00, 0x00, 0x00, 0x20, 0x00, 0x61, 0x00, 0xA2, 
    0x00, 0xC3, 0x00, 0xA2, 0x00, 0xA2, 0x00, 0x82, 0x00, 0x82, 0x00, 0x82, 0x00, 0x41, 0x00, 0x00, 
    0x00, 0x00, 0x00, 0x00, 0x00, 0x00, 0x00, 0x00, 0x00, 0x00, 0x00, 0x00, 0x00, 0x20, 0x00, 0x41, 
    0x00, 0x82, 0x00, 0xA2, 0x00, 0xC3, 0x00, 0xC3, 0x00, 0xE3, 0x00, 0xC3, 0x00, 0xA2, 0x00, 0x41, 
    0x00, 0x00, 0x00, 0x00, 0x00, 0x00, 0x00, 0x00, 0x00, 0x00, 0x00, 0x00, 0x00, 0x00, 0x00, 0x00, 
    0x00, 0x20, 0x00, 0x61, 0x00, 0xC3, 0x01, 0x04, 0x01, 0x65, 0x01, 0x86, 0x01, 0xA6, 0x01, 0xA6, 
    0x01, 0x86, 0x01, 0x65, 0x01, 0x45, 0x01, 0x24, 0x01, 0x04, 0x00, 0xC3, 0x00, 0x61, 0x00, 0x20, 
    0x00, 0x00, 0x00, 0x00, 0x00, 0x00, 0x00, 0x00, 0x00, 0x00, 0x00, 0x00, 0x00, 0x00, 0x00, 0x00, 
    0x00, 0x20, 0x00, 0x41, 0x00, 0x00, 0x00, 0x00, 0x00, 0x00, 0x00, 0x00, 0x00, 0x00, 0x00, 0x00, 
    0x00, 0x00, 0x00, 0x00, 0x00, 0x00, 0x00, 0x41, 0x00, 0x82, 0x00, 0xA2, 0x00, 0xC3, 0x00, 0xE3, 
    0x00, 0xE3, 0x01, 0x04, 0x00, 0xE3, 0x00, 0xC3, 0x00, 0xA2, 0x00, 0x61, 0x00, 0x41, 0x00, 0x20, 
    0x00, 0x00, 0x00, 0x20, 0x00, 0x20, 0x00, 0x41, 0x00, 0x61, 0x00, 0xC3, 0x00, 0xE3, 0x01, 0x04, 
    0x01, 0x24, 0x01, 0x24, 0x01, 0x24, 0x01, 0x24, 0x01, 0x04, 0x00, 0xC3, 0x00, 0xC3, 0x00, 0x82, 
    0x00, 0xA2, 0x00, 0xA2, 0x00, 0x82, 0x00, 0x61, 0x00, 0x00, 0x00, 0x00, 0x00, 0x00, 0x00, 0x00, 
    0x00, 0x00, 0x00, 0x00, 0x00, 0x00, 0x00, 0x00, 0x00, 0x00, 0x00, 0x00, 0x00, 0x00, 0x00, 0x00, 
    0x00, 0x00, 0x00, 0x00, 0x00, 0x00, 0x00, 0x00, 0x00, 0x00, 0x00, 0x00, 0x00, 0x00, 0x00, 0x00, 
    0x00, 0x00, 0x00, 0x00, 0x00, 0x00, 0x00, 0x61, 0x00, 0x82, 0x00, 0xC3, 0x00, 0xC3, 0x00, 0xA2, 
    0x00, 0x82, 0x00, 0x41, 0x00, 0x00, 0x00, 0x00, 0x00, 0x00, 0x00, 0x00, 0x00, 0x00, 0x00, 0x00, 
    0x00, 0x00, 0x00, 0x00, 0x00, 0x00, 0x00, 0x00, 0x00, 0x00, 0x00, 0x00, 0x00, 0x00, 0x00, 0x41, 
    0x00, 0xA2, 0x00, 0xE3, 0x01, 0x04, 0x01, 0x04, 0x01, 0x03, 0x00, 0xE3, 0x00, 0xC3, 0x00, 0x82, 
    0x00, 0x41, 0x00, 0x20, 0x00, 0x00, 0x00, 0x00, 0x00, 0x00, 0x00, 0x00, 0x00, 0x20, 0x00, 0x00, 
    0x00, 0x00, 0x00, 0x00, 0x00, 0x00, 0x00, 0x00, 0x00, 0x00, 0x00, 0x00, 0x00, 0x00, 0x00, 0x00, 
    0x00, 0x00, 0x00, 0x00, 0x00, 0x00, 0x00, 0x00, 0x00, 0x00, 0x00, 0x00, 0x00, 0x00, 0x00, 0x00, 
    0x00, 0x00, 0x00, 0x00, 0x00, 0x00, 0x00, 0x00, 0x00, 0x00, 0x00, 0x00, 0x00, 0x00, 0x00, 0x00, 
    0x00, 0x00, 0x00, 0x00, 0x00, 0x00, 0x00, 0x00, 0x00, 0x00, 0x00, 0x00, 0x00, 0x00, 0x00, 0x00, 
    0x00, 0x00, 0x00, 0x00, 0x00, 0x00, 0x00, 0x00, 0x00, 0x00, 0x00, 0x00, 0x00, 0x00, 0x00, 0x00, 
    0x00, 0x00, 0x00, 0x00, 0x00, 0x00, 0x00, 0x00, 0x00, 0x00, 0x00, 0x00, 0x00, 0x00, 0x00, 0x00, 
    0x00, 0x00, 0x00, 0x00, 0x00, 0x00, 0x00, 0x00, 0x00, 0x00, 0x00, 0x00, 0x00, 0x00, 0x00, 0x00, 
    0x00, 0x00, 0x00, 0x00, 0x00, 0x00, 0x00, 0x00, 0x00, 0x00, 0x00, 0x00, 0x00, 0x00, 0x00, 0x00, 
    0x00, 0x00, 0x00, 0x00, 0x00, 0x00, 0x00, 0x00, 0x00, 0x00, 0x00, 0x00, 0x00, 0x00, 0x00, 0x00, 
    0x00, 0x00, 0x00, 0x00, 0x00, 0x00, 0x00, 0x00, 0x00, 0x00, 0x00, 0x00, 0x00, 0x00, 0x00, 0x00, 
    0x00, 0x00, 0x00, 0x00, 0x00, 0x00, 0x00, 0x00, 0x00, 0x00, 0x00, 0x00, 0x00, 0x00, 0x00, 0x00, 
    0x00, 0x00, 0x00, 0x00, 0x00, 0x00, 0x00, 0x00, 0x00, 0x00, 0x00, 0x00, 0x00, 0x00, 0x00, 0x00, 
    0x00, 0x00, 0x00, 0x00, 0x00, 0x00, 0x00, 0x00, 0x00, 0x00, 0x00, 0x00, 0x00, 0x00, 0x00, 0x00, 
    0x00, 0x00, 0x00, 0x00, 0x00, 0x00, 0x00, 0x00, 0x00, 0x00, 0x00, 0x00, 0x00, 0x00, 0x00, 0x00, 
    0x00, 0x00, 0x00, 0x00, 0x00, 0x00, 0x00, 0x00, 0x00, 0x00, 0x00, 0x00, 0x00, 0x00, 0x00, 0x00, 
    0x00, 0x00, 0x00, 0x00, 0x00, 0x00, 0x00, 0x00, 0x00, 0x00, 0x00, 0x00, 0x00, 0x00, 0x00, 0x00, 
    0x00, 0x00, 0x00, 0x00, 0x00, 0x00, 0x00, 0x00, 0x00, 0x00, 0x00, 0x00, 0x00, 0x00, 0x00, 0x00, 
    0x00, 0x00, 0x00, 0x00, 0x00, 0x00, 0x00, 0x00, 0x00, 0x00, 0x00, 0x00, 0x00, 0x00, 0x00, 0x00, 
    0x00, 0x00, 0x00, 0x00, 0x00, 0x00, 0x00, 0x00, 0x00, 0x00, 0x00, 0x00, 0x00, 0x00, 0x00, 0x00, 
    0x00, 0x00, 0x00, 0x00, 0x00, 0x00, 0x00, 0x00, 0x00, 0x00, 0x00, 0x00, 0x00, 0x00, 0x00, 0x00, 
    0x00, 0x00, 0x00, 0x00, 0x00, 0x00, 0x00, 0x00, 0x00, 0x00, 0x00, 0x00, 0x00, 0x00, 0x00, 0x00, 
    0x00, 0x00, 0x00, 0x00, 0x00, 0x00, 0x00, 0x00, 0x00, 0x00, 0x00, 0x00, 0x00, 0x00, 0x00, 0x00, 
    0x00, 0x00, 0x00, 0x00, 0x00, 0x00, 0x00, 0x00, 0x00, 0x00, 0x00, 0x00, 0x00, 0x00, 0x00, 0x00, 
    0x00, 0x00, 0x00, 0x00, 0x00, 0x00, 0x00, 0x00, 0x00, 0x00, 0x00, 0x00, 0x00, 0x00, 0x00, 0x00, 
    0x00, 0x00, 0x00, 0x00, 0x00, 0x00, 0x00, 0x20, 0x00, 0xA2, 0x01, 0x24, 0x01, 0x86, 0x01, 0xE7, 
    0x02, 0x08, 0x01, 0xC7, 0x01, 0x65, 0x00, 0xE3, 0x00, 0x82, 0x00, 0x00, 0x00, 0x00, 0x00, 0x00, 
    0x00, 0x00, 0x00, 0x00, 0x00, 0x00, 0x00, 0x00, 0x00, 0x00, 0x00, 0x00, 0x00, 0x00, 0x00, 0x00, 
    0x00, 0x00, 0x00, 0x00, 0x00, 0x00, 0x00, 0x00, 0x00, 0x00, 0x00, 0x00, 0x00, 0x00, 0x00, 0x00, 
    0x00, 0x00, 0x00, 0x00, 0x00, 0x00, 0x00, 0x00, 0x00, 0x00, 0x00, 0x00, 0x00, 0x00, 0x00, 0x00, 
    0x00, 0x00, 0x00, 0x00, 0x00, 0x00, 0x00, 0x00, 0x00, 0x00, 0x00, 0x00, 0x00, 0x00, 0x00, 0x00, 
    0x00, 0x00, 0x00, 0x00, 0x00, 0x00, 0x00, 0x00, 0x00, 0x00, 0x00, 0x00, 0x00, 0x00, 0x00, 0x00, 
    0x00, 0x00, 0x00, 0x00, 0x00, 0x00, 0x00, 0x00, 0x00, 0x00, 0x00, 0x00, 0x00, 0x00, 0x00, 0x00, 
    0x00, 0x00, 0x00, 0x00, 0x00, 0x00, 0x00, 0x00, 0x00, 0x00, 0x00, 0x00, 0x00, 0x00, 0x00, 0x00, 
    0x00, 0x00, 0x00, 0x00, 0x00, 0x00, 0x00, 0x00, 0x00, 0x00, 0x00, 0x00, 0x00, 0x00, 0x00, 0x00, 
    0x00, 0x00, 0x00, 0x00, 0x00, 0x00, 0x00, 0x00, 0x00, 0x00, 0x00, 0x00, 0x00, 0x00, 0x00, 0x00, 
    0x00, 0x00, 0x00, 0x00, 0x00, 0x00, 0x00, 0x00, 0x00, 0x00, 0x00, 0x00, 0x00, 0x00, 0x00, 0x00, 
    0x00, 0x00, 0x00, 0x00, 0x00, 0x00, 0x00, 0x00, 0x00, 0x00, 0x00, 0x00, 0x00, 0x00, 0x00, 0x00, 
    0x00, 0x00, 0x00, 0x00, 0x00, 0x00, 0x00, 0x00, 0x00, 0x00, 0x00, 0x00, 0x00, 0x00, 0x00, 0x00, 
    0x00, 0x00, 0x00, 0x00, 0x00, 0x00, 0x00, 0x00, 0x00, 0x00, 0x00, 0x00, 0x00, 0x00, 0x00, 0x00, 
    0x00, 0x00, 0x00, 0x00, 0x00, 0x00, 0x00, 0x00, 0x00, 0x00, 0x00, 0x00, 0x00, 0x00, 0x00, 0x00, 
    0x00, 0x00, 0x00, 0x00, 0x00, 0x00, 0x00, 0x00, 0x00, 0x00, 0x00, 0x00, 0x00, 0x00, 0x00, 0x00, 
    0x00, 0x00, 0x00, 0x00, 0x00, 0x00, 0x00, 0x00, 0x00, 0x00, 0x00, 0x00, 0x00, 0x00, 0x00, 0x00, 
    0x00, 0x00, 0x00, 0x00, 0x00, 0x00, 0x00, 0x00, 0x00, 0x00, 0x00, 0x00, 0x00, 0x00, 0x00, 0x00, 
    0x00, 0x00, 0x00, 0x00, 0x00, 0x00, 0x00, 0x00, 0x00, 0x00, 0x00, 0x00, 0x00, 0x00, 0x00, 0x00, 
    0x00, 0x00, 0x00, 0x00, 0x00, 0x00, 0x00, 0x00, 0x00, 0x00, 0x00, 0x00, 0x00, 0x00, 0x00, 0x00, 
    0x00, 0x00, 0x00, 0x00, 0x00, 0x00, 0x00, 0x00, 0x00, 0x00, 0x00, 0x00, 0x00, 0x00, 0x00, 0x00, 
    0x00, 0x00, 0x00, 0x00, 0x00, 0x00, 0x00, 0x00, 0x00, 0x00, 0x00, 0x00, 0x00, 0x00, 0x00, 0x00, 
    0x00, 0x00, 0x00, 0x00, 0x00, 0x00, 0x00, 0x00, 0x00, 0x00, 0x00, 0x00, 0x00, 0x00, 0x00, 0x00, 
    0x00, 0x00, 0x00, 0x00, 0x00, 0x00, 0x00, 0x00, 0x00, 0x00, 0x00, 0x00, 0x00, 0x00, 0x00, 0x00, 
    0x00, 0x00, 0x00, 0x00, 0x00, 0x00, 0x00, 0x00, 0x00, 0x00, 0x00, 0x00, 0x00, 0x00, 0x00, 0x00, 
    0x00, 0x00, 0x00, 0x00, 0x00, 0x00, 0x00, 0x00, 0x00, 0x00, 0x00, 0x00, 0x00, 0x00, 0x00, 0x00, 
    0x00, 0x00, 0x00, 0x00, 0x00, 0x00, 0x00, 0x00, 0x00, 0x00, 0x00, 0x00, 0x00, 0x00, 0x00, 0x00, 
    0x00, 0x00, 0x00, 0x00, 0x00, 0x00, 0x00, 0x00, 0x00, 0x00, 0x00, 0x00, 0x00, 0x00, 0x00, 0x00, 
    0x00, 0x00, 0x00, 0x00, 0x00, 0x00, 0x00, 0x00, 0x00, 0x00, 0x00, 0x00, 0x00, 0x00, 0x00, 0x00, 
    0x00, 0x00, 0x00, 0x00, 0x00, 0x00, 0x00, 0x00, 0x00, 0x00, 0x00, 0x00, 0x00, 0x00, 0x00, 0x00, 
    0x00, 0x00, 0x00, 0x00, 0x00, 0x00, 0x00, 0x00, 0x00, 0x00, 0x00, 0x00, 0x00, 0x00, 0x00, 0x00, 
    0x00, 0x00, 0x00, 0x00, 0x00, 0x00, 0x00, 0x00, 0x00, 0x00, 0x00, 0x00, 0x00, 0x00, 0x00, 0x00, 
    0x00, 0x00, 0x00, 0x00, 0x00, 0x00, 0x00, 0x00, 0x00, 0x00, 0x00, 0x00, 0x00, 0x00, 0x00, 0x00, 
    0x00, 0x00, 0x00, 0x00, 0x00, 0x00, 0x00, 0x00, 0x00, 0x00, 0x00, 0x00, 0x00, 0x00, 0x00, 0x00, 
    0x00, 0x00, 0x00, 0x00, 0x00, 0x00, 0x00, 0x00, 0x00, 0x00, 0x00, 0x00, 0x00, 0x00, 0x00, 0x00, 
    0x00, 0x00, 0x00, 0x00, 0x00, 0x00, 0x00, 0x00, 0x00, 0x00, 0x00, 0x00, 0x00, 0x00, 0x00, 0x00, 
    0x00, 0x00, 0x00, 0x00, 0x00, 0x00, 0x00, 0x00, 0x00, 0x00, 0x00, 0x00, 0x00, 0x00, 0x00, 0x00, 
    0x00, 0x00, 0x00, 0x00, 0x00, 0x00, 0x00, 0x00, 0x00, 0x00, 0x00, 0x00, 0x00, 0x00, 0x00, 0x00, 
    0x00, 0x00, 0x00, 0x00, 0x00, 0x00, 0x00, 0x00, 0x00, 0x00, 0x00, 0x00, 0x00, 0x00, 0x00, 0x00, 
    0x00, 0x00, 0x00, 0x00, 0x00, 0x00, 0x00, 0x00, 0x00, 0x41, 0x01, 0x24, 0x02, 0x49, 0x02, 0xCB, 
    0x02, 0xCB, 0x02, 0xEB, 0x02, 0xAA, 0x01, 0x65, 0x00, 0x41, 0x00, 0x00, 0x00, 0x00, 0x00, 0x00, 
    0x00, 0x00, 0x00, 0x00, 0x00, 0x00, 0x00, 0x00, 0x00, 0x00, 0x00, 0x00, 0x00, 0x00, 0x00, 0x00, 
    0x00, 0x00, 0x00, 0x00, 0x00, 0x00, 0x00, 0x00, 0x00, 0x00, 0x00, 0x00, 0x00, 0x00, 0x00, 0x00, 
    0x00, 0x00, 0x00, 0x00, 0x00, 0x00, 0x00, 0x00, 0x00, 0x00, 0x00, 0x00, 0x00, 0x00, 0x00, 0x00, 
    0x00, 0x00, 0x00, 0x00, 0x00, 0x00, 0x00, 0x00, 0x00, 0x00, 0x00, 0x00, 0x00, 0x00, 0x00, 0x00, 
    0x00, 0x00, 0x00, 0x00, 0x00, 0x00, 0x00, 0x00, 0x00, 0x00, 0x00, 0x00, 0x00, 0x00, 0x00, 0x00, 
    0x00, 0x00, 0x00, 0x00, 0x00, 0x00, 0x00, 0x00, 0x00, 0x00, 0x00, 0x00, 0x00, 0x00, 0x00, 0x00, 
    0x00, 0x00, 0x00, 0x00, 0x00, 0x00, 0x00, 0x00, 0x00, 0x00, 0x00, 0x00, 0x00, 0x00, 0x00, 0x00, 
    0x00, 0x00, 0x00, 0x00, 0x00, 0x00, 0x00, 0x00, 0x00, 0x00, 0x00, 0x00, 0x00, 0x00, 0x00, 0x00, 
    0x00, 0x00, 0x00, 0x00, 0x00, 0x00, 0x00, 0x00, 0x00, 0x00, 0x00, 0x00, 0x00, 0x00, 0x00, 0x00, 
    0x00, 0x00, 0x00, 0x00, 0x00, 0x00, 0x00, 0x00, 0x00, 0x00, 0x00, 0x00, 0x00, 0x00, 0x00, 0x00, 
    0x00, 0x00, 0x00, 0x00, 0x00, 0x00, 0x00, 0x00, 0x00, 0x00, 0x00, 0x00, 0x00, 0x00, 0x00, 0x00, 
    0x00, 0x00, 0x00, 0x00, 0x00, 0x00, 0x00, 0x00, 0x00, 0x00, 0x00, 0x00, 0x00, 0x00, 0x00, 0x00, 
    0x00, 0x00, 0x00, 0x00, 0x00, 0x00, 0x00, 0x00, 0x00, 0x00, 0x00, 0x00, 0x00, 0x00, 0x00, 0x00, 
    0x00, 0x00, 0x00, 0x00, 0x00, 0x00, 0x00, 0x00, 0x00, 0x00, 0x00, 0x00, 0x00, 0x00, 0x00, 0x00, 
    0x00, 0x00, 0x00, 0x00, 0x00, 0x00, 0x00, 0x00, 0x00, 0x00, 0x00, 0x00, 0x00, 0x00, 0x00, 0x00, 
    0x00, 0x00, 0x00, 0x00, 0x00, 0x00, 0x00, 0x00, 0x00, 0x00, 0x00, 0x00, 0x00, 0x00, 0x00, 0x00, 
    0x00, 0x00, 0x00, 0x00, 0x00, 0x00, 0x00, 0x00, 0x00, 0x00, 0x00, 0x00, 0x00, 0x00, 0x00, 0x00, 
    0x00, 0x00, 0x00, 0x00, 0x00, 0x00, 0x00, 0x00, 0x00, 0x00, 0x00, 0x00, 0x00, 0x00, 0x00, 0x00, 
    0x00, 0x00, 0x00, 0x00, 0x00, 0x00, 0x00, 0x00, 0x00, 0x00, 0x00, 0x00, 0x00, 0x00, 0x00, 0x00, 
    0x00, 0x00, 0x00, 0x00, 0x00, 0x00, 0x00, 0x00, 0x00, 0x00, 0x00, 0x00, 0x00, 0x00, 0x00, 0x00, 
    0x00, 0x00, 0x00, 0x00, 0x00, 0x00, 0x00, 0x00, 0x00, 0x00, 0x00, 0x00, 0x00, 0x00, 0x00, 0x00, 
    0x00, 0x00, 0x00, 0x00, 0x00, 0x00, 0x00, 0x00, 0x00, 0x00, 0x00, 0x00, 0x00, 0x00, 0x00, 0x00, 
    0x00, 0x00, 0x00, 0x00, 0x00, 0x00, 0x00, 0x00, 0x00, 0x00, 0x00, 0x00, 0x00, 0x00, 0x00, 0x00, 
    0x00, 0x00, 0x00, 0x00, 0x00, 0x00, 0x00, 0x00, 0x00, 0x00, 0x00, 0x00, 0x00, 0x00, 0x00, 0x00, 
    0x00, 0x00, 0x00, 0x00, 0x00, 0x00, 0x00, 0x00, 0x00, 0x00, 0x00, 0x00, 0x00, 0x00, 0x00, 0x00, 
    0x00, 0x00, 0x00, 0x00, 0x00, 0x00, 0x00, 0x00, 0x00, 0x00, 0x00, 0x00, 0x00, 0x00, 0x00, 0x00, 
    0x00, 0x00, 0x00, 0x00, 0x00, 0x00, 0x00, 0x00, 0x00, 0x00, 0x00, 0x00, 0x00, 0x00, 0x00, 0x00, 
    0x00, 0x00, 0x00, 0x00, 0x00, 0x00, 0x00, 0x00, 0x00, 0x00, 0x00, 0x00, 0x00, 0x00, 0x00, 0x00, 
    0x00, 0x00, 0x00, 0x00, 0x00, 0x00, 0x00, 0x00, 0x00, 0x00, 0x00, 0x00, 0x00, 0x00, 0x00, 0x00, 
    0x00, 0x00, 0x00, 0x00, 0x00, 0x00, 0x00, 0x00, 0x00, 0x00, 0x00, 0x00, 0x00, 0x00, 0x00, 0x00, 
    0x00, 0x00, 0x00, 0x00, 0x00, 0x00, 0x00, 0x00, 0x00, 0x00, 0x00, 0x00, 0x00, 0x00, 0x00, 0x00, 
    0x00, 0x00, 0x00, 0x00, 0x00, 0x00, 0x00, 0x00, 0x00, 0x00, 0x00, 0x00, 0x00, 0x00, 0x00, 0x00, 
    0x00, 0x00, 0x00, 0x00, 0x00, 0x00, 0x00, 0x00, 0x00, 0x00, 0x00, 0x00, 0x00, 0x00, 0x00, 0x00, 
    0x00, 0x00, 0x00, 0x00, 0x00, 0x00, 0x00, 0x00, 0x00, 0x00, 0x00, 0x00, 0x00, 0x00, 0x00, 0x00, 
    0x00, 0x00, 0x00, 0x00, 0x00, 0x00, 0x00, 0x00, 0x00, 0x00, 0x00, 0x00, 0x00, 0x00, 0x00, 0x00, 
    0x00, 0x00, 0x00, 0x00, 0x00, 0x00, 0x00, 0x00, 0x00, 0x00, 0x00, 0x00, 0x00, 0x00, 0x00, 0x00, 
    0x00, 0x00, 0x00, 0x00, 0x00, 0x00, 0x00, 0x00, 0x00, 0x00, 0x00, 0x00, 0x00, 0x00, 0x00, 0x00, 
    0x00, 0x00, 0x00, 0x00, 0x00, 0x00, 0x00, 0x00, 0x00, 0x00, 0x00, 0x00, 0x00, 0x00, 0x00, 0x00, 
    0x00, 0x00, 0x00, 0x00, 0x00, 0x00, 0x00, 0x00, 0x01, 0x04, 0x02, 0x28, 0x09, 0xA7, 0x19, 0x86, 
    0x19, 0x86, 0x19, 0xA7, 0x11, 0xC7, 0x02, 0x49, 0x01, 0x24, 0x00, 0x00, 0x00, 0x00, 0x00, 0x00, 
    0x00, 0x00, 0x00, 0x00, 0x00, 0x00, 0x00, 0x00, 0x00, 0x00, 0x00, 0x00, 0x00, 0x00, 0x00, 0x00, 
    0x00, 0x00, 0x00, 0x00, 0x00, 0x00, 0x00, 0x00, 0x00, 0x00, 0x00, 0x00, 0x00, 0x00, 0x00, 0x00, 
    0x00, 0x00, 0x00, 0x00, 0x00, 0x00, 0x00, 0x00, 0x00, 0x00, 0x00, 0x00, 0x00, 0x00, 0x00, 0x00, 
    0x00, 0x00, 0x00, 0x00, 0x00, 0x00, 0x00, 0x00, 0x00, 0x00, 0x00, 0x00, 0x00, 0x00, 0x00, 0x00, 
    0x00, 0x00, 0x00, 0x00, 0x00, 0x00, 0x00, 0x00, 0x00, 0x00, 0x00, 0x00, 0x00, 0x00, 0x00, 0x00, 
    0x00, 0x00, 0x00, 0x00, 0x00, 0x00, 0x00, 0x00, 0x00, 0x00, 0x00, 0x00, 0x00, 0x00, 0x00, 0x00, 
    0x00, 0x00, 0x00, 0x00, 0x00, 0x00, 0x00, 0x00, 0x00, 0x00, 0x00, 0x00, 0x00, 0x00, 0x00, 0x00, 
    0x00, 0x00, 0x00, 0x00, 0x00, 0x00, 0x00, 0x00, 0x00, 0x00, 0x00, 0x00, 0x00, 0x00, 0x00, 0x00, 
    0x00, 0x00, 0x00, 0x00, 0x00, 0x00, 0x00, 0x00, 0x00, 0x00, 0x00, 0x00, 0x00, 0x00, 0x00, 0x00, 
    0x00, 0x00, 0x00, 0x00, 0x00, 0x00, 0x00, 0x00, 0x00, 0x00, 0x00, 0x00, 0x00, 0x00, 0x00, 0x00, 
    0x00, 0x00, 0x00, 0x00, 0x00, 0x00, 0x00, 0x00, 0x00, 0x00, 0x00, 0x00, 0x00, 0x00, 0x00, 0x00, 
    0x00, 0x00, 0x00, 0x00, 0x00, 0x00, 0x00, 0x00, 0x00, 0x00, 0x00, 0x00, 0x00, 0x00, 0x00, 0x00, 
    0x00, 0x00, 0x00, 0x00, 0x00, 0x00, 0x00, 0x00, 0x00, 0x00, 0x00, 0x00, 0x00, 0x00, 0x00, 0x00, 
    0x00, 0x00, 0x00, 0x00, 0x00, 0x00, 0x00, 0x00, 0x00, 0x00, 0x00, 0x00, 0x00, 0x00, 0x00, 0x00, 
    0x00, 0x00, 0x00, 0x00, 0x00, 0x00, 0x00, 0x00, 0x00, 0x00, 0x00, 0x00, 0x00, 0x00, 0x00, 0x00, 
    0x00, 0x00, 0x00, 0x00, 0x00, 0x00, 0x00, 0x00, 0x00, 0x00, 0x00, 0x00, 0x00, 0x00, 0x00, 0x00, 
    0x00, 0x00, 0x00, 0x00, 0x00, 0x00, 0x00, 0x00, 0x00, 0x00, 0x00, 0x00, 0x00, 0x00, 0x00, 0x00, 
    0x00, 0x00, 0x00, 0x00, 0x00, 0x00, 0x00, 0x00, 0x00, 0x00, 0x00, 0x00, 0x00, 0x00, 0x00, 0x00, 
    0x00, 0x00, 0x00, 0x00, 0x00, 0x00, 0x00, 0x00, 0x00, 0x00, 0x00, 0x00, 0x00, 0x00, 0x00, 0x00, 
    0x00, 0x00, 0x00, 0x00, 0x00, 0x00, 0x00, 0x00, 0x00, 0x00, 0x00, 0x00, 0x00, 0x00, 0x00, 0x00, 
    0x00, 0x00, 0x00, 0x00, 0x00, 0x00, 0x00, 0x00, 0x00, 0x00, 0x00, 0x00, 0x00, 0x00, 0x00, 0x00, 
    0x00, 0x00, 0x00, 0x00, 0x00, 0x00, 0x00, 0x00, 0x00, 0x00, 0x00, 0x00, 0x00, 0x00, 0x00, 0x00, 
    0x00, 0x00, 0x00, 0x00, 0x00, 0x00, 0x00, 0x00, 0x00, 0x00, 0x00, 0x00, 0x00, 0x00, 0x00, 0x00, 
    0x00, 0x00, 0x00, 0x00, 0x00, 0x00, 0x00, 0x00, 0x00, 0x00, 0x00, 0x00, 0x00, 0x00, 0x00, 0x00, 
    0x00, 0x00, 0x00, 0x00, 0x00, 0x00, 0x00, 0x00, 0x00, 0x00, 0x00, 0x00, 0x00, 0x00, 0x00, 0x00, 
    0x00, 0x00, 0x00, 0x00, 0x00, 0x00, 0x00, 0x00, 0x00, 0x00, 0x00, 0x00, 0x00, 0x00, 0x00, 0x00, 
    0x00, 0x00, 0x00, 0x00, 0x00, 0x00, 0x00, 0x00, 0x00, 0x00, 0x00, 0x00, 0x00, 0x00, 0x00, 0x00, 
    0x00, 0x00, 0x00, 0x00, 0x00, 0x00, 0x00, 0x00, 0x00, 0x00, 0x00, 0x00, 0x00, 0x00, 0x00, 0x00, 
    0x00, 0x00, 0x00, 0x00, 0x00, 0x00, 0x00, 0x00, 0x00, 0x00, 0x00, 0x00, 0x00, 0x00, 0x00, 0x00, 
    0x00, 0x00, 0x00, 0x00, 0x00, 0x00, 0x00, 0x00, 0x00, 0x00, 0x00, 0x00, 0x00, 0x00, 0x00, 0x00, 
    0x00, 0x00, 0x00, 0x00, 0x00, 0x00, 0x00, 0x00, 0x00, 0x00, 0x00, 0x00, 0x00, 0x00, 0x00, 0x00, 
    0x00, 0x00, 0x00, 0x00, 0x00, 0x00, 0x00, 0x00, 0x00, 0x00, 0x00, 0x00, 0x00, 0x00, 0x00, 0x00, 
    0x00, 0x00, 0x00, 0x00, 0x00, 0x00, 0x00, 0x00, 0x00, 0x00, 0x00, 0x00, 0x00, 0x00, 0x00, 0x00, 
    0x00, 0x00, 0x00, 0x00, 0x00, 0x00, 0x00, 0x00, 0x00, 0x00, 0x00, 0x00, 0x00, 0x00, 0x00, 0x00, 
    0x00, 0x00, 0x00, 0x00, 0x00, 0x00, 0x00, 0x00, 0x00, 0x00, 0x00, 0x00, 0x00, 0x00, 0x00, 0x00, 
    0x00, 0x00, 0x00, 0x00, 0x00, 0x00, 0x00, 0x00, 0x00, 0x00, 0x00, 0x00, 0x00, 0x00, 0x00, 0x00, 
    0x00, 0x00, 0x00, 0x00, 0x00, 0x00, 0x00, 0x00, 0x00, 0x00, 0x00, 0x00, 0x00, 0x00, 0x00, 0x00, 
    0x00, 0x00, 0x00, 0x00, 0x00, 0x00, 0x00, 0x00, 0x00, 0x00, 0x00, 0x00, 0x00, 0x00, 0x00, 0x00, 
    0x00, 0x00, 0x00, 0x00, 0x00, 0x41, 0x01, 0x04, 0x02, 0x89, 0x02, 0xAA, 0x42, 0x8B, 0x66, 0xDB, 
    0x4E, 0xBB, 0x5E, 0xDB, 0x64, 0x11, 0x02, 0x08, 0x02, 0x8A, 0x00, 0x41, 0x00, 0x00, 0x00, 0x00, 
    0x00, 0x00, 0x00, 0x00, 0x00, 0x00, 0x00, 0x00, 0x00, 0x00, 0x00, 0x00, 0x00, 0x00, 0x00, 0x00, 
    0x00, 0x00, 0x00, 0x00, 0x00, 0x00, 0x00, 0x00, 0x00, 0x00, 0x00, 0x00, 0x00, 0x00, 0x00, 0x00, 
    0x00, 0x00, 0x00, 0x00, 0x00, 0x00, 0x00, 0x00, 0x00, 0x00, 0x00, 0x00, 0x00, 0x00, 0x00, 0x00, 
    0x00, 0x00, 0x00, 0x00, 0x00, 0x00, 0x00, 0x00, 0x00, 0x00, 0x00, 0x00, 0x00, 0x00, 0x00, 0x00, 
    0x00, 0x00, 0x00, 0x00, 0x00, 0x00, 0x00, 0x00, 0x00, 0x00, 0x00, 0x00, 0x00, 0x00, 0x00, 0x00, 
    0x00, 0x00, 0x00, 0x00, 0x00, 0x00, 0x00, 0x00, 0x00, 0x00, 0x00, 0x00, 0x00, 0x00, 0x00, 0x00, 
    0x00, 0x00, 0x00, 0x00, 0x00, 0x00, 0x00, 0x00, 0x00, 0x00, 0x00, 0x00, 0x00, 0x00, 0x00, 0x00, 
    0x00, 0x00, 0x00, 0x00, 0x00, 0x00, 0x00, 0x00, 0x00, 0x00, 0x00, 0x00, 0x00, 0x00, 0x00, 0x00, 
    0x00, 0x00, 0x00, 0x00, 0x00, 0x00, 0x00, 0x00, 0x00, 0x00, 0x00, 0x00, 0x00, 0x00, 0x00, 0x00, 
    0x00, 0x00, 0x00, 0x00, 0x00, 0x00, 0x00, 0x00, 0x00, 0x00, 0x00, 0x00, 0x00, 0x00, 0x00, 0x00, 
    0x00, 0x00, 0x00, 0x00, 0x00, 0x00, 0x00, 0x00, 0x00, 0x00, 0x00, 0x00, 0x00, 0x00, 0x00, 0x00, 
    0x00, 0x00, 0x00, 0x00, 0x00, 0x00, 0x00, 0x00, 0x00, 0x00, 0x00, 0x00, 0x00, 0x00, 0x00, 0x00, 
    0x00, 0x00, 0x00, 0x00, 0x00, 0x00, 0x00, 0x00, 0x00, 0x00, 0x00, 0x00, 0x00, 0x00, 0x00, 0x00, 
    0x00, 0x00, 0x00, 0x00, 0x00, 0x00, 0x00, 0x00, 0x00, 0x00, 0x00, 0x00, 0x00, 0x00, 0x00, 0x00, 
    0x00, 0x00, 0x00, 0x00, 0x00, 0x00, 0x00, 0x00, 0x00, 0x00, 0x00, 0x00, 0x00, 0x00, 0x00, 0x00, 
    0x00, 0x00, 0x00, 0x00, 0x00, 0x00, 0x00, 0x00, 0x00, 0x00, 0x00, 0x00, 0x00, 0x00, 0x00, 0x00, 
    0x00, 0x00, 0x00, 0x00, 0x00, 0x00, 0x00, 0x00, 0x00, 0x00, 0x00, 0x00, 0x00, 0x00, 0x00, 0x00, 
    0x00, 0x00, 0x00, 0x00, 0x00, 0x00, 0x00, 0x00, 0x00, 0x00, 0x00, 0x00, 0x00, 0x00, 0x00, 0x00, 
    0x00, 0x00, 0x00, 0x00, 0x00, 0x00, 0x00, 0x00, 0x00, 0x00, 0x00, 0x00, 0x00, 0x00, 0x00, 0x00, 
    0x00, 0x00, 0x00, 0x00, 0x00, 0x00, 0x00, 0x00, 0x00, 0x00, 0x00, 0x00, 0x00, 0x00, 0x00, 0x00, 
    0x00, 0x00, 0x00, 0x00, 0x00, 0x00, 0x00, 0x00, 0x00, 0x00, 0x00, 0x00, 0x00, 0x00, 0x00, 0x00, 
    0x00, 0x00, 0x00, 0x00, 0x00, 0x00, 0x00, 0x00, 0x00, 0x00, 0x00, 0x00, 0x00, 0x00, 0x00, 0x00, 
    0x00, 0x00, 0x00, 0x00, 0x00, 0x00, 0x00, 0x00, 0x00, 0x00, 0x00, 0x00, 0x00, 0x00, 0x00, 0x00, 
    0x00, 0x00, 0x00, 0x00, 0x00, 0x00, 0x00, 0x00, 0x00, 0x00, 0x00, 0x00, 0x00, 0x00, 0x00, 0x00, 
    0x00, 0x00, 0x00, 0x00, 0x00, 0x00, 0x00, 0x00, 0x00, 0x00, 0x00, 0x00, 0x00, 0x00, 0x00, 0x00, 
    0x00, 0x00, 0x00, 0x00, 0x00, 0x00, 0x00, 0x00, 0x00, 0x00, 0x00, 0x00, 0x00, 0x00, 0x00, 0x00, 
    0x00, 0x00, 0x00, 0x00, 0x00, 0x00, 0x00, 0x00, 0x00, 0x00, 0x00, 0x00, 0x00, 0x00, 0x00, 0x00, 
    0x00, 0x00, 0x00, 0x00, 0x00, 0x00, 0x00, 0x00, 0x00, 0x00, 0x00, 0x00, 0x00, 0x00, 0x00, 0x00, 
    0x00, 0x00, 0x00, 0x00, 0x00, 0x00, 0x00, 0x00, 0x00, 0x00, 0x00, 0x00, 0x00, 0x00, 0x00, 0x00, 
    0x00, 0x00, 0x00, 0x00, 0x00, 0x00, 0x00, 0x00, 0x00, 0x00, 0x00, 0x00, 0x00, 0x00, 0x00, 0x00, 
    0x00, 0x00, 0x00, 0x00, 0x00, 0x00, 0x00, 0x00, 0x00, 0x00, 0x00, 0x00, 0x00, 0x00, 0x00, 0x00, 
    0x00, 0x00, 0x00, 0x00, 0x00, 0x00, 0x00, 0x00, 0x00, 0x00, 0x00, 0x00, 0x00, 0x00, 0x00, 0x00, 
    0x00, 0x00, 0x00, 0x00, 0x00, 0x00, 0x00, 0x00, 0x00, 0x00, 0x00, 0x00, 0x00, 0x00, 0x00, 0x00, 
    0x00, 0x00, 0x00, 0x00, 0x00, 0x00, 0x00, 0x00, 0x00, 0x00, 0x00, 0x20, 0x00, 0x82, 0x00, 0xC3, 
    0x00, 0xE3, 0x00, 0xE3, 0x00, 0xE3, 0x00, 0xE3, 0x00, 0xC3, 0x00, 0x82, 0x00, 0x61, 0x00, 0x20, 
    0x00, 0x00, 0x00, 0x00, 0x00, 0x00, 0x00, 0x61, 0x00, 0xA2, 0x00, 0xC3, 0x00, 0xE3, 0x01, 0x04, 
    0x01, 0x24, 0x01, 0x04, 0x01, 0x04, 0x01, 0x04, 0x00, 0xE3, 0x00, 0xA2, 0x00, 0x61, 0x00, 0x61, 
    0x00, 0x00, 0x00, 0x00, 0x00, 0x00, 0x00, 0x00, 0x00, 0x00, 0x00, 0x00, 0x00, 0x20, 0x00, 0x61, 
    0x00, 0xC3, 0x01, 0x24, 0x01, 0xC7, 0x02, 0x8A, 0x03, 0x4D, 0x02, 0x4B, 0x42, 0xED, 0x27, 0xFF, 
    0x07, 0xFF, 0x17, 0xFF, 0x54, 0xD4, 0x01, 0xE9, 0x03, 0x0C, 0x00, 0xE3, 0x00, 0x00, 0x00, 0x00, 
    0x00, 0x00, 0x00, 0x00, 0x00, 0x00, 0x00, 0x00, 0x00, 0x00, 0x00, 0x00, 0x00, 0x20, 0x00, 0x82, 
    0x00, 0xE3, 0x01, 0x04, 0x01, 0x24, 0x01, 0x24, 0x01, 0x24, 0x01, 0x24, 0x01, 0x24, 0x00, 0xE3, 
    0x00, 0xC3, 0x00, 0x61, 0x00, 0x41, 0x00, 0x20, 0x00, 0x61, 0x00, 0xA2, 0x00, 0xE3, 0x01, 0x04, 
    0x01, 0x24, 0x01, 0x45, 0x01, 0x45, 0x01, 0x45, 0x01, 0x45, 0x01, 0x65, 0x01, 0x24, 0x00, 0xE3, 
    0x00, 0x82, 0x00, 0xA2, 0x00, 0xA2, 0x00, 0xC3, 0x00, 0xC3, 0x01, 0x04, 0x01, 0x45, 0x01, 0x65, 
    0x01, 0x45, 0x01, 0x65, 0x01, 0x65, 0x01, 0x65, 0x01, 0x45, 0x01, 0x04, 0x00, 0xC3, 0x00, 0x61, 
    0x00, 0x20, 0x00, 0x41, 0x00, 0x82, 0x00, 0xC3, 0x01, 0x04, 0x01, 0x45, 0x01, 0x45, 0x01, 0x65, 
    0x01, 0x45, 0x01, 0x65, 0x01, 0x45, 0x01, 0x45, 0x01, 0x45, 0x01, 0x24, 0x00, 0xE3, 0x00, 0x82, 
    0x00, 0x00, 0x00, 0x00, 0x00, 0x00, 0x00, 0x00, 0x00, 0x61, 0x00, 0x82, 0x01, 0x04, 0x01, 0x24, 
    0x01, 0x65, 0x01, 0x45, 0x01, 0x65, 0x01, 0x65, 0x01, 0x24, 0x00, 0xC3, 0x00, 0x82, 0x00, 0x41, 
    0x00, 0x00, 0x00, 0x00, 0x00, 0x00, 0x00, 0x00, 0x00, 0x00, 0x00, 0x00, 0x00, 0x00, 0x00, 0x00, 
    0x00, 0x00, 0x00, 0x00, 0x00, 0x00, 0x00, 0x00, 0x00, 0x00, 0x00, 0x00, 0x00, 0x00, 0x00, 0x00, 
    0x00, 0x00, 0x00, 0x00, 0x00, 0x00, 0x00, 0x00, 0x00, 0x00, 0x00, 0x00, 0x00, 0x00, 0x00, 0x00, 
    0x00, 0x00, 0x00, 0x00, 0x00, 0x00, 0x00, 0x00, 0x00, 0x00, 0x00, 0x00, 0x00, 0x00, 0x00, 0x00, 
    0x00, 0x00, 0x00, 0x00, 0x00, 0x00, 0x00, 0x00, 0x00, 0x00, 0x00, 0x00, 0x00, 0x00, 0x00, 0x00, 
    0x00, 0x00, 0x00, 0x00, 0x00, 0x00, 0x00, 0x00, 0x00, 0x00, 0x00, 0x00, 0x00, 0x00, 0x00, 0x00, 
    0x00, 0x00, 0x00, 0x00, 0x00, 0x00, 0x00, 0x00, 0x00, 0x00, 0x00, 0x00, 0x00, 0x00, 0x00, 0x00, 
    0x00, 0x00, 0x00, 0x00, 0x00, 0x00, 0x00, 0x00, 0x00, 0x00, 0x00, 0x00, 0x00, 0x00, 0x00, 0x00, 
    0x00, 0x00, 0x00, 0x00, 0x00, 0x00, 0x00, 0x00, 0x00, 0x00, 0x00, 0x00, 0x00, 0x00, 0x00, 0x00, 
    0x00, 0x00, 0x00, 0x00, 0x00, 0x00, 0x00, 0x00, 0x00, 0x00, 0x00, 0x00, 0x00, 0x00, 0x00, 0x00, 
    0x00, 0x00, 0x00, 0x00, 0x00, 0x00, 0x00, 0x00, 0x00, 0x00, 0x00, 0x00, 0x00, 0x00, 0x00, 0x00, 
    0x00, 0x00, 0x00, 0x00, 0x00, 0x00, 0x00, 0x00, 0x00, 0x00, 0x00, 0x00, 0x00, 0x00, 0x00, 0x00, 
    0x00, 0x00, 0x00, 0x00, 0x00, 0x00, 0x00, 0x00, 0x00, 0x00, 0x00, 0x00, 0x00, 0x00, 0x00, 0x00, 
    0x00, 0x00, 0x00, 0x00, 0x00, 0x00, 0x00, 0x00, 0x00, 0x00, 0x00, 0x00, 0x00, 0x00, 0x00, 0x00, 
    0x00, 0x00, 0x00, 0x00, 0x00, 0x00, 0x00, 0x00, 0x00, 0x00, 0x00, 0x00, 0x00, 0x00, 0x00, 0x00, 
    0x00, 0x00, 0x00, 0x00, 0x00, 0x00, 0x00, 0x00, 0x00, 0x00, 0x00, 0x00, 0x00, 0x00, 0x00, 0x00, 
    0x00, 0x00, 0x00, 0x00, 0x00, 0x00, 0x00, 0x00, 0x00, 0x00, 0x00, 0x00, 0x00, 0x00, 0x00, 0x00, 
    0x00, 0x00, 0x00, 0x00, 0x00, 0x00, 0x00, 0x00, 0x00, 0x00, 0x00, 0x00, 0x00, 0x00, 0x00, 0x00, 
    0x00, 0x00, 0x00, 0x00, 0x00, 0x00, 0x00, 0x00, 0x00, 0x00, 0x00, 0x00, 0x00, 0x00, 0x00, 0x00, 
    0x00, 0x00, 0x00, 0x00, 0x00, 0x00, 0x00, 0x00, 0x00, 0x00, 0x00, 0x00, 0x00, 0x00, 0x00, 0x00, 
    0x00, 0x00, 0x00, 0x00, 0x00, 0x00, 0x00, 0x00, 0x00, 0x00, 0x00, 0x00, 0x00, 0x00, 0x00, 0x00, 
    0x00, 0x00, 0x00, 0x00, 0x00, 0x00, 0x00, 0x00, 0x00, 0x00, 0x00, 0x00, 0x00, 0x00, 0x00, 0x00, 
    0x00, 0x00, 0x00, 0x00, 0x00, 0x00, 0x00, 0x00, 0x00, 0x00, 0x00, 0x00, 0x00, 0x00, 0x00, 0x00, 
    0x00, 0x00, 0x00, 0x00, 0x00, 0x00, 0x00, 0x61, 0x01, 0x86, 0x01, 0xE7, 0x02, 0x69, 0x02, 0xCB, 
    0x03, 0x0C, 0x03, 0x0C, 0x02, 0xEB, 0x03, 0x0B, 0x02, 0xEB, 0x02, 0xAA, 0x02, 0x49, 0x01, 0xC7, 
    0x01, 0x86, 0x01, 0x65, 0x01, 0xA6, 0x02, 0x49, 0x02, 0xAA, 0x02, 0xCB, 0x03, 0x0B, 0x03, 0x0C, 
    0x03, 0x2C, 0x03, 0x0C, 0x03, 0x0C, 0x03, 0x0C, 0x03, 0x0B, 0x02, 0xCB, 0x02, 0x8A, 0x02, 0x28, 
    0x01, 0xA6, 0x01, 0x04, 0x00, 0xE3, 0x00, 0xE3, 0x01, 0x24, 0x01, 0x86, 0x02, 0x08, 0x02, 0x69, 
    0x02, 0xEB, 0x03, 0x2C, 0x03, 0x6D, 0x03, 0x6E, 0x02, 0xEF, 0x01, 0x4A, 0x3A, 0xCC, 0x2F, 0xFF, 
    0x0F, 0xBF, 0x1F, 0xFF, 0x44, 0xB3, 0x01, 0xA9, 0x03, 0x2D, 0x01, 0x65, 0x00, 0x00, 0x00, 0x00, 
    0x00, 0x00, 0x00, 0x00, 0x00, 0x00, 0x00, 0x00, 0x00, 0x20, 0x01, 0x86, 0x02, 0x49, 0x02, 0xAA, 
    0x02, 0xEB, 0x03, 0x0C, 0x03, 0x0C, 0x03, 0x0C, 0x03, 0x2C, 0x03, 0x4D, 0x03, 0x0C, 0x02, 0xEB, 
    0x02, 0xCB, 0x02, 0xAA, 0x02, 0x28, 0x02, 0x28, 0x02, 0x28, 0x02, 0x69, 0x02, 0xCB, 0x02, 0xEB, 
    0x03, 0x2C, 0x03, 0x4D, 0x03, 0x6D, 0x03, 0x6D, 0x03, 0x4D, 0x03, 0x4D, 0x03, 0x2C, 0x03, 0x0B, 
    0x02, 0xEB, 0x02, 0xAA, 0x02, 0x89, 0x02, 0x89, 0x02, 0xCA, 0x03, 0x0C, 0x03, 0x2C, 0x03, 0x4C, 
    0x03, 0x4D, 0x03, 0x6D, 0x03, 0x6D, 0x03, 0x2C, 0x03, 0x2C, 0x03, 0x0C, 0x02, 0xAA, 0x02, 0x48, 
    0x02, 0x48, 0x02, 0x28, 0x02, 0x69, 0x02, 0xEB, 0x03, 0x0B, 0x03, 0x2C, 0x03, 0x2C, 0x03, 0x4D, 
    0x03, 0x6D, 0x03, 0x8D, 0x03, 0x8E, 0x03, 0x6D, 0x03, 0x4D, 0x03, 0x0C, 0x02, 0xEB, 0x02, 0x49, 
    0x01, 0xC6, 0x01, 0x65, 0x01, 0x86, 0x01, 0xC7, 0x01, 0xE7, 0x02, 0x8A, 0x03, 0x2C, 0x03, 0x6D, 
    0x03, 0x8E, 0x03, 0xCF, 0x03, 0xCF, 0x03, 0xCF, 0x03, 0x8E, 0x03, 0x4D, 0x02, 0xEB, 0x02, 0x28, 
    0x01, 0x04, 0x00, 0x00, 0x00, 0x00, 0x00, 0x00, 0x00, 0x00, 0x00, 0x00, 0x00, 0x00, 0x00, 0x00, 
    0x00, 0x00, 0x00, 0x00, 0x00, 0x00, 0x00, 0x00, 0x00, 0x00, 0x00, 0x00, 0x00, 0x00, 0x00, 0x00, 
    0x00, 0x00, 0x00, 0x00, 0x00, 0x00, 0x00, 0x00, 0x00, 0x00, 0x00, 0x00, 0x00, 0x00, 0x00, 0x00, 
    0x00, 0x00, 0x00, 0x00, 0x00, 0x00, 0x00, 0x00, 0x00, 0x00, 0x00, 0x00, 0x00, 0x00, 0x00, 0x00, 
    0x00, 0x00, 0x00, 0x00, 0x00, 0x00, 0x00, 0x00, 0x00, 0x00, 0x00, 0x00, 0x00, 0x00, 0x00, 0x00, 
    0x00, 0x00, 0x00, 0x00, 0x00, 0x00, 0x00, 0x00, 0x00, 0x00, 0x00, 0x00, 0x00, 0x00, 0x00, 0x00, 
    0x00, 0x00, 0x00, 0x00, 0x00, 0x00, 0x00, 0x00, 0x00, 0x00, 0x00, 0x00, 0x00, 0x00, 0x00, 0x00, 
    0x00, 0x00, 0x00, 0x00, 0x00, 0x00, 0x00, 0x00, 0x00, 0x00, 0x00, 0x00, 0x00, 0x00, 0x00, 0x00, 
    0x00, 0x00, 0x00, 0x00, 0x00, 0x00, 0x00, 0x00, 0x00, 0x00, 0x00, 0x00, 0x00, 0x00, 0x00, 0x00, 
    0x00, 0x00, 0x00, 0x00, 0x00, 0x00, 0x00, 0x00, 0x00, 0x00, 0x00, 0x00, 0x00, 0x00, 0x00, 0x00, 
    0x00, 0x00, 0x00, 0x00, 0x00, 0x00, 0x00, 0x00, 0x00, 0x00, 0x00, 0x00, 0x00, 0x00, 0x00, 0x00, 
    0x00, 0x00, 0x00, 0x00, 0x00, 0x00, 0x00, 0x00, 0x00, 0x00, 0x00, 0x00, 0x00, 0x00, 0x00, 0x00, 
    0x00, 0x00, 0x00, 0x00, 0x00, 0x00, 0x00, 0x00, 0x00, 0x00, 0x00, 0x00, 0x00, 0x00, 0x00, 0x00, 
    0x00, 0x00, 0x00, 0x00, 0x00, 0x00, 0x00, 0x00, 0x00, 0x00, 0x00, 0x00, 0x00, 0x00, 0x00, 0x00, 
    0x00, 0x00, 0x00, 0x00, 0x00, 0x00, 0x00, 0x00, 0x00, 0x00, 0x00, 0x00, 0x00, 0x00, 0x00, 0x00, 
    0x00, 0x00, 0x00, 0x00, 0x00, 0x00, 0x00, 0x00, 0x00, 0x00, 0x00, 0x00, 0x00, 0x00, 0x00, 0x00, 
    0x00, 0x00, 0x00, 0x00, 0x00, 0x00, 0x00, 0x00, 0x00, 0x00, 0x00, 0x00, 0x00, 0x00, 0x00, 0x00, 
    0x00, 0x00, 0x00, 0x00, 0x00, 0x00, 0x00, 0x00, 0x00, 0x00, 0x00, 0x00, 0x00, 0x00, 0x00, 0x00, 
    0x00, 0x00, 0x00, 0x00, 0x00, 0x00, 0x00, 0x00, 0x00, 0x00, 0x00, 0x00, 0x00, 0x00, 0x00, 0x00, 
    0x00, 0x00, 0x00, 0x00, 0x00, 0x00, 0x00, 0x00, 0x00, 0x00, 0x00, 0x00, 0x00, 0x00, 0x00, 0x00, 
    0x00, 0x00, 0x00, 0x00, 0x00, 0x00, 0x00, 0x00, 0x00, 0x00, 0x00, 0x00, 0x00, 0x00, 0x00, 0x00, 
    0x00, 0x00, 0x00, 0x00, 0x00, 0x00, 0x00, 0x00, 0x00, 0x00, 0x00, 0x00, 0x00, 0x00, 0x00, 0x00, 
    0x00, 0x00, 0x00, 0x00, 0x00, 0x00, 0x00, 0x00, 0x00, 0x00, 0x00, 0x00, 0x00, 0x00, 0x00, 0x00, 
    0x00, 0x00, 0x00, 0x00, 0x00, 0xE3, 0x01, 0x45, 0x01, 0x04, 0x01, 0x45, 0x01, 0x65, 0x01, 0xA7, 
    0x01, 0xC8, 0x01, 0xE8, 0x01, 0xE8, 0x01, 0xE9, 0x01, 0xE8, 0x01, 0xA6, 0x01, 0xA7, 0x03, 0x0C, 
    0x03, 0x4D, 0x03, 0x2C, 0x03, 0x2C, 0x01, 0xE7, 0x01, 0xA6, 0x01, 0xA7, 0x01, 0xC7, 0x01, 0xC8, 
    0x01, 0xC8, 0x01, 0xC8, 0x01, 0xC7, 0x01, 0xC7, 0x01, 0xC8, 0x01, 0xC8, 0x01, 0xA7, 0x01, 0xE8, 
    0x03, 0x2C, 0x03, 0x0B, 0x02, 0x8A, 0x02, 0x69, 0x02, 0xCB, 0x02, 0xCB, 0x01, 0xA7, 0x01, 0xA6, 
    0x02, 0x08, 0x02, 0x09, 0x01, 0xA8, 0x01, 0x27, 0x00, 0xC8, 0x00, 0x03, 0x3A, 0x8B, 0x2F, 0xFF, 
    0x0F, 0x9F, 0x17, 0xFF, 0x44, 0xB3, 0x01, 0x69, 0x03, 0x4E, 0x01, 0xE7, 0x00, 0x00, 0x00, 0x00, 
    0x00, 0x00, 0x00, 0x00, 0x00, 0x00, 0x00, 0xE3, 0x02, 0x69, 0x01, 0xE7, 0x01, 0xA6, 0x01, 0xE7, 
    0x01, 0xE8, 0x01, 0xC7, 0x01, 0xA7, 0x01, 0xA7, 0x01, 0xE8, 0x02, 0x09, 0x01, 0xE8, 0x01, 0xA7, 
    0x01, 0xA6, 0x02, 0x6A, 0x03, 0x8E, 0x03, 0x6D, 0x03, 0xAE, 0x02, 0x6A, 0x01, 0xC7, 0x01, 0xC7, 
    0x01, 0xC7, 0x01, 0xC7, 0x01, 0xE8, 0x01, 0xE8, 0x01, 0xE8, 0x01, 0xC7, 0x01, 0xC7, 0x01, 0xE8, 
    0x02, 0x4A, 0x03, 0x4F, 0x03, 0x8F, 0x03, 0x4E, 0x02, 0x49, 0x01, 0xE7, 0x01, 0xE8, 0x02, 0x08, 
    0x01, 0xE8, 0x01, 0xC7, 0x01, 0xC7, 0x01, 0xC7, 0x01, 0xC7, 0x02, 0x08, 0x02, 0x8B, 0x03, 0xD0, 
    0x03, 0xAE, 0x03, 0xAF, 0x02, 0xEB, 0x02, 0x07, 0x01, 0xE7, 0x01, 0xE7, 0x01, 0xC7, 0x01, 0xC7, 
    0x02, 0x08, 0x02, 0x29, 0x02, 0x29, 0x02, 0x29, 0x02, 0x08, 0x01, 0xE7, 0x02, 0x08, 0x03, 0x0D, 
    0x03, 0xAF, 0x03, 0x4C, 0x03, 0x4C, 0x03, 0x6D, 0x03, 0x8E, 0x02, 0x8A, 0x02, 0x08, 0x02, 0x49, 
    0x02, 0x4A, 0x02, 0x6A, 0x02, 0x6A, 0x02, 0x6A, 0x02, 0x4A, 0x02, 0x28, 0x02, 0x28, 0x02, 0xCA, 
    0x03, 0x4D, 0x01, 0xC6, 0x00, 0x00, 0x00, 0x00, 0x00, 0x00, 0x00, 0x00, 0x00, 0x00, 0x00, 0x00, 
    0x00, 0x00, 0x00, 0x00, 0x00, 0x00, 0x00, 0x00, 0x00, 0x00, 0x00, 0x00, 0x00, 0x00, 0x00, 0x00, 
    0x00, 0x00, 0x00, 0x00, 0x00, 0x00, 0x00, 0x00, 0x00, 0x00, 0x00, 0x00, 0x00, 0x00, 0x00, 0x00, 
    0x00, 0x00, 0x00, 0x00, 0x00, 0x00, 0x00, 0x00, 0x00, 0x00, 0x00, 0x00, 0x00, 0x00, 0x00, 0x00, 
    0x00, 0x00, 0x00, 0x00, 0x00, 0x00, 0x00, 0x00, 0x00, 0x00, 0x00, 0x00, 0x00, 0x00, 0x00, 0x00, 
    0x00, 0x00, 0x00, 0x00, 0x00, 0x00, 0x00, 0x00, 0x00, 0x00, 0x00, 0x00, 0x00, 0x00, 0x00, 0x00, 
    0x00, 0x00, 0x00, 0x00, 0x00, 0x00, 0x00, 0x00, 0x00, 0x00, 0x00, 0x00, 0x00, 0x00, 0x00, 0x00, 
    0x00, 0x00, 0x00, 0x00, 0x00, 0x00, 0x00, 0x00, 0x00, 0x00, 0x00, 0x00, 0x00, 0x00, 0x00, 0x00, 
    0x00, 0x00, 0x00, 0x00, 0x00, 0x00, 0x00, 0x00, 0x00, 0x00, 0x00, 0x00, 0x00, 0x00, 0x00, 0x00, 
    0x00, 0x00, 0x00, 0x00, 0x00, 0x00, 0x00, 0x00, 0x00, 0x00, 0x00, 0x00, 0x00, 0x00, 0x00, 0x00, 
    0x00, 0x00, 0x00, 0x00, 0x00, 0x00, 0x00, 0x00, 0x00, 0x00, 0x00, 0x00, 0x00, 0x00, 0x00, 0x00, 
    0x00, 0x00, 0x00, 0x00, 0x00, 0x00, 0x00, 0x00, 0x00, 0x00, 0x00, 0x00, 0x00, 0x00, 0x00, 0x00, 
    0x00, 0x00, 0x00, 0x00, 0x00, 0x00, 0x00, 0x00, 0x00, 0x00, 0x00, 0x00, 0x00, 0x00, 0x00, 0x00, 
    0x00, 0x00, 0x00, 0x00, 0x00, 0x00, 0x00, 0x00, 0x00, 0x00, 0x00, 0x00, 0x00, 0x00, 0x00, 0x00, 
    0x00, 0x00, 0x00, 0x00, 0x00, 0x00, 0x00, 0x00, 0x00, 0x00, 0x00, 0x00, 0x00, 0x00, 0x00, 0x00, 
    0x00, 0x00, 0x00, 0x00, 0x00, 0x00, 0x00, 0x00, 0x00, 0x00, 0x00, 0x00, 0x00, 0x00, 0x00, 0x00, 
    0x00, 0x00, 0x00, 0x00, 0x00, 0x00, 0x00, 0x00, 0x00, 0x00, 0x00, 0x00, 0x00, 0x00, 0x00, 0x00, 
    0x00, 0x00, 0x00, 0x00, 0x00, 0x00, 0x00, 0x00, 0x00, 0x00, 0x00, 0x00, 0x00, 0x00, 0x00, 0x00, 
    0x00, 0x00, 0x00, 0x00, 0x00, 0x00, 0x00, 0x00, 0x00, 0x00, 0x00, 0x00, 0x00, 0x00, 0x00, 0x00, 
    0x00, 0x00, 0x00, 0x00, 0x00, 0x00, 0x00, 0x00, 0x00, 0x00, 0x00, 0x00, 0x00, 0x00, 0x00, 0x00, 
    0x00, 0x00, 0x00, 0x00, 0x00, 0x00, 0x00, 0x00, 0x00, 0x00, 0x00, 0x00, 0x00, 0x00, 0x00, 0x00, 
    0x00, 0x00, 0x00, 0x00, 0x00, 0x00, 0x00, 0x00, 0x00, 0x00, 0x00, 0x00, 0x00, 0x00, 0x00, 0x00, 
    0x00, 0x00, 0x00, 0x00, 0x00, 0x00, 0x00, 0x00, 0x00, 0x00, 0x00, 0x00, 0x00, 0x00, 0x00, 0x00, 
    0x00, 0x00, 0x00, 0x00, 0x01, 0xA6, 0x2A, 0x09, 0x74, 0xB3, 0x64, 0x93, 0x54, 0x92, 0x54, 0x72, 
    0x54, 0x72, 0x5C, 0x92, 0x64, 0x93, 0x64, 0x93, 0x5C, 0x92, 0x5C, 0x72, 0x4B, 0x4D, 0x11, 0x06, 
    0x02, 0x8D, 0x03, 0x92, 0x01, 0xEB, 0x3A, 0x6A, 0x54, 0x92, 0x54, 0x72, 0x54, 0x92, 0x54, 0x72, 
    0x54, 0x72, 0x54, 0x72, 0x54, 0x72, 0x54, 0x72, 0x5C, 0x72, 0x5C, 0x72, 0x54, 0x72, 0x3A, 0xCC, 
    0x09, 0x06, 0x03, 0x4E, 0x03, 0xAF, 0x03, 0xAF, 0x02, 0xEC, 0x09, 0x04, 0x43, 0x2E, 0x5C, 0x92, 
    0x5C, 0x93, 0x5C, 0x93, 0x5C, 0x92, 0x54, 0x92, 0x54, 0x92, 0x54, 0x72, 0x55, 0x97, 0x17, 0x9F, 
    0x0F, 0x7F, 0x17, 0xDF, 0x44, 0xB3, 0x01, 0x49, 0x03, 0x4E, 0x02, 0x28, 0x00, 0x82, 0x00, 0x00, 
    0x00, 0x00, 0x00, 0x41, 0x01, 0x45, 0x02, 0x8A, 0x01, 0x25, 0x3A, 0xAB, 0x4C, 0x52, 0x54, 0x72, 
    0x5C, 0x73, 0x54, 0x52, 0x4C, 0x32, 0x4C, 0x32, 0x4C, 0x32, 0x54, 0x32, 0x5C, 0x32, 0x54, 0x32, 
    0x5C, 0x52, 0x21, 0x67, 0x02, 0x0D, 0x02, 0xCF, 0x01, 0x46, 0x3A, 0x4A, 0x5C, 0x52, 0x54, 0x32, 
    0x4C, 0x12, 0x4B, 0xF2, 0x4B, 0xF2, 0x53, 0xF2, 0x53, 0xF2, 0x53, 0xF2, 0x53, 0xF2, 0x5C, 0x12, 
    0x4A, 0xCC, 0x01, 0x2B, 0x02, 0x10, 0x09, 0x06, 0x4A, 0xED, 0x5B, 0xF2, 0x53, 0xD2, 0x4B, 0xB2, 
    0x4B, 0x92, 0x4B, 0x72, 0x4B, 0x72, 0x4B, 0x72, 0x53, 0x92, 0x5B, 0xB2, 0x42, 0x4C, 0x01, 0x48, 
    0x02, 0xD1, 0x02, 0x90, 0x09, 0x06, 0x4B, 0x31, 0x4B, 0x52, 0x4B, 0x52, 0x53, 0x52, 0x53, 0x52, 
    0x53, 0x52, 0x5B, 0x72, 0x5B, 0x52, 0x5B, 0x32, 0x52, 0xF2, 0x52, 0xF2, 0x52, 0xAF, 0x21, 0x47, 
    0x02, 0x0D, 0x03, 0x92, 0x03, 0x71, 0x03, 0x51, 0x01, 0x46, 0x31, 0xCA, 0x52, 0xD2, 0x62, 0xF2, 
    0x63, 0x13, 0x6B, 0x12, 0x62, 0xF2, 0x62, 0xD2, 0x62, 0x92, 0x5A, 0x72, 0x62, 0x71, 0x39, 0xA9, 
    0x01, 0xC8, 0x03, 0xAF, 0x01, 0xA6, 0x00, 0x00, 0x00, 0x00, 0x00, 0x00, 0x00, 0x00, 0x00, 0x00, 
    0x00, 0x00, 0x00, 0x00, 0x00, 0x00, 0x00, 0x00, 0x00, 0x00, 0x00, 0x00, 0x00, 0x00, 0x00, 0x00, 
    0x00, 0x00, 0x00, 0x00, 0x00, 0x00, 0x00, 0x00, 0x00, 0x00, 0x00, 0x00, 0x00, 0x00, 0x00, 0x00, 
    0x00, 0x00, 0x00, 0x00, 0x00, 0x00, 0x00, 0x00, 0x00, 0x00, 0x00, 0x00, 0x00, 0x00, 0x00, 0x00, 
    0x00, 0x00, 0x00, 0x00, 0x00, 0x00, 0x00, 0x00, 0x00, 0x00, 0x00, 0x00, 0x00, 0x00, 0x00, 0x00, 
    0x00, 0x00, 0x00, 0x00, 0x00, 0x00, 0x00, 0x00, 0x00, 0x00, 0x00, 0x00, 0x00, 0x00, 0x00, 0x00, 
    0x00, 0x00, 0x00, 0x00, 0x00, 0x00, 0x00, 0x00, 0x00, 0x00, 0x00, 0x00, 0x00, 0x00, 0x00, 0x00, 
    0x00, 0x00, 0x00, 0x00, 0x00, 0x00, 0x00, 0x00, 0x00, 0x00, 0x00, 0x00, 0x00, 0x00, 0x00, 0x00, 
    0x00, 0x00, 0x00, 0x00, 0x00, 0x00, 0x00, 0x00, 0x00, 0x00, 0x00, 0x00, 0x00, 0x00, 0x00, 0x00, 
    0x00, 0x00, 0x00, 0x00, 0x00, 0x00, 0x00, 0x00, 0x00, 0x00, 0x00, 0x00, 0x00, 0x00, 0x00, 0x00, 
    0x00, 0x00, 0x00, 0x00, 0x00, 0x00, 0x00, 0x00, 0x00, 0x00, 0x00, 0x00, 0x00, 0x00, 0x00, 0x00, 
    0x00, 0x00, 0x00, 0x00, 0x00, 0x00, 0x00, 0x00, 0x00, 0x00, 0x00, 0x00, 0x00, 0x00, 0x00, 0x00, 
    0x00, 0x00, 0x00, 0x00, 0x00, 0x00, 0x00, 0x00, 0x00, 0x00, 0x00, 0x00, 0x00, 0x00, 0x00, 0x00, 
    0x00, 0x00, 0x00, 0x00, 0x00, 0x00, 0x00, 0x00, 0x00, 0x00, 0x00, 0x00, 0x00, 0x00, 0x00, 0x00, 
    0x00, 0x00, 0x00, 0x00, 0x00, 0x00, 0x00, 0x00, 0x00, 0x00, 0x00, 0x00, 0x00, 0x00, 0x00, 0x00, 
    0x00, 0x00, 0x00, 0x00, 0x00, 0x00, 0x00, 0x00, 0x00, 0x00, 0x00, 0x00, 0x00, 0x00, 0x00, 0x00, 
    0x00, 0x00, 0x00, 0x00, 0x00, 0x00, 0x00, 0x00, 0x00, 0x00, 0x00, 0x00, 0x00, 0x00, 0x00, 0x00, 
    0x00, 0x00, 0x00, 0x00, 0x00, 0x00, 0x00, 0x00, 0x00, 0x00, 0x00, 0x00, 0x00, 0x00, 0x00, 0x00, 
    0x00, 0x00, 0x00, 0x00, 0x00, 0x00, 0x00, 0x00, 0x00, 0x00, 0x00, 0x00, 0x00, 0x00, 0x00, 0x00, 
    0x00, 0x00, 0x00, 0x00, 0x00, 0x00, 0x00, 0x00, 0x00, 0x00, 0x00, 0x00, 0x00, 0x00, 0x00, 0x00, 
    0x00, 0x00, 0x00, 0x00, 0x00, 0x00, 0x00, 0x00, 0x00, 0x00, 0x00, 0x00, 0x00, 0x00, 0x00, 0x00, 
    0x00, 0x00, 0x00, 0x00, 0x00, 0x00, 0x00, 0x00, 0x00, 0x00, 0x00, 0x00, 0x00, 0x00, 0x00, 0x00, 
    0x00, 0x00, 0x00, 0x00, 0x00, 0x00, 0x00, 0x00, 0x00, 0x00, 0x00, 0x00, 0x00, 0x00, 0x00, 0x00, 
    0x00, 0x00, 0x00, 0xE3, 0x01, 0xA7, 0x4B, 0x2D, 0x5F, 0xFF, 0x27, 0xFF, 0x1F, 0xFF, 0x17, 0xFF, 
    0x17, 0xFF, 0x1F, 0xFF, 0x27, 0xFF, 0x2F, 0xFF, 0x27, 0xFF, 0x17, 0xFF, 0x2F, 0xFF, 0x5D, 0xF8, 
    0x18, 0xE6, 0x01, 0x8E, 0x00, 0x68, 0x4C, 0x93, 0x27, 0xFF, 0x27, 0xFF, 0x27, 0xFF, 0x1F, 0xFF, 
    0x17, 0xFF, 0x17, 0xFF, 0x17, 0xFF, 0x17, 0xFF, 0x1F, 0xFF, 0x1F, 0xFF, 0x1F, 0xFF, 0x37, 0xFF, 
    0x5C, 0x93, 0x08, 0xA7, 0x02, 0x90, 0x02, 0x6F, 0x10, 0xA5, 0x55, 0x36, 0x27, 0xFF, 0x17, 0xFF, 
    0x27, 0xFF, 0x27, 0xFF, 0x1F, 0xFF, 0x17, 0xFF, 0x1F, 0xFF, 0x1F, 0xFF, 0x17, 0xDF, 0x0F, 0x7F, 
    0x0F, 0x5F, 0x17, 0xDF, 0x44, 0xB3, 0x01, 0x49, 0x03, 0x6F, 0x02, 0x69, 0x00, 0xC3, 0x00, 0x00, 
    0x00, 0x41, 0x01, 0x04, 0x02, 0xAA, 0x01, 0x65, 0x53, 0xF1, 0x37, 0x7F, 0x17, 0x7F, 0x1F, 0x7F, 
    0x27, 0x7F, 0x27, 0x7F, 0x1F, 0x5F, 0x17, 0x1F, 0x16, 0xFF, 0x1E, 0xFF, 0x26, 0xFF, 0x1E, 0xFF, 
    0x57, 0x1F, 0x21, 0x68, 0x01, 0x0D, 0x00, 0x44, 0x4A, 0xED, 0x56, 0xDF, 0x2E, 0xBF, 0x2E, 0x9F, 
    0x26, 0x9F, 0x26, 0x5F, 0x1E, 0x3F, 0x1E, 0x1F, 0x1D, 0xFF, 0x25, 0xFF, 0x2D, 0xFF, 0x46, 0x9F, 
    0x5B, 0xF3, 0x00, 0x28, 0x08, 0x86, 0x5C, 0x96, 0x46, 0x3F, 0x2D, 0xBF, 0x25, 0x7F, 0x1D, 0x3F, 
    0x1D, 0x1F, 0x1C, 0xFF, 0x1C, 0xFF, 0x2C, 0xFF, 0x35, 0x1F, 0x35, 0x1F, 0x5D, 0x9F, 0x4B, 0x31, 
    0x00, 0x66, 0x00, 0xEC, 0x19, 0x27, 0x44, 0xFF, 0x24, 0x5F, 0x34, 0x9F, 0x3C, 0xBF, 0x34, 0x9F, 
    0x34, 0x7F, 0x3C, 0x5F, 0x3C, 0x3F, 0x34, 0x1F, 0x33, 0xFF, 0x33, 0xDF, 0x44, 0x1F, 0x74, 0x9C, 
    0x29, 0x49, 0x01, 0x2D, 0x01, 0xF3, 0x00, 0xA7, 0x5A, 0xAE, 0x64, 0x5F, 0x3B, 0x7F, 0x4B, 0x9F, 
    0x5B, 0xDF, 0x5B, 0xDF, 0x5B, 0x9F, 0x5B, 0x7F, 0x53, 0x3F, 0x52, 0xFF, 0x5A, 0xDF, 0x83, 0xBF, 
    0x51, 0xED, 0x02, 0x0A, 0x03, 0x8E, 0x00, 0xE3, 0x00, 0x00, 0x00, 0x00, 0x00, 0x00, 0x00, 0x00, 
    0x00, 0x00, 0x00, 0x00, 0x00, 0x00, 0x00, 0x00, 0x00, 0x00, 0x00, 0x00, 0x00, 0x00, 0x00, 0x00, 
    0x00, 0x00, 0x00, 0x00, 0x00, 0x00, 0x00, 0x00, 0x00, 0x00, 0x00, 0x00, 0x00, 0x00, 0x00, 0x00, 
    0x00, 0x00, 0x00, 0x00, 0x00, 0x00, 0x00, 0x00, 0x00, 0x00, 0x00, 0x00, 0x00, 0x00, 0x00, 0x00, 
    0x00, 0x00, 0x00, 0x00, 0x00, 0x00, 0x00, 0x00, 0x00, 0x00, 0x00, 0x00, 0x00, 0x00, 0x00, 0x00, 
    0x00, 0x00, 0x00, 0x00, 0x00, 0x00, 0x00, 0x00, 0x00, 0x00, 0x00, 0x00, 0x00, 0x00, 0x00, 0x00, 
    0x00, 0x00, 0x00, 0x00, 0x00, 0x00, 0x00, 0x00, 0x00, 0x00, 0x00, 0x00, 0x00, 0x00, 0x00, 0x00, 
    0x00, 0x00, 0x00, 0x00, 0x00, 0x00, 0x00, 0x00, 0x00, 0x00, 0x00, 0x00, 0x00, 0x00, 0x00, 0x00, 
    0x00, 0x00, 0x00, 0x00, 0x00, 0x00, 0x00, 0x00, 0x00, 0x00, 0x00, 0x00, 0x00, 0x00, 0x00, 0x00, 
    0x00, 0x00, 0x00, 0x00, 0x00, 0x00, 0x00, 0x00, 0x00, 0x00, 0x00, 0x00, 0x00, 0x00, 0x00, 0x00, 
    0x00, 0x00, 0x00, 0x00, 0x00, 0x00, 0x00, 0x00, 0x00, 0x00, 0x00, 0x00, 0x00, 0x00, 0x00, 0x00, 
    0x00, 0x00, 0x00, 0x00, 0x00, 0x00, 0x00, 0x00, 0x00, 0x00, 0x00, 0x00, 0x00, 0x00, 0x00, 0x00, 
    0x00, 0x00, 0x00, 0x00, 0x00, 0x00, 0x00, 0x00, 0x00, 0x00, 0x00, 0x00, 0x00, 0x00, 0x00, 0x00, 
    0x00, 0x00, 0x00, 0x00, 0x00, 0x00, 0x00, 0x00, 0x00, 0x00, 0x00, 0x00, 0x00, 0x00, 0x00, 0x00, 
    0x00, 0x00, 0x00, 0x00, 0x00, 0x00, 0x00, 0x00, 0x00, 0x00, 0x00, 0x00, 0x00, 0x00, 0x00, 0x00, 
    0x00, 0x00, 0x00, 0x00, 0x00, 0x00, 0x00, 0x00, 0x00, 0x00, 0x00, 0x00, 0x00, 0x00, 0x00, 0x00, 
    0x00, 0x00, 0x00, 0x00, 0x00, 0x00, 0x00, 0x00, 0x00, 0x00, 0x00, 0x00, 0x00, 0x00, 0x00, 0x00, 
    0x00, 0x00, 0x00, 0x00, 0x00, 0x00, 0x00, 0x00, 0x00, 0x00, 0x00, 0x00, 0x00, 0x00, 0x00, 0x00, 
    0x00, 0x00, 0x00, 0x00, 0x00, 0x00, 0x00, 0x00, 0x00, 0x00, 0x00, 0x00, 0x00, 0x00, 0x00, 0x00, 
    0x00, 0x00, 0x00, 0x00, 0x00, 0x00, 0x00, 0x00, 0x00, 0x00, 0x00, 0x00, 0x00, 0x00, 0x00, 0x00, 
    0x00, 0x00, 0x00, 0x00, 0x00, 0x00, 0x00, 0x00, 0x00, 0x00, 0x00, 0x00, 0x00, 0x00, 0x00, 0x00, 
    0x00, 0x00, 0x00, 0x00, 0x00, 0x00, 0x00, 0x00, 0x00, 0x00, 0x00, 0x00, 0x00, 0x00, 0x00, 0x00, 
    0x00, 0x00, 0x00, 0x00, 0x00, 0x00, 0x00, 0x00, 0x00, 0x00, 0x00, 0x00, 0x00, 0x00, 0x00, 0x00, 
    0x00, 0x00, 0x01, 0x45, 0x01, 0x86, 0x53, 0x2E, 0x3F, 0xFF, 0x0F, 0xFF, 0x0F, 0xFF, 0x07, 0xFF, 
    0x07, 0xFF, 0x07, 0xFF, 0x0F, 0xFF, 0x0F, 0xFF, 0x0F, 0xFF, 0x0F, 0xFF, 0x0F, 0xFF, 0x27, 0xFF, 
    0x55, 0x55, 0x00, 0x26, 0x00, 0x05, 0x44, 0x52, 0x27, 0xFF, 0x1F, 0xFF, 0x17, 0xFF, 0x07, 0xFF, 
    0x07, 0xFF, 0x07, 0xFF, 0x07, 0xFF, 0x0F, 0xFF, 0x07, 0xFF, 0x07, 0xFF, 0x0F, 0xDF, 0x0F, 0xFF, 
    0x3F, 0xFF, 0x4B, 0xB0, 0x00, 0x8A, 0x00, 0x68, 0x4C, 0x52, 0x1F, 0xFF, 0x07, 0xDF, 0x07, 0xBF, 
    0x07, 0xFF, 0x0F, 0xFF, 0x07, 0xFF, 0x07, 0xDF, 0x0F, 0xDF, 0x0F, 0xDF, 0x07, 0x9F, 0x0F, 0x7F, 
    0x0F, 0x5F, 0x17, 0xDF, 0x44, 0xB3, 0x01, 0x4A, 0x03, 0x6F, 0x02, 0x69, 0x01, 0x04, 0x00, 0x41, 
    0x00, 0xC3, 0x02, 0x08, 0x02, 0x49, 0x42, 0xAC, 0x47, 0x9F, 0x06, 0xFF, 0x06, 0xBF, 0x06, 0xDF, 
    0x06, 0xFF, 0x0E, 0xFF, 0x0E, 0xDF, 0x06, 0xBF, 0x06, 0x7F, 0x06, 0x5F, 0x06, 0x5F, 0x0E, 0xBF, 
    0x5D, 0xB9, 0x08, 0x45, 0x00, 0x48, 0x32, 0x2A, 0x3E, 0x5F, 0x0D, 0xDF, 0x15, 0xFF, 0x15, 0xFF, 
    0x15, 0xFF, 0x15, 0xDF, 0x05, 0x9F, 0x05, 0x7F, 0x05, 0x5F, 0x0D, 0x5F, 0x0D, 0x3F, 0x4E, 0x3F, 
    0x42, 0x4B, 0x00, 0x01, 0x4B, 0xF2, 0x2D, 0xDF, 0x1D, 0x1F, 0x1C, 0xFF, 0x0C, 0xDF, 0x04, 0xBF, 
    0x0C, 0x9F, 0x14, 0x9F, 0x14, 0x9F, 0x1C, 0x7F, 0x1C, 0x7F, 0x1C, 0x7F, 0x14, 0x5F, 0x3D, 0x3F, 
    0x3A, 0x4C, 0x00, 0x05, 0x19, 0x26, 0x44, 0x7D, 0x1B, 0xFF, 0x2C, 0x1F, 0x2C, 0x1F, 0x24, 0x1F, 
    0x23, 0xDF, 0x1B, 0xBF, 0x1B, 0x7F, 0x1B, 0x7F, 0x23, 0x7F, 0x23, 0x7F, 0x2B, 0x7F, 0x33, 0xFF, 
    0x6C, 0x5B, 0x18, 0xA8, 0x00, 0x49, 0x39, 0xEB, 0x6C, 0x9F, 0x33, 0x3F, 0x3B, 0x1F, 0x3A, 0xFF, 
    0x3B, 0x1F, 0x3A, 0xFF, 0x32, 0xDF, 0x3A, 0xDF, 0x42, 0xDF, 0x42, 0x9F, 0x4A, 0x9F, 0x4A, 0x9F, 
    0x8C, 0x1F, 0x39, 0x8B, 0x03, 0x2E, 0x02, 0x69, 0x00, 0x00, 0x00, 0x00, 0x00, 0x00, 0x00, 0x00, 
    0x00, 0x00, 0x00, 0x00, 0x00, 0x00, 0x00, 0x00, 0x00, 0x00, 0x00, 0x00, 0x00, 0x00, 0x00, 0x00, 
    0x00, 0x00, 0x00, 0x00, 0x00, 0x00, 0x00, 0x00, 0x00, 0x00, 0x00, 0x00, 0x00, 0x00, 0x00, 0x00, 
    0x00, 0x00, 0x00, 0x00, 0x00, 0x00, 0x00, 0x00, 0x00, 0x00, 0x00, 0x00, 0x00, 0x00, 0x00, 0x00, 
    0x00, 0x00, 0x00, 0x00, 0x00, 0x00, 0x00, 0x00, 0x00, 0x00, 0x00, 0x00, 0x00, 0x00, 0x00, 0x00, 
    0x00, 0x00, 0x00, 0x00, 0x00, 0x00, 0x00, 0x00, 0x00, 0x00, 0x00, 0x00, 0x00, 0x00, 0x00, 0x00, 
    0x00, 0x00, 0x00, 0x00, 0x00, 0x00, 0x00, 0x00, 0x00, 0x00, 0x00, 0x00, 0x00, 0x00, 0x00, 0x00, 
    0x00, 0x00, 0x00, 0x00, 0x00, 0x00, 0x00, 0x00, 0x00, 0x00, 0x00, 0x00, 0x00, 0x00, 0x00, 0x00, 
    0x00, 0x00, 0x00, 0x00, 0x00, 0x00, 0x00, 0x00, 0x00, 0x00, 0x00, 0x00, 0x00, 0x00, 0x00, 0x00, 
    0x00, 0x00, 0x00, 0x00, 0x00, 0x00, 0x00, 0x00, 0x00, 0x00, 0x00, 0x00, 0x00, 0x00, 0x00, 0x00, 
    0x00, 0x00, 0x00, 0x00, 0x00, 0x00, 0x00, 0x00, 0x00, 0x00, 0x00, 0x00, 0x00, 0x00, 0x00, 0x00, 
    0x00, 0x00, 0x00, 0x00, 0x00, 0x00, 0x00, 0x00, 0x00, 0x00, 0x00, 0x00, 0x00, 0x00, 0x00, 0x00, 
    0x00, 0x00, 0x00, 0x00, 0x00, 0x00, 0x00, 0x00, 0x00, 0x00, 0x00, 0x00, 0x00, 0x00, 0x00, 0x00, 
    0x00, 0x00, 0x00, 0x00, 0x00, 0x00, 0x00, 0x00, 0x00, 0x00, 0x00, 0x00, 0x00, 0x00, 0x00, 0x00, 
    0x00, 0x00, 0x00, 0x00, 0x00, 0x00, 0x00, 0x00, 0x00, 0x00, 0x00, 0x00, 0x00, 0x00, 0x00, 0x00, 
    0x00, 0x00, 0x00, 0x00, 0x00, 0x00, 0x00, 0x00, 0x00, 0x00, 0x00, 0x00, 0x00, 0x00, 0x00, 0x00, 
    0x00, 0x00, 0x00, 0x00, 0x00, 0x00, 0x00, 0x00, 0x00, 0x00, 0x00, 0x00, 0x00, 0x00, 0x00, 0x00, 
    0x00, 0x00, 0x00, 0x00, 0x00, 0x00, 0x00, 0x00, 0x00, 0x00, 0x00, 0x00, 0x00, 0x00, 0x00, 0x00, 
    0x00, 0x00, 0x00, 0x00, 0x00, 0x00, 0x00, 0x00, 0x00, 0x00, 0x00, 0x00, 0x00, 0x00, 0x00, 0x00, 
    0x00, 0x00, 0x00, 0x00, 0x00, 0x00, 0x00, 0x00, 0x00, 0x00, 0x00, 0x00, 0x00, 0x00, 0x00, 0x00, 
    0x00, 0x00, 0x00, 0x00, 0x00, 0x00, 0x00, 0x00, 0x00, 0x00, 0x00, 0x00, 0x00, 0x00, 0x00, 0x00, 
    0x00, 0x00, 0x00, 0x00, 0x00, 0x00, 0x00, 0x00, 0x00, 0x00, 0x00, 0x00, 0x00, 0x00, 0x00, 0x00, 
    0x00, 0x00, 0x00, 0x00, 0x00, 0x00, 0x00, 0x00, 0x00, 0x00, 0x00, 0x00, 0x00, 0x00, 0x00, 0x00, 
    0x00, 0x00, 0x01, 0x86, 0x01, 0x65, 0x53, 0x2E, 0x77, 0x7D, 0x4F, 0x3D, 0x57, 0x3D, 0x5F, 0x3D, 
    0x5F, 0x3D, 0x57, 0x3D, 0x4F, 0x3D, 0x4F, 0x3D, 0x57, 0x7E, 0x27, 0xFF, 0x17, 0xFF, 0x17, 0xFF, 
    0x3F, 0x9D, 0x10, 0xE6, 0x00, 0x02, 0x4C, 0x73, 0x27, 0xFF, 0x17, 0xFF, 0x17, 0xFF, 0x3F, 0xBF, 
    0x47, 0x9E, 0x47, 0x9E, 0x47, 0x9E, 0x47, 0x9E, 0x3F, 0x7E, 0x2F, 0xFF, 0x0F, 0xDF, 0x1F, 0xDF, 
    0x17, 0xFF, 0x4E, 0x79, 0x08, 0x24, 0x10, 0x86, 0x46, 0xBB, 0x07, 0xFF, 0x0F, 0xDF, 0x07, 0xDF, 
    0x2F, 0xBF, 0x47, 0x7E, 0x3F, 0x7E, 0x3F, 0x7E, 0x47, 0x7E, 0x47, 0x7E, 0x2F, 0x5F, 0x07, 0x7F, 
    0x0F, 0x7F, 0x17, 0xDF, 0x44, 0xB3, 0x01, 0x49, 0x03, 0x6F, 0x02, 0x89, 0x01, 0x24, 0x00, 0x82, 
    0x01, 0x24, 0x02, 0xCB, 0x01, 0xE8, 0x4C, 0x32, 0x1F, 0x9F, 0x0E, 0xDF, 0x06, 0xDF, 0x36, 0xBE, 
    0x4E, 0x7C, 0x4E, 0x7D, 0x46, 0x7D, 0x46, 0x7D, 0x3E, 0x5D, 0x3E, 0x3D, 0x3E, 0x3D, 0x4E, 0x9E, 
    0x4C, 0x11, 0x00, 0x06, 0x00, 0x06, 0x4C, 0x95, 0x16, 0x3F, 0x15, 0xDF, 0x0D, 0xDF, 0x2E, 0x5F, 
    0x4E, 0x5E, 0x4E, 0x3E, 0x45, 0xFE, 0x3D, 0xBD, 0x35, 0x9D, 0x35, 0x9D, 0x35, 0x9E, 0x65, 0xBB, 
    0x18, 0xC6, 0x10, 0x84, 0x4D, 0x9C, 0x0D, 0x1F, 0x1D, 0x1F, 0x15, 0x1F, 0x35, 0x5F, 0x3D, 0x3D, 
    0x3D, 0x3D, 0x45, 0x5E, 0x4D, 0x3E, 0x45, 0x3E, 0x34, 0xDF, 0x14, 0x3F, 0x14, 0x3F, 0x14, 0x9F, 
    0x4B, 0xD5, 0x00, 0x02, 0x19, 0x06, 0x44, 0x9E, 0x1B, 0xDF, 0x2C, 0x1F, 0x34, 0x1F, 0x54, 0x9E, 
    0x4C, 0x9E, 0x44, 0x3E, 0x3B, 0xFD, 0x43, 0xFD, 0x4C, 0x3E, 0x33, 0xDF, 0x2B, 0x9F, 0x2B, 0x9F, 
    0x4C, 0x5F, 0x39, 0xCC, 0x00, 0x00, 0x5B, 0x54, 0x43, 0xBF, 0x43, 0x7F, 0x43, 0x7F, 0x63, 0xDE, 
    0x63, 0x7B, 0x5B, 0x3B, 0x5B, 0x3B, 0x63, 0x5B, 0x6B, 0x9C, 0x6B, 0x7E, 0x4A, 0xDF, 0x52, 0xDF, 
    0x73, 0x7F, 0x62, 0x70, 0x02, 0x4C, 0x03, 0x0C, 0x00, 0x82, 0x00, 0x00, 0x00, 0x00, 0x00, 0x00, 
    0x00, 0x00, 0x00, 0x00, 0x00, 0x00, 0x00, 0x00, 0x00, 0x00, 0x00, 0x00, 0x00, 0x00, 0x00, 0x00, 
    0x00, 0x00, 0x00, 0x00, 0x00, 0x00, 0x00, 0x00, 0x00, 0x00, 0x00, 0x00, 0x00, 0x00, 0x00, 0x00, 
    0x00, 0x00, 0x00, 0x00, 0x00, 0x00, 0x00, 0x00, 0x00, 0x00, 0x00, 0x00, 0x00, 0x00, 0x00, 0x00, 
    0x00, 0x00, 0x00, 0x00, 0x00, 0x00, 0x00, 0x00, 0x00, 0x00, 0x00, 0x00, 0x00, 0x00, 0x00, 0x00, 
    0x00, 0x00, 0x00, 0x00, 0x00, 0x00, 0x00, 0x00, 0x00, 0x00, 0x00, 0x00, 0x00, 0x00, 0x00, 0x00, 
    0x00, 0x00, 0x00, 0x00, 0x00, 0x00, 0x00, 0x00, 0x00, 0x00, 0x00, 0x00, 0x00, 0x00, 0x00, 0x00, 
    0x00, 0x00, 0x00, 0x00, 0x00, 0x00, 0x00, 0x00, 0x00, 0x00, 0x00, 0x00, 0x00, 0x00, 0x00, 0x00, 
    0x00, 0x00, 0x00, 0x00, 0x00, 0x00, 0x00, 0x00, 0x00, 0x00, 0x00, 0x00, 0x00, 0x00, 0x00, 0x00, 
    0x00, 0x00, 0x00, 0x00, 0x00, 0x00, 0x00, 0x00, 0x00, 0x00, 0x00, 0x00, 0x00, 0x00, 0x00, 0x00, 
    0x00, 0x00, 0x00, 0x00, 0x00, 0x00, 0x00, 0x00, 0x00, 0x00, 0x00, 0x00, 0x00, 0x00, 0x00, 0x00, 
    0x00, 0x00, 0x00, 0x00, 0x00, 0x00, 0x00, 0x00, 0x00, 0x00, 0x00, 0x00, 0x00, 0x00, 0x00, 0x00, 
    0x00, 0x00, 0x00, 0x00, 0x00, 0x00, 0x00, 0x00, 0x00, 0x00, 0x00, 0x00, 0x00, 0x00, 0x00, 0x00, 
    0x00, 0x00, 0x00, 0x00, 0x00, 0x00, 0x00, 0x00, 0x00, 0x00, 0x00, 0x00, 0x00, 0x00, 0x00, 0x00, 
    0x00, 0x00, 0x00, 0x00, 0x00, 0x00, 0x00, 0x00, 0x00, 0x00, 0x00, 0x00, 0x00, 0x00, 0x00, 0x00, 
    0x00, 0x00, 0x00, 0x00, 0x00, 0x00, 0x00, 0x00, 0x00, 0x00, 0x00, 0x00, 0x00, 0x00, 0x00, 0x00, 
    0x00, 0x00, 0x00, 0x00, 0x00, 0x00, 0x00, 0x00, 0x00, 0x00, 0x00, 0x00, 0x00, 0x00, 0x00, 0x00, 
    0x00, 0x00, 0x00, 0x00, 0x00, 0x00, 0x00, 0x00, 0x00, 0x00, 0x00, 0x00, 0x00, 0x00, 0x00, 0x00, 
    0x00, 0x00, 0x00, 0x00, 0x00, 0x00, 0x00, 0x00, 0x00, 0x00, 0x00, 0x00, 0x00, 0x00, 0x00, 0x00, 
    0x00, 0x00, 0x00, 0x00, 0x00, 0x00, 0x00, 0x00, 0x00, 0x00, 0x00, 0x00, 0x00, 0x00, 0x00, 0x00, 
    0x00, 0x00, 0x00, 0x00, 0x00, 0x00, 0x00, 0x00, 0x00, 0x00, 0x00, 0x00, 0x00, 0x00, 0x00, 0x00, 
    0x00, 0x00, 0x00, 0x00, 0x00, 0x00, 0x00, 0x00, 0x00, 0x00, 0x00, 0x00, 0x00, 0x00, 0x00, 0x00, 
    0x00, 0x00, 0x00, 0x00, 0x00, 0x00, 0x00, 0x00, 0x00, 0x00, 0x00, 0x00, 0x00, 0x00, 0x00, 0x00, 
    0x00, 0x00, 0x01, 0x86, 0x02, 0x69, 0x09, 0x88, 0x18, 0xE6, 0x10, 0x64, 0x10, 0x65, 0x18, 0x66, 
    0x10, 0x66, 0x10, 0x44, 0x10, 0x43, 0x10, 0x42, 0x28, 0xC5, 0x4E, 0xDC, 0x17, 0xFF, 0x17, 0xFF, 
    0x37, 0x7D, 0x11, 0x06, 0x00, 0x02, 0x54, 0x93, 0x27, 0xFF, 0x17, 0xFF, 0x37, 0xFF, 0x4B, 0x8F, 
    0x18, 0xE7, 0x21, 0x49, 0x21, 0x4A, 0x21, 0x49, 0x19, 0x07, 0x4B, 0x4F, 0x37, 0xDF, 0x17, 0xFF, 
    0x0F, 0xFF, 0x3E, 0x59, 0x08, 0x02, 0x10, 0x44, 0x3E, 0x9B, 0x07, 0xFF, 0x07, 0xFF, 0x37, 0xBE, 
    0x3A, 0x8B, 0x18, 0xE6, 0x21, 0x29, 0x21, 0x4A, 0x21, 0x4A, 0x18, 0xE7, 0x4B, 0x70, 0x27, 0xBF, 
    0x07, 0x7F, 0x1F, 0xDF, 0x44, 0xB3, 0x01, 0x09, 0x03, 0x4E, 0x02, 0x89, 0x01, 0x24, 0x00, 0xA2, 
    0x01, 0x86, 0x03, 0x0C, 0x01, 0xE8, 0x3B, 0xF0, 0x17, 0x7F, 0x06, 0xFF, 0x37, 0x5F, 0x42, 0x4B, 
    0x08, 0x01, 0x10, 0x43, 0x10, 0x44, 0x10, 0x44, 0x10, 0x44, 0x10, 0x43, 0x10, 0x42, 0x10, 0xA3, 
    0x00, 0x43, 0x00, 0x49, 0x00, 0x06, 0x44, 0xB5, 0x1E, 0x5F, 0x0D, 0xDF, 0x1E, 0x3F, 0x43, 0xB1, 
    0x19, 0x07, 0x21, 0x49, 0x21, 0x49, 0x19, 0x49, 0x19, 0x29, 0x19, 0x28, 0x19, 0x27, 0x10, 0xE6, 
    0x00, 0x27, 0x10, 0xC7, 0x4D, 0x7B, 0x15, 0x3F, 0x15, 0x1F, 0x3D, 0x9E, 0x32, 0x2A, 0x18, 0xC6, 
    0x19, 0x08, 0x19, 0x29, 0x19, 0x29, 0x18, 0xE6, 0x3A, 0xEE, 0x24, 0xDF, 0x14, 0x3F, 0x24, 0x9F, 
    0x4B, 0xF6, 0x00, 0x02, 0x19, 0x05, 0x44, 0x7E, 0x1B, 0xDF, 0x2C, 0x1F, 0x5C, 0x9B, 0x29, 0x68, 
    0x19, 0x08, 0x18, 0xE7, 0x18, 0xE7, 0x18, 0xE7, 0x21, 0x28, 0x5C, 0x19, 0x33, 0xDF, 0x2B, 0x7F, 
    0x43, 0xFF, 0x31, 0xAB, 0x00, 0x00, 0x53, 0x34, 0x43, 0xBF, 0x3B, 0x5F, 0x6C, 0x3F, 0x42, 0x0B, 
    0x08, 0x21, 0x08, 0x42, 0x08, 0x41, 0x08, 0x42, 0x08, 0x21, 0x52, 0x6E, 0x6B, 0x9F, 0x4A, 0xDF, 
    0x6B, 0x3F, 0x5A, 0x30, 0x01, 0xCB, 0x03, 0x4D, 0x01, 0x65, 0x00, 0x00, 0x00, 0x00, 0x00, 0x00, 
    0x00, 0x00, 0x00, 0x00, 0x00, 0x00, 0x00, 0x00, 0x00, 0x00, 0x00, 0x00, 0x00, 0x00, 0x00, 0x00, 
    0x00, 0x00, 0x00, 0x00, 0x00, 0x00, 0x00, 0x00, 0x00, 0x00, 0x00, 0x00, 0x00, 0x00, 0x00, 0x00, 
    0x00, 0x00, 0x00, 0x00, 0x00, 0x00, 0x00, 0x00, 0x00, 0x00, 0x00, 0x00, 0x00, 0x00, 0x00, 0x00, 
    0x00, 0x00, 0x00, 0x00, 0x00, 0x00, 0x00, 0x00, 0x00, 0x00, 0x00, 0x00, 0x00, 0x00, 0x00, 0x00, 
    0x00, 0x00, 0x00, 0x00, 0x00, 0x00, 0x00, 0x00, 0x00, 0x00, 0x00, 0x00, 0x00, 0x00, 0x00, 0x00, 
    0x00, 0x00, 0x00, 0x00, 0x00, 0x00, 0x00, 0x00, 0x00, 0x00, 0x00, 0x00, 0x00, 0x00, 0x00, 0x00, 
    0x00, 0x00, 0x00, 0x00, 0x00, 0x00, 0x00, 0x00, 0x00, 0x00, 0x00, 0x00, 0x00, 0x00, 0x00, 0x00, 
    0x00, 0x00, 0x00, 0x00, 0x00, 0x00, 0x00, 0x00, 0x00, 0x00, 0x00, 0x00, 0x00, 0x00, 0x00, 0x00, 
    0x00, 0x00, 0x00, 0x00, 0x00, 0x00, 0x00, 0x00, 0x00, 0x00, 0x00, 0x00, 0x00, 0x00, 0x00, 0x00, 
    0x00, 0x00, 0x00, 0x00, 0x00, 0x00, 0x00, 0x00, 0x00, 0x00, 0x00, 0x00, 0x00, 0x00, 0x00, 0x00, 
    0x00, 0x00, 0x00, 0x00, 0x00, 0x00, 0x00, 0x00, 0x00, 0x00, 0x00, 0x00, 0x00, 0x00, 0x00, 0x00, 
    0x00, 0x00, 0x00, 0x00, 0x00, 0x00, 0x00, 0x00, 0x00, 0x00, 0x00, 0x00, 0x00, 0x00, 0x00, 0x00, 
    0x00, 0x00, 0x00, 0x00, 0x00, 0x00, 0x00, 0x00, 0x00, 0x00, 0x00, 0x00, 0x00, 0x00, 0x00, 0x00, 
    0x00, 0x00, 0x00, 0x00, 0x00, 0x00, 0x00, 0x00, 0x00, 0x00, 0x00, 0x00, 0x00, 0x00, 0x00, 0x00, 
    0x00, 0x00, 0x00, 0x00, 0x00, 0x00, 0x00, 0x00, 0x00, 0x00, 0x00, 0x00, 0x00, 0x00, 0x00, 0x00, 
    0x00, 0x00, 0x00, 0x00, 0x00, 0x00, 0x00, 0x00, 0x00, 0x00, 0x00, 0x00, 0x00, 0x00, 0x00, 0x00, 
    0x00, 0x00, 0x00, 0x00, 0x00, 0x00, 0x00, 0x00, 0x00, 0x00, 0x00, 0x00, 0x00, 0x00, 0x00, 0x00, 
    0x00, 0x00, 0x00, 0x00, 0x00, 0x00, 0x00, 0x00, 0x00, 0x00, 0x00, 0x00, 0x00, 0x00, 0x00, 0x00, 
    0x00, 0x00, 0x00, 0x00, 0x00, 0x00, 0x00, 0x00, 0x00, 0x00, 0x00, 0x00, 0x00, 0x00, 0x00, 0x00, 
    0x00, 0x00, 0x00, 0x00, 0x00, 0x00, 0x00, 0x00, 0x00, 0x00, 0x00, 0x00, 0x00, 0x00, 0x00, 0x00, 
    0x00, 0x00, 0x00, 0x00, 0x00, 0x00, 0x00, 0x00, 0x00, 0x00, 0x00, 0x00, 0x00, 0x00, 0x00, 0x00, 
    0x00, 0x00, 0x00, 0x00, 0x00, 0x00, 0x00, 0x00, 0x00, 0x00, 0x00, 0x00, 0x00, 0x00, 0x00, 0x00, 
    0x00, 0x00, 0x01, 0x86, 0x03, 0x6D, 0x02, 0x8C, 0x00, 0x44, 0x29, 0x47, 0x29, 0x88, 0x29, 0x89, 
    0x29, 0x88, 0x29, 0x67, 0x29, 0x66, 0x21, 0x66, 0x31, 0x67, 0x4E, 0x7B, 0x17, 0xFF, 0x0F, 0xFF, 
    0x37, 0x7D, 0x19, 0x07, 0x00, 0x03, 0x54, 0x94, 0x27, 0xFF, 0x17, 0xFF, 0x2F, 0xFF, 0x32, 0xCC, 
    0x00, 0x05, 0x00, 0x6A, 0x00, 0x8B, 0x00, 0x6A, 0x00, 0x07, 0x21, 0x28, 0x4F, 0x9F, 0x0F, 0xFF, 
    0x0F, 0xFF, 0x3E, 0x59, 0x08, 0x03, 0x10, 0x45, 0x3E, 0x9B, 0x07, 0xFF, 0x0F, 0xFF, 0x47, 0x1C, 
    0x18, 0x85, 0x00, 0x08, 0x00, 0x69, 0x00, 0x8A, 0x00, 0x6A, 0x00, 0x06, 0x3A, 0xAD, 0x37, 0xDF, 
    0x0F, 0x7F, 0x1F, 0xFF, 0x44, 0x93, 0x01, 0x08, 0x03, 0x4E, 0x02, 0x89, 0x01, 0x45, 0x00, 0xA2, 
    0x01, 0x65, 0x03, 0x2C, 0x01, 0xE9, 0x3B, 0xF1, 0x0F, 0x7F, 0x06, 0xDF, 0x37, 0x3F, 0x53, 0xD0, 
    0x21, 0xE8, 0x22, 0x09, 0x2A, 0x09, 0x2A, 0x2A, 0x2A, 0x4B, 0x32, 0x4A, 0x32, 0x09, 0x08, 0x63, 
    0x00, 0x03, 0x00, 0x4A, 0x00, 0x05, 0x4C, 0xB5, 0x1E, 0x7F, 0x0D, 0xDF, 0x36, 0x9F, 0x2A, 0x08, 
    0x00, 0x06, 0x00, 0x6B, 0x00, 0xCC, 0x01, 0x2D, 0x01, 0x2D, 0x01, 0x2C, 0x00, 0xEB, 0x00, 0xCA, 
    0x00, 0xAC, 0x10, 0xC6, 0x4D, 0x5A, 0x15, 0x3F, 0x1D, 0x1F, 0x4D, 0x7C, 0x10, 0xA5, 0x00, 0x29, 
    0x00, 0x6A, 0x00, 0x8B, 0x00, 0x6A, 0x00, 0x06, 0x29, 0xA7, 0x35, 0x1F, 0x14, 0x3F, 0x24, 0xBF, 
    0x54, 0x16, 0x00, 0x02, 0x19, 0x06, 0x44, 0x9E, 0x1B, 0xDF, 0x23, 0xFF, 0x54, 0x7A, 0x08, 0x65, 
    0x00, 0x08, 0x00, 0x29, 0x00, 0x49, 0x00, 0x29, 0x00, 0x03, 0x53, 0x72, 0x3B, 0xFF, 0x23, 0x3F, 
    0x4B, 0xFF, 0x31, 0xCC, 0x00, 0x00, 0x53, 0x55, 0x43, 0xBF, 0x33, 0x3F, 0x63, 0xFF, 0x42, 0x2C, 
    0x19, 0x05, 0x18, 0xE6, 0x18, 0xE5, 0x18, 0xE5, 0x18, 0xE4, 0x52, 0x8E, 0x6B, 0x9F, 0x4A, 0xBF, 
    0x63, 0x1F, 0x52, 0x0F, 0x01, 0x6A, 0x03, 0x4F, 0x02, 0x28, 0x00, 0x00, 0x00, 0x00, 0x00, 0x00, 
    0x00, 0x00, 0x00, 0x00, 0x00, 0x00, 0x00, 0x00, 0x00, 0x00, 0x00, 0x00, 0x00, 0x00, 0x00, 0x00, 
    0x00, 0x00, 0x00, 0x00, 0x00, 0x00, 0x00, 0x00, 0x00, 0x00, 0x00, 0x00, 0x00, 0x00, 0x00, 0x00, 
    0x00, 0x00, 0x00, 0x00, 0x00, 0x00, 0x00, 0x00, 0x00, 0x00, 0x00, 0x00, 0x00, 0x00, 0x00, 0x00, 
    0x00, 0x00, 0x00, 0x00, 0x00, 0x00, 0x00, 0x00, 0x00, 0x00, 0x00, 0x00, 0x00, 0x00, 0x00, 0x00, 
    0x00, 0x00, 0x00, 0x00, 0x00, 0x00, 0x00, 0x00, 0x00, 0x00, 0x00, 0x00, 0x00, 0x00, 0x00, 0x00, 
    0x00, 0x00, 0x00, 0x00, 0x00, 0x00, 0x00, 0x00, 0x00, 0x00, 0x00, 0x00, 0x00, 0x00, 0x00, 0x00, 
    0x00, 0x00, 0x00, 0x00, 0x00, 0x00, 0x00, 0x00, 0x00, 0x00, 0x00, 0x00, 0x00, 0x00, 0x00, 0x00, 
    0x00, 0x00, 0x00, 0x00, 0x00, 0x00, 0x00, 0x00, 0x00, 0x00, 0x00, 0x00, 0x00, 0x00, 0x00, 0x00, 
    0x00, 0x00, 0x00, 0x00, 0x00, 0x00, 0x00, 0x00, 0x00, 0x00, 0x00, 0x00, 0x00, 0x00, 0x00, 0x00, 
    0x00, 0x00, 0x00, 0x00, 0x00, 0x00, 0x00, 0x00, 0x00, 0x00, 0x00, 0x00, 0x00, 0x00, 0x00, 0x00, 
    0x00, 0x00, 0x00, 0x00, 0x00, 0x00, 0x00, 0x00, 0x00, 0x00, 0x00, 0x00, 0x00, 0x00, 0x00, 0x00, 
    0x00, 0x00, 0x00, 0x00, 0x00, 0x00, 0x00, 0x00, 0x00, 0x00, 0x00, 0x00, 0x00, 0x00, 0x00, 0x00, 
    0x00, 0x00, 0x00, 0x00, 0x00, 0x00, 0x00, 0x00, 0x00, 0x00, 0x00, 0x00, 0x00, 0x00, 0x00, 0x00, 
    0x00, 0x00, 0x00, 0x00, 0x00, 0x00, 0x00, 0x00, 0x00, 0x00, 0x00, 0x00, 0x00, 0x00, 0x00, 0x00, 
    0x00, 0x00, 0x00, 0x00, 0x00, 0x00, 0x00, 0x00, 0x00, 0x00, 0x00, 0x00, 0x00, 0x00, 0x00, 0x00, 
    0x00, 0x00, 0x00, 0x00, 0x00, 0x00, 0x00, 0x00, 0x00, 0x00, 0x00, 0x00, 0x00, 0x00, 0x00, 0x00, 
    0x00, 0x00, 0x00, 0x00, 0x00, 0x00, 0x00, 0x00, 0x00, 0x00, 0x00, 0x00, 0x00, 0x00, 0x00, 0x00, 
    0x00, 0x00, 0x00, 0x00, 0x00, 0x00, 0x00, 0x00, 0x00, 0x00, 0x00, 0x00, 0x00, 0x00, 0x00, 0x00, 
    0x00, 0x00, 0x00, 0x00, 0x00, 0x00, 0x00, 0x00, 0x00, 0x00, 0x00, 0x00, 0x00, 0x00, 0x00, 0x00, 
    0x00, 0x00, 0x00, 0x00, 0x00, 0x00, 0x00, 0x00, 0x00, 0x00, 0x00, 0x00, 0x00, 0x00, 0x00, 0x00, 
    0x00, 0x00, 0x00, 0x00, 0x00, 0x00, 0x00, 0x00, 0x00, 0x00, 0x00, 0x00, 0x00, 0x00, 0x00, 0x00, 
    0x00, 0x00, 0x00, 0x00, 0x00, 0x00, 0x00, 0x00, 0x00, 0x00, 0x00, 0x00, 0x00, 0x00, 0x00, 0x00, 
    0x00, 0x00, 0x02, 0x49, 0x02, 0x6A, 0x21, 0x47, 0x5D, 0xD7, 0x3F, 0xDF, 0x47, 0xFF, 0x4F, 0xFF, 
    0x4F, 0xFF, 0x47, 0xFF, 0x3F, 0xDF, 0x47, 0xFF, 0x4F, 0xFF, 0x27, 0xDF, 0x0F, 0xDF, 0x0F, 0xFF, 
    0x3F, 0x9D, 0x19, 0x28, 0x00, 0x04, 0x54, 0x94, 0x1F, 0xFF, 0x0F, 0xFF, 0x27, 0xFF, 0x32, 0xEC, 
    0x00, 0x48, 0x01, 0x2D, 0x01, 0x4C, 0x01, 0x2C, 0x00, 0xAB, 0x29, 0x89, 0x47, 0x9F, 0x0F, 0xFF, 
    0x07, 0xFF, 0x46, 0x59, 0x08, 0x04, 0x10, 0x66, 0x46, 0xBB, 0x0F, 0xFF, 0x0F, 0xFF, 0x47, 0x3D, 
    0x19, 0x07, 0x00, 0x8A, 0x00, 0xEB, 0x01, 0x0B, 0x00, 0xEB, 0x00, 0x27, 0x3A, 0xED, 0x37, 0xDF, 
    0x17, 0x9F, 0x1F, 0xDF, 0x44, 0xB3, 0x01, 0x09, 0x03, 0x4E, 0x02, 0x89, 0x01, 0x45, 0x00, 0x82, 
    0x01, 0x45, 0x03, 0x0C, 0x02, 0x09, 0x4B, 0xF1, 0x1F, 0x9F, 0x06, 0xDF, 0x0E, 0xDF, 0x2F, 0x3F, 
    0x2F, 0x1F, 0x26, 0xDF, 0x26, 0xBF, 0x2E, 0xDF, 0x36, 0xDF, 0x36, 0xDF, 0x2E, 0xBF, 0x3D, 0xFC, 
    0x32, 0x4B, 0x00, 0x06, 0x00, 0x05, 0x4C, 0xB5, 0x1E, 0x5F, 0x15, 0xDF, 0x3E, 0x9F, 0x2A, 0x4A, 
    0x00, 0x29, 0x01, 0x0D, 0x01, 0x8E, 0x01, 0xEE, 0x02, 0x2E, 0x02, 0x2E, 0x01, 0xEE, 0x01, 0x8D, 
    0x01, 0x0D, 0x10, 0xC5, 0x45, 0x3A, 0x0D, 0x1F, 0x14, 0xFF, 0x4D, 0x7C, 0x19, 0x08, 0x00, 0xAC, 
    0x01, 0x0C, 0x01, 0x2C, 0x01, 0x0C, 0x00, 0x68, 0x29, 0xE9, 0x3D, 0x1F, 0x14, 0x1F, 0x24, 0x9F, 
    0x4B, 0xF6, 0x00, 0x02, 0x19, 0x06, 0x54, 0xBE, 0x23, 0xDF, 0x23, 0xDF, 0x4C, 0x1A, 0x10, 0x85, 
    0x00, 0x6A, 0x00, 0xCB, 0x00, 0xEC, 0x00, 0xAC, 0x00, 0x04, 0x4B, 0x32, 0x33, 0xBF, 0x23, 0x1F, 
    0x54, 0x1F, 0x39, 0xED, 0x00, 0x00, 0x53, 0x35, 0x43, 0x9F, 0x33, 0x1F, 0x3B, 0x1F, 0x5B, 0xDF, 
    0x63, 0xFF, 0x5B, 0x9F, 0x53, 0x5F, 0x5B, 0x5E, 0x63, 0xBF, 0x6B, 0x9E, 0x52, 0xFF, 0x4A, 0xBF, 
    0x5A, 0xFF, 0x52, 0x0F, 0x01, 0x2A, 0x03, 0x30, 0x03, 0x2C, 0x01, 0xA6, 0x00, 0x20, 0x00, 0x00, 
    0x00, 0x00, 0x00, 0x00, 0x00, 0x00, 0x00, 0x00, 0x00, 0x00, 0x00, 0x00, 0x00, 0x00, 0x00, 0x00, 
    0x00, 0x00, 0x00, 0x00, 0x00, 0x00, 0x00, 0x00, 0x00, 0x00, 0x00, 0x00, 0x00, 0x00, 0x00, 0x00, 
    0x00, 0x00, 0x00, 0x00, 0x00, 0x00, 0x00, 0x00, 0x00, 0x00, 0x00, 0x00, 0x00, 0x00, 0x00, 0x00, 
    0x00, 0x00, 0x00, 0x00, 0x00, 0x00, 0x00, 0x00, 0x00, 0x00, 0x00, 0x00, 0x00, 0x00, 0x00, 0x00, 
    0x00, 0x00, 0x00, 0x00, 0x00, 0x00, 0x00, 0x00, 0x00, 0x00, 0x00, 0x00, 0x00, 0x00, 0x00, 0x00, 
    0x00, 0x00, 0x00, 0x00, 0x00, 0x00, 0x00, 0x00, 0x00, 0x00, 0x00, 0x00, 0x00, 0x00, 0x00, 0x00, 
    0x00, 0x00, 0x00, 0x00, 0x00, 0x00, 0x00, 0x00, 0x00, 0x00, 0x00, 0x00, 0x00, 0x00, 0x00, 0x00, 
    0x00, 0x00, 0x00, 0x00, 0x00, 0x00, 0x00, 0x00, 0x00, 0x00, 0x00, 0x00, 0x00, 0x00, 0x00, 0x00, 
    0x00, 0x00, 0x00, 0x00, 0x00, 0x00, 0x00, 0x00, 0x00, 0x00, 0x00, 0x00, 0x00, 0x00, 0x00, 0x00, 
    0x00, 0x00, 0x00, 0x00, 0x00, 0x00, 0x00, 0x00, 0x00, 0x00, 0x00, 0x00, 0x00, 0x00, 0x00, 0x00, 
    0x00, 0x00, 0x00, 0x00, 0x00, 0x00, 0x00, 0x00, 0x00, 0x00, 0x00, 0x00, 0x00, 0x00, 0x00, 0x00, 
    0x00, 0x00, 0x00, 0x00, 0x00, 0x00, 0x00, 0x00, 0x00, 0x00, 0x00, 0x00, 0x00, 0x00, 0x00, 0x00, 
    0x00, 0x00, 0x00, 0x00, 0x00, 0x00, 0x00, 0x00, 0x00, 0x00, 0x00, 0x00, 0x00, 0x00, 0x00, 0x00, 
    0x00, 0x00, 0x00, 0x00, 0x00, 0x00, 0x00, 0x00, 0x00, 0x00, 0x00, 0x00, 0x00, 0x00, 0x00, 0x00, 
    0x00, 0x00, 0x00, 0x00, 0x00, 0x00, 0x00, 0x00, 0x00, 0x00, 0x00, 0x00, 0x00, 0x00, 0x00, 0x00, 
    0x00, 0x00, 0x00, 0x00, 0x00, 0x00, 0x00, 0x00, 0x00, 0x00, 0x00, 0x00, 0x00, 0x00, 0x00, 0x00, 
    0x00, 0x00, 0x00, 0x00, 0x00, 0x00, 0x00, 0x00, 0x00, 0x00, 0x00, 0x00, 0x00, 0x00, 0x00, 0x00, 
    0x00, 0x00, 0x00, 0x00, 0x00, 0x00, 0x00, 0x00, 0x00, 0x00, 0x00, 0x00, 0x00, 0x00, 0x00, 0x00, 
    0x00, 0x00, 0x00, 0x00, 0x00, 0x00, 0x00, 0x00, 0x00, 0x00, 0x00, 0x00, 0x00, 0x00, 0x00, 0x00, 
    0x00, 0x00, 0x00, 0x00, 0x00, 0x00, 0x00, 0x00, 0x00, 0x00, 0x00, 0x00, 0x00, 0x00, 0x00, 0x00, 
    0x00, 0x00, 0x00, 0x00, 0x00, 0x00, 0x00, 0x00, 0x00, 0x00, 0x00, 0x00, 0x00, 0x00, 0x00, 0x00, 
    0x00, 0x00, 0x00, 0x00, 0x00, 0x00, 0x00, 0x00, 0x00, 0x00, 0x00, 0x00, 0x00, 0x00, 0x00, 0x00, 
    0x00, 0xA2, 0x02, 0x69, 0x19, 0x46, 0x6E, 0x5A, 0x17, 0xFF, 0x07, 0xFF, 0x07, 0xFF, 0x07, 0xFF, 
    0x07, 0xFF, 0x07, 0xFF, 0x07, 0xFF, 0x0F, 0xFF, 0x0F, 0xFF, 0x07, 0xFF, 0x17, 0xDF, 0x0F, 0xFF, 
    0x3F, 0x9D, 0x19, 0x28, 0x00, 0x04, 0x4C, 0x93, 0x1F, 0xFF, 0x0F, 0xFF, 0x27, 0xFF, 0x3A, 0xCC, 
    0x00, 0x89, 0x01, 0xAD, 0x01, 0xCC, 0x01, 0xCD, 0x01, 0x2C, 0x29, 0x89, 0x47, 0x9E, 0x07, 0xFF, 
    0x0F, 0xFF, 0x46, 0x5A, 0x08, 0x04, 0x10, 0x46, 0x46, 0xBB, 0x0F, 0xFF, 0x0F, 0xFF, 0x47, 0x3D, 
    0x19, 0x07, 0x00, 0xAB, 0x01, 0x2B, 0x01, 0x4B, 0x01, 0x2C, 0x00, 0x47, 0x42, 0xED, 0x37, 0xDF, 
    0x0F, 0x7F, 0x1F, 0xDF, 0x4C, 0xB4, 0x01, 0x29, 0x03, 0x4E, 0x02, 0x89, 0x01, 0x24, 0x00, 0x61, 
    0x01, 0x04, 0x02, 0x8A, 0x02, 0xCC, 0x21, 0xA8, 0x5E, 0xDE, 0x07, 0x3F, 0x06, 0xDF, 0x06, 0xDF, 
    0x06, 0xBF, 0x06, 0x9F, 0x06, 0x7F, 0x06, 0x5F, 0x06, 0x5F, 0x06, 0x1F, 0x06, 0x1F, 0x06, 0x3F, 
    0x46, 0x9F, 0x29, 0xA9, 0x00, 0x02, 0x44, 0x95, 0x1E, 0x3F, 0x15, 0xBF, 0x3E, 0x7F, 0x32, 0x6B, 
    0x00, 0x6A, 0x01, 0x6D, 0x01, 0xCD, 0x02, 0x2E, 0x02, 0x6E, 0x02, 0x6E, 0x02, 0x4E, 0x01, 0xEE, 
    0x01, 0x6F, 0x10, 0xE6, 0x45, 0x3A, 0x0C, 0xFF, 0x0C, 0xFF, 0x45, 0x7C, 0x19, 0x28, 0x00, 0xCD, 
    0x01, 0x4C, 0x01, 0x4C, 0x01, 0x4C, 0x00, 0xAA, 0x2A, 0x09, 0x3D, 0x3F, 0x14, 0x1F, 0x1C, 0x7F, 
    0x43, 0xD6, 0x00, 0x02, 0x19, 0x06, 0x54, 0xBE, 0x2B, 0xFF, 0x23, 0xDF, 0x4C, 0x1A, 0x10, 0x84, 
    0x00, 0x8A, 0x01, 0x0B, 0x01, 0x2C, 0x00, 0xEC, 0x00, 0x24, 0x4B, 0x12, 0x33, 0x9F, 0x23, 0x1F, 
    0x5C, 0x3F, 0x42, 0x0D, 0x00, 0x00, 0x53, 0x14, 0x3B, 0x5F, 0x3B, 0x1F, 0x33, 0x1F, 0x3A, 0xFF, 
    0x43, 0x3F, 0x43, 0x1F, 0x3A, 0xDF, 0x42, 0xDF, 0x42, 0xBF, 0x42, 0x9F, 0x42, 0xBF, 0x42, 0x7F, 
    0x5A, 0xDF, 0x52, 0x2F, 0x00, 0xEB, 0x02, 0x91, 0x03, 0x8F, 0x03, 0x2C, 0x01, 0xE7, 0x00, 0x61, 
    0x00, 0x00, 0x00, 0x00, 0x00, 0x00, 0x00, 0x00, 0x00, 0x00, 0x00, 0x00, 0x00, 0x00, 0x00, 0x00, 
    0x00, 0x00, 0x00, 0x00, 0x00, 0x00, 0x00, 0x00, 0x00, 0x00, 0x00, 0x00, 0x00, 0x00, 0x00, 0x00, 
    0x00, 0x00, 0x00, 0x00, 0x00, 0x00, 0x00, 0x00, 0x00, 0x00, 0x00, 0x00, 0x00, 0x00, 0x00, 0x00, 
    0x00, 0x00, 0x00, 0x00, 0x00, 0x00, 0x00, 0x00, 0x00, 0x00, 0x00, 0x00, 0x00, 0x00, 0x00, 0x00, 
    0x00, 0x00, 0x00, 0x00, 0x00, 0x00, 0x00, 0x00, 0x00, 0x00, 0x00, 0x00, 0x00, 0x00, 0x00, 0x00, 
    0x00, 0x00, 0x00, 0x00, 0x00, 0x00, 0x00, 0x00, 0x00, 0x00, 0x00, 0x00, 0x00, 0x00, 0x00, 0x00, 
    0x00, 0x00, 0x00, 0x00, 0x00, 0x00, 0x00, 0x00, 0x00, 0x00, 0x00, 0x00, 0x00, 0x00, 0x00, 0x00, 
    0x00, 0x00, 0x00, 0x00, 0x00, 0x00, 0x00, 0x00, 0x00, 0x00, 0x00, 0x00, 0x00, 0x00, 0x00, 0x00, 
    0x00, 0x00, 0x00, 0x00, 0x00, 0x00, 0x00, 0x00, 0x00, 0x00, 0x00, 0x00, 0x00, 0x00, 0x00, 0x00, 
    0x00, 0x00, 0x00, 0x00, 0x00, 0x00, 0x00, 0x00, 0x00, 0x00, 0x00, 0x00, 0x00, 0x00, 0x00, 0x00, 
    0x00, 0x00, 0x00, 0x00, 0x00, 0x00, 0x00, 0x00, 0x00, 0x00, 0x00, 0x00, 0x00, 0x00, 0x00, 0x00, 
    0x00, 0x00, 0x00, 0x00, 0x00, 0x00, 0x00, 0x00, 0x00, 0x00, 0x00, 0x00, 0x00, 0x00, 0x00, 0x00, 
    0x00, 0x00, 0x00, 0x00, 0x00, 0x00, 0x00, 0x00, 0x00, 0x00, 0x00, 0x00, 0x00, 0x00, 0x00, 0x00, 
    0x00, 0x00, 0x00, 0x00, 0x00, 0x00, 0x00, 0x00, 0x00, 0x00, 0x00, 0x00, 0x00, 0x00, 0x00, 0x00, 
    0x00, 0x00, 0x00, 0x00, 0x00, 0x00, 0x00, 0x00, 0x00, 0x00, 0x00, 0x00, 0x00, 0x00, 0x00, 0x00, 
    0x00, 0x00, 0x00, 0x00, 0x00, 0x00, 0x00, 0x00, 0x00, 0x00, 0x00, 0x00, 0x00, 0x00, 0x00, 0x00, 
    0x00, 0x00, 0x00, 0x00, 0x00, 0x00, 0x00, 0x00, 0x00, 0x00, 0x00, 0x00, 0x00, 0x00, 0x00, 0x00, 
    0x00, 0x00, 0x00, 0x00, 0x00, 0x00, 0x00, 0x00, 0x00, 0x00, 0x00, 0x00, 0x00, 0x00, 0x00, 0x00, 
    0x00, 0x00, 0x00, 0x00, 0x00, 0x00, 0x00, 0x00, 0x00, 0x00, 0x00, 0x00, 0x00, 0x00, 0x00, 0x00, 
    0x00, 0x00, 0x00, 0x00, 0x00, 0x00, 0x00, 0x00, 0x00, 0x00, 0x00, 0x00, 0x00, 0x00, 0x00, 0x00, 
    0x00, 0x00, 0x00, 0x00, 0x00, 0x00, 0x00, 0x00, 0x00, 0x00, 0x00, 0x00, 0x00, 0x00, 0x00, 0x00, 
    0x00, 0x00, 0x00, 0x00, 0x00, 0x00, 0x00, 0x00, 0x00, 0x00, 0x00, 0x00, 0x00, 0x00, 0x00, 0x00, 
    0x01, 0x65, 0x01, 0xC7, 0x42, 0xAC, 0x47, 0xFF, 0x17, 0xFF, 0x1F, 0xFF, 0x3F, 0xBE, 0x46, 0xBB, 
    0x3E, 0xBB, 0x3E, 0xBB, 0x46, 0xBB, 0x46, 0xDB, 0x46, 0xDB, 0x2F, 0x9E, 0x0F, 0xDF, 0x17, 0xFF, 
    0x3F, 0x9E, 0x19, 0x28, 0x00, 0x03, 0x4C, 0x73, 0x17, 0xFF, 0x17, 0xFF, 0x2F, 0xFF, 0x3A, 0xCC, 
    0x00, 0xA9, 0x02, 0x0D, 0x02, 0x4D, 0x02, 0x2D, 0x01, 0x6C, 0x29, 0x89, 0x3F, 0x9E, 0x07, 0xFF, 
    0x0F, 0xFF, 0x56, 0x7A, 0x08, 0x04, 0x10, 0x46, 0x46, 0x9B, 0x07, 0xFF, 0x07, 0xDF, 0x47, 0x1C, 
    0x19, 0x06, 0x00, 0xAB, 0x01, 0x2B, 0x01, 0x2B, 0x01, 0x2B, 0x00, 0x48, 0x42, 0xEE, 0x37, 0xDF, 
    0x0F, 0x7F, 0x1F, 0xDF, 0x4C, 0xB3, 0x01, 0x09, 0x03, 0x4E, 0x02, 0x89, 0x01, 0x04, 0x00, 0x41, 
    0x00, 0xE3, 0x02, 0x08, 0x03, 0x4D, 0x02, 0x0B, 0x31, 0xEA, 0x45, 0xB8, 0x2E, 0x9D, 0x36, 0xBE, 
    0x3E, 0xBE, 0x36, 0x9D, 0x2E, 0x7D, 0x2E, 0x5D, 0x2E, 0x5D, 0x2E, 0x5E, 0x0E, 0x3F, 0x06, 0x1F, 
    0x1E, 0xDF, 0x43, 0xD1, 0x00, 0x00, 0x44, 0x95, 0x1E, 0x3F, 0x0D, 0xBF, 0x36, 0x5F, 0x2A, 0x4A, 
    0x00, 0x49, 0x01, 0x4D, 0x01, 0xAE, 0x02, 0x0E, 0x02, 0x4E, 0x02, 0x6E, 0x02, 0x2E, 0x01, 0xCE, 
    0x01, 0x6F, 0x10, 0xE7, 0x45, 0x3A, 0x0C, 0xFF, 0x0C, 0xDF, 0x3D, 0x5C, 0x19, 0x07, 0x00, 0xCD, 
    0x01, 0x2D, 0x01, 0x4D, 0x01, 0x4D, 0x00, 0x8A, 0x29, 0xE8, 0x3D, 0x1F, 0x14, 0x1F, 0x1C, 0x7F, 
    0x4B, 0xF6, 0x00, 0x02, 0x19, 0x06, 0x54, 0xBE, 0x2B, 0xDF, 0x23, 0xBF, 0x54, 0x1A, 0x10, 0x85, 
    0x00, 0x8B, 0x00, 0xEC, 0x01, 0x0C, 0x00, 0xEC, 0x00, 0x24, 0x4B, 0x12, 0x33, 0x9F, 0x2B, 0x3F, 
    0x5C, 0x5F, 0x42, 0x0D, 0x00, 0x00, 0x4A, 0xF4, 0x3B, 0x5F, 0x33, 0x1F, 0x3B, 0x1F, 0x5B, 0x7C, 
    0x6B, 0x9C, 0x6B, 0x9C, 0x73, 0x9C, 0x73, 0x9C, 0x6B, 0x3C, 0x62, 0xFB, 0x62, 0xDB, 0x62, 0xDC, 
    0x7B, 0x5D, 0x52, 0x0E, 0x00, 0xAC, 0x01, 0xF2, 0x02, 0xB0, 0x03, 0x2E, 0x03, 0x4D, 0x02, 0xCA, 
    0x01, 0xA6, 0x00, 0x00, 0x00, 0x00, 0x00, 0x00, 0x00, 0x00, 0x00, 0x00, 0x00, 0x00, 0x00, 0x00, 
    0x00, 0x00, 0x00, 0x00, 0x00, 0x00, 0x00, 0x00, 0x00, 0x00, 0x00, 0x00, 0x00, 0x00, 0x00, 0x00, 
    0x00, 0x00, 0x00, 0x00, 0x00, 0x00, 0x00, 0x00, 0x00, 0x00, 0x00, 0x00, 0x00, 0x00, 0x00, 0x00, 
    0x00, 0x00, 0x00, 0x00, 0x00, 0x00, 0x00, 0x00, 0x00, 0x00, 0x00, 0x00, 0x00, 0x00, 0x00, 0x00, 
    0x00, 0x00, 0x00, 0x00, 0x00, 0x00, 0x00, 0x00, 0x00, 0x00, 0x00, 0x00, 0x00, 0x00, 0x00, 0x00, 
    0x00, 0x00, 0x00, 0x00, 0x00, 0x00, 0x00, 0x00, 0x00, 0x00, 0x00, 0x00, 0x00, 0x00, 0x00, 0x00, 
    0x00, 0x00, 0x00, 0x00, 0x00, 0x00, 0x00, 0x00, 0x00, 0x00, 0x00, 0x00, 0x00, 0x00, 0x00, 0x00, 
    0x00, 0x00, 0x00, 0x00, 0x00, 0x00, 0x00, 0x00, 0x00, 0x00, 0x00, 0x00, 0x00, 0x00, 0x00, 0x00, 
    0x00, 0x00, 0x00, 0x00, 0x00, 0x00, 0x00, 0x00, 0x00, 0x00, 0x00, 0x00, 0x00, 0x00, 0x00, 0x00, 
    0x00, 0x00, 0x00, 0x00, 0x00, 0x00, 0x00, 0x00, 0x00, 0x00, 0x00, 0x00, 0x00, 0x00, 0x00, 0x00, 
    0x00, 0x00, 0x00, 0x00, 0x00, 0x00, 0x00, 0x00, 0x00, 0x00, 0x00, 0x00, 0x00, 0x00, 0x00, 0x00, 
    0x00, 0x00, 0x00, 0x00, 0x00, 0x00, 0x00, 0x00, 0x00, 0x00, 0x00, 0x00, 0x00, 0x00, 0x00, 0x00, 
    0x00, 0x00, 0x00, 0x00, 0x00, 0x00, 0x00, 0x00, 0x00, 0x00, 0x00, 0x00, 0x00, 0x00, 0x00, 0x00, 
    0x00, 0x00, 0x00, 0x00, 0x00, 0x00, 0x00, 0x00, 0x00, 0x00, 0x00, 0x00, 0x00, 0x00, 0x00, 0x00, 
    0x00, 0x00, 0x00, 0x00, 0x00, 0x00, 0x00, 0x00, 0x00, 0x00, 0x00, 0x00, 0x00, 0x00, 0x00, 0x00, 
    0x00, 0x00, 0x00, 0x00, 0x00, 0x00, 0x00, 0x00, 0x00, 0x00, 0x00, 0x00, 0x00, 0x00, 0x00, 0x00, 
    0x00, 0x00, 0x00, 0x00, 0x00, 0x00, 0x00, 0x00, 0x00, 0x00, 0x00, 0x00, 0x00, 0x00, 0x00, 0x00, 
    0x00, 0x00, 0x00, 0x00, 0x00, 0x00, 0x00, 0x00, 0x00, 0x00, 0x00, 0x00, 0x00, 0x00, 0x00, 0x00, 
    0x00, 0x00, 0x00, 0x00, 0x00, 0x00, 0x00, 0x00, 0x00, 0x00, 0x00, 0x00, 0x00, 0x00, 0x00, 0x00, 
    0x00, 0x00, 0x00, 0x00, 0x00, 0x00, 0x00, 0x00, 0x00, 0x00, 0x00, 0x00, 0x00, 0x00, 0x00, 0x00, 
    0x00, 0x00, 0x00, 0x00, 0x00, 0x00, 0x00, 0x00, 0x00, 0x00, 0x00, 0x00, 0x00, 0x00, 0x00, 0x00, 
    0x00, 0x00, 0x00, 0x00, 0x00, 0x00, 0x00, 0x00, 0x00, 0x00, 0x00, 0x00, 0x00, 0x00, 0x00, 0x00, 
    0x01, 0xA6, 0x01, 0xE7, 0x3A, 0x8C, 0x37, 0xFF, 0x1F, 0xFF, 0x2F, 0xFF, 0x65, 0x14, 0x08, 0x01, 
    0x08, 0x03, 0x08, 0x23, 0x08, 0x24, 0x08, 0x24, 0x18, 0x03, 0x46, 0x1A, 0x17, 0xFF, 0x17, 0xFF, 
    0x3F, 0x9E, 0x19, 0x07, 0x00, 0x01, 0x4C, 0x73, 0x1F, 0xFF, 0x17, 0xFF, 0x37, 0xFF, 0x3A, 0xCC, 
    0x00, 0xE9, 0x02, 0x4D, 0x02, 0xAD, 0x02, 0x8D, 0x01, 0x8B, 0x29, 0x68, 0x3F, 0x9E, 0x0F, 0xFF, 
    0x17, 0xFF, 0x56, 0x7A, 0x08, 0x24, 0x10, 0x46, 0x46, 0x9B, 0x07, 0xFF, 0x07, 0xDF, 0x3F, 0x1C, 
    0x10, 0x85, 0x00, 0x09, 0x00, 0x69, 0x00, 0x68, 0x00, 0x49, 0x00, 0x06, 0x42, 0xAD, 0x3F, 0xDF, 
    0x0F, 0x5F, 0x1F, 0xBF, 0x44, 0x93, 0x01, 0x09, 0x03, 0x2E, 0x02, 0x69, 0x01, 0x04, 0x00, 0x41, 
    0x00, 0xC3, 0x02, 0x08, 0x03, 0x0C, 0x03, 0x30, 0x01, 0x0B, 0x00, 0x04, 0x10, 0x84, 0x10, 0xA4, 
    0x10, 0xA5, 0x10, 0xA5, 0x10, 0xA4, 0x10, 0xA4, 0x10, 0x82, 0x42, 0xED, 0x2E, 0xDF, 0x06, 0x1F, 
    0x1E, 0xBF, 0x43, 0xD1, 0x00, 0x00, 0x44, 0x95, 0x1E, 0x3F, 0x15, 0xBF, 0x36, 0x3F, 0x29, 0xE8, 
    0x00, 0x06, 0x00, 0x8B, 0x00, 0xEB, 0x01, 0x2B, 0x01, 0x4C, 0x01, 0x6D, 0x01, 0x2C, 0x00, 0xCA, 
    0x00, 0xAB, 0x10, 0xE6, 0x45, 0x5B, 0x0C, 0xFF, 0x0C, 0xDF, 0x45, 0x5C, 0x10, 0xA5, 0x00, 0x29, 
    0x00, 0x8B, 0x00, 0x8B, 0x00, 0x6A, 0x00, 0x06, 0x21, 0x86, 0x3D, 0x1F, 0x1C, 0x1F, 0x2C, 0x9F, 
    0x54, 0x16, 0x00, 0x02, 0x18, 0xE6, 0x4C, 0x7D, 0x23, 0x9F, 0x2B, 0xBF, 0x5C, 0x5A, 0x08, 0x44, 
    0x00, 0x09, 0x00, 0x49, 0x00, 0x48, 0x00, 0x49, 0x00, 0x01, 0x53, 0x32, 0x43, 0xDF, 0x33, 0x5F, 
    0x5C, 0x3F, 0x39, 0xEC, 0x00, 0x00, 0x52, 0xF4, 0x43, 0x7F, 0x32, 0xFF, 0x5B, 0xBF, 0x31, 0x68, 
    0x08, 0x22, 0x10, 0x45, 0x10, 0x45, 0x10, 0x45, 0x08, 0x45, 0x08, 0x43, 0x08, 0x43, 0x10, 0x43, 
    0x08, 0x44, 0x00, 0x47, 0x00, 0xCF, 0x00, 0xA9, 0x19, 0x08, 0x19, 0x27, 0x19, 0x87, 0x11, 0x66, 
    0x02, 0x29, 0x01, 0xE7, 0x00, 0x00, 0x00, 0x00, 0x00, 0x00, 0x00, 0x00, 0x00, 0x00, 0x00, 0x00, 
    0x00, 0x00, 0x00, 0x00, 0x00, 0x00, 0x00, 0x00, 0x00, 0x00, 0x00, 0x00, 0x00, 0x00, 0x00, 0x00, 
    0x00, 0x00, 0x00, 0x00, 0x00, 0x00, 0x00, 0x00, 0x00, 0x00, 0x00, 0x00, 0x00, 0x00, 0x00, 0x00, 
    0x00, 0x00, 0x00, 0x00, 0x00, 0x00, 0x00, 0x00, 0x00, 0x00, 0x00, 0x00, 0x00, 0x00, 0x00, 0x00, 
    0x00, 0x00, 0x00, 0x00, 0x00, 0x00, 0x00, 0x00, 0x00, 0x00, 0x00, 0x00, 0x00, 0x00, 0x00, 0x00, 
    0x00, 0x00, 0x00, 0x00, 0x00, 0x00, 0x00, 0x00, 0x00, 0x00, 0x00, 0x00, 0x00, 0x00, 0x00, 0x00, 
    0x00, 0x00, 0x00, 0x00, 0x00, 0x00, 0x00, 0x00, 0x00, 0x00, 0x00, 0x00, 0x00, 0x00, 0x00, 0x00, 
    0x00, 0x00, 0x00, 0x00, 0x00, 0x00, 0x00, 0x00, 0x00, 0x00, 0x00, 0x00, 0x00, 0x00, 0x00, 0x00, 
    0x00, 0x00, 0x00, 0x00, 0x00, 0x00, 0x00, 0x00, 0x00, 0x00, 0x00, 0x00, 0x00, 0x00, 0x00, 0x00, 
    0x00, 0x00, 0x00, 0x00, 0x00, 0x00, 0x00, 0x00, 0x00, 0x00, 0x00, 0x00, 0x00, 0x00, 0x00, 0x00, 
    0x00, 0x00, 0x00, 0x00, 0x00, 0x00, 0x00, 0x00, 0x00, 0x00, 0x00, 0x00, 0x00, 0x00, 0x00, 0x00, 
    0x00, 0x00, 0x00, 0x00, 0x00, 0x00, 0x00, 0x00, 0x00, 0x00, 0x00, 0x00, 0x00, 0x00, 0x00, 0x00, 
    0x00, 0x00, 0x00, 0x00, 0x00, 0x00, 0x00, 0x00, 0x00, 0x00, 0x00, 0x00, 0x00, 0x00, 0x00, 0x00, 
    0x00, 0x00, 0x00, 0x00, 0x00, 0x00, 0x00, 0x00, 0x00, 0x00, 0x00, 0x00, 0x00, 0x00, 0x00, 0x00, 
    0x00, 0x00, 0x00, 0x00, 0x00, 0x00, 0x00, 0x00, 0x00, 0x00, 0x00, 0x00, 0x00, 0x00, 0x00, 0x00, 
    0x00, 0x00, 0x00, 0x00, 0x00, 0x00, 0x00, 0x00, 0x00, 0x00, 0x00, 0x00, 0x00, 0x00, 0x00, 0x00, 
    0x00, 0x00, 0x00, 0x00, 0x00, 0x00, 0x00, 0x00, 0x00, 0x00, 0x00, 0x00, 0x00, 0x00, 0x00, 0x00, 
    0x00, 0x00, 0x00, 0x00, 0x00, 0x00, 0x00, 0x00, 0x00, 0x00, 0x00, 0x00, 0x00, 0x00, 0x00, 0x00, 
    0x00, 0x00, 0x00, 0x00, 0x00, 0x00, 0x00, 0x00, 0x00, 0x00, 0x00, 0x00, 0x00, 0x00, 0x00, 0x00, 
    0x00, 0x00, 0x00, 0x00, 0x00, 0x00, 0x00, 0x00, 0x00, 0x00, 0x00, 0x00, 0x00, 0x00, 0x00, 0x00, 
    0x00, 0x00, 0x00, 0x00, 0x00, 0x00, 0x00, 0x00, 0x00, 0x00, 0x00, 0x00, 0x00, 0x00, 0x00, 0x00, 
    0x00, 0x00, 0x00, 0x00, 0x00, 0x00, 0x00, 0x00, 0x00, 0x00, 0x00, 0x00, 0x00, 0x00, 0x00, 0x00, 
    0x01, 0xA6, 0x02, 0x08, 0x3A, 0x8B, 0x3F, 0xFF, 0x1F, 0xFF, 0x27, 0xFF, 0x5D, 0x76, 0x20, 0xC4, 
    0x20, 0xE6, 0x20, 0xE6, 0x20, 0xC5, 0x18, 0xA5, 0x20, 0xA5, 0x4E, 0x5A, 0x17, 0xFF, 0x17, 0xFF, 
    0x37, 0x9E, 0x19, 0x06, 0x00, 0x00, 0x4C, 0x53, 0x1F, 0xFF, 0x0F, 0xFF, 0x37, 0xFF, 0x3A, 0xCC, 
    0x01, 0x09, 0x02, 0xAE, 0x02, 0xED, 0x02, 0xCD, 0x01, 0xCC, 0x29, 0x68, 0x3F, 0x7E, 0x0F, 0xFF, 
    0x17, 0xFF, 0x56, 0x7A, 0x08, 0x04, 0x10, 0x46, 0x46, 0x9B, 0x07, 0xFF, 0x07, 0xDF, 0x27, 0xBF, 
    0x43, 0x8F, 0x32, 0x0A, 0x3A, 0x6C, 0x3A, 0x4B, 0x3A, 0x2B, 0x31, 0xEA, 0x64, 0x32, 0x2F, 0x9F, 
    0x07, 0x3F, 0x17, 0xBF, 0x44, 0x93, 0x01, 0x29, 0x03, 0x4E, 0x02, 0x48, 0x00, 0xC3, 0x00, 0x00, 
    0x00, 0xA2, 0x01, 0xE7, 0x03, 0x2C, 0x01, 0xC9, 0x21, 0x89, 0x31, 0xEB, 0x29, 0x88, 0x21, 0x67, 
    0x29, 0x67, 0x29, 0x88, 0x29, 0xA9, 0x29, 0xA8, 0x29, 0x46, 0x3B, 0x90, 0x1E, 0x9F, 0x05, 0xFF, 
    0x16, 0x9F, 0x3B, 0xB1, 0x00, 0x00, 0x4C, 0xB6, 0x1E, 0x3F, 0x15, 0xBF, 0x1D, 0xFF, 0x54, 0x54, 
    0x32, 0x09, 0x3A, 0x4B, 0x32, 0x2A, 0x32, 0x0A, 0x32, 0x0A, 0x3A, 0x2B, 0x3A, 0x2B, 0x3A, 0x0A, 
    0x19, 0x06, 0x10, 0x82, 0x45, 0x3B, 0x0C, 0xFF, 0x1C, 0xDF, 0x3D, 0x7F, 0x4B, 0x2E, 0x31, 0xE9, 
    0x32, 0x2B, 0x32, 0x0B, 0x31, 0xEA, 0x31, 0xC8, 0x4B, 0x72, 0x2C, 0xBF, 0x24, 0x3F, 0x34, 0xBF, 
    0x5C, 0x36, 0x00, 0x02, 0x18, 0xE5, 0x4C, 0x3D, 0x23, 0x9F, 0x2B, 0xBF, 0x5C, 0x9C, 0x42, 0x6B, 
    0x31, 0xEB, 0x31, 0xAA, 0x31, 0x89, 0x31, 0xA9, 0x39, 0xEA, 0x6C, 0x3A, 0x3B, 0x9F, 0x33, 0x3F, 
    0x53, 0xFF, 0x39, 0xCB, 0x00, 0x00, 0x5B, 0x15, 0x4B, 0x9F, 0x43, 0x3F, 0x53, 0x7F, 0x4A, 0x4F, 
    0x21, 0x05, 0x29, 0x48, 0x29, 0x49, 0x29, 0x49, 0x29, 0x48, 0x29, 0x48, 0x29, 0x47, 0x29, 0x48, 
    0x31, 0x49, 0x10, 0x89, 0x00, 0x29, 0x41, 0xCC, 0x8B, 0x9D, 0x83, 0x1C, 0x8B, 0x5C, 0x8A, 0xF5, 
    0x09, 0xE8, 0x03, 0x4D, 0x00, 0x81, 0x00, 0x00, 0x00, 0x00, 0x00, 0x00, 0x00, 0x00, 0x00, 0x00, 
    0x00, 0x00, 0x00, 0x00, 0x00, 0x00, 0x00, 0x00, 0x00, 0x00, 0x00, 0x00, 0x00, 0x00, 0x00, 0x00, 
    0x00, 0x00, 0x00, 0x00, 0x00, 0x00, 0x00, 0x00, 0x00, 0x00, 0x00, 0x00, 0x00, 0x00, 0x00, 0x00, 
    0x00, 0x00, 0x00, 0x00, 0x00, 0x00, 0x00, 0x00, 0x00, 0x00, 0x00, 0x00, 0x00, 0x00, 0x00, 0x00, 
    0x00, 0x00, 0x00, 0x00, 0x00, 0x00, 0x00, 0x00, 0x00, 0x00, 0x00, 0x00, 0x00, 0x00, 0x00, 0x00, 
    0x00, 0x00, 0x00, 0x00, 0x00, 0x00, 0x00, 0x00, 0x00, 0x00, 0x00, 0x00, 0x00, 0x00, 0x00, 0x00, 
    0x00, 0x00, 0x00, 0x00, 0x00, 0x00, 0x00, 0x00, 0x00, 0x00, 0x00, 0x00, 0x00, 0x00, 0x00, 0x00, 
    0x00, 0x00, 0x00, 0x00, 0x00, 0x00, 0x00, 0x00, 0x00, 0x00, 0x00, 0x00, 0x00, 0x00, 0x00, 0x00, 
    0x00, 0x00, 0x00, 0x00, 0x00, 0x00, 0x00, 0x00, 0x00, 0x00, 0x00, 0x00, 0x00, 0x00, 0x00, 0x00, 
    0x00, 0x00, 0x00, 0x00, 0x00, 0x00, 0x00, 0x00, 0x00, 0x00, 0x00, 0x00, 0x00, 0x00, 0x00, 0x00, 
    0x00, 0x00, 0x00, 0x00, 0x00, 0x00, 0x00, 0x00, 0x00, 0x00, 0x00, 0x00, 0x00, 0x00, 0x00, 0x00, 
    0x00, 0x00, 0x00, 0x00, 0x00, 0x00, 0x00, 0x00, 0x00, 0x00, 0x00, 0x00, 0x00, 0x00, 0x00, 0x00, 
    0x00, 0x00, 0x00, 0x00, 0x00, 0x00, 0x00, 0x00, 0x00, 0x00, 0x00, 0x00, 0x00, 0x00, 0x00, 0x00, 
    0x00, 0x00, 0x00, 0x00, 0x00, 0x00, 0x00, 0x00, 0x00, 0x00, 0x00, 0x00, 0x00, 0x00, 0x00, 0x00, 
    0x00, 0x00, 0x00, 0x00, 0x00, 0x00, 0x00, 0x00, 0x00, 0x00, 0x00, 0x00, 0x00, 0x00, 0x00, 0x00, 
    0x00, 0x00, 0x00, 0x00, 0x00, 0x00, 0x00, 0x00, 0x00, 0x00, 0x00, 0x00, 0x00, 0x00, 0x00, 0x00, 
    0x00, 0x00, 0x00, 0x00, 0x00, 0x00, 0x00, 0x00, 0x00, 0x00, 0x00, 0x00, 0x00, 0x00, 0x00, 0x00, 
    0x00, 0x00, 0x00, 0x00, 0x00, 0x00, 0x00, 0x00, 0x00, 0x00, 0x00, 0x00, 0x00, 0x00, 0x00, 0x00, 
    0x00, 0x00, 0x00, 0x00, 0x00, 0x00, 0x00, 0x00, 0x00, 0x00, 0x00, 0x00, 0x00, 0x00, 0x00, 0x00, 
    0x00, 0x00, 0x00, 0x00, 0x00, 0x00, 0x00, 0x00, 0x00, 0x00, 0x00, 0x00, 0x00, 0x00, 0x00, 0x00, 
    0x00, 0x00, 0x00, 0x00, 0x00, 0x00, 0x00, 0x00, 0x00, 0x00, 0x00, 0x00, 0x00, 0x00, 0x00, 0x00, 
    0x00, 0x00, 0x00, 0x00, 0x00, 0x00, 0x00, 0x00, 0x00, 0x00, 0x00, 0x00, 0x00, 0x00, 0x00, 0x00, 
    0x01, 0x86, 0x02, 0x08, 0x42, 0x8B, 0x4F, 0xFF, 0x17, 0xFF, 0x17, 0xFF, 0x37, 0xFF, 0x57, 0x9E, 
    0x4F, 0x9E, 0x4F, 0x7E, 0x4F, 0x5D, 0x47, 0x5D, 0x4F, 0x5E, 0x37, 0xDF, 0x1F, 0xFF, 0x17, 0xFF, 
    0x37, 0x7E, 0x19, 0x07, 0x00, 0x01, 0x4C, 0x73, 0x1F, 0xFF, 0x0F, 0xFF, 0x27, 0xFF, 0x3A, 0xCC, 
    0x01, 0x6A, 0x03, 0x0E, 0x03, 0x4D, 0x03, 0x2E, 0x02, 0x2D, 0x29, 0x88, 0x47, 0x9E, 0x0F, 0xFF, 
    0x0F, 0xFF, 0x4E, 0x79, 0x08, 0x04, 0x10, 0x25, 0x56, 0x9B, 0x07, 0xFF, 0x0F, 0xDF, 0x0F, 0xDF, 
    0x27, 0xFF, 0x3F, 0xDF, 0x47, 0xFF, 0x47, 0xDF, 0x47, 0xDF, 0x47, 0xBF, 0x37, 0x9F, 0x0F, 0x5F, 
    0x0F, 0x3F, 0x17, 0xBF, 0x4C, 0x93, 0x01, 0x8A, 0x03, 0x6E, 0x02, 0x07, 0x00, 0x82, 0x00, 0x00, 
    0x00, 0x61, 0x01, 0xA6, 0x03, 0x0C, 0x11, 0x46, 0x5E, 0x7B, 0x3F, 0x5F, 0x3F, 0x1F, 0x36, 0xDF, 
    0x36, 0xDF, 0x3E, 0xDF, 0x46, 0xDF, 0x46, 0xDF, 0x3E, 0xBF, 0x26, 0x5F, 0x05, 0xFF, 0x05, 0xFF, 
    0x16, 0x9F, 0x43, 0xB1, 0x00, 0x01, 0x5C, 0xB6, 0x1E, 0x5F, 0x15, 0xBF, 0x15, 0xBF, 0x36, 0x3F, 
    0x4E, 0x7F, 0x4E, 0x5F, 0x46, 0x1F, 0x3D, 0xFF, 0x3D, 0xDF, 0x45, 0xFF, 0x4D, 0xFF, 0x56, 0x5F, 
    0x4B, 0x50, 0x08, 0x00, 0x55, 0x3B, 0x15, 0x1F, 0x24, 0xFF, 0x1C, 0xFF, 0x35, 0x7F, 0x45, 0x7F, 
    0x45, 0x7F, 0x4D, 0x5F, 0x45, 0x3F, 0x45, 0x1F, 0x3C, 0xDF, 0x24, 0x3F, 0x24, 0x5F, 0x2C, 0xBF, 
    0x5C, 0x16, 0x00, 0x01, 0x18, 0xE5, 0x4C, 0x5E, 0x23, 0x9F, 0x33, 0xBF, 0x44, 0x1F, 0x5C, 0xFF, 
    0x5C, 0xBF, 0x54, 0x5F, 0x4C, 0x1F, 0x54, 0x1F, 0x64, 0x5F, 0x4B, 0xDF, 0x3B, 0x7F, 0x2B, 0x1F, 
    0x5B, 0xFF, 0x31, 0x89, 0x00, 0x00, 0x5B, 0x14, 0x53, 0xDF, 0x4B, 0x5F, 0x42, 0xFF, 0x53, 0x3F, 
    0x5B, 0x7F, 0x63, 0x9F, 0x6B, 0xBF, 0x6B, 0x9F, 0x6B, 0x9F, 0x73, 0xDF, 0x7B, 0xBF, 0x73, 0x9F, 
    0x93, 0xFF, 0x39, 0x8A, 0x00, 0x02, 0x4A, 0x0D, 0x6A, 0xFF, 0x5A, 0x5F, 0x72, 0xBF, 0x93, 0x38, 
    0x09, 0xE9, 0x03, 0xAF, 0x01, 0x44, 0x00, 0x00, 0x00, 0x00, 0x00, 0x00, 0x00, 0x00, 0x00, 0x00, 
    0x00, 0x00, 0x00, 0x00, 0x00, 0x00, 0x00, 0x00, 0x00, 0x00, 0x00, 0x00, 0x00, 0x00, 0x00, 0x00, 
    0x00, 0x00, 0x00, 0x00, 0x00, 0x00, 0x00, 0x00, 0x00, 0x00, 0x00, 0x00, 0x00, 0x00, 0x00, 0x00, 
    0x00, 0x00, 0x00, 0x00, 0x00, 0x00, 0x00, 0x00, 0x00, 0x00, 0x00, 0x00, 0x00, 0x00, 0x00, 0x00, 
    0x00, 0x00, 0x00, 0x00, 0x00, 0x00, 0x00, 0x00, 0x00, 0x00, 0x00, 0x00, 0x00, 0x00, 0x00, 0x00, 
    0x00, 0x00, 0x00, 0x00, 0x00, 0x00, 0x00, 0x00, 0x00, 0x00, 0x00, 0x00, 0x00, 0x00, 0x00, 0x00, 
    0x00, 0x00, 0x00, 0x00, 0x00, 0x00, 0x00, 0x00, 0x00, 0x00, 0x00, 0x00, 0x00, 0x00, 0x00, 0x00, 
    0x00, 0x00, 0x00, 0x00, 0x00, 0x00, 0x00, 0x00, 0x00, 0x00, 0x00, 0x00, 0x00, 0x00, 0x00, 0x00, 
    0x00, 0x00, 0x00, 0x00, 0x00, 0x00, 0x00, 0x00, 0x00, 0x00, 0x00, 0x00, 0x00, 0x00, 0x00, 0x00, 
    0x00, 0x00, 0x00, 0x00, 0x00, 0x00, 0x00, 0x00, 0x00, 0x00, 0x00, 0x00, 0x00, 0x00, 0x00, 0x00, 
    0x00, 0x00, 0x00, 0x00, 0x00, 0x00, 0x00, 0x00, 0x00, 0x00, 0x00, 0x00, 0x00, 0x00, 0x00, 0x00, 
    0x00, 0x00, 0x00, 0x00, 0x00, 0x00, 0x00, 0x00, 0x00, 0x00, 0x00, 0x00, 0x00, 0x00, 0x00, 0x00, 
    0x00, 0x00, 0x00, 0x00, 0x00, 0x00, 0x00, 0x00, 0x00, 0x00, 0x00, 0x00, 0x00, 0x00, 0x00, 0x00, 
    0x00, 0x00, 0x00, 0x00, 0x00, 0x00, 0x00, 0x00, 0x00, 0x00, 0x00, 0x00, 0x00, 0x00, 0x00, 0x00, 
    0x00, 0x00, 0x00, 0x00, 0x00, 0x00, 0x00, 0x00, 0x00, 0x00, 0x00, 0x00, 0x00, 0x00, 0x00, 0x00, 
    0x00, 0x00, 0x00, 0x00, 0x00, 0x00, 0x00, 0x00, 0x00, 0x00, 0x00, 0x00, 0x00, 0x00, 0x00, 0x00, 
    0x00, 0x00, 0x00, 0x00, 0x00, 0x00, 0x00, 0x00, 0x00, 0x00, 0x00, 0x00, 0x00, 0x00, 0x00, 0x00, 
    0x00, 0x00, 0x00, 0x00, 0x00, 0x00, 0x00, 0x00, 0x00, 0x00, 0x00, 0x00, 0x00, 0x00, 0x00, 0x00, 
    0x00, 0x00, 0x00, 0x00, 0x00, 0x00, 0x00, 0x00, 0x00, 0x00, 0x00, 0x00, 0x00, 0x00, 0x00, 0x00, 
    0x00, 0x00, 0x00, 0x00, 0x00, 0x00, 0x00, 0x00, 0x00, 0x00, 0x00, 0x00, 0x00, 0x00, 0x00, 0x00, 
    0x00, 0x00, 0x00, 0x00, 0x00, 0x00, 0x00, 0x00, 0x00, 0x00, 0x00, 0x00, 0x00, 0x00, 0x00, 0x00, 
    0x00, 0x00, 0x00, 0x00, 0x00, 0x00, 0x00, 0x00, 0x00, 0x00, 0x00, 0x00, 0x00, 0x00, 0x00, 0x00, 
    0x00, 0xA2, 0x02, 0x69, 0x19, 0x87, 0x6E, 0xDC, 0x0F, 0xFF, 0x0F, 0xFF, 0x0F, 0xFF, 0x0F, 0xFF, 
    0x07, 0xFF, 0x07, 0xFF, 0x07, 0xFF, 0x07, 0xFF, 0x07, 0xFF, 0x0F, 0xFF, 0x17, 0xFF, 0x17, 0xFF, 
    0x3F, 0x9D, 0x19, 0x07, 0x00, 0x03, 0x54, 0x73, 0x17, 0xFF, 0x07, 0xFF, 0x27, 0xFF, 0x3A, 0xAC, 
    0x01, 0xCA, 0x03, 0x6E, 0x03, 0x2C, 0x03, 0x4D, 0x02, 0xAD, 0x29, 0x89, 0x47, 0x9E, 0x07, 0xFF, 
    0x0F, 0xFF, 0x4E, 0x79, 0x08, 0x24, 0x00, 0x04, 0x43, 0x8F, 0x37, 0xFF, 0x07, 0xFF, 0x0F, 0xDF, 
    0x07, 0xBF, 0x07, 0xBF, 0x0F, 0xDF, 0x0F, 0xBF, 0x0F, 0xBF, 0x0F, 0x9F, 0x07, 0x7F, 0x07, 0x3F, 
    0x07, 0x3F, 0x17, 0xBF, 0x54, 0x93, 0x01, 0xA9, 0x03, 0x4D, 0x01, 0x86, 0x00, 0x41, 0x00, 0x00, 
    0x00, 0x20, 0x01, 0xC6, 0x02, 0x8A, 0x32, 0x4A, 0x2F, 0x5F, 0x06, 0xFF, 0x06, 0xDF, 0x06, 0xBF, 
    0x06, 0x9F, 0x06, 0x9F, 0x0E, 0x7F, 0x0E, 0x5F, 0x0E, 0x5F, 0x06, 0x1F, 0x05, 0xFF, 0x06, 0x3F, 
    0x4E, 0x9E, 0x29, 0x89, 0x00, 0x27, 0x31, 0xCA, 0x4E, 0x5F, 0x0D, 0xDF, 0x1D, 0xDF, 0x1D, 0xBF, 
    0x15, 0x9F, 0x15, 0x9F, 0x15, 0x7F, 0x0D, 0x5F, 0x05, 0x1F, 0x0D, 0x1F, 0x0D, 0x1F, 0x2D, 0xBF, 
    0x3A, 0x8D, 0x00, 0x01, 0x4B, 0x4F, 0x45, 0xDF, 0x1C, 0xDF, 0x1C, 0xDF, 0x0C, 0x9F, 0x0C, 0x5F, 
    0x14, 0x5F, 0x14, 0x5F, 0x14, 0x3F, 0x1C, 0x5F, 0x24, 0x5F, 0x24, 0x5F, 0x1C, 0x3F, 0x55, 0x1F, 
    0x31, 0xE9, 0x00, 0x04, 0x21, 0x06, 0x5C, 0x7E, 0x2B, 0x9F, 0x33, 0xBF, 0x3B, 0xDF, 0x3B, 0xBF, 
    0x33, 0x9F, 0x2B, 0x5F, 0x23, 0x1F, 0x2B, 0x1F, 0x3B, 0x5F, 0x43, 0x9F, 0x3B, 0x5F, 0x4B, 0x9F, 
    0x6B, 0x97, 0x08, 0x44, 0x00, 0x06, 0x29, 0x48, 0x74, 0x5F, 0x43, 0x3F, 0x4B, 0x1F, 0x42, 0xDF, 
    0x42, 0xBF, 0x42, 0xBF, 0x42, 0xBF, 0x42, 0x9F, 0x42, 0x9F, 0x52, 0xBF, 0x5A, 0xDF, 0x52, 0x9F, 
    0x73, 0x3F, 0x29, 0x08, 0x00, 0x01, 0x4A, 0x0D, 0x6A, 0xDF, 0x5A, 0x5F, 0x72, 0xDF, 0x93, 0x38, 
    0x09, 0xA9, 0x03, 0xD0, 0x01, 0x65, 0x00, 0x00, 0x00, 0x00, 0x00, 0x00, 0x00, 0x00, 0x00, 0x00, 
    0x00, 0x00, 0x00, 0x00, 0x00, 0x00, 0x00, 0x00, 0x00, 0x00, 0x00, 0x00, 0x00, 0x00, 0x00, 0x00, 
    0x00, 0x00, 0x00, 0x00, 0x00, 0x00, 0x00, 0x00, 0x00, 0x00, 0x00, 0x00, 0x00, 0x00, 0x00, 0x00, 
    0x00, 0x00, 0x00, 0x00, 0x00, 0x00, 0x00, 0x00, 0x00, 0x00, 0x00, 0x00, 0x00, 0x00, 0x00, 0x00, 
    0x00, 0x00, 0x00, 0x00, 0x00, 0x00, 0x00, 0x00, 0x00, 0x00, 0x00, 0x00, 0x00, 0x00, 0x00, 0x00, 
    0x00, 0x00, 0x00, 0x00, 0x00, 0x00, 0x00, 0x00, 0x00, 0x00, 0x00, 0x00, 0x00, 0x00, 0x00, 0x00, 
    0x00, 0x00, 0x00, 0x00, 0x00, 0x00, 0x00, 0x00, 0x00, 0x00, 0x00, 0x00, 0x00, 0x00, 0x00, 0x00, 
    0x00, 0x00, 0x00, 0x00, 0x00, 0x00, 0x00, 0x00, 0x00, 0x00, 0x00, 0x00, 0x00, 0x00, 0x00, 0x00, 
    0x00, 0x00, 0x00, 0x00, 0x00, 0x00, 0x00, 0x00, 0x00, 0x00, 0x00, 0x00, 0x00, 0x00, 0x00, 0x00, 
    0x00, 0x00, 0x00, 0x00, 0x00, 0x00, 0x00, 0x00, 0x00, 0x00, 0x00, 0x00, 0x00, 0x00, 0x00, 0x00, 
    0x00, 0x00, 0x00, 0x00, 0x00, 0x00, 0x00, 0x00, 0x00, 0x00, 0x00, 0x00, 0x00, 0x00, 0x00, 0x00, 
    0x00, 0x00, 0x00, 0x00, 0x00, 0x00, 0x00, 0x00, 0x00, 0x00, 0x00, 0x00, 0x00, 0x00, 0x00, 0x00, 
    0x00, 0x00, 0x00, 0x00, 0x00, 0x00, 0x00, 0x00, 0x00, 0x00, 0x00, 0x00, 0x00, 0x00, 0x00, 0x00, 
    0x00, 0x00, 0x00, 0x00, 0x00, 0x00, 0x00, 0x00, 0x00, 0x00, 0x00, 0x00, 0x00, 0x00, 0x00, 0x00, 
    0x00, 0x00, 0x00, 0x00, 0x00, 0x00, 0x00, 0x00, 0x00, 0x00, 0x00, 0x00, 0x00, 0x00, 0x00, 0x00, 
    0x00, 0x00, 0x00, 0x00, 0x00, 0x00, 0x00, 0x00, 0x00, 0x00, 0x00, 0x00, 0x00, 0x00, 0x00, 0x00, 
    0x00, 0x00, 0x00, 0x00, 0x00, 0x00, 0x00, 0x00, 0x00, 0x00, 0x00, 0x00, 0x00, 0x00, 0x00, 0x00, 
    0x00, 0x00, 0x00, 0x00, 0x00, 0x00, 0x00, 0x00, 0x00, 0x00, 0x00, 0x00, 0x00, 0x00, 0x00, 0x00, 
    0x00, 0x00, 0x00, 0x00, 0x00, 0x00, 0x00, 0x00, 0x00, 0x00, 0x00, 0x00, 0x00, 0x00, 0x00, 0x00, 
    0x00, 0x00, 0x00, 0x00, 0x00, 0x00, 0x00, 0x00, 0x00, 0x00, 0x00, 0x00, 0x00, 0x00, 0x00, 0x00, 
    0x00, 0x00, 0x00, 0x00, 0x00, 0x00, 0x00, 0x00, 0x00, 0x00, 0x00, 0x00, 0x00, 0x00, 0x00, 0x00, 
    0x00, 0x00, 0x00, 0x00, 0x00, 0x00, 0x00, 0x00, 0x00, 0x00, 0x00, 0x00, 0x00, 0x00, 0x00, 0x00, 
    0x00, 0x00, 0x02, 0x08, 0x01, 0xE8, 0x31, 0xC9, 0x66, 0xBB, 0x37, 0xFF, 0x37, 0xFF, 0x2F, 0xFF, 
    0x27, 0xFF, 0x27, 0xFF, 0x2F, 0xFF, 0x3F, 0xFF, 0x37, 0xFF, 0x2F, 0xFF, 0x2F, 0xFF, 0x2F, 0xFF, 
    0x57, 0xFF, 0x19, 0x49, 0x00, 0x06, 0x5C, 0xB4, 0x47, 0xFF, 0x2F, 0xFF, 0x47, 0xFF, 0x42, 0xCC, 
    0x02, 0x09, 0x03, 0x4D, 0x02, 0xAA, 0x02, 0xEB, 0x02, 0xCC, 0x29, 0xA9, 0x5F, 0xDF, 0x37, 0xFF, 
    0x37, 0xFF, 0x66, 0xBA, 0x08, 0x45, 0x00, 0xCB, 0x08, 0x03, 0x5C, 0x11, 0x4F, 0xFF, 0x2F, 0xFF, 
    0x2F, 0xFF, 0x37, 0xFF, 0x37, 0xFF, 0x37, 0xFF, 0x37, 0xFF, 0x2F, 0xFF, 0x27, 0xDF, 0x27, 0xDF, 
    0x2F, 0xBF, 0x37, 0xFF, 0x54, 0x94, 0x01, 0x88, 0x02, 0xEB, 0x01, 0x45, 0x00, 0x20, 0x00, 0x00, 
    0x00, 0x00, 0x01, 0xE7, 0x01, 0xA7, 0x5B, 0xF1, 0x3F, 0xFF, 0x1F, 0x5F, 0x27, 0x3F, 0x2F, 0x3F, 
    0x37, 0x3F, 0x2F, 0x1F, 0x26, 0xFF, 0x2E, 0xFF, 0x3E, 0xDF, 0x36, 0xDF, 0x26, 0xBF, 0x4E, 0x7E, 
    0x42, 0x8B, 0x00, 0x47, 0x01, 0x2E, 0x00, 0x25, 0x3A, 0x6C, 0x4E, 0x3E, 0x3E, 0x7F, 0x3E, 0x5F, 
    0x36, 0x3F, 0x36, 0x3F, 0x3E, 0x1F, 0x35, 0xFF, 0x2D, 0xDF, 0x2D, 0xBF, 0x25, 0xBF, 0x56, 0x3F, 
    0x31, 0xEA, 0x00, 0x2A, 0x00, 0x26, 0x53, 0xB2, 0x4D, 0xBF, 0x35, 0x5F, 0x35, 0x3F, 0x35, 0x3F, 
    0x35, 0x1F, 0x34, 0xFF, 0x3C, 0xFF, 0x45, 0x1F, 0x4D, 0x1F, 0x44, 0xFF, 0x5C, 0xFE, 0x4A, 0x8C, 
    0x00, 0x04, 0x00, 0x2A, 0x21, 0x27, 0x64, 0xBD, 0x33, 0xBF, 0x33, 0xBF, 0x43, 0xDF, 0x5C, 0x5F, 
    0x54, 0x3F, 0x4B, 0xDF, 0x4B, 0xBF, 0x4B, 0xBF, 0x5B, 0xFF, 0x5B, 0xDF, 0x5B, 0xDF, 0x73, 0xB8, 
    0x20, 0xC6, 0x00, 0x8B, 0x00, 0xEF, 0x00, 0x47, 0x41, 0xEC, 0x7B, 0xFE, 0x63, 0x9F, 0x6B, 0xBF, 
    0x6B, 0x9F, 0x63, 0x7F, 0x63, 0x5F, 0x63, 0x3F, 0x6B, 0x3F, 0x6B, 0x3F, 0x73, 0x3F, 0x73, 0x1F, 
    0x8B, 0xBE, 0x20, 0xC8, 0x00, 0x06, 0x52, 0x2E, 0x8B, 0x9F, 0x82, 0xFF, 0x8B, 0x1F, 0x9B, 0x18, 
    0x09, 0xC9, 0x03, 0xCF, 0x01, 0x24, 0x00, 0x00, 0x00, 0x00, 0x00, 0x00, 0x00, 0x00, 0x00, 0x00, 
    0x00, 0x00, 0x00, 0x00, 0x00, 0x00, 0x00, 0x00, 0x00, 0x00, 0x00, 0x00, 0x00, 0x00, 0x00, 0x00, 
    0x00, 0x00, 0x00, 0x00, 0x00, 0x00, 0x00, 0x00, 0x00, 0x00, 0x00, 0x00, 0x00, 0x00, 0x00, 0x00, 
    0x00, 0x00, 0x00, 0x00, 0x00, 0x00, 0x00, 0x00, 0x00, 0x00, 0x00, 0x00, 0x00, 0x00, 0x00, 0x00, 
    0x00, 0x00, 0x00, 0x00, 0x00, 0x00, 0x00, 0x00, 0x00, 0x00, 0x00, 0x00, 0x00, 0x00, 0x00, 0x00, 
    0x00, 0x00, 0x00, 0x00, 0x00, 0x00, 0x00, 0x00, 0x00, 0x00, 0x00, 0x00, 0x00, 0x00, 0x00, 0x00, 
    0x00, 0x00, 0x00, 0x00, 0x00, 0x00, 0x00, 0x00, 0x00, 0x00, 0x00, 0x00, 0x00, 0x00, 0x00, 0x00, 
    0x00, 0x00, 0x00, 0x00, 0x00, 0x00, 0x00, 0x00, 0x00, 0x00, 0x00, 0x00, 0x00, 0x00, 0x00, 0x00, 
    0x00, 0x00, 0x00, 0x00, 0x00, 0x00, 0x00, 0x00, 0x00, 0x00, 0x00, 0x00, 0x00, 0x00, 0x00, 0x00, 
    0x00, 0x00, 0x00, 0x00, 0x00, 0x00, 0x00, 0x00, 0x00, 0x00, 0x00, 0x00, 0x00, 0x00, 0x00, 0x00, 
    0x00, 0x00, 0x00, 0x00, 0x00, 0x00, 0x00, 0x00, 0x00, 0x00, 0x00, 0x00, 0x00, 0x00, 0x00, 0x00, 
    0x00, 0x00, 0x00, 0x00, 0x00, 0x00, 0x00, 0x00, 0x00, 0x00, 0x00, 0x00, 0x00, 0x00, 0x00, 0x00, 
    0x00, 0x00, 0x00, 0x00, 0x00, 0x00, 0x00, 0x00, 0x00, 0x00, 0x00, 0x00, 0x00, 0x00, 0x00, 0x00, 
    0x00, 0x00, 0x00, 0x00, 0x00, 0x00, 0x00, 0x00, 0x00, 0x00, 0x00, 0x00, 0x00, 0x00, 0x00, 0x00, 
    0x00, 0x00, 0x00, 0x00, 0x00, 0x00, 0x00, 0x00, 0x00, 0x00, 0x00, 0x00, 0x00, 0x00, 0x00, 0x00, 
    0x00, 0x00, 0x00, 0x00, 0x00, 0x00, 0x00, 0x00, 0x00, 0x00, 0x00, 0x00, 0x00, 0x00, 0x00, 0x00, 
    0x00, 0x00, 0x00, 0x00, 0x00, 0x00, 0x00, 0x00, 0x00, 0x00, 0x00, 0x00, 0x00, 0x00, 0x00, 0x00, 
    0x00, 0x00, 0x00, 0x00, 0x00, 0x00, 0x00, 0x00, 0x00, 0x00, 0x00, 0x00, 0x00, 0x00, 0x00, 0x00, 
    0x00, 0x00, 0x00, 0x00, 0x00, 0x00, 0x00, 0x00, 0x00, 0x00, 0x00, 0x00, 0x00, 0x00, 0x00, 0x00, 
    0x00, 0x00, 0x00, 0x00, 0x00, 0x00, 0x00, 0x00, 0x00, 0x00, 0x00, 0x00, 0x00, 0x00, 0x00, 0x00, 
    0x00, 0x00, 0x00, 0x00, 0x00, 0x00, 0x00, 0x00, 0x00, 0x00, 0x00, 0x00, 0x00, 0x00, 0x00, 0x00, 
    0x00, 0x00, 0x00, 0x00, 0x00, 0x00, 0x00, 0x00, 0x00, 0x00, 0x00, 0x00, 0x00, 0x00, 0x00, 0x00, 
    0x00, 0x00, 0x00, 0x61, 0x02, 0x48, 0x01, 0xC7, 0x19, 0x68, 0x43, 0x0D, 0x4B, 0x2E, 0x43, 0x2E, 
    0x43, 0x0E, 0x43, 0x0E, 0x43, 0x2F, 0x4B, 0x2F, 0x4B, 0x4F, 0x43, 0x2F, 0x43, 0x0E, 0x43, 0x0E, 
    0x3B, 0x0D, 0x09, 0x09, 0x01, 0x0B, 0x31, 0xE9, 0x53, 0x50, 0x4B, 0x2F, 0x4B, 0x4E, 0x19, 0x66, 
    0x02, 0x6A, 0x02, 0x89, 0x01, 0xE7, 0x02, 0x08, 0x02, 0x8A, 0x11, 0x66, 0x43, 0x2F, 0x4B, 0x4F, 
    0x43, 0x6F, 0x3A, 0xAC, 0x00, 0xE7, 0x02, 0x2E, 0x01, 0xCB, 0x00, 0xA6, 0x32, 0x2C, 0x4B, 0x4F, 
    0x43, 0x2F, 0x43, 0x4F, 0x4B, 0x4F, 0x4B, 0x2F, 0x43, 0x0F, 0x43, 0x0E, 0x43, 0x0E, 0x43, 0x2F, 
    0x43, 0x4F, 0x43, 0x4F, 0x29, 0xE8, 0x02, 0x29, 0x02, 0x49, 0x00, 0x82, 0x00, 0x00, 0x00, 0x00, 
    0x00, 0x00, 0x01, 0x86, 0x01, 0x65, 0x3A, 0x4A, 0x43, 0x6F, 0x43, 0x2E, 0x43, 0x0E, 0x4B, 0x2F, 
    0x43, 0x2F, 0x43, 0x0E, 0x3A, 0xEE, 0x42, 0xEE, 0x43, 0x2F, 0x43, 0x2F, 0x43, 0x0F, 0x21, 0x67, 
    0x00, 0xC7, 0x02, 0x2E, 0x02, 0x2C, 0x02, 0x4D, 0x01, 0x29, 0x21, 0x8A, 0x43, 0x0F, 0x43, 0x0F, 
    0x3A, 0xCE, 0x42, 0xEE, 0x42, 0xEE, 0x42, 0xCE, 0x3A, 0xCE, 0x3A, 0xCE, 0x3A, 0xAE, 0x42, 0xAD, 
    0x10, 0xC6, 0x01, 0x8F, 0x01, 0xAE, 0x00, 0xA7, 0x29, 0xCB, 0x42, 0xCF, 0x42, 0xAE, 0x42, 0x8E, 
    0x42, 0x8E, 0x42, 0x8E, 0x42, 0x8E, 0x42, 0x8F, 0x42, 0xAF, 0x42, 0x8F, 0x29, 0x48, 0x00, 0x67, 
    0x01, 0x0D, 0x00, 0xAC, 0x21, 0x27, 0x64, 0x9D, 0x33, 0xBF, 0x33, 0x9F, 0x53, 0xFD, 0x52, 0x8F, 
    0x4A, 0x6F, 0x42, 0x2F, 0x42, 0x0E, 0x42, 0x0E, 0x4A, 0x2F, 0x4A, 0x0F, 0x41, 0xAC, 0x08, 0x85, 
    0x01, 0x4C, 0x02, 0x30, 0x02, 0x2F, 0x02, 0x2F, 0x00, 0xE8, 0x21, 0x08, 0x52, 0x2F, 0x52, 0x30, 
    0x52, 0x0F, 0x49, 0xEF, 0x49, 0xEF, 0x51, 0xEF, 0x51, 0xEF, 0x51, 0xEF, 0x49, 0xCE, 0x49, 0xAE, 
    0x49, 0x8C, 0x08, 0x88, 0x00, 0xEF, 0x21, 0x08, 0x52, 0x0F, 0x49, 0xCE, 0x51, 0xAE, 0x41, 0x4A, 
    0x0A, 0x09, 0x02, 0xEC, 0x00, 0x41, 0x00, 0x00, 0x00, 0x00, 0x00, 0x00, 0x00, 0x00, 0x00, 0x00, 
    0x00, 0x00, 0x00, 0x00, 0x00, 0x00, 0x00, 0x00, 0x00, 0x00, 0x00, 0x00, 0x00, 0x00, 0x00, 0x00, 
    0x00, 0x00, 0x00, 0x00, 0x00, 0x00, 0x00, 0x00, 0x00, 0x00, 0x00, 0x00, 0x00, 0x00, 0x00, 0x00, 
    0x00, 0x00, 0x00, 0x00, 0x00, 0x00, 0x00, 0x00, 0x00, 0x00, 0x00, 0x00, 0x00, 0x00, 0x00, 0x00, 
    0x00, 0x00, 0x00, 0x00, 0x00, 0x00, 0x00, 0x00, 0x00, 0x00, 0x00, 0x00, 0x00, 0x00, 0x00, 0x00, 
    0x00, 0x00, 0x00, 0x00, 0x00, 0x00, 0x00, 0x00, 0x00, 0x00, 0x00, 0x00, 0x00, 0x00, 0x00, 0x00, 
    0x00, 0x00, 0x00, 0x00, 0x00, 0x00, 0x00, 0x00, 0x00, 0x00, 0x00, 0x00, 0x00, 0x00, 0x00, 0x00, 
    0x00, 0x00, 0x00, 0x00, 0x00, 0x00, 0x00, 0x00, 0x00, 0x00, 0x00, 0x00, 0x00, 0x00, 0x00, 0x00, 
    0x00, 0x00, 0x00, 0x00, 0x00, 0x00, 0x00, 0x00, 0x00, 0x00, 0x00, 0x00, 0x00, 0x00, 0x00, 0x00, 
    0x00, 0x00, 0x00, 0x00, 0x00, 0x00, 0x00, 0x00, 0x00, 0x00, 0x00, 0x00, 0x00, 0x00, 0x00, 0x00, 
    0x00, 0x00, 0x00, 0x00, 0x00, 0x00, 0x00, 0x00, 0x00, 0x00, 0x00, 0x00, 0x00, 0x00, 0x00, 0x00, 
    0x00, 0x00, 0x00, 0x00, 0x00, 0x00, 0x00, 0x00, 0x00, 0x00, 0x00, 0x00, 0x00, 0x00, 0x00, 0x00, 
    0x00, 0x00, 0x00, 0x00, 0x00, 0x00, 0x00, 0x00, 0x00, 0x00, 0x00, 0x00, 0x00, 0x00, 0x00, 0x00, 
    0x00, 0x00, 0x00, 0x00, 0x00, 0x00, 0x00, 0x00, 0x00, 0x00, 0x00, 0x00, 0x00, 0x00, 0x00, 0x00, 
    0x00, 0x00, 0x00, 0x00, 0x00, 0x00, 0x00, 0x00, 0x00, 0x00, 0x00, 0x00, 0x00, 0x00, 0x00, 0x00, 
    0x00, 0x00, 0x00, 0x00, 0x00, 0x00, 0x00, 0x00, 0x00, 0x00, 0x00, 0x00, 0x00, 0x00, 0x00, 0x00, 
    0x00, 0x00, 0x00, 0x00, 0x00, 0x00, 0x00, 0x00, 0x00, 0x00, 0x00, 0x00, 0x00, 0x00, 0x00, 0x00, 
    0x00, 0x00, 0x00, 0x00, 0x00, 0x00, 0x00, 0x00, 0x00, 0x00, 0x00, 0x00, 0x00, 0x00, 0x00, 0x00, 
    0x00, 0x00, 0x00, 0x00, 0x00, 0x00, 0x00, 0x00, 0x00, 0x00, 0x00, 0x00, 0x00, 0x00, 0x00, 0x00, 
    0x00, 0x00, 0x00, 0x00, 0x00, 0x00, 0x00, 0x00, 0x00, 0x00, 0x00, 0x00, 0x00, 0x00, 0x00, 0x00, 
    0x00, 0x00, 0x00, 0x00, 0x00, 0x00, 0x00, 0x00, 0x00, 0x00, 0x00, 0x00, 0x00, 0x00, 0x00, 0x00, 
    0x00, 0x00, 0x00, 0x00, 0x00, 0x00, 0x00, 0x00, 0x00, 0x00, 0x00, 0x00, 0x00, 0x00, 0x00, 0x00, 
    0x00, 0x00, 0x00, 0x00, 0x00, 0x20, 0x02, 0x28, 0x02, 0xAB, 0x02, 0x29, 0x02, 0x29, 0x02, 0x2A, 
    0x02, 0x2A, 0x02, 0x0B, 0x02, 0x0B, 0x02, 0x2B, 0x02, 0x2C, 0x02, 0x0B, 0x01, 0xEA, 0x01, 0xC9, 
    0x01, 0xE9, 0x02, 0xAC, 0x03, 0x0E, 0x02, 0x6B, 0x02, 0x4B, 0x02, 0x6B, 0x02, 0x6A, 0x02, 0x49, 
    0x02, 0x08, 0x01, 0x45, 0x00, 0xE3, 0x01, 0x04, 0x01, 0xC7, 0x02, 0x28, 0x02, 0x29, 0x02, 0x4A, 
    0x02, 0x4A, 0x02, 0x4A, 0x03, 0x0C, 0x03, 0x0C, 0x03, 0x0C, 0x03, 0x4E, 0x02, 0x8C, 0x02, 0x2A, 
    0x02, 0x0B, 0x01, 0xEA, 0x01, 0xEB, 0x01, 0xCB, 0x01, 0xCA, 0x01, 0xCA, 0x01, 0xEA, 0x02, 0x2B, 
    0x02, 0x8B, 0x02, 0x29, 0x02, 0x08, 0x02, 0x69, 0x00, 0xC3, 0x00, 0x00, 0x00, 0x00, 0x00, 0x00, 
    0x00, 0x00, 0x00, 0x20, 0x01, 0xA6, 0x01, 0xE7, 0x02, 0x49, 0x02, 0x49, 0x02, 0x2A, 0x02, 0x0C, 
    0x01, 0xEB, 0x01, 0xCB, 0x01, 0xCA, 0x01, 0xCA, 0x01, 0xEB, 0x02, 0x2B, 0x02, 0x2B, 0x02, 0x8C, 
    0x03, 0x0D, 0x02, 0xEC, 0x02, 0xEB, 0x03, 0x0C, 0x03, 0x6E, 0x02, 0xCC, 0x02, 0x2A, 0x02, 0x0B, 
    0x02, 0x0B, 0x01, 0xCB, 0x01, 0xAB, 0x01, 0xAB, 0x01, 0xEC, 0x02, 0x0C, 0x02, 0x0B, 0x01, 0xE9, 
    0x02, 0x8C, 0x03, 0x0E, 0x02, 0xED, 0x02, 0xED, 0x02, 0x6C, 0x02, 0x2B, 0x02, 0x0B, 0x01, 0xEB, 
    0x01, 0xCC, 0x01, 0xCB, 0x01, 0xCB, 0x01, 0xCB, 0x01, 0xCB, 0x01, 0xCA, 0x02, 0x2D, 0x02, 0x6F, 
    0x01, 0xEE, 0x01, 0x4D, 0x21, 0x27, 0x5C, 0x5D, 0x2B, 0x7F, 0x2B, 0x9F, 0x5B, 0xDA, 0x08, 0x44, 
    0x00, 0x4A, 0x00, 0x8B, 0x00, 0xEA, 0x01, 0x4B, 0x01, 0x8C, 0x01, 0xAB, 0x01, 0xEA, 0x02, 0x8D, 
    0x03, 0x0D, 0x03, 0x0C, 0x03, 0x2C, 0x03, 0x2C, 0x03, 0x0D, 0x02, 0xAC, 0x02, 0x4C, 0x02, 0x0C, 
    0x01, 0xCC, 0x01, 0xAC, 0x01, 0x8C, 0x01, 0xAD, 0x01, 0xAD, 0x01, 0xAD, 0x01, 0xAC, 0x01, 0xAC, 
    0x01, 0xEB, 0x02, 0x6E, 0x02, 0xB1, 0x02, 0x6F, 0x02, 0x2E, 0x02, 0x2E, 0x02, 0x6C, 0x02, 0xAB, 
    0x02, 0xAA, 0x01, 0x44, 0x00, 0x00, 0x00, 0x00, 0x00, 0x00, 0x00, 0x00, 0x00, 0x00, 0x00, 0x00, 
    0x00, 0x00, 0x00, 0x00, 0x00, 0x00, 0x00, 0x00, 0x00, 0x00, 0x00, 0x00, 0x00, 0x00, 0x00, 0x00, 
    0x00, 0x00, 0x00, 0x00, 0x00, 0x00, 0x00, 0x00, 0x00, 0x00, 0x00, 0x00, 0x00, 0x00, 0x00, 0x00, 
    0x00, 0x00, 0x00, 0x00, 0x00, 0x00, 0x00, 0x00, 0x00, 0x00, 0x00, 0x00, 0x00, 0x00, 0x00, 0x00, 
    0x00, 0x00, 0x00, 0x00, 0x00, 0x00, 0x00, 0x00, 0x00, 0x00, 0x00, 0x00, 0x00, 0x00, 0x00, 0x00, 
    0x00, 0x00, 0x00, 0x00, 0x00, 0x00, 0x00, 0x00, 0x00, 0x00, 0x00, 0x00, 0x00, 0x00, 0x00, 0x00, 
    0x00, 0x00, 0x00, 0x00, 0x00, 0x00, 0x00, 0x00, 0x00, 0x00, 0x00, 0x00, 0x00, 0x00, 0x00, 0x00, 
    0x00, 0x00, 0x00, 0x00, 0x00, 0x00, 0x00, 0x00, 0x00, 0x00, 0x00, 0x00, 0x00, 0x00, 0x00, 0x00, 
    0x00, 0x00, 0x00, 0x00, 0x00, 0x00, 0x00, 0x00, 0x00, 0x00, 0x00, 0x00, 0x00, 0x00, 0x00, 0x00, 
    0x00, 0x00, 0x00, 0x00, 0x00, 0x00, 0x00, 0x00, 0x00, 0x00, 0x00, 0x00, 0x00, 0x00, 0x00, 0x00, 
    0x00, 0x00, 0x00, 0x00, 0x00, 0x00, 0x00, 0x00, 0x00, 0x00, 0x00, 0x00, 0x00, 0x00, 0x00, 0x00, 
    0x00, 0x00, 0x00, 0x00, 0x00, 0x00, 0x00, 0x00, 0x00, 0x00, 0x00, 0x00, 0x00, 0x00, 0x00, 0x00, 
    0x00, 0x00, 0x00, 0x00, 0x00, 0x00, 0x00, 0x00, 0x00, 0x00, 0x00, 0x00, 0x00, 0x00, 0x00, 0x00, 
    0x00, 0x00, 0x00, 0x00, 0x00, 0x00, 0x00, 0x00, 0x00, 0x00, 0x00, 0x00, 0x00, 0x00, 0x00, 0x00, 
    0x00, 0x00, 0x00, 0x00, 0x00, 0x00, 0x00, 0x00, 0x00, 0x00, 0x00, 0x00, 0x00, 0x00, 0x00, 0x00, 
    0x00, 0x00, 0x00, 0x00, 0x00, 0x00, 0x00, 0x00, 0x00, 0x00, 0x00, 0x00, 0x00, 0x00, 0x00, 0x00, 
    0x00, 0x00, 0x00, 0x00, 0x00, 0x00, 0x00, 0x00, 0x00, 0x00, 0x00, 0x00, 0x00, 0x00, 0x00, 0x00, 
    0x00, 0x00, 0x00, 0x00, 0x00, 0x00, 0x00, 0x00, 0x00, 0x00, 0x00, 0x00, 0x00, 0x00, 0x00, 0x00, 
    0x00, 0x00, 0x00, 0x00, 0x00, 0x00, 0x00, 0x00, 0x00, 0x00, 0x00, 0x00, 0x00, 0x00, 0x00, 0x00, 
    0x00, 0x00, 0x00, 0x00, 0x00, 0x00, 0x00, 0x00, 0x00, 0x00, 0x00, 0x00, 0x00, 0x00, 0x00, 0x00, 
    0x00, 0x00, 0x00, 0x00, 0x00, 0x00, 0x00, 0x00, 0x00, 0x00, 0x00, 0x00, 0x00, 0x00, 0x00, 0x00, 
    0x00, 0x00, 0x00, 0x00, 0x00, 0x00, 0x00, 0x00, 0x00, 0x00, 0x00, 0x00, 0x00, 0x00, 0x00, 0x00, 
    0x00, 0x00, 0x00, 0x00, 0x00, 0x00, 0x00, 0x41, 0x01, 0x45, 0x02, 0x28, 0x02, 0x89, 0x02, 0xCA, 
    0x02, 0xEB, 0x03, 0x0C, 0x03, 0x0C, 0x03, 0x0B, 0x02, 0xEB, 0x02, 0xEB, 0x02, 0xEB, 0x02, 0xCB, 
    0x02, 0xAA, 0x02, 0x8A, 0x02, 0x69, 0x02, 0x8A, 0x02, 0xAA, 0x02, 0xAA, 0x02, 0x28, 0x01, 0x86, 
    0x00, 0xA2, 0x00, 0x20, 0x00, 0x00, 0x00, 0x20, 0x00, 0x61, 0x01, 0x24, 0x01, 0xC7, 0x02, 0x49, 
    0x02, 0x8A, 0x02, 0x69, 0x02, 0x28, 0x02, 0x08, 0x02, 0x28, 0x02, 0x28, 0x02, 0x69, 0x02, 0xAA, 
    0x02, 0xCB, 0x02, 0xEB, 0x03, 0x0C, 0x03, 0x0C, 0x02, 0xEC, 0x02, 0xEC, 0x02, 0xEB, 0x02, 0xEB, 
    0x02, 0xAA, 0x02, 0x48, 0x01, 0xA6, 0x00, 0x82, 0x00, 0x00, 0x00, 0x00, 0x00, 0x00, 0x00, 0x00, 
    0x00, 0x00, 0x00, 0x00, 0x00, 0x20, 0x01, 0x04, 0x01, 0xE7, 0x02, 0x89, 0x02, 0xEB, 0x03, 0x0C, 
    0x03, 0x2C, 0x03, 0x2C, 0x03, 0x0C, 0x03, 0x0C, 0x03, 0x0C, 0x02, 0xEB, 0x02, 0xCB, 0x02, 0x8A, 
    0x02, 0x28, 0x01, 0xE7, 0x01, 0xA6, 0x01, 0xA6, 0x01, 0xC7, 0x02, 0x28, 0x02, 0x8A, 0x02, 0xEB, 
    0x03, 0x0C, 0x03, 0x0C, 0x03, 0x0C, 0x03, 0x0C, 0x03, 0x2D, 0x03, 0x2C, 0x02, 0xEB, 0x02, 0xAA, 
    0x02, 0x8A, 0x02, 0x69, 0x02, 0x69, 0x02, 0x69, 0x02, 0x89, 0x02, 0xEB, 0x03, 0x2C, 0x03, 0x2D, 
    0x03, 0x2D, 0x03, 0x0D, 0x03, 0x0D, 0x03, 0x0C, 0x02, 0xEC, 0x02, 0xEC, 0x03, 0x0C, 0x03, 0x0C, 
    0x03, 0x2E, 0x02, 0x4F, 0x19, 0x47, 0x54, 0x1D, 0x2B, 0x5F, 0x33, 0x7F, 0x63, 0xDA, 0x10, 0xC7, 
    0x01, 0x50, 0x01, 0xF0, 0x02, 0xD0, 0x03, 0x2F, 0x03, 0x4E, 0x03, 0x2D, 0x02, 0xEB, 0x02, 0x89, 
    0x02, 0x28, 0x01, 0xE7, 0x01, 0xE7, 0x01, 0xE7, 0x02, 0x08, 0x02, 0x69, 0x02, 0xEB, 0x03, 0x2C, 
    0x03, 0x2D, 0x03, 0x2E, 0x03, 0x0E, 0x03, 0x2E, 0x03, 0x2E, 0x03, 0x2E, 0x03, 0x2E, 0x03, 0x0D, 
    0x03, 0x0C, 0x03, 0x0C, 0x02, 0xEB, 0x03, 0x2C, 0x03, 0x2D, 0x03, 0x2D, 0x02, 0xEB, 0x02, 0x48, 
    0x01, 0x04, 0x00, 0x00, 0x00, 0x00, 0x00, 0x00, 0x00, 0x00, 0x00, 0x00, 0x00, 0x00, 0x00, 0x00, 
    0x00, 0x00, 0x00, 0x00, 0x00, 0x00, 0x00, 0x00, 0x00, 0x00, 0x00, 0x00, 0x00, 0x00, 0x00, 0x00, 
    0x00, 0x00, 0x00, 0x00, 0x00, 0x00, 0x00, 0x00, 0x00, 0x00, 0x00, 0x00, 0x00, 0x00, 0x00, 0x00, 
    0x00, 0x00, 0x00, 0x00, 0x00, 0x00, 0x00, 0x00, 0x00, 0x00, 0x00, 0x00, 0x00, 0x00, 0x00, 0x00, 
    0x00, 0x00, 0x00, 0x00, 0x00, 0x00, 0x00, 0x00, 0x00, 0x00, 0x00, 0x00, 0x00, 0x00, 0x00, 0x00, 
    0x00, 0x00, 0x00, 0x00, 0x00, 0x00, 0x00, 0x00, 0x00, 0x00, 0x00, 0x00, 0x00, 0x00, 0x00, 0x00, 
    0x00, 0x00, 0x00, 0x00, 0x00, 0x00, 0x00, 0x00, 0x00, 0x00, 0x00, 0x00, 0x00, 0x00, 0x00, 0x00, 
    0x00, 0x00, 0x00, 0x00, 0x00, 0x00, 0x00, 0x00, 0x00, 0x00, 0x00, 0x00, 0x00, 0x00, 0x00, 0x00, 
    0x00, 0x00, 0x00, 0x00, 0x00, 0x00, 0x00, 0x00, 0x00, 0x00, 0x00, 0x00, 0x00, 0x00, 0x00, 0x00, 
    0x00, 0x00, 0x00, 0x00, 0x00, 0x00, 0x00, 0x00, 0x00, 0x00, 0x00, 0x00, 0x00, 0x00, 0x00, 0x00, 
    0x00, 0x00, 0x00, 0x00, 0x00, 0x00, 0x00, 0x00, 0x00, 0x00, 0x00, 0x00, 0x00, 0x00, 0x00, 0x00, 
    0x00, 0x00, 0x00, 0x00, 0x00, 0x00, 0x00, 0x00, 0x00, 0x00, 0x00, 0x00, 0x00, 0x00, 0x00, 0x00, 
    0x00, 0x00, 0x00, 0x00, 0x00, 0x00, 0x00, 0x00, 0x00, 0x00, 0x00, 0x00, 0x00, 0x00, 0x00, 0x00, 
    0x00, 0x00, 0x00, 0x00, 0x00, 0x00, 0x00, 0x00, 0x00, 0x00, 0x00, 0x00, 0x00, 0x00, 0x00, 0x00, 
    0x00, 0x00, 0x00, 0x00, 0x00, 0x00, 0x00, 0x00, 0x00, 0x00, 0x00, 0x00, 0x00, 0x00, 0x00, 0x00, 
    0x00, 0x00, 0x00, 0x00, 0x00, 0x00, 0x00, 0x00, 0x00, 0x00, 0x00, 0x00, 0x00, 0x00, 0x00, 0x00, 
    0x00, 0x00, 0x00, 0x00, 0x00, 0x00, 0x00, 0x00, 0x00, 0x00, 0x00, 0x00, 0x00, 0x00, 0x00, 0x00, 
    0x00, 0x00, 0x00, 0x00, 0x00, 0x00, 0x00, 0x00, 0x00, 0x00, 0x00, 0x00, 0x00, 0x00, 0x00, 0x00, 
    0x00, 0x00, 0x00, 0x00, 0x00, 0x00, 0x00, 0x00, 0x00, 0x00, 0x00, 0x00, 0x00, 0x00, 0x00, 0x00, 
    0x00, 0x00, 0x00, 0x00, 0x00, 0x00, 0x00, 0x00, 0x00, 0x00, 0x00, 0x00, 0x00, 0x00, 0x00, 0x00, 
    0x00, 0x00, 0x00, 0x00, 0x00, 0x00, 0x00, 0x00, 0x00, 0x00, 0x00, 0x00, 0x00, 0x00, 0x00, 0x00, 
    0x00, 0x00, 0x00, 0x00, 0x00, 0x00, 0x00, 0x00, 0x00, 0x00, 0x00, 0x00, 0x00, 0x00, 0x00, 0x00, 
    0x00, 0x00, 0x00, 0x00, 0x00, 0x00, 0x00, 0x00, 0x00, 0x00, 0x00, 0x00, 0x00, 0x41, 0x00, 0xA2, 
    0x00, 0xC3, 0x00, 0xE3, 0x00, 0xE3, 0x00, 0xE3, 0x00, 0xE3, 0x00, 0xE3, 0x00, 0xE3, 0x00, 0xE3, 
    0x00, 0xE3, 0x00, 0xC3, 0x00, 0xA2, 0x00, 0xA2, 0x00, 0x82, 0x00, 0x20, 0x00, 0x00, 0x00, 0x00, 
    0x00, 0x00, 0x00, 0x00, 0x00, 0x00, 0x00, 0x00, 0x00, 0x00, 0x00, 0x00, 0x00, 0x00, 0x00, 0x20, 
    0x00, 0x61, 0x00, 0x82, 0x00, 0x82, 0x00, 0x82, 0x00, 0x61, 0x00, 0x61, 0x00, 0x82, 0x00, 0x82, 
    0x00, 0xE3, 0x01, 0x24, 0x01, 0x24, 0x01, 0x24, 0x01, 0x24, 0x01, 0x24, 0x01, 0x04, 0x00, 0xC3, 
    0x00, 0x61, 0x00, 0x20, 0x00, 0x00, 0x00, 0x00, 0x00, 0x00, 0x00, 0x00, 0x00, 0x00, 0x00, 0x00, 
    0x00, 0x00, 0x00, 0x00, 0x00, 0x00, 0x00, 0x00, 0x00, 0x00, 0x00, 0x61, 0x00, 0xC3, 0x01, 0x04, 
    0x01, 0x44, 0x01, 0x45, 0x01, 0x45, 0x01, 0x65, 0x01, 0x45, 0x01, 0x24, 0x00, 0xE3, 0x00, 0x82, 
    0x00, 0x41, 0x00, 0x00, 0x00, 0x00, 0x00, 0x00, 0x00, 0x00, 0x00, 0x41, 0x00, 0x82, 0x00, 0xE3, 
    0x01, 0x24, 0x01, 0x65, 0x01, 0x65, 0x01, 0x65, 0x01, 0x44, 0x01, 0x24, 0x01, 0x03, 0x00, 0xE3, 
    0x00, 0xA2, 0x00, 0x61, 0x00, 0x82, 0x00, 0xA2, 0x00, 0xA2, 0x00, 0xC3, 0x01, 0x04, 0x01, 0x45, 
    0x01, 0x65, 0x01, 0x65, 0x01, 0x65, 0x01, 0x65, 0x01, 0x65, 0x01, 0x45, 0x01, 0x65, 0x02, 0x08, 
    0x03, 0x2C, 0x03, 0x2F, 0x19, 0x68, 0x5C, 0x1E, 0x3B, 0x5F, 0x4B, 0x9F, 0x73, 0xDB, 0x10, 0xE7, 
    0x02, 0x4F, 0x03, 0x2E, 0x03, 0x2C, 0x02, 0xAA, 0x02, 0x07, 0x01, 0xA6, 0x01, 0x24, 0x00, 0xC3, 
    0x00, 0x41, 0x00, 0x00, 0x00, 0x00, 0x00, 0x00, 0x00, 0x41, 0x00, 0x61, 0x00, 0xA2, 0x01, 0x24, 
    0x01, 0xA6, 0x01, 0xC6, 0x01, 0xC6, 0x01, 0xC6, 0x01, 0xC6, 0x01, 0xE7, 0x01, 0xC6, 0x01, 0xA6, 
    0x01, 0x65, 0x01, 0x45, 0x01, 0x44, 0x01, 0x24, 0x01, 0x44, 0x01, 0x03, 0x00, 0x61, 0x00, 0x00, 
    0x00, 0x00, 0x00, 0x00, 0x00, 0x00, 0x00, 0x00, 0x00, 0x00, 0x00, 0x00, 0x00, 0x00, 0x00, 0x00, 
    0x00, 0x00, 0x00, 0x00, 0x00, 0x00, 0x00, 0x00, 0x00, 0x00, 0x00, 0x00, 0x00, 0x00, 0x00, 0x00, 
    0x00, 0x00, 0x00, 0x00, 0x00, 0x00, 0x00, 0x00, 0x00, 0x00, 0x00, 0x00, 0x00, 0x00, 0x00, 0x00, 
    0x00, 0x00, 0x00, 0x00, 0x00, 0x00, 0x00, 0x00, 0x00, 0x00, 0x00, 0x00, 0x00, 0x00, 0x00, 0x00, 
    0x00, 0x00, 0x00, 0x00, 0x00, 0x00, 0x00, 0x00, 0x00, 0x00, 0x00, 0x00, 0x00, 0x00, 0x00, 0x00, 
    0x00, 0x00, 0x00, 0x00, 0x00, 0x00, 0x00, 0x00, 0x00, 0x00, 0x00, 0x00, 0x00, 0x00, 0x00, 0x00, 
    0x00, 0x00, 0x00, 0x00, 0x00, 0x00, 0x00, 0x00, 0x00, 0x00, 0x00, 0x00, 0x00, 0x00, 0x00, 0x00, 
    0x00, 0x00, 0x00, 0x00, 0x00, 0x00, 0x00, 0x00, 0x00, 0x00, 0x00, 0x00, 0x00, 0x00, 0x00, 0x00, 
    0x00, 0x00, 0x00, 0x00, 0x00, 0x00, 0x00, 0x00, 0x00, 0x00, 0x00, 0x00, 0x00, 0x00, 0x00, 0x00, 
    0x00, 0x00, 0x00, 0x00, 0x00, 0x00, 0x00, 0x00, 0x00, 0x00, 0x00, 0x00, 0x00, 0x00, 0x00, 0x00, 
    0x00, 0x00, 0x00, 0x00, 0x00, 0x00, 0x00, 0x00, 0x00, 0x00, 0x00, 0x00, 0x00, 0x00, 0x00, 0x00, 
    0x00, 0x00, 0x00, 0x00, 0x00, 0x00, 0x00, 0x00, 0x00, 0x00, 0x00, 0x00, 0x00, 0x00, 0x00, 0x00, 
    0x00, 0x00, 0x00, 0x00, 0x00, 0x00, 0x00, 0x00, 0x00, 0x00, 0x00, 0x00, 0x00, 0x00, 0x00, 0x00, 
    0x00, 0x00, 0x00, 0x00, 0x00, 0x00, 0x00, 0x00, 0x00, 0x00, 0x00, 0x00, 0x00, 0x00, 0x00, 0x00, 
    0x00, 0x00, 0x00, 0x00, 0x00, 0x00, 0x00, 0x00, 0x00, 0x00, 0x00, 0x00, 0x00, 0x00, 0x00, 0x00, 
    0x00, 0x00, 0x00, 0x00, 0x00, 0x00, 0x00, 0x00, 0x00, 0x00, 0x00, 0x00, 0x00, 0x00, 0x00, 0x00, 
    0x00, 0x00, 0x00, 0x00, 0x00, 0x00, 0x00, 0x00, 0x00, 0x00, 0x00, 0x00, 0x00, 0x00, 0x00, 0x00, 
    0x00, 0x00, 0x00, 0x00, 0x00, 0x00, 0x00, 0x00, 0x00, 0x00, 0x00, 0x00, 0x00, 0x00, 0x00, 0x00, 
    0x00, 0x00, 0x00, 0x00, 0x00, 0x00, 0x00, 0x00, 0x00, 0x00, 0x00, 0x00, 0x00, 0x00, 0x00, 0x00, 
    0x00, 0x00, 0x00, 0x00, 0x00, 0x00, 0x00, 0x00, 0x00, 0x00, 0x00, 0x00, 0x00, 0x00, 0x00, 0x00, 
    0x00, 0x00, 0x00, 0x00, 0x00, 0x00, 0x00, 0x00, 0x00, 0x00, 0x00, 0x00, 0x00, 0x00, 0x00, 0x00, 
    0x00, 0x00, 0x00, 0x00, 0x00, 0x00, 0x00, 0x00, 0x00, 0x00, 0x00, 0x00, 0x00, 0x00, 0x00, 0x00, 
    0x00, 0x00, 0x00, 0x00, 0x00, 0x00, 0x00, 0x00, 0x00, 0x00, 0x00, 0x00, 0x00, 0x00, 0x00, 0x00, 
    0x00, 0x00, 0x00, 0x00, 0x00, 0x00, 0x00, 0x00, 0x00, 0x00, 0x00, 0x00, 0x00, 0x00, 0x00, 0x00, 
    0x00, 0x00, 0x00, 0x00, 0x00, 0x00, 0x00, 0x00, 0x00, 0x00, 0x00, 0x00, 0x00, 0x00, 0x00, 0x00, 
    0x00, 0x00, 0x00, 0x00, 0x00, 0x00, 0x00, 0x00, 0x00, 0x00, 0x00, 0x00, 0x00, 0x00, 0x00, 0x00, 
    0x00, 0x00, 0x00, 0x00, 0x00, 0x00, 0x00, 0x00, 0x00, 0x00, 0x00, 0x00, 0x00, 0x00, 0x00, 0x00, 
    0x00, 0x00, 0x00, 0x00, 0x00, 0x00, 0x00, 0x00, 0x00, 0x00, 0x00, 0x00, 0x00, 0x00, 0x00, 0x00, 
    0x00, 0x00, 0x00, 0x00, 0x00, 0x00, 0x00, 0x00, 0x00, 0x00, 0x00, 0x00, 0x00, 0x00, 0x00, 0x00, 
    0x00, 0x00, 0x00, 0x00, 0x00, 0x00, 0x00, 0x00, 0x00, 0x00, 0x00, 0x00, 0x00, 0x00, 0x00, 0x00, 
    0x00, 0x00, 0x00, 0x00, 0x00, 0x00, 0x00, 0x00, 0x00, 0x00, 0x00, 0x00, 0x00, 0x00, 0x00, 0x00, 
    0x00, 0x00, 0x00, 0x00, 0x00, 0x00, 0x00, 0x00, 0x00, 0x00, 0x00, 0x00, 0x00, 0x00, 0x00, 0x00, 
    0x00, 0x00, 0x00, 0x00, 0x00, 0x00, 0x00, 0x00, 0x00, 0x00, 0x00, 0x00, 0x00, 0x00, 0x00, 0x00, 
    0x00, 0x00, 0x00, 0x00, 0x00, 0x00, 0x00, 0x00, 0x00, 0x00, 0x00, 0x00, 0x00, 0x00, 0x00, 0x00, 
    0x00, 0x00, 0x00, 0x00, 0x00, 0x00, 0x00, 0x00, 0x00, 0x00, 0x00, 0x00, 0x00, 0x00, 0x00, 0xA2, 
    0x01, 0xC7, 0x03, 0x0C, 0x11, 0x46, 0x5A, 0xF4, 0x63, 0x16, 0x6B, 0x36, 0x5A, 0xB1, 0x09, 0x07, 
    0x03, 0x2E, 0x02, 0xCA, 0x01, 0xC7, 0x00, 0xE3, 0x00, 0x20, 0x00, 0x00, 0x00, 0x00, 0x00, 0x00, 
    0x00, 0x00, 0x00, 0x00, 0x00, 0x00, 0x00, 0x00, 0x00, 0x00, 0x00, 0x00, 0x00, 0x00, 0x00, 0x00, 
    0x00, 0x00, 0x00, 0x00, 0x00, 0x00, 0x00, 0x00, 0x00, 0x00, 0x00, 0x00, 0x00, 0x00, 0x00, 0x00, 
    0x00, 0x00, 0x00, 0x00, 0x00, 0x00, 0x00, 0x00, 0x00, 0x00, 0x00, 0x00, 0x00, 0x00, 0x00, 0x00, 
    0x00, 0x00, 0x00, 0x00, 0x00, 0x00, 0x00, 0x00, 0x00, 0x00, 0x00, 0x00, 0x00, 0x00, 0x00, 0x00, 
    0x00, 0x00, 0x00, 0x00, 0x00, 0x00, 0x00, 0x00, 0x00, 0x00, 0x00, 0x00, 0x00, 0x00, 0x00, 0x00, 
    0x00, 0x00, 0x00, 0x00, 0x00, 0x00, 0x00, 0x00, 0x00, 0x00, 0x00, 0x00, 0x00, 0x00, 0x00, 0x00, 
    0x00, 0x00, 0x00, 0x00, 0x00, 0x00, 0x00, 0x00, 0x00, 0x00, 0x00, 0x00, 0x00, 0x00, 0x00, 0x00, 
    0x00, 0x00, 0x00, 0x00, 0x00, 0x00, 0x00, 0x00, 0x00, 0x00, 0x00, 0x00, 0x00, 0x00, 0x00, 0x00, 
    0x00, 0x00, 0x00, 0x00, 0x00, 0x00, 0x00, 0x00, 0x00, 0x00, 0x00, 0x00, 0x00, 0x00, 0x00, 0x00, 
    0x00, 0x00, 0x00, 0x00, 0x00, 0x00, 0x00, 0x00, 0x00, 0x00, 0x00, 0x00, 0x00, 0x00, 0x00, 0x00, 
    0x00, 0x00, 0x00, 0x00, 0x00, 0x00, 0x00, 0x00, 0x00, 0x00, 0x00, 0x00, 0x00, 0x00, 0x00, 0x00, 
    0x00, 0x00, 0x00, 0x00, 0x00, 0x00, 0x00, 0x00, 0x00, 0x00, 0x00, 0x00, 0x00, 0x00, 0x00, 0x00, 
    0x00, 0x00, 0x00, 0x00, 0x00, 0x00, 0x00, 0x00, 0x00, 0x00, 0x00, 0x00, 0x00, 0x00, 0x00, 0x00, 
    0x00, 0x00, 0x00, 0x00, 0x00, 0x00, 0x00, 0x00, 0x00, 0x00, 0x00, 0x00, 0x00, 0x00, 0x00, 0x00, 
    0x00, 0x00, 0x00, 0x00, 0x00, 0x00, 0x00, 0x00, 0x00, 0x00, 0x00, 0x00, 0x00, 0x00, 0x00, 0x00, 
    0x00, 0x00, 0x00, 0x00, 0x00, 0x00, 0x00, 0x00, 0x00, 0x00, 0x00, 0x00, 0x00, 0x00, 0x00, 0x00, 
    0x00, 0x00, 0x00, 0x00, 0x00, 0x00, 0x00, 0x00, 0x00, 0x00, 0x00, 0x00, 0x00, 0x00, 0x00, 0x00, 
    0x00, 0x00, 0x00, 0x00, 0x00, 0x00, 0x00, 0x00, 0x00, 0x00, 0x00, 0x00, 0x00, 0x00, 0x00, 0x00, 
    0x00, 0x00, 0x00, 0x00, 0x00, 0x00, 0x00, 0x00, 0x00, 0x00, 0x00, 0x00, 0x00, 0x00, 0x00, 0x00, 
    0x00, 0x00, 0x00, 0x00, 0x00, 0x00, 0x00, 0x00, 0x00, 0x00, 0x00, 0x00, 0x00, 0x00, 0x00, 0x00, 
    0x00, 0x00, 0x00, 0x00, 0x00, 0x00, 0x00, 0x00, 0x00, 0x00, 0x00, 0x00, 0x00, 0x00, 0x00, 0x00, 
    0x00, 0x00, 0x00, 0x00, 0x00, 0x00, 0x00, 0x00, 0x00, 0x00, 0x00, 0x00, 0x00, 0x00, 0x00, 0x00, 
    0x00, 0x00, 0x00, 0x00, 0x00, 0x00, 0x00, 0x00, 0x00, 0x00, 0x00, 0x00, 0x00, 0x00, 0x00, 0x00, 
    0x00, 0x00, 0x00, 0x00, 0x00, 0x00, 0x00, 0x00, 0x00, 0x00, 0x00, 0x00, 0x00, 0x00, 0x00, 0x00, 
    0x00, 0x00, 0x00, 0x00, 0x00, 0x00, 0x00, 0x00, 0x00, 0x00, 0x00, 0x00, 0x00, 0x00, 0x00, 0x00, 
    0x00, 0x00, 0x00, 0x00, 0x00, 0x00, 0x00, 0x00, 0x00, 0x00, 0x00, 0x00, 0x00, 0x00, 0x00, 0x00, 
    0x00, 0x00, 0x00, 0x00, 0x00, 0x00, 0x00, 0x00, 0x00, 0x00, 0x00, 0x00, 0x00, 0x00, 0x00, 0x00, 
    0x00, 0x00, 0x00, 0x00, 0x00, 0x00, 0x00, 0x00, 0x00, 0x00, 0x00, 0x00, 0x00, 0x00, 0x00, 0x00, 
    0x00, 0x00, 0x00, 0x00, 0x00, 0x00, 0x00, 0x00, 0x00, 0x00, 0x00, 0x00, 0x00, 0x00, 0x00, 0x00, 
    0x00, 0x00, 0x00, 0x00, 0x00, 0x00, 0x00, 0x00, 0x00, 0x00, 0x00, 0x00, 0x00, 0x00, 0x00, 0x00, 
    0x00, 0x00, 0x00, 0x00, 0x00, 0x00, 0x00, 0x00, 0x00, 0x00, 0x00, 0x00, 0x00, 0x00, 0x00, 0x00, 
    0x00, 0x00, 0x00, 0x00, 0x00, 0x00, 0x00, 0x00, 0x00, 0x00, 0x00, 0x00, 0x00, 0x00, 0x00, 0x00, 
    0x00, 0x00, 0x00, 0x00, 0x00, 0x00, 0x00, 0x00, 0x00, 0x00, 0x00, 0x00, 0x00, 0x00, 0x00, 0x00, 
    0x00, 0x00, 0x00, 0x00, 0x00, 0x00, 0x00, 0x00, 0x00, 0x00, 0x00, 0x00, 0x00, 0x00, 0x00, 0x00, 
    0x00, 0x00, 0x00, 0x00, 0x00, 0x00, 0x00, 0x00, 0x00, 0x00, 0x00, 0x00, 0x00, 0x00, 0x00, 0x00, 
    0x00, 0x00, 0x00, 0x00, 0x00, 0x00, 0x00, 0x00, 0x00, 0x00, 0x00, 0x00, 0x00, 0x00, 0x00, 0x00, 
    0x00, 0x00, 0x00, 0x00, 0x00, 0x00, 0x00, 0x00, 0x00, 0x00, 0x00, 0x00, 0x00, 0x00, 0x00, 0x00, 
    0x00, 0x00, 0x00, 0x00, 0x00, 0x00, 0x00, 0x00, 0x00, 0x00, 0x00, 0x00, 0x00, 0x00, 0x00, 0x00, 
    0x00, 0x41, 0x02, 0x07, 0x02, 0x08, 0x01, 0xE8, 0x02, 0x29, 0x02, 0x09, 0x01, 0xA7, 0x02, 0x8A, 
    0x02, 0x8A, 0x01, 0x45, 0x00, 0x00, 0x00, 0x00, 0x00, 0x00, 0x00, 0x00, 0x00, 0x00, 0x00, 0x00, 
    0x00, 0x00, 0x00, 0x00, 0x00, 0x00, 0x00, 0x00, 0x00, 0x00, 0x00, 0x00, 0x00, 0x00, 0x00, 0x00, 
    0x00, 0x00, 0x00, 0x00, 0x00, 0x00, 0x00, 0x00, 0x00, 0x00, 0x00, 0x00, 0x00, 0x00, 0x00, 0x00, 
    0x00, 0x00, 0x00, 0x00, 0x00, 0x00, 0x00, 0x00, 0x00, 0x00, 0x00, 0x00, 0x00, 0x00, 0x00, 0x00, 
    0x00, 0x00, 0x00, 0x00, 0x00, 0x00, 0x00, 0x00, 0x00, 0x00, 0x00, 0x00, 0x00, 0x00, 0x00, 0x00, 
    0x00, 0x00, 0x00, 0x00, 0x00, 0x00, 0x00, 0x00, 0x00, 0x00, 0x00, 0x00, 0x00, 0x00, 0x00, 0x00, 
    0x00, 0x00, 0x00, 0x00, 0x00, 0x00, 0x00, 0x00, 0x00, 0x00, 0x00, 0x00, 0x00, 0x00, 0x00, 0x00, 
    0x00, 0x00, 0x00, 0x00, 0x00, 0x00, 0x00, 0x00, 0x00, 0x00, 0x00, 0x00, 0x00, 0x00, 0x00, 0x00, 
    0x00, 0x00, 0x00, 0x00, 0x00, 0x00, 0x00, 0x00, 0x00, 0x00, 0x00, 0x00, 0x00, 0x00, 0x00, 0x00, 
    0x00, 0x00, 0x00, 0x00, 0x00, 0x00, 0x00, 0x00, 0x00, 0x00, 0x00, 0x00, 0x00, 0x00, 0x00, 0x00, 
    0x00, 0x00, 0x00, 0x00, 0x00, 0x00, 0x00, 0x00, 0x00, 0x00, 0x00, 0x00, 0x00, 0x00, 0x00, 0x00, 
    0x00, 0x00, 0x00, 0x00, 0x00, 0x00, 0x00, 0x00, 0x00, 0x00, 0x00, 0x00, 0x00, 0x00, 0x00, 0x00, 
    0x00, 0x00, 0x00, 0x00, 0x00, 0x00, 0x00, 0x00, 0x00, 0x00, 0x00, 0x00, 0x00, 0x00, 0x00, 0x00, 
    0x00, 0x00, 0x00, 0x00, 0x00, 0x00, 0x00, 0x00, 0x00, 0x00, 0x00, 0x00, 0x00, 0x00, 0x00, 0x00, 
    0x00, 0x00, 0x00, 0x00, 0x00, 0x00, 0x00, 0x00, 0x00, 0x00, 0x00, 0x00, 0x00, 0x00, 0x00, 0x00, 
    0x00, 0x00, 0x00, 0x00, 0x00, 0x00, 0x00, 0x00, 0x00, 0x00, 0x00, 0x00, 0x00, 0x00, 0x00, 0x00, 
    0x00, 0x00, 0x00, 0x00, 0x00, 0x00, 0x00, 0x00, 0x00, 0x00, 0x00, 0x00, 0x00, 0x00, 0x00, 0x00, 
    0x00, 0x00, 0x00, 0x00, 0x00, 0x00, 0x00, 0x00, 0x00, 0x00, 0x00, 0x00, 0x00, 0x00, 0x00, 0x00, 
    0x00, 0x00, 0x00, 0x00, 0x00, 0x00, 0x00, 0x00, 0x00, 0x00, 0x00, 0x00, 0x00, 0x00, 0x00, 0x00, 
    0x00, 0x00, 0x00, 0x00, 0x00, 0x00, 0x00, 0x00, 0x00, 0x00, 0x00, 0x00, 0x00, 0x00, 0x00, 0x00, 
    0x00, 0x00, 0x00, 0x00, 0x00, 0x00, 0x00, 0x00, 0x00, 0x00, 0x00, 0x00, 0x00, 0x00, 0x00, 0x00, 
    0x00, 0x00, 0x00, 0x00, 0x00, 0x00, 0x00, 0x00, 0x00, 0x00, 0x00, 0x00, 0x00, 0x00, 0x00, 0x00, 
    0x00, 0x00, 0x00, 0x00, 0x00, 0x00, 0x00, 0x00, 0x00, 0x00, 0x00, 0x00, 0x00, 0x00, 0x00, 0x00, 
    0x00, 0x00, 0x00, 0x00, 0x00, 0x00, 0x00, 0x00, 0x00, 0x00, 0x00, 0x00, 0x00, 0x00, 0x00, 0x00, 
    0x00, 0x00, 0x00, 0x00, 0x00, 0x00, 0x00, 0x00, 0x00, 0x00, 0x00, 0x00, 0x00, 0x00, 0x00, 0x00, 
    0x00, 0x00, 0x00, 0x00, 0x00, 0x00, 0x00, 0x00, 0x00, 0x00, 0x00, 0x00, 0x00, 0x00, 0x00, 0x00, 
    0x00, 0x00, 0x00, 0x00, 0x00, 0x00, 0x00, 0x00, 0x00, 0x00, 0x00, 0x00, 0x00, 0x00, 0x00, 0x00, 
    0x00, 0x00, 0x00, 0x00, 0x00, 0x00, 0x00, 0x00, 0x00, 0x00, 0x00, 0x00, 0x00, 0x00, 0x00, 0x00, 
    0x00, 0x00, 0x00, 0x00, 0x00, 0x00, 0x00, 0x00, 0x00, 0x00, 0x00, 0x00, 0x00, 0x00, 0x00, 0x00, 
    0x00, 0x00, 0x00, 0x00, 0x00, 0x00, 0x00, 0x00, 0x00, 0x00, 0x00, 0x00, 0x00, 0x00, 0x00, 0x00, 
    0x00, 0x00, 0x00, 0x00, 0x00, 0x00, 0x00, 0x00, 0x00, 0x00, 0x00, 0x00, 0x00, 0x00, 0x00, 0x00, 
    0x00, 0x00, 0x00, 0x00, 0x00, 0x00, 0x00, 0x00, 0x00, 0x00, 0x00, 0x00, 0x00, 0x00, 0x00, 0x00, 
    0x00, 0x00, 0x00, 0x00, 0x00, 0x00, 0x00, 0x00, 0x00, 0x00, 0x00, 0x00, 0x00, 0x00, 0x00, 0x00, 
    0x00, 0x00, 0x00, 0x00, 0x00, 0x00, 0x00, 0x00, 0x00, 0x00, 0x00, 0x00, 0x00, 0x00, 0x00, 0x00, 
    0x00, 0x00, 0x00, 0x00, 0x00, 0x00, 0x00, 0x00, 0x00, 0x00, 0x00, 0x00, 0x00, 0x00, 0x00, 0x00, 
    0x00, 0x00, 0x00, 0x00, 0x00, 0x00, 0x00, 0x00, 0x00, 0x00, 0x00, 0x00, 0x00, 0x00, 0x00, 0x00, 
    0x00, 0x00, 0x00, 0x00, 0x00, 0x00, 0x00, 0x00, 0x00, 0x00, 0x00, 0x00, 0x00, 0x00, 0x00, 0x00, 
    0x00, 0x00, 0x00, 0x00, 0x00, 0x00, 0x00, 0x00, 0x00, 0x00, 0x00, 0x00, 0x00, 0x00, 0x00, 0x00, 
    0x00, 0x00, 0x00, 0x00, 0x00, 0x00, 0x00, 0x00, 0x00, 0x00, 0x00, 0x00, 0x00, 0x00, 0x00, 0x00, 
    0x00, 0x00, 0x00, 0x20, 0x01, 0xC7, 0x02, 0xCA, 0x03, 0x2C, 0x03, 0x2C, 0x02, 0xCB, 0x02, 0x08, 
    0x01, 0x04, 0x00, 0x20, 0x00, 0x00, 0x00, 0x00, 0x00, 0x00, 0x00, 0x00, 0x00, 0x00, 0x00, 0x00, 
    0x00, 0x00, 0x00, 0x00, 0x00, 0x00, 0x00, 0x00, 0x00, 0x00, 0x00, 0x00, 0x00, 0x00, 0x00, 0x00, 
    0x00, 0x00, 0x00, 0x00, 0x00, 0x00, 0x00, 0x00, 0x00, 0x00, 0x00, 0x00, 0x00, 0x00, 0x00, 0x00, 
    0x00, 0x00, 0x00, 0x00, 0x00, 0x00, 0x00, 0x00, 0x00, 0x00, 0x00, 0x00, 0x00, 0x00, 0x00, 0x00, 
    0x00, 0x00, 0x00, 0x00, 0x00, 0x00, 0x00, 0x00, 0x00, 0x00, 0x00, 0x00, 0x00, 0x00, 0x00, 0x00, 
    0x00, 0x00, 0x00, 0x00, 0x00, 0x00, 0x00, 0x00, 0x00, 0x00, 0x00, 0x00, 0x00, 0x00, 0x00, 0x00, 
    0x00, 0x00, 0x00, 0x00, 0x00, 0x00, 0x00, 0x00, 0x00, 0x00, 0x00, 0x00, 0x00, 0x00, 0x00, 0x00, 
    0x00, 0x00, 0x00, 0x00, 0x00, 0x00, 0x00, 0x00, 0x00, 0x00, 0x00, 0x00, 0x00, 0x00, 0x00, 0x00, 
    0x00, 0x00, 0x00, 0x00, 0x00, 0x00, 0x00, 0x00, 0x00, 0x00, 0x00, 0x00, 0x00, 0x00, 0x00, 0x00, 
    0x00, 0x00, 0x00, 0x00, 0x00, 0x00, 0x00, 0x00, 0x00, 0x00, 0x00, 0x00, 0x00, 0x00, 0x00, 0x00, 
    0x00, 0x00, 0x00, 0x00, 0x00, 0x00, 0x00, 0x00, 0x00, 0x00, 0x00, 0x00, 0x00, 0x00, 0x00, 0x00, 
    0x00, 0x00, 0x00, 0x00, 0x00, 0x00, 0x00, 0x00, 0x00, 0x00, 0x00, 0x00, 0x00, 0x00, 0x00, 0x00, 
    0x00, 0x00, 0x00, 0x00, 0x00, 0x00, 0x00, 0x00, 0x00, 0x00, 0x00, 0x00, 0x00, 0x00, 0x00, 0x00, 
    0x00, 0x00, 0x00, 0x00, 0x00, 0x00, 0x00, 0x00, 0x00, 0x00, 0x00, 0x00, 0x00, 0x00, 0x00, 0x00, 
    0x00, 0x00, 0x00, 0x00, 0x00, 0x00, 0x00, 0x00, 0x00, 0x00, 0x00, 0x00, 0x00, 0x00, 0x00, 0x00, 
    0x00, 0x00, 0x00, 0x00, 0x00, 0x00, 0x00, 0x00, 0x00, 0x00, 0x00, 0x00, 0x00, 0x00, 0x00, 0x00, 
    0x00, 0x00, 0x00, 0x00, 0x00, 0x00, 0x00, 0x00, 0x00, 0x00, 0x00, 0x00, 0x00, 0x00, 0x00, 0x00, 
    0x00, 0x00, 0x00, 0x00, 0x00, 0x00, 0x00, 0x00, 0x00, 0x00, 0x00, 0x00, 0x00, 0x00, 0x00, 0x00, 
    0x00, 0x00, 0x00, 0x00, 0x00, 0x00, 0x00, 0x00, 0x00, 0x00, 0x00, 0x00, 0x00, 0x00, 0x00, 0x00, 
    0x00, 0x00, 0x00, 0x00, 0x00, 0x00, 0x00, 0x00, 0x00, 0x00, 0x00, 0x00, 0x00, 0x00, 0x00, 0x00, 
    0x00, 0x00, 0x00, 0x00, 0x00, 0x00, 0x00, 0x00, 0x00, 0x00, 0x00, 0x00, 0x00, 0x00, 0x00, 0x00, 
    0x00, 0x00, 0x00, 0x00, 0x00, 0x00, 0x00, 0x00, 0x00, 0x00, 0x00, 0x00, 0x00, 0x00, 0x00, 0x00, 
    0x00, 0x00, 0x00, 0x00, 0x00, 0x00, 0x00, 0x00, 0x00, 0x00, 0x00, 0x00, 0x00, 0x00, 0x00, 0x00, 
    0x00, 0x00, 0x00, 0x00, 0x00, 0x00, 0x00, 0x00, 0x00, 0x00, 0x00, 0x00, 0x00, 0x00, 0x00, 0x00, 
    0x00, 0x00, 0x00, 0x00, 0x00, 0x00, 0x00, 0x00, 0x00, 0x00, 0x00, 0x00, 0x00, 0x00, 0x00, 0x00, 
    0x00, 0x00, 0x00, 0x00, 0x00, 0x00, 0x00, 0x00, 0x00, 0x00, 0x00, 0x00, 0x00, 0x00, 0x00, 0x00, 
    0x00, 0x00, 0x00, 0x00, 0x00, 0x00, 0x00, 0x00, 0x00, 0x00, 0x00, 0x00, 0x00, 0x00, 0x00, 0x00, 
    0x00, 0x00, 0x00, 0x00, 0x00, 0x00, 0x00, 0x00, 0x00, 0x00, 0x00, 0x00, 0x00, 0x00, 0x00, 0x00, 
    0x00, 0x00, 0x00, 0x00, 0x00, 0x00, 0x00, 0x00, 0x00, 0x00, 0x00, 0x00, 0x00, 0x00, 0x00, 0x00, 
    0x00, 0x00, 0x00, 0x00, 0x00, 0x00, 0x00, 0x00, 0x00, 0x00, 0x00, 0x00, 0x00, 0x00, 0x00, 0x00, 
    0x00, 0x00, 0x00, 0x00, 0x00, 0x00, 0x00, 0x00, 0x00, 0x00, 0x00, 0x00, 0x00, 0x00, 0x00, 0x00, 
    0x00, 0x00, 0x00, 0x00, 0x00, 0x00, 0x00, 0x00, 0x00, 0x00, 0x00, 0x00, 0x00, 0x00, 0x00, 0x00, 
    0x00, 0x00, 0x00, 0x00, 0x00, 0x00, 0x00, 0x00, 0x00, 0x00, 0x00, 0x00, 0x00, 0x00, 0x00, 0x00, 
    0x00, 0x00, 0x00, 0x00, 0x00, 0x00, 0x00, 0x00, 0x00, 0x00, 0x00, 0x00, 0x00, 0x00, 0x00, 0x00, 
    0x00, 0x00, 0x00, 0x00, 0x00, 0x00, 0x00, 0x00, 0x00, 0x00, 0x00, 0x00, 0x00, 0x00, 0x00, 0x00, 
    0x00, 0x00, 0x00, 0x00, 0x00, 0x00, 0x00, 0x00, 0x00, 0x00, 0x00, 0x00, 0x00, 0x00, 0x00, 0x00, 
    0x00, 0x00, 0x00, 0x00, 0x00, 0x00, 0x00, 0x00, 0x00, 0x00, 0x00, 0x00, 0x00, 0x00, 0x00, 0x00, 
    0x00, 0x00, 0x00, 0x00, 0x00, 0x00, 0x00, 0x00, 0x00, 0x00, 0x00, 0x00, 0x00, 0x00, 0x00, 0x00, 
    0x00, 0x00, 0x00, 0x00, 0x00, 0x00, 0x00, 0x00, 0x00, 0x00, 0x00, 0x00, 0x00, 0x00, 0x00, 0x00, 
    0x00, 0x00, 0x00, 0x00, 0x00, 0x00, 0x00, 0x20, 0x00, 0x61, 0x00, 0x82, 0x00, 0x61, 0x00, 0x00, 
    0x00, 0x00, 0x00, 0x00, 0x00, 0x00, 0x00, 0x00, 0x00, 0x00, 0x00, 0x00, 0x00, 0x00, 0x00, 0x00, 
    0x00, 0x00, 0x00, 0x00, 0x00, 0x00, 0x00, 0x00, 0x00, 0x00, 0x00, 0x00, 0x00, 0x00, 0x00, 0x00, 
    0x00, 0x00, 0x00, 0x00, 0x00, 0x00, 0x00, 0x00, 0x00, 0x00, 0x00, 0x00, 0x00, 0x00, 0x00, 0x00, 
    0x00, 0x00, 0x00, 0x00, 0x00, 0x00, 0x00, 0x00, 0x00, 0x00, 0x00, 0x00, 0x00, 0x00, 0x00, 0x00, 
    0x00, 0x00, 0x00, 0x00, 0x00, 0x00, 0x00, 0x00, 0x00, 0x00, 0x00, 0x00, 0x00, 0x00, 0x00, 0x00, 
    0x00, 0x00, 0x00, 0x00, 0x00, 0x00, 0x00, 0x00, 0x00, 0x00, 0x00, 0x00, 0x00, 0x00, 0x00, 0x00, 
    0x00, 0x00, 0x00, 0x00, 0x00, 0x00, 0x00, 0x00, 0x00, 0x00, 0x00, 0x00, 0x00, 0x00, 0x00, 0x00, 
    0x00, 0x00, 0x00, 0x00, 0x00, 0x00, 0x00, 0x00, 0x00, 0x00, 0x00, 0x00, 0x00, 0x00, 0x00, 0x00, 
    0x00, 0x00, 0x00, 0x00, 0x00, 0x00, 0x00, 0x00, 0x00, 0x00, 0x00, 0x00, 0x00, 0x00, 0x00, 0x00, 
    0x00, 0x00, 0x00, 0x00, 0x00, 0x00, 0x00, 0x00, 0x00, 0x00, 0x00, 0x00, 0x00, 0x00, 0x00, 0x00, 
    0x00, 0x00, 0x00, 0x00, 0x00, 0x00, 0x00, 0x00, 0x00, 0x00, 0x00, 0x00, 0x00, 0x00, 0x00, 0x00, 
    0x00, 0x00, 0x00, 0x00, 0x00, 0x00, 0x00, 0x00, 0x00, 0x00, 0x00, 0x00, 0x00, 0x00, 0x00, 0x00, 
    0x00, 0x00, 0x00, 0x00, 0x00, 0x00, 0x00, 0x00, 0x00, 0x00, 0x00, 0x00, 0x00, 0x00, 0x00, 0x00, 
    0x00, 0x00, 0x00, 0x00, 0x00, 0x00, 0x00, 0x00, 0x00, 0x00, 0x00, 0x00, 0x00, 0x00, 0x00, 0x00, 
    0x00, 0x00, 0x00, 0x00, 0x00, 0x00, 0x00, 0x00, 0x00, 0x00, 0x00, 0x00, 0x00, 0x00, 0x00, 0x00, 
    0x00, 0x00, 0x00, 0x00, 0x00, 0x00, 0x00, 0x00, 0x00, 0x00, 0x00, 0x00, 0x00, 0x00, 0x00, 0x00, 
    0x00, 0x00, 0x00, 0x00, 0x00, 0x00, 0x00, 0x00, 0x00, 0x00, 0x00, 0x00, 0x00, 0x00, 0x00, 0x00, 
    0x00, 0x00, 0x00, 0x00, 0x00, 0x00, 0x00, 0x00, 0x00, 0x00, 0x00, 0x00, 0x00, 0x00, 0x00, 0x00, 
    0x00, 0x00, 0x00, 0x00, 0x00, 0x00, 0x00, 0x00, 0x00, 0x00, 0x00, 0x00, 0x00, 0x00, 0x00, 0x00, 
    0x00, 0x00, 0x00, 0x00, 0x00, 0x00, 0x00, 0x00, 0x00, 0x00, 0x00, 0x00, 0x00, 0x00, 0x00, 0x00, 
    0x00, 0x00, 0x00, 0x00, 0x00, 0x00, 0x00, 0x00, 0x00, 0x00, 0x00, 0x00, 0x00, 0x00, 0x00, 0x00, 
    0x00, 0x00, 0x00, 0x00, 0x00, 0x00, 0x00, 0x00, 0x00, 0x00, 0x00, 0x00, 0x00, 0x00, 0x00, 0x00, 
    0x00, 0x00, 0x00, 0x00, 0x00, 0x00, 0x00, 0x00, 0x00, 0x00, 0x00, 0x00, 0x00, 0x00, 0x00, 0x00, 
    0x00, 0x00, 0x00, 0x00, 0x00, 0x00, 0x00, 0x00, 0x00, 0x00, 0x00, 0x00, 0x00, 0x00, 0x00, 0x00, 
    0x00, 0x00, 0x00, 0x00, 0x00, 0x00, 0x00, 0x00, 0x00, 0x00, 0x00, 0x00, 0x00, 0x00, 0x00, 0x00, 
    0x00, 0x00, 0x00, 0x00, 0x00, 0x00, 0x00, 0x00, 0x00, 0x00, 0x00, 0x00, 0x00, 0x00, 0x00, 0x00, 
    0x00, 0x00, 0x00, 0x00, 0x00, 0x00, 0x00, 0x00, 0x00, 0x00, 0x00, 0x00, 0x00, 0x00, 0x00, 0x00, 
    0x00, 0x00, 0x00, 0x00, 0x00, 0x00, 0x00, 0x00, 0x00, 0x00, 0x00, 0x00, 0x00, 0x00, 0x00, 0x00, 
    0x00, 0x00, 0x00, 0x00, 0x00, 0x00, 0x00, 0x00, 0x00, 0x00, 0x00, 0x00, 0x00, 0x00, 0x00, 0x00, 
    0x00, 0x00, 0x00, 0x00, 0x00, 0x00, 0x00, 0x00, 0x00, 0x00, 0x00, 0x00, 0x00, 0x00, 0x00, 0x00, 
    0x00, 0x00, 0x00, 0x00, 0x00, 0x00, 0x00, 0x00, 0x00, 0x00, 0x00, 0x00, 0x00, 0x00, 0x00, 0x00, 
    0x00, 0x00, 0x00, 0x00, 0x00, 0x00, 0x00, 0x00, 0x00, 0x00, 0x00, 0x00, 0x00, 0x00, 0x00, 0x00, 
    0x00, 0x00, 0x00, 0x00, 0x00, 0x00, 0x00, 0x00, 0x00, 0x00, 0x00, 0x00, 0x00, 0x00, 0x00, 0x00, 
    0x00, 0x00, 0x00, 0x00, 0x00, 0x00, 0x00, 0x00, 0x00, 0x00, 0x00, 0x00, 0x00, 0x00, 0x00, 0x00, 
    0x00, 0x00, 0x00, 0x00, 0x00, 0x00, 0x00, 0x00, 0x00, 0x00, 0x00, 0x00, 0x00, 0x00, 0x00, 0x00, 
    0x00, 0x00, 0x00, 0x00, 0x00, 0x00, 0x00, 0x00, 0x00, 0x00, 0x00, 0x00, 0x00, 0x00, 0x00, 0x00, 
    0x00, 0x00, 0x00, 0x00, 0x00, 0x00, 0x00, 0x00, 0x00, 0x00, 0x00, 0x00, 0x00, 0x00, 0x00, 0x00, 
    0x00, 0x00, 0x00, 0x00, 0x00, 0x00, 0x00, 0x00, 0x00, 0x00, 0x00, 0x00, 0x00, 0x00, 0x00, 0x00, 
    0x00, 0x00, 0x00, 0x00, 0x00, 0x00, 0x00, 0x00, 0x00, 0x00, 0x00, 0x00, 0x00, 0x00, 0x00, 0x00, 
    0x00, 0x00, 0x00, 0x00, 0x00, 0x00, 0x00, 0x00, 0x00, 0x00, 0x00, 0x00, 0x00, 0x00, 0x00, 0x00, 
    0x00, 0x00, 0x00, 0x00, 0x00, 0x00, 0x00, 0x00, 0x00, 0x00, 0x00, 0x00, 0x00, 0x00, 0x00, 0x00, 
    0x00, 0x00, 0x00, 0x00, 0x00, 0x00, 0x00, 0x00, 0x00, 0x00, 0x00, 0x00, 0x00, 0x00, 0x00, 0x00, 
    0x00, 0x00, 0x00, 0x00, 0x00, 0x00, 0x00, 0x00, 0x00, 0x00, 0x00, 0x00, 0x00, 0x00, 0x00, 0x00, 
    0x00, 0x00, 0x00, 0x00, 0x00, 0x00, 0x00, 0x00, 0x00, 0x00, 0x00, 0x00, 0x00, 0x00, 0x00, 0x00, 
    0x00, 0x00, 0x00, 0x00, 0x00, 0x00, 0x00, 0x00, 0x00, 0x00, 0x00, 0x00, 0x00, 0x00, 0x00, 0x00, 
    0x00, 0x00, 0x00, 0x00, 0x00, 0x00, 0x00, 0x00, 0x00, 0x00, 0x00, 0x00, 0x00, 0x00, 0x00, 0x00, 
    0x00, 0x00, 0x00, 0x00, 0x00, 0x00, 0x00, 0x00, 0x00, 0x00, 0x00, 0x00, 0x00, 0x00, 0x00, 0x00, 
    0x00, 0x00, 0x00, 0x00, 0x00, 0x00, 0x00, 0x00, 0x00, 0x00, 0x00, 0x00, 0x00, 0x00, 0x00, 0x00, 
    0x00, 0x00, 0x00, 0x00, 0x00, 0x00, 0x00, 0x00, 0x00, 0x00, 0x00, 0x00, 0x00, 0x00, 0x00, 0x00, 
    0x00, 0x00, 0x00, 0x00, 0x00, 0x00, 0x00, 0x00, 0x00, 0x00, 0x00, 0x00, 0x00, 0x00, 0x00, 0x00, 
    0x00, 0x00, 0x00, 0x00, 0x00, 0x00, 0x00, 0x00, 0x00, 0x00, 0x00, 0x00, 0x00, 0x00, 0x00, 0x00, 
    0x00, 0x00, 0x00, 0x00, 0x00, 0x00, 0x00, 0x00, 0x00, 0x00, 0x00, 0x00, 0x00, 0x00, 0x00, 0x00, 
    0x00, 0x00, 0x00, 0x00, 0x00, 0x00, 0x00, 0x00, 0x00, 0x00, 0x00, 0x00, 0x00, 0x00, 0x00, 0x00, 
    0x00, 0x00, 0x00, 0x00, 0x00, 0x00, 0x00, 0x00, 0x00, 0x00, 0x00, 0x00, 0x00, 0x00, 0x00, 0x00, 
    0x00, 0x00, 0x00, 0x00, 0x00, 0x00, 0x00, 0x00, 0x00, 0x00, 0x00, 0x00, 0x00, 0x00, 0x00, 0x00, 
    0x00, 0x00, 0x00, 0x00, 0x00, 0x00, 0x00, 0x00, 0x00, 0x00, 0x00, 0x00, 0x00, 0x00, 0x00, 0x00, 
    0x00, 0x00, 0x00, 0x00, 0x00, 0x00, 0x00, 0x00, 0x00, 0x00, 0x00, 0x00, 0x00, 0x00, 0x00, 0x00, 
    0x00, 0x00, 0x00, 0x00, 0x00, 0x00, 0x00, 0x00, 0x00, 0x00, 0x00, 0x00, 0x00, 0x00, 0x00, 0x00, 
    0x00, 0x00, 0x00, 0x00, 0x00, 0x00, 0x00, 0x00, 0x00, 0x00, 0x00, 0x00, 0x00, 0x00, 0x00, 0x00, 
    0x00, 0x00, 0x00, 0x00, 0x00, 0x00, 0x00, 0x00, 0x00, 0x00, 0x00, 0x00, 0x00, 0x00, 0x00, 0x00, 
    0x00, 0x00, 0x00, 0x00, 0x00, 0x00, 0x00, 0x00, 0x00, 0x00, 0x00, 0x00, 0x00, 0x00, 0x00, 0x00, 
    0x00, 0x00, 0x00, 0x00, 0x00, 0x00, 0x00, 0x00, 0x00, 0x00, 0x00, 0x00, 0x00, 0x00, 0x00, 0x00, 
    0x00, 0x00, 0x00, 0x00, 0x00, 0x00, 0x00, 0x00, 0x00, 0x00, 0x00, 0x00, 0x00, 0x00, 0x00, 0x00, 
    0x00, 0x00, 0x00, 0x00, 0x00, 0x00, 0x00, 0x00, 0x00, 0x00, 0x00, 0x00, 0x00, 0x00, 0x00, 0x00, 
    0x00, 0x00, 0x00, 0x00, 0x00, 0x00, 0x00, 0x00, 0x00, 0x00, 0x00, 0x00, 0x00, 0x00, 0x00, 0x00, 
    0x00, 0x00, 0x00, 0x00, 0x00, 0x00, 0x00, 0x00, 0x00, 0x00, 0x00, 0x00, 0x00, 0x00, 0x00, 0x00, 
    0x00, 0x00, 0x00, 0x00, 0x00, 0x00, 0x00, 0x00, 0x00, 0x00, 0x00, 0x00, 0x00, 0x00, 0x00, 0x00, 
    0x00, 0x00, 0x00, 0x00, 0x00, 0x00, 0x00, 0x00, 0x00, 0x00, 0x00, 0x00, 0x00, 0x00, 0x00, 0x00, 
    0x00, 0x00, 0x00, 0x00, 0x00, 0x00, 0x00, 0x00, 0x00, 0x00, 0x00, 0x00, 0x00, 0x00, 0x00, 0x00, 
    0x00, 0x00, 0x00, 0x00, 0x00, 0x00, 0x00, 0x00, 0x00, 0x00, 0x00, 0x00, 0x00, 0x00, 0x00, 0x00, 
    0x00, 0x00, 0x00, 0x00, 0x00, 0x00, 0x00, 0x00, 0x00, 0x00, 0x00, 0x00, 0x00, 0x00, 0x00, 0x00, 
    0x00, 0x00, 0x00, 0x00, 0x00, 0x00, 0x00, 0x00, 0x00, 0x00, 0x00, 0x00, 0x00, 0x00, 0x00, 0x00, 
    0x00, 0x00, 0x00, 0x00, 0x00, 0x00, 0x00, 0x00, 0x00, 0x00, 0x00, 0x00, 0x00, 0x00, 0x00, 0x00, 
    0x00, 0x00, 0x00, 0x00, 0x00, 0x00, 0x00, 0x00, 0x00, 0x00, 0x00, 0x00, 0x00, 0x00, 0x00, 0x00, 
    0x00, 0x00, 0x00, 0x00, 0x00, 0x00, 0x00, 0x00, 0x00, 0x00, 0x00, 0x00, 0x00, 0x00, 0x00, 0x00, 
    0x00, 0x00, 0x00, 0x00, 0x00, 0x00, 0x00, 0x00, 0x00, 0x00, 0x00, 0x00, 0x00, 0x00, 0x00, 0x00, 
    0x00, 0x00, 0x00, 0x00, 0x00, 0x00, 0x00, 0x00, 0x00, 0x00, 0x00, 0x00, 0x00, 0x00, 0x00, 0x00, 
    0x00, 0x00, 0x00, 0x00, 0x00, 0x00, 0x00, 0x00, 0x00, 0x00, 0x00, 0x00, 0x00, 0x00, 0x00, 0x00, 
    0x00, 0x00, 0x00, 0x00, 0x00, 0x00, 0x00, 0x00, 0x00, 0x00, 0x00, 0x00, 0x00, 0x00, 0x00, 0x00, 
    0x00, 0x00, 0x00, 0x00, 0x00, 0x00, 0x00, 0x00, 0x00, 0x00, 0x00, 0x00, 0x00, 0x00, 0x00, 0x00, 
    0x00, 0x00, 0x00, 0x00, 0x00, 0x00, 0x00, 0x00, 0x00, 0x00, 0x00, 0x00, 0x00, 0x00, 0x00, 0x00, 
    0x00, 0x00, 0x00, 0x00, 0x00, 0x00, 0x00, 0x00, 0x00, 0x00, 0x00, 0x00, 0x00, 0x00, 0x00, 0x00, 
    0x00, 0x00, 0x00, 0x00, 0x00, 0x00, 0x00, 0x00, 0x00, 0x00, 0x00, 0x00, 0x00, 0x00, 0x00, 0x00, 
    0x00, 0x00, 0x00, 0x00, 0x00, 0x00, 0x00, 0x00, 0x00, 0x00, 0x00, 0x00, 0x00, 0x00, 0x00, 0x00, 
    0x00, 0x00, 0x00, 0x00, 0x00, 0x00, 0x00, 0x00, 0x00, 0x00, 0x00, 0x00, 0x00, 0x00, 0x00, 0x00, 
    0x00, 0x00, 0x00, 0x00, 0x00, 0x00, 0x00, 0x00, 0x00, 0x00, 0x00, 0x00, 0x00, 0x00, 0x00, 0x00, 
    0x00, 0x00, 0x00, 0x00, 0x00, 0x00, 0x00, 0x00, 0x00, 0x00, 0x00, 0x00, 0x00, 0x00, 0x00, 0x00, 
    0x00, 0x00, 0x00, 0x00, 0x00, 0x00, 0x00, 0x00, 0x00, 0x00, 0x00, 0x00, 0x00, 0x00, 0x00, 0x00, 
    0x00, 0x00, 0x00, 0x00, 0x00, 0x00, 0x00, 0x00, 0x00, 0x00, 0x00, 0x00, 0x00, 0x00, 0x00, 0x00, 
    0x00, 0x00, 0x00, 0x00, 0x00, 0x00, 0x00, 0x00, 0x00, 0x00, 0x00, 0x00, 0x00, 0x00, 0x00, 0x00, 
    0x00, 0x00, 0x00, 0x00, 0x00, 0x00, 0x00, 0x00, 0x00, 0x00, 0x00, 0x00, 0x00, 0x00, 0x00, 0x00, 
    0x00, 0x00, 0x00, 0x00, 0x00, 0x00, 0x00, 0x00, 0x00, 0x00, 0x00, 0x00, 0x00, 0x00, 0x00, 0x00, 
    0x00, 0x00, 0x00, 0x00, 0x00, 0x00, 0x00, 0x00, 0x00, 0x00, 0x00, 0x00, 0x00, 0x00, 0x00, 0x00, 
    0x00, 0x00, 0x00, 0x00, 0x00, 0x00, 0x00, 0x00, 0x00, 0x00, 0x00, 0x00, 0x00, 0x00, 0x00, 0x00, 
    0x00, 0x00, 0x00, 0x00, 0x00, 0x00, 0x00, 0x00, 0x00, 0x00, 0x00, 0x00, 0x00, 0x00, 0x00, 0x00, 
    0x00, 0x00, 0x00, 0x00, 0x00, 0x00, 0x00, 0x00, 0x00, 0x00, 0x00, 0x00, 0x00, 0x00, 0x00, 0x00, 
    0x00, 0x00, 0x00, 0x00, 0x00, 0x00, 0x00, 0x00, 0x00, 0x00, 0x00, 0x00, 0x00, 0x00, 0x00, 0x00, 
    0x00, 0x00, 0x00, 0x00, 0x00, 0x00, 0x00, 0x00, 0x00, 0x00, 0x00, 0x00, 0x00, 0x00, 0x00, 0x00, 
    0x00, 0x00, 0x00, 0x00, 0x00, 0x00, 0x00, 0x00, 0x00, 0x00, 0x00, 0x00, 0x00, 0x00, 0x00, 0x00, 
    0x00, 0x00, 0x00, 0x00, 0x00, 0x00, 0x00, 0x00, 0x00, 0x00, 0x00, 0x00, 0x00, 0x00, 0x00, 0x00, 
    0x00, 0x00, 0x00, 0x00, 0x00, 0x00, 0x00, 0x00, 0x00, 0x00, 0x00, 0x00, 0x00, 0x00, 0x00, 0x00, 
    0x00, 0x00, 0x00, 0x00, 0x00, 0x00, 0x00, 0x00, 0x00, 0x00, 0x00, 0x00, 0x00, 0x00, 0x00, 0x00, 
    0x00, 0x00, 0x00, 0x00, 0x00, 0x00, 0x00, 0x00, 0x00, 0x00, 0x00, 0x00, 0x00, 0x00, 0x00, 0x00, 
    0x00, 0x00, 0x00, 0x00, 0x00, 0x00, 0x00, 0x00, 0x00, 0x00, 0x00, 0x00, 0x00, 0x00, 0x00, 0x00, 
    0x00, 0x00, 0x00, 0x00, 0x00, 0x00, 0x00, 0x00, 0x00, 0x00, 0x00, 0x00, 0x00, 0x00, 0x00, 0x00, 
    0x00, 0x00, 0x00, 0x00, 0x00, 0x00, 0x00, 0x00, 0x00, 0x00, 0x00, 0x00, 0x00, 0x00, 0x00, 0x00, 
    0x00, 0x00, 0x00, 0x00, 0x00, 0x00, 0x00, 0x00, 0x00, 0x00, 0x00, 0x00, 0x00, 0x00, 0x00, 0x00, 
    0x00, 0x00, 0x00, 0x00, 0x00, 0x00, 0x00, 0x00, 0x00, 0x00, 0x00, 0x00, 0x00, 0x00, 0x00, 0x00, 
    0x00, 0x00, 0x00, 0x00, 0x00, 0x00, 0x00, 0x00, 0x00, 0x00, 0x00, 0x00, 0x00, 0x00, 0x00, 0x00, 
    0x00, 0x00, 0x00, 0x00, 0x00, 0x00, 0x00, 0x00, 0x00, 0x00, 0x00, 0x00, 0x00, 0x00, 0x00, 0x00, 
    0x00, 0x00, 0x00, 0x00, 0x00, 0x00, 0x00, 0x00, 0x00, 0x00, 0x00, 0x00, 0x00, 0x00, 0x00, 0x00, 
    0x00, 0x00, 0x00, 0x00, 0x00, 0x00, 0x00, 0x00, 0x00, 0x00, 0x00, 0x00, 0x00, 0x00, 0x00, 0x00, 
    0x00, 0x00, 0x00, 0x00, 0x00, 0x00, 0x00, 0x00, 0x00, 0x00, 0x00, 0x00, 0x00, 0x00, 0x00, 0x00, 
    0x00, 0x00, 0x00, 0x00, 0x00, 0x00, 0x00, 0x00, 0x00, 0x00, 0x00, 0x00, 0x00, 0x00, 0x00, 0x00, 
    0x00, 0x00, 0x00, 0x00, 0x00, 0x00, 0x00, 0x00, 0x00, 0x00, 0x00, 0x00, 0x00, 0x00, 0x00, 0x00, 
    0x00, 0x00, 0x00, 0x00, 0x00, 0x00, 0x00, 0x00, 0x00, 0x00, 0x00, 0x00, 0x00, 0x00, 0x00, 0x00, 
    0x00, 0x00, 0x00, 0x00, 0x00, 0x00, 0x00, 0x00, 0x00, 0x00, 0x00, 0x00, 0x00, 0x00, 0x00, 0x00, 
    0x00, 0x00, 0x00, 0x00, 0x00, 0x00, 0x00, 0x00, 0x00, 0x00, 0x00, 0x00, 0x00, 0x00, 0x00, 0x00, 
    0x00, 0x00, 0x00, 0x00, 0x00, 0x00, 0x00, 0x00, 0x00, 0x00, 0x00, 0x00, 0x00, 0x00, 0x00, 0x00, 
    0x00, 0x00, 0x00, 0x00, 0x00, 0x00, 0x00, 0x00, 0x00, 0x00, 0x00, 0x00, 0x00, 0x00, 0x00, 0x00, 
    0x00, 0x00, 0x00, 0x00, 0x00, 0x00, 0x00, 0x00, 0x00, 0x00, 0x00, 0x00, 0x00, 0x00, 0x00, 0x00, 
    0x00, 0x00, 0x00, 0x00, 0x00, 0x00, 0x00, 0x00, 0x00, 0x00, 0x00, 0x00, 0x00, 0x00, 0x00, 0x00, 
    0x00, 0x00, 0x00, 0x00, 0x00, 0x00, 0x00, 0x00, 0x00, 0x00, 0x00, 0x00, 0x00, 0x00, 0x00, 0x00, 
    0x00, 0x00, 0x00, 0x00, 0x00, 0x00, 0x00, 0x00, 0x00, 0x00, 0x00, 0x00, 0x00, 0x00, 0x00, 0x00, 
    0x00, 0x00, 0x00, 0x00, 0x00, 0x00, 0x00, 0x00, 0x00, 0x00, 0x00, 0x00, 0x00, 0x00, 0x00, 0x00, 
    0x00, 0x00, 0x00, 0x00, 0x00, 0x00, 0x00, 0x00, 0x00, 0x00, 0x00, 0x00, 0x00, 0x00, 0x00, 0x00, 
    0x00, 0x00, 0x00, 0x00, 0x00, 0x00, 0x00, 0x00, 0x00, 0x00, 0x00, 0x00, 0x00, 0x00, 0x00, 0x00, 
    0x00, 0x00, 0x00, 0x00, 0x00, 0x00, 0x00, 0x00, 0x00, 0x00, 0x00, 0x00, 0x00, 0x00, 0x00, 0x00, 
    0x00, 0x00, 0x00, 0x00, 0x00, 0x00, 0x00, 0x00, 0x00, 0x00, 0x00, 0x00, 0x00, 0x00, 0x00, 0x00, 
    0x00, 0x00, 0x00, 0x00, 0x00, 0x00, 0x00, 0x00, 0x00, 0x00, 0x00, 0x00, 0x00, 0x00, 0x00, 0x00, 
    0x00, 0x00, 0x00, 0x00, 0x00, 0x00, 0x00, 0x00, 0x00, 0x00, 0x00, 0x00, 0x00, 0x00, 0x00, 0x00, 
    0x00, 0x00, 0x00, 0x00, 0x00, 0x00, 0x00, 0x00, 0x00, 0x00, 0x00, 0x00, 0x00, 0x00, 0x00, 0x00, 
    0x00, 0x00, 0x00, 0x00, 0x00, 0x00, 0x00, 0x00, 0x00, 0x00, 0x00, 0x00, 0x00, 0x00, 0x00, 0x00, 
    0x00, 0x00, 0x00, 0x00, 0x00, 0x00, 0x00, 0x00, 0x00, 0x00, 0x00, 0x00, 0x00, 0x00, 0x00, 0x00, 
    0x00, 0x00, 0x00, 0x00, 0x00, 0x00, 0x00, 0x00, 0x00, 0x00, 0x00, 0x00, 0x00, 0x00, 0x00, 0x00, 
    0x00, 0x00, 0x00, 0x00, 0x00, 0x00, 0x00, 0x00, 0x00, 0x00, 0x00, 0x00, 0x00, 0x00, 0x00, 0x00, 
    0x00, 0x00, 0x00, 0x00, 0x00, 0x00, 0x00, 0x00, 0x00, 0x00, 0x00, 0x00, 0x00, 0x00, 0x00, 0x00, 
    0x00, 0x00, 0x00, 0x00, 0x00, 0x00, 0x00, 0x00, 0x00, 0x00, 0x00, 0x00, 0x00, 0x00, 0x00, 0x00, 
    0x00, 0x00, 0x00, 0x00, 0x00, 0x00, 0x00, 0x00, 0x00, 0x00, 0x00, 0x00, 0x00, 0x00, 0x00, 0x00, 
    0x00, 0x00, 0x00, 0x00, 0x00, 0x00, 0x00, 0x00, 0x00, 0x00, 0x00, 0x00, 0x00, 0x00, 0x00, 0x00, 
    0x00, 0x00, 0x00, 0x00, 0x00, 0x00, 0x00, 0x00, 0x00, 0x00, 0x00, 0x00, 0x00, 0x00, 0x00, 0x00, 
    0x00, 0x00, 0x00, 0x00, 0x00, 0x00, 0x00, 0x00, 0x00, 0x00, 0x00, 0x00, 0x00, 0x00, 0x00, 0x00, 
    0x00, 0x00, 0x00, 0x00, 0x00, 0x00, 0x00, 0x00, 0x00, 0x00, 0x00, 0x00, 0x00, 0x00, 0x00, 0x00, 
    0x00, 0x00, 0x00, 0x00, 0x00, 0x00, 0x00, 0x00, 0x00, 0x00, 0x00, 0x00, 0x00, 0x00, 0x00, 0x00, 
    0x00, 0x00, 0x00, 0x00, 0x00, 0x00, 0x00, 0x00, 0x00, 0x00, 0x00, 0x00, 0x00, 0x00, 0x00, 0x00, 
    0x00, 0x00, 0x00, 0x00, 0x00, 0x00, 0x00, 0x00, 0x00, 0x00, 0x00, 0x00, 0x00, 0x00, 0x00, 0x00, 
    0x00, 0x00, 0x00, 0x00, 0x00, 0x00, 0x00, 0x00, 0x00, 0x00, 0x00, 0x00, 0x00, 0x00, 0x00, 0x00, 
    0x00, 0x00, 0x00, 0x00, 0x00, 0x00, 0x00, 0x00, 0x00, 0x00, 0x00, 0x00, 0x00, 0x00, 0x00, 0x00, 
    0x00, 0x00, 0x00, 0x00, 0x00, 0x00, 0x00, 0x00, 0x00, 0x00, 0x00, 0x00, 0x00, 0x00, 0x00, 0x00, 
    0x00, 0x00, 0x00, 0x00, 0x00, 0x00, 0x00, 0x00, 0x00, 0x00, 0x00, 0x00, 0x00, 0x00, 0x00, 0x00, 
    0x00, 0x00, 0x00, 0x00, 0x00, 0x00, 0x00, 0x00, 0x00, 0x00, 0x00, 0x00, 0x00, 0x00, 0x00, 0x00, 
    0x00, 0x00, 0x00, 0x00, 0x00, 0x00, 0x00, 0x00, 0x00, 0x00, 0x00, 0x00, 0x00, 0x00, 0x00, 0x00, 
    0x00, 0x00, 0x00, 0x00, 0x00, 0x00, 0x00, 0x00, 0x00, 0x00, 0x00, 0x00, 0x00, 0x00, 0x00, 0x00, 
    0x00, 0x00, 0x00, 0x00, 0x00, 0x00, 0x00, 0x00, 0x00, 0x00, 0x00, 0x00, 0x00, 0x00, 0x00, 0x00, 
    0x00, 0x00, 0x00, 0x00, 0x00, 0x00, 0x00, 0x00, 0x00, 0x00, 0x00, 0x00, 0x00, 0x00, 0x00, 0x00, 
    0x00, 0x00, 0x00, 0x00, 0x00, 0x00, 0x00, 0x00, 0x00, 0x00, 0x00, 0x00, 0x00, 0x00, 0x00, 0x00, 
    0x00, 0x00, 0x00, 0x00, 0x00, 0x00, 0x00, 0x00, 0x00, 0x00, 0x00, 0x00, 0x00, 0x00, 0x00, 0x00, 
    0x00, 0x00, 0x00, 0x00, 0x00, 0x00, 0x00, 0x00, 0x00, 0x00, 0x00, 0x00, 0x00, 0x00, 0x00, 0x00, 
    0x00, 0x00, 0x00, 0x00, 0x00, 0x00, 0x00, 0x00, 0x00, 0x00, 0x00, 0x00, 0x00, 0x00, 0x00, 0x00, 
    0x00, 0x00, 0x00, 0x00, 0x00, 0x00, 0x00, 0x00, 0x00, 0x00, 0x00, 0x00, 0x00, 0x00, 0x00, 0x00, 
    0x00, 0x00, 0x00, 0x00, 0x00, 0x00, 0x00, 0x00, 0x00, 0x00, 0x00, 0x00, 0x00, 0x00, 0x00, 0x00, 
    0x00, 0x00, 0x00, 0x00, 0x00, 0x00, 0x00, 0x00, 0x00, 0x00, 0x00, 0x00, 0x00, 0x00, 0x00, 0x00, 
    0x00, 0x00, 0x00, 0x00, 0x00, 0x00, 0x00, 0x00, 0x00, 0x00, 0x00, 0x00, 0x00, 0x00, 0x00, 0x00, 
    0x00, 0x00, 0x00, 0x00, 0x00, 0x00, 0x00, 0x00, 0x00, 0x00, 0x00, 0x00, 0x00, 0x00, 0x00, 0x00, 
    0x00, 0x00, 0x00, 0x00, 0x00, 0x00, 0x00, 0x00, 0x00, 0x00, 0x00, 0x00, 0x00, 0x00, 0x00, 0x00, 
    0x00, 0x00, 0x00, 0x00, 0x00, 0x00, 0x00, 0x00, 0x00, 0x00, 0x00, 0x00, 0x00, 0x00, 0x00, 0x00, 
    0x00, 0x00, 0x00, 0x00, 0x00, 0x00, 0x00, 0x00, 0x00, 0x00, 0x00, 0x00, 0x00, 0x00, 0x00, 0x00, 
    0x00, 0x00, 0x00, 0x00, 0x00, 0x00, 0x00, 0x00, 0x00, 0x00, 0x00, 0x00, 0x00, 0x00, 0x00, 0x00, 
    0x00, 0x00, 0x00, 0x00, 0x00, 0x00, 0x00, 0x00, 0x00, 0x00, 0x00, 0x00, 0x00, 0x00, 0x00, 0x00, 
    0x00, 0x00, 0x00, 0x00, 0x00, 0x00, 0x00, 0x00, 0x00, 0x00, 0x00, 0x00, 0x00, 0x00, 0x00, 0x00, 
    0x00, 0x00, 0x00, 0x00, 0x00, 0x00, 0x00, 0x00, 0x00, 0x00, 0x00, 0x00, 0x00, 0x00, 0x00, 0x00, 
    0x00, 0x00, 0x00, 0x00, 0x00, 0x00, 0x00, 0x00, 0x00, 0x00, 0x00, 0x00, 0x00, 0x00, 0x00, 0x00, 
    0x00, 0x00, 0x00, 0x00, 0x00, 0x00, 0x00, 0x00, 0x00, 0x00, 0x00, 0x00, 0x00, 0x00, 0x00, 0x00, 
    0x00, 0x00, 0x00, 0x00, 0x00, 0x00, 0x00, 0x00, 0x00, 0x00, 0x00, 0x00, 0x00, 0x00, 0x00, 0x00, 
    0x00, 0x00, 0x00, 0x00, 0x00, 0x00, 0x00, 0x00, 0x00, 0x00, 0x00, 0x00, 0x00, 0x00, 0x00, 0x00, 
    0x00, 0x00, 0x00, 0x00, 0x00, 0x00, 0x00, 0x00, 0x00, 0x00, 0x00, 0x00, 0x00, 0x00, 0x00, 0x00, 
    0x00, 0x00, 0x00, 0x00, 0x00, 0x00, 0x00, 0x00, 0x00, 0x00, 0x00, 0x00, 0x00, 0x00, 0x00, 0x00, 
    0x00, 0x00, 0x00, 0x00, 0x00, 0x00, 0x00, 0x00, 0x00, 0x00, 0x00, 0x00, 0x00, 0x00, 0x00, 0x00, 
    0x00, 0x00, 0x00, 0x00, 0x00, 0x00, 0x00, 0x00, 0x00, 0x00, 0x00, 0x00, 0x00, 0x00, 0x00, 0x00, 
    0x00, 0x00, 0x00, 0x00, 0x00, 0x00, 0x00, 0x00, 0x00, 0x00, 0x00, 0x00, 0x00, 0x00, 0x00, 0x00, 
    0x00, 0x00, 0x00, 0x00, 0x00, 0x00, 0x00, 0x00, 0x00, 0x00, 0x00, 0x00, 0x00, 0x00, 0x00, 0x00, 
    0x00, 0x00, 0x00, 0x00, 0x00, 0x00, 0x00, 0x00, 0x00, 0x00, 0x00, 0x00, 0x00, 0x00, 0x00, 0x00, 
    0x00, 0x00, 0x00, 0x00, 0x00, 0x00, 0x00, 0x00, 0x00, 0x00, 0x00, 0x00, 0x00, 0x00, 0x00, 0x00, 
    0x00, 0x00, 0x00, 0x00, 0x00, 0x00, 0x00, 0x00, 0x00, 0x00, 0x00, 0x00, 0x00, 0x00, 0x00, 0x00, 
    0x00, 0x00, 0x00, 0x00, 0x00, 0x00, 0x00, 0x00, 0x00, 0x00, 0x00, 0x00, 0x00, 0x00, 0x00, 0x00, 
    0x00, 0x00, 0x00, 0x00, 0x00, 0x00, 0x00, 0x00, 0x00, 0x00, 0x00, 0x00, 0x00, 0x00, 0x00, 0x00, 
    0x00, 0x00, 0x00, 0x00, 0x00, 0x00, 0x00, 0x00, 0x00, 0x00, 0x00, 0x00, 0x00, 0x00, 0x00, 0x00, 
    0x00, 0x00, 0x00, 0x00, 0x00, 0x00, 0x00, 0x00, 0x00, 0x00, 0x00, 0x00, 0x00, 0x00, 0x00, 0x00, 
    0x00, 0x00, 0x00, 0x00, 0x00, 0x00, 0x00, 0x00, 0x00, 0x00, 0x00, 0x00, 0x00, 0x00, 0x00, 0x00, 
    0x00, 0x00, 0x00, 0x00, 0x00, 0x00, 0x00, 0x00, 0x00, 0x00, 0x00, 0x00, 0x00, 0x00, 0x00, 0x00, 
    0x00, 0x00, 0x00, 0x00, 0x00, 0x00, 0x00, 0x00, 0x00, 0x00, 0x00, 0x00, 0x00, 0x00, 0x00, 0x00, 
    0x00, 0x00, 0x00, 0x00, 0x00, 0x00, 0x00, 0x00, 0x00, 0x00, 0x00, 0x00, 0x00, 0x00, 0x00, 0x00, 
    0x00, 0x00, 0x00, 0x00, 0x00, 0x00, 0x00, 0x00, 0x00, 0x00, 0x00, 0x00, 0x00, 0x00, 0x00, 0x00, 
    0x00, 0x00, 0x00, 0x00, 0x00, 0x00, 0x00, 0x00, 0x00, 0x00, 0x00, 0x00, 0x00, 0x00, 0x00, 0x00, 
    0x00, 0x00, 0x00, 0x00, 0x00, 0x00, 0x00, 0x00, 0x00, 0x00, 0x00, 0x00, 0x00, 0x00, 0x00, 0x00, 
    0x00, 0x00, 0x00, 0x00, 0x00, 0x00, 0x00, 0x00, 0x00, 0x00, 0x00, 0x00, 0x00, 0x00, 0x00, 0x00, 
    0x00, 0x00, 0x00, 0x00, 0x00, 0x00, 0x00, 0x00, 0x00, 0x00, 0x00, 0x00, 0x00, 0x00, 0x00, 0x00, 
    0x00, 0x00, 0x00, 0x00, 0x00, 0x00, 0x00, 0x00, 0x00, 0x00, 0x00, 0x00, 0x00, 0x00, 0x00, 0x00, 
    0x00, 0x00, 0x00, 0x00, 0x00, 0x00, 0x00, 0x00, 0x00, 0x00, 0x00, 0x00, 0x00, 0x00, 0x00, 0x00, 
    0x00, 0x00, 0x00, 0x00, 0x00, 0x00, 0x00, 0x00, 0x00, 0x00, 0x00, 0x00, 0x00, 0x00, 0x00, 0x00, 
    0x00, 0x00, 0x00, 0x00, 0x00, 0x00, 0x00, 0x00, 0x00, 0x00, 0x00, 0x00, 0x00, 0x00, 0x00, 0x00, 
    0x00, 0x00, 0x00, 0x00, 0x00, 0x00, 0x00, 0x00, 0x00, 0x00, 0x00, 0x00, 0x00, 0x00, 0x00, 0x00, 
    0x00, 0x00, 0x00, 0x00, 0x00, 0x00, 0x00, 0x00, 0x00, 0x00, 0x00, 0x00, 0x00, 0x00, 0x00, 0x00, 
    0x00, 0x00, 0x00, 0x00, 0x00, 0x00, 0x00, 0x00, 0x00, 0x00, 0x00, 0x00, 0x00, 0x00, 0x00, 0x00, 
    0x00, 0x00, 0x00, 0x00, 0x00, 0x00, 0x00, 0x00, 0x00, 0x00, 0x00, 0x00, 0x00, 0x00, 0x00, 0x00, 
    0x00, 0x00, 0x00, 0x00, 0x00, 0x00, 0x00, 0x00, 0x00, 0x00, 0x00, 0x00, 0x00, 0x00, 0x00, 0x00, 
    0x00, 0x00, 0x00, 0x00, 0x00, 0x00, 0x00, 0x00, 0x00, 0x00, 0x00, 0x00, 0x00, 0x00, 0x00, 0x00, 
    0x00, 0x00, 0x00, 0x00, 0x00, 0x00, 0x00, 0x00, 0x00, 0x00, 0x00, 0x00, 0x00, 0x00, 0x00, 0x00, 
    0x00, 0x00, 0x00, 0x00, 0x00, 0x00, 0x00, 0x00, 0x00, 0x00, 0x00, 0x00, 0x00, 0x00, 0x00, 0x00, 
    0x00, 0x00, 0x00, 0x00, 0x00, 0x00, 0x00, 0x00, 0x00, 0x00, 0x00, 0x00, 0x00, 0x00, 0x00, 0x00, 
    0x00, 0x00, 0x00, 0x00, 0x00, 0x00, 0x00, 0x00, 0x00, 0x00, 0x00, 0x00, 0x00, 0x00, 0x00, 0x00, 
    0x00, 0x00, 0x00, 0x00, 0x00, 0x00, 0x00, 0x00, 0x00, 0x00, 0x00, 0x00, 0x00, 0x00, 0x00, 0x00, 
    0x00, 0x00, 0x00, 0x00, 0x00, 0x00, 0x00, 0x00, 0x00, 0x00, 0x00, 0x00, 0x00, 0x00, 0x00, 0x00, 
    0x00, 0x00, 0x00, 0x00, 0x00, 0x00, 0x00, 0x00, 0x00, 0x00, 0x00, 0x00, 0x00, 0x00, 0x00, 0x00, 
    0x00, 0x00, 0x00, 0x00, 0x00, 0x00, 0x00, 0x00, 0x00, 0x00, 0x00, 0x00, 0x00, 0x00, 0x00, 0x00, 
    0x00, 0x00, 0x00, 0x00, 0x00, 0x00, 0x00, 0x00, 0x00, 0x00, 0x00, 0x00, 0x00, 0x00, 0x00, 0x00, 
    0x00, 0x00, 0x00, 0x00, 0x00, 0x00, 0x00, 0x00, 0x00, 0x00, 0x00, 0x00, 0x00, 0x00, 0x00, 0x00, 
    0x00, 0x00, 0x00, 0x00, 0x00, 0x00, 0x00, 0x00, 0x00, 0x00, 0x00, 0x00, 0x00, 0x00, 0x00, 0x00, 
    0x00, 0x00, 0x00, 0x00, 0x00, 0x00, 0x00, 0x00, 0x00, 0x00, 0x00, 0x00, 0x00, 0x00, 0x00, 0x00, 
    0x00, 0x00, 0x00, 0x00, 0x00, 0x00, 0x00, 0x00, 0x00, 0x00, 0x00, 0x00, 0x00, 0x00, 0x00, 0x00, 
    0x00, 0x00, 0x00, 0x00, 0x00, 0x00, 0x00, 0x00, 0x00, 0x00, 0x00, 0x00, 0x00, 0x00, 0x00, 0x00, 
    0x00, 0x00, 0x00, 0x00, 0x00, 0x00, 0x00, 0x00, 0x00, 0x00, 0x00, 0x00, 0x00, 0x00, 0x00, 0x00, 
    0x00, 0x00, 0x00, 0x00, 0x00, 0x00, 0x00, 0x00, 0x00, 0x00, 0x00, 0x00, 0x00, 0x00, 0x00, 0x00, 
    0x00, 0x00, 0x00, 0x00, 0x00, 0x00, 0x00, 0x00, 0x00, 0x00, 0x00, 0x00, 0x00, 0x00, 0x00, 0x00, 
    0x00, 0x00, 0x00, 0x00, 0x00, 0x00, 0x00, 0x00, 0x00, 0x00, 0x00, 0x00, 0x00, 0x00, 0x00, 0x00, 
    0x00, 0x00, 0x00, 0x00, 0x00, 0x00, 0x00, 0x00, 0x00, 0x00, 0x00, 0x00, 0x00, 0x00, 0x00, 0x00, 
    0x00, 0x00, 0x00, 0x00, 0x00, 0x00, 0x00, 0x00, 0x00, 0x00, 0x00, 0x00, 0x00, 0x00, 0x00, 0x00, 
    0x00, 0x00, 0x00, 0x00, 0x00, 0x00, 0x00, 0x00, 0x00, 0x00, 0x00, 0x00, 0x00, 0x00, 0x00, 0x00, 
    0x00, 0x00, 0x00, 0x00, 0x00, 0x00, 0x00, 0x00, 0x00, 0x00, 0x00, 0x00, 0x00, 0x00, 0x00, 0x00, 
    0x00, 0x00, 0x00, 0x00, 0x00, 0x00, 0x00, 0x00, 0x00, 0x00, 0x00, 0x00, 0x00, 0x00, 0x00, 0x00, 
    0x00, 0x00, 0x00, 0x00, 0x00, 0x00, 0x00, 0x00, 0x00, 0x00, 0x00, 0x00, 0x00, 0x00, 0x00, 0x00, 
    0x00, 0x00, 0x00, 0x00, 0x00, 0x00, 0x00, 0x00, 0x00, 0x00, 0x00, 0x00, 0x00, 0x00, 0x00, 0x00, 
    0x00, 0x00, 0x00, 0x00, 0x00, 0x00, 0x00, 0x00, 0x00, 0x00, 0x00, 0x00, 0x00, 0x00, 0x00, 0x00, 
    0x00, 0x00, 0x00, 0x00, 0x00, 0x00, 0x00, 0x00, 0x00, 0x00, 0x00, 0x00, 0x00, 0x00, 0x00, 0x00, 
    0x00, 0x00, 0x00, 0x00, 0x00, 0x00, 0x00, 0x00, 0x00, 0x00, 0x00, 0x00, 0x00, 0x00, 0x00, 0x00, 
    0x00, 0x00, 0x00, 0x00, 0x00, 0x00, 0x00, 0x00, 0x00, 0x00, 0x00, 0x00, 0x00, 0x00, 0x00, 0x00, 
    0x00, 0x00, 0x00, 0x00, 0x00, 0x00, 0x00, 0x00, 0x00, 0x00, 0x00, 0x00, 0x00, 0x00, 0x00, 0x00, 
    0x00, 0x00, 0x00, 0x00, 0x00, 0x00, 0x00, 0x00, 0x00, 0x00, 0x00, 0x00, 0x00, 0x00, 0x00, 0x00, 
    0x00, 0x00, 0x00, 0x00, 0x00, 0x00, 0x00, 0x00, 0x00, 0x00, 0x00, 0x00, 0x00, 0x00, 0x00, 0x00, 
    0x00, 0x00, 0x00, 0x00, 0x00, 0x00, 0x00, 0x00, 0x00, 0x00, 0x00, 0x00, 0x00, 0x00, 0x00, 0x00, 
    0x00, 0x00, 0x00, 0x00, 0x00, 0x00, 0x00, 0x00, 0x00, 0x00, 0x00, 0x00, 0x00, 0x00, 0x00, 0x00, 
    0x00, 0x00, 0x00, 0x00, 0x00, 0x00, 0x00, 0x00, 0x00, 0x00, 0x00, 0x00, 0x00, 0x00, 0x00, 0x00, 
    0x00, 0x00, 0x00, 0x00, 0x00, 0x00, 0x00, 0x00, 0x00, 0x00, 0x00, 0x00, 0x00, 0x00, 0x00, 0x00, 
    0x00, 0x00, 0x00, 0x00, 0x00, 0x00, 0x00, 0x00, 0x00, 0x00, 0x00, 0x00, 0x00, 0x00, 0x00, 0x00, 
    0x00, 0x00, 0x00, 0x00, 0x00, 0x00, 0x00, 0x00, 0x00, 0x00, 0x00, 0x00, 0x00, 0x00, 0x00, 0x00, 
    0x00, 0x00, 0x00, 0x00, 0x00, 0x00, 0x00, 0x00, 0x00, 0x00, 0x00, 0x00, 0x00, 0x00, 0x00, 0x00, 
    0x00, 0x00, 0x00, 0x00, 0x00, 0x00, 0x00, 0x00, 0x00, 0x00, 0x00, 0x00, 0x00, 0x00, 0x00, 0x00, 
    0x00, 0x00, 0x00, 0x00, 0x00, 0x00, 0x00, 0x00, 0x00, 0x00, 0x00, 0x00, 0x00, 0x00, 0x00, 0x00, 
    0x00, 0x00, 0x00, 0x00, 0x00, 0x00, 0x00, 0x00, 0x00, 0x00, 0x00, 0x00, 0x00, 0x00, 0x00, 0x00, 
    0x00, 0x00, 0x00, 0x00, 0x00, 0x00, 0x00, 0x00, 0x00, 0x00, 0x00, 0x00, 0x00, 0x00, 0x00, 0x00, 
    0x00, 0x00, 0x00, 0x00, 0x00, 0x00, 0x00, 0x00, 0x00, 0x00, 0x00, 0x00, 0x00, 0x00, 0x00, 0x00, 
    0x00, 0x00, 0x00, 0x00, 0x00, 0x00, 0x00, 0x00, 0x00, 0x00, 0x00, 0x00, 0x00, 0x00, 0x00, 0x00, 
    0x00, 0x00, 0x00, 0x00, 0x00, 0x00, 0x00, 0x00, 0x00, 0x00, 0x00, 0x00, 0x00, 0x00, 0x00, 0x00, 
    0x00, 0x00, 0x00, 0x00, 0x00, 0x00, 0x00, 0x00, 0x00, 0x00, 0x00, 0x00, 0x00, 0x00, 0x00, 0x00, 
    0x00, 0x00, 0x00, 0x00, 0x00, 0x00, 0x00, 0x00, 0x00, 0x00, 0x00, 0x00, 0x00, 0x00, 0x00, 0x00, 
    0x00, 0x00, 0x00, 0x00, 0x00, 0x00, 0x00, 0x00, 0x00, 0x00, 0x00, 0x00, 0x00, 0x00, 0x00, 0x00, 
    0x00, 0x00, 0x00, 0x00, 0x00, 0x00, 0x00, 0x00, 0x00, 0x00, 0x00, 0x00, 0x00, 0x00, 0x00, 0x00, 
    0x00, 0x00, 0x00, 0x00, 0x00, 0x00, 0x00, 0x00, 0x00, 0x00, 0x00, 0x00, 0x00, 0x00, 0x00, 0x00, 
    0x00, 0x00, 0x00, 0x00, 0x00, 0x00, 0x00, 0x00, 0x00, 0x00, 0x00, 0x00, 0x00, 0x00, 0x00, 0x00, 
    0x00, 0x00, 0x00, 0x00, 0x00, 0x00, 0x00, 0x00, 0x00, 0x00, 0x00, 0x00, 0x00, 0x00, 0x00, 0x00, 
    0x00, 0x00, 0x00, 0x00, 0x00, 0x00, 0x00, 0x00, 0x00, 0x00, 0x00, 0x00, 0x00, 0x00, 0x00, 0x00, 
    0x00, 0x00, 0x00, 0x00, 0x00, 0x00, 0x00, 0x00, 0x00, 0x00, 0x00, 0x00, 0x00, 0x00, 0x00, 0x00, 
    0x00, 0x00, 0x00, 0x00, 0x00, 0x00, 0x00, 0x00, 0x00, 0x00, 0x00, 0x00, 0x00, 0x00, 0x00, 0x00, 
    0x00, 0x00, 0x00, 0x00, 0x00, 0x00, 0x00, 0x00, 0x00, 0x00, 0x00, 0x00, 0x00, 0x00, 0x00, 0x00, 
    0x00, 0x00, 0x00, 0x00, 0x00, 0x00, 0x00, 0x00, 0x00, 0x00, 0x00, 0x00, 0x00, 0x00, 0x00, 0x00, 
    0x00, 0x00, 0x00, 0x00, 0x00, 0x00, 0x00, 0x00, 0x00, 0x00, 0x00, 0x00, 0x00, 0x00, 0x00, 0x00, 
    0x00, 0x00, 0x00, 0x00, 0x00, 0x00, 0x00, 0x00, 0x00, 0x00, 0x00, 0x00, 0x00, 0x00, 0x00, 0x00, 
    0x00, 0x00, 0x00, 0x00, 0x00, 0x00, 0x00, 0x00, 0x00, 0x00, 0x00, 0x00, 0x00, 0x00, 0x00, 0x00, 
    0x00, 0x00, 0x00, 0x00, 0x00, 0x00, 0x00, 0x00, 0x00, 0x00, 0x00, 0x00, 0x00, 0x00, 0x00, 0x00, 
    0x00, 0x00, 0x00, 0x00, 0x00, 0x00, 0x00, 0x00, 0x00, 0x00, 0x00, 0x00, 0x00, 0x00, 0x00, 0x00, 
    0x00, 0x00, 0x00, 0x00, 0x00, 0x00, 0x00, 0x00, 0x00, 0x00, 0x00, 0x00, 0x00, 0x00, 0x00, 0x00, 
    0x00, 0x00, 0x00, 0x00, 0x00, 0x00, 0x00, 0x00, 0x00, 0x00, 0x00, 0x00, 0x00, 0x00, 0x00, 0x00, 
    0x00, 0x00, 0x00, 0x00, 0x00, 0x00, 0x00, 0x00, 0x00, 0x00, 0x00, 0x00, 0x00, 0x00, 0x00, 0x00, 
    0x00, 0x00, 0x00, 0x00, 0x00, 0x00, 0x00, 0x00, 0x00, 0x00, 0x00, 0x00, 0x00, 0x00, 0x00, 0x00, 
    0x00, 0x00, 0x00, 0x00, 0x00, 0x00, 0x00, 0x00, 0x00, 0x00, 0x00, 0x00, 0x00, 0x00, 0x00, 0x00, 
    0x00, 0x00, 0x00, 0x00, 0x00, 0x00, 0x00, 0x00, 0x00, 0x00, 0x00, 0x00, 0x00, 0x00, 0x00, 0x00, 
    0x00, 0x00, 0x00, 0x00, 0x00, 0x00, 0x00, 0x00, 0x00, 0x00, 0x00, 0x00, 0x00, 0x00, 0x00, 0x00, 
    0x00, 0x00, 0x00, 0x00, 0x00, 0x00, 0x00, 0x00, 0x00, 0x00, 0x00, 0x00, 0x00, 0x00, 0x00, 0x00, 
    0x00, 0x00, 0x00, 0x00, 0x00, 0x00, 0x00, 0x00, 0x00, 0x00, 0x00, 0x00, 0x00, 0x00, 0x00, 0x00, 
    0x00, 0x00, 0x00, 0x00, 0x00, 0x00, 0x00, 0x00, 0x00, 0x00, 0x00, 0x00, 0x00, 0x00, 0x00, 0x00, 
    0x00, 0x00, 0x00, 0x00, 0x00, 0x00, 0x00, 0x00, 0x00, 0x00, 0x00, 0x00, 0x00, 0x00, 0x00, 0x00, 
    0x00, 0x00, 0x00, 0x00, 0x00, 0x00, 0x00, 0x00, 0x00, 0x00, 0x00, 0x00, 0x00, 0x00, 0x00, 0x00, 
    0x00, 0x00, 0x00, 0x00, 0x00, 0x00, 0x00, 0x00, 0x00, 0x00, 0x00, 0x00, 0x00, 0x00, 0x00, 0x00, 
    0x00, 0x00, 0x00, 0x00, 0x00, 0x00, 0x00, 0x00, 0x00, 0x00, 0x00, 0x00, 0x00, 0x00, 0x00, 0x00, 
    0x00, 0x00, 0x00, 0x00, 0x00, 0x00, 0x00, 0x00, 0x00, 0x00, 0x00, 0x00, 0x00, 0x00, 0x00, 0x00, 
    0x00, 0x00, 0x00, 0x00, 0x00, 0x00, 0x00, 0x00, 0x00, 0x00, 0x00, 0x00, 0x00, 0x00, 0x00, 0x00, 
    0x00, 0x00, 0x00, 0x00, 0x00, 0x00, 0x00, 0x00, 0x00, 0x00, 0x00, 0x00, 0x00, 0x00, 0x00, 0x00, 
    0x00, 0x00, 0x00, 0x00, 0x00, 0x00, 0x00, 0x00, 0x00, 0x00, 0x00, 0x00, 0x00, 0x00, 0x00, 0x00, 
    0x00, 0x00, 0x00, 0x00, 0x00, 0x00, 0x00, 0x00, 0x00, 0x00, 0x00, 0x00, 0x00, 0x00, 0x00, 0x00, 
    0x00, 0x00, 0x00, 0x00, 0x00, 0x00, 0x00, 0x00, 0x00, 0x00, 0x00, 0x00, 0x00, 0x00, 0x00, 0x00, 
    0x00, 0x00, 0x00, 0x00, 0x00, 0x00, 0x00, 0x00, 0x00, 0x00, 0x00, 0x00, 0x00, 0x00, 0x00, 0x00, 
    0x00, 0x00, 0x00, 0x00, 0x00, 0x00, 0x00, 0x00, 0x00, 0x00, 0x00, 0x00, 0x00, 0x00, 0x00, 0x00, 
    0x00, 0x00, 0x00, 0x00, 0x00, 0x00, 0x00, 0x00, 0x00, 0x00, 0x00, 0x00, 0x00, 0x00, 0x00, 0x00, 
    0x00, 0x00, 0x00, 0x00, 0x00, 0x00, 0x00, 0x00, 0x00, 0x00, 0x00, 0x00, 0x00, 0x00, 0x00, 0x00, 
    0x00, 0x00, 0x00, 0x00, 0x00, 0x00, 0x00, 0x00, 0x00, 0x00, 0x00, 0x00, 0x00, 0x00, 0x00, 0x00, 
    0x00, 0x00, 0x00, 0x00, 0x00, 0x00, 0x00, 0x00, 0x00, 0x00, 0x00, 0x00, 0x00, 0x00, 0x00, 0x00, 
    0x00, 0x00, 0x00, 0x00, 0x00, 0x00, 0x00, 0x00, 0x00, 0x00, 0x00, 0x00, 0x00, 0x00, 0x00, 0x00, 
    0x00, 0x00, 0x00, 0x00, 0x00, 0x00, 0x00, 0x00, 0x00, 0x00, 0x00, 0x00, 0x00, 0x00, 0x00, 0x00, 
    0x00, 0x00, 0x00, 0x00, 0x00, 0x00, 0x00, 0x00, 0x00, 0x00, 0x00, 0x00, 0x00, 0x00, 0x00, 0x00, 
    0x00, 0x00, 0x00, 0x00, 0x00, 0x00, 0x00, 0x00, 0x00, 0x00, 0x00, 0x00, 0x00, 0x00, 0x00, 0x00, 
    0x00, 0x00, 0x00, 0x00, 0x00, 0x00, 0x00, 0x00, 0x00, 0x00, 0x00, 0x00, 0x00, 0x00, 0x00, 0x00, 
    0x00, 0x00, 0x00, 0x00, 0x00, 0x00, 0x00, 0x00, 0x00, 0x00, 0x00, 0x00, 0x00, 0x00, 0x00, 0x00, 
    0x00, 0x00, 0x00, 0x00, 0x00, 0x00, 0x00, 0x00, 0x00, 0x00, 0x00, 0x00, 0x00, 0x00, 0x00, 0x00, 
    0x00, 0x00, 0x00, 0x00, 0x00, 0x00, 0x00, 0x00, 0x00, 0x00, 0x00, 0x00, 0x00, 0x00, 0x00, 0x00, 
    0x00, 0x00, 0x00, 0x00, 0x00, 0x00, 0x00, 0x00, 0x00, 0x00, 0x00, 0x00, 0x00, 0x00, 0x00, 0x00, 
    0x00, 0x00, 0x00, 0x00, 0x00, 0x00, 0x00, 0x00, 0x00, 0x00, 0x00, 0x00, 0x00, 0x00, 0x00, 0x00, 
    0x00, 0x00, 0x00, 0x00, 0x00, 0x00, 0x00, 0x00, 0x00, 0x00, 0x00, 0x00, 0x00, 0x00, 0x00, 0x00, 
    0x00, 0x00, 0x00, 0x00, 0x00, 0x00, 0x00, 0x00, 0x00, 0x00, 0x00, 0x00, 0x00, 0x00, 0x00, 0x00, 
    0x00, 0x00, 0x00, 0x00, 0x00, 0x00, 0x00, 0x00, 0x00, 0x00, 0x00, 0x00, 0x00, 0x00, 0x00, 0x00, 
    0x00, 0x00, 0x00, 0x00, 0x00, 0x00, 0x00, 0x00, 0x00, 0x00, 0x00, 0x00, 0x00, 0x00, 0x00, 0x00, 
    0x00, 0x00, 0x00, 0x00, 0x00, 0x00, 0x00, 0x00, 0x00, 0x00, 0x00, 0x00, 0x00, 0x00, 0x00, 0x00, 
    0x00, 0x00, 0x00, 0x00, 0x00, 0x00, 0x00, 0x00, 0x00, 0x00, 0x00, 0x00, 0x00, 0x00, 0x00, 0x00, 
    0x00, 0x00, 0x00, 0x00, 0x00, 0x00, 0x00, 0x00, 0x00, 0x00, 0x00, 0x00, 0x00, 0x00, 0x00, 0x00, 
    0x00, 0x00, 0x00, 0x00, 0x00, 0x00, 0x00, 0x00, 0x00, 0x00, 0x00, 0x00, 0x00, 0x00, 0x00, 0x00, 
    0x00, 0x00, 0x00, 0x00, 0x00, 0x00, 0x00, 0x00, 0x00, 0x00, 0x00, 0x00, 0x00, 0x00, 0x00, 0x00, 
    0x00, 0x00, 0x00, 0x00, 0x00, 0x00, 0x00, 0x00, 0x00, 0x00, 0x00, 0x00, 0x00, 0x00, 0x00, 0x00, 
    0x00, 0x00, 0x00, 0x00, 0x00, 0x00, 0x00, 0x00, 0x00, 0x00, 0x00, 0x00, 0x00, 0x00, 0x00, 0x00, 
    0x00, 0x00, 0x00, 0x00, 0x00, 0x00, 0x00, 0x00, 0x00, 0x00, 0x00, 0x00, 0x00, 0x00, 0x00, 0x00, 
    0x00, 0x00, 0x00, 0x00, 0x00, 0x00, 0x00, 0x00, 0x00, 0x00, 0x00, 0x00, 0x00, 0x00, 0x00, 0x00, 
    0x00, 0x00, 0x00, 0x00, 0x00, 0x00, 0x00, 0x00, 0x00, 0x00, 0x00, 0x00, 0x00, 0x00, 0x00, 0x00, 
    0x00, 0x00, 0x00, 0x00, 0x00, 0x00, 0x00, 0x00, 0x00, 0x00, 0x00, 0x00, 0x00, 0x00, 0x00, 0x00, 
    0x00, 0x00, 0x00, 0x00, 0x00, 0x00, 0x00, 0x00, 0x00, 0x00, 0x00, 0x00, 0x00, 0x00, 0x00, 0x00, 
    0x00, 0x00, 0x00, 0x00, 0x00, 0x00, 0x00, 0x00, 0x00, 0x00, 0x00, 0x00, 0x00, 0x00, 0x00, 0x00, 
    0x00, 0x00, 0x00, 0x00, 0x00, 0x00, 0x00, 0x00, 0x00, 0x00, 0x00, 0x00, 0x00, 0x00, 0x00, 0x00, 
    0x00, 0x00, 0x00, 0x00, 0x00, 0x00, 0x00, 0x00, 0x00, 0x00, 0x00, 0x00, 0x00, 0x00, 0x00, 0x00, 
    0x00, 0x00, 0x00, 0x00, 0x00, 0x00, 0x00, 0x00, 0x00, 0x00, 0x00, 0x00, 0x00, 0x00, 0x00, 0x00, 
    0x00, 0x00, 0x00, 0x00, 0x00, 0x00, 0x00, 0x00, 0x00, 0x00, 0x00, 0x00, 0x00, 0x00, 0x00, 0x00, 
    0x00, 0x00, 0x00, 0x00, 0x00, 0x00, 0x00, 0x00, 0x00, 0x00, 0x00, 0x00, 0x00, 0x00, 0x00, 0x00, 
    0x00, 0x00, 0x00, 0x00, 0x00, 0x00, 0x00, 0x00, 0x00, 0x00, 0x00, 0x00, 0x00, 0x00, 0x00, 0x00, 
    0x00, 0x00, 0x00, 0x00, 0x00, 0x00, 0x00, 0x00, 0x00, 0x00, 0x00, 0x00, 0x00, 0x00, 0x00, 0x00, 
    0x00, 0x00, 0x00, 0x00, 0x00, 0x00, 0x00, 0x00, 0x00, 0x00, 0x00, 0x00, 0x00, 0x00, 0x00, 0x00, 
    0x00, 0x00, 0x00, 0x00, 0x00, 0x00, 0x00, 0x00, 0x00, 0x00, 0x00, 0x00, 0x00, 0x00, 0x00, 0x00, 
    0x00, 0x00, 0x00, 0x00, 0x00, 0x00, 0x00, 0x00, 0x00, 0x00, 0x00, 0x00, 0x00, 0x00, 0x00, 0x00, 
    0x00, 0x00, 0x00, 0x00, 0x00, 0x00, 0x00, 0x00, 0x00, 0x00, 0x00, 0x00, 0x00, 0x00, 0x00, 0x00, 
    0x00, 0x00, 0x00, 0x00, 0x00, 0x00, 0x00, 0x00, 0x00, 0x00, 0x00, 0x00, 0x00, 0x00, 0x00, 0x00, 
    0x00, 0x00, 0x00, 0x00, 0x00, 0x00, 0x00, 0x00, 0x00, 0x00, 0x00, 0x00, 0x00, 0x00, 0x00, 0x00, 
    0x00, 0x00, 0x00, 0x00, 0x00, 0x00, 0x00, 0x00, 0x00, 0x00, 0x00, 0x00, 0x00, 0x00, 0x00, 0x00, 
    0x00, 0x00, 0x00, 0x00, 0x00, 0x00, 0x00, 0x00, 0x00, 0x00, 0x00, 0x00, 0x00, 0x00, 0x00, 0x00, 
    0x00, 0x00, 0x00, 0x00, 0x00, 0x00, 0x00, 0x00, 0x00, 0x00, 0x00, 0x00, 0x00, 0x00, 0x00, 0x00, 
    0x00, 0x00, 0x00, 0x00, 0x00, 0x00, 0x00, 0x00, 0x00, 0x00, 0x00, 0x00, 0x00, 0x00, 0x00, 0x00, 
    0x00, 0x00, 0x00, 0x00, 0x00, 0x00, 0x00, 0x00, 0x00, 0x00, 0x00, 0x00, 0x00, 0x00, 0x00, 0x00, 
    0x00, 0x00, 0x00, 0x00, 0x00, 0x00, 0x00, 0x00, 0x00, 0x00, 0x00, 0x00, 0x00, 0x00, 0x00, 0x00, 
    0x00, 0x00, 0x00, 0x00, 0x00, 0x00, 0x00, 0x00, 0x00, 0x00, 0x00, 0x00, 0x00, 0x00, 0x00, 0x00, 
    0x00, 0x00, 0x00, 0x00, 0x00, 0x00, 0x00, 0x00, 0x00, 0x00, 0x00, 0x00, 0x00, 0x00, 0x00, 0x00, 
    0x00, 0x00, 0x00, 0x00, 0x00, 0x00, 0x00, 0x00, 0x00, 0x00, 0x00, 0x00, 0x00, 0x00, 0x00, 0x00, 
    0x00, 0x00, 0x00, 0x00, 0x00, 0x00, 0x00, 0x00, 0x00, 0x00, 0x00, 0x00, 0x00, 0x00, 0x00, 0x00, 
    0x00, 0x00, 0x00, 0x00, 0x00, 0x00, 0x00, 0x00, 0x00, 0x00, 0x00, 0x00, 0x00, 0x00, 0x00, 0x00, 
    0x00, 0x00, 0x00, 0x00, 0x00, 0x00, 0x00, 0x00, 0x00, 0x00, 0x00, 0x00, 0x00, 0x00, 0x00, 0x00, 
    0x00, 0x00, 0x00, 0x00, 0x00, 0x00, 0x00, 0x00, 0x00, 0x00, 0x00, 0x00, 0x00, 0x00, 0x00, 0x00, 
    0x00, 0x00, 0x00, 0x00, 0x00, 0x00, 0x00, 0x00, 0x00, 0x00, 0x00, 0x00, 0x00, 0x00, 0x00, 0x00, 
    0x00, 0x00, 0x00, 0x00, 0x00, 0x00, 0x00, 0x00, 0x00, 0x00, 0x00, 0x00, 0x00, 0x00, 0x00, 0x00, 
    0x00, 0x00, 0x00, 0x00, 0x00, 0x00, 0x00, 0x00, 0x00, 0x00, 0x00, 0x00, 0x00, 0x00, 0x00, 0x00, 
    0x00, 0x00, 0x00, 0x00, 0x00, 0x00, 0x00, 0x00, 0x00, 0x00, 0x00, 0x00, 0x00, 0x00, 0x00, 0x00, 
    0x00, 0x00, 0x00, 0x00, 0x00, 0x00, 0x00, 0x00, 0x00, 0x00, 0x00, 0x00, 0x00, 0x00, 0x00, 0x00, 
    0x00, 0x00, 0x00, 0x00, 0x00, 0x00, 0x00, 0x00, 0x00, 0x00, 0x00, 0x00, 0x00, 0x00, 0x00, 0x00, 
    0x00, 0x00, 0x00, 0x00, 0x00, 0x00, 0x00, 0x00, 0x00, 0x00, 0x00, 0x00, 0x00, 0x00, 0x00, 0x00, 
    0x00, 0x00, 0x00, 0x00, 0x00, 0x00, 0x00, 0x00, 0x00, 0x00, 0x00, 0x00, 0x00, 0x00, 0x00, 0x00, 
    0x00, 0x00, 0x00, 0x00, 0x00, 0x00, 0x00, 0x00, 0x00, 0x00, 0x00, 0x00, 0x00, 0x00, 0x00, 0x00, 
    0x00, 0x00, 0x00, 0x00, 0x00, 0x00, 0x00, 0x00, 0x00, 0x00, 0x00, 0x00, 0x00, 0x00, 0x00, 0x00, 
    0x00, 0x00, 0x00, 0x00, 0x00, 0x00, 0x00, 0x00, 0x00, 0x00, 0x00, 0x00, 0x00, 0x00, 0x00, 0x00, 
    0x00, 0x00, 0x00, 0x00, 0x00, 0x00, 0x00, 0x00, 0x00, 0x00, 0x00, 0x00, 0x00, 0x00, 0x00, 0x00, 
    0x00, 0x00, 0x00, 0x00, 0x00, 0x00, 0x00, 0x00, 0x00, 0x00, 0x00, 0x00, 0x00, 0x00, 0x00, 0x00, 
    0x00, 0x00, 0x00, 0x00, 0x00, 0x00, 0x00, 0x00, 0x00, 0x00, 0x00, 0x00, 0x00, 0x00, 0x00, 0x00, 
    0x00, 0x00, 0x00, 0x00, 0x00, 0x00, 0x00, 0x00, 0x00, 0x00, 0x00, 0x00, 0x00, 0x00, 0x00, 0x00, 
    0x00, 0x00, 0x00, 0x00, 0x00, 0x00, 0x00, 0x00, 0x00, 0x00, 0x00, 0x00, 0x00, 0x00, 0x00, 0x00, 
    0x00, 0x00, 0x00, 0x00, 0x00, 0x00, 0x00, 0x00, 0x00, 0x00, 0x00, 0x00, 0x00, 0x00, 0x00, 0x00, 
    0x00, 0x00, 0x00, 0x00, 0x00, 0x00, 0x00, 0x00, 0x00, 0x00, 0x00, 0x00, 0x00, 0x00, 0x00, 0x00, 
    0x00, 0x00, 0x00, 0x00, 0x00, 0x00, 0x00, 0x00, 0x00, 0x00, 0x00, 0x00, 0x00, 0x00, 0x00, 0x00, 
    0x00, 0x00, 0x00, 0x00, 0x00, 0x00, 0x00, 0x00, 0x00, 0x00, 0x00, 0x00, 0x00, 0x00, 0x00, 0x00, 
    0x00, 0x00, 0x00, 0x00, 0x00, 0x00, 0x00, 0x00, 0x00, 0x00, 0x00, 0x00, 0x00, 0x00, 0x00, 0x00, 
    0x00, 0x00, 0x00, 0x00, 0x00, 0x00, 0x00, 0x00, 0x00, 0x00, 0x00, 0x00, 0x00, 0x00, 0x00, 0x00, 
    0x00, 0x00, 0x00, 0x00, 0x00, 0x00, 0x00, 0x00, 0x00, 0x00, 0x00, 0x00, 0x00, 0x00, 0x00, 0x00, 
    0x00, 0x00, 0x00, 0x00, 0x00, 0x00, 0x00, 0x00, 0x00, 0x00, 0x00, 0x00, 0x00, 0x00, 0x00, 0x00, 
    0x00, 0x00, 0x00, 0x00, 0x00, 0x00, 0x00, 0x00, 0x00, 0x00, 0x00, 0x00, 0x00, 0x00, 0x00, 0x00, 
    0x00, 0x00, 0x00, 0x00, 0x00, 0x00, 0x00, 0x00, 0x00, 0x00, 0x00, 0x00, 0x00, 0x00, 0x00, 0x00, 
    0x00, 0x00, 0x00, 0x00, 0x00, 0x00, 0x00, 0x00, 0x00, 0x00, 0x00, 0x00, 0x00, 0x00, 0x00, 0x00, 
    0x00, 0x00, 0x00, 0x00, 0x00, 0x00, 0x00, 0x00, 0x00, 0x00, 0x00, 0x00, 0x00, 0x00, 0x00, 0x00, 
    0x00, 0x00, 0x00, 0x00, 0x00, 0x00, 0x00, 0x00, 0x00, 0x00, 0x00, 0x00, 0x00, 0x00, 0x00, 0x00, 
    0x00, 0x00, 0x00, 0x00, 0x00, 0x00, 0x00, 0x00, 0x00, 0x00, 0x00, 0x00, 0x00, 0x00, 0x00, 0x00, 
    0x00, 0x00, 0x00, 0x00, 0x00, 0x00, 0x00, 0x00, 0x00, 0x00, 0x00, 0x00, 0x00, 0x00, 0x00, 0x00, 
    0x00, 0x00, 0x00, 0x00, 0x00, 0x00, 0x00, 0x00, 0x00, 0x00, 0x00, 0x00, 0x00, 0x00, 0x00, 0x00, 
    0x00, 0x00, 0x00, 0x00, 0x00, 0x00, 0x00, 0x00, 0x00, 0x00, 0x00, 0x00, 0x00, 0x00, 0x00, 0x00, 
    0x00, 0x00, 0x00, 0x00, 0x00, 0x00, 0x00, 0x00, 0x00, 0x00, 0x00, 0x00, 0x00, 0x00, 0x00, 0x00, 
    0x00, 0x00, 0x00, 0x00, 0x00, 0x00, 0x00, 0x00, 0x00, 0x00, 0x00, 0x00, 0x00, 0x00, 0x00, 0x00, 
    0x00, 0x00, 0x00, 0x00, 0x00, 0x00, 0x00, 0x00, 0x00, 0x00, 0x00, 0x00, 0x00, 0x00, 0x00, 0x00, 
    0x00, 0x00, 0x00, 0x00, 0x00, 0x00, 0x00, 0x00, 0x00, 0x00, 0x00, 0x00, 0x00, 0x00, 0x00, 0x00, 
    0x00, 0x00, 0x00, 0x00, 0x00, 0x00, 0x00, 0x00, 0x00, 0x00, 0x00, 0x00, 0x00, 0x00, 0x00, 0x00, 
    0x00, 0x00, 0x00, 0x00, 0x00, 0x00, 0x00, 0x00, 0x00, 0x00, 0x00, 0x00, 0x00, 0x00, 0x00, 0x00, 
    0x00, 0x00, 0x00, 0x00, 0x00, 0x00, 0x00, 0x00, 0x00, 0x00, 0x00, 0x00, 0x00, 0x00, 0x00, 0x00, 
    0x00, 0x00, 0x00, 0x00, 0x00, 0x00, 0x00, 0x00, 0x00, 0x00, 0x00, 0x00, 0x00, 0x00, 0x00, 0x00, 
    0x00, 0x00, 0x00, 0x00, 0x00, 0x00, 0x00, 0x00, 0x00, 0x00, 0x00, 0x00, 0x00, 0x00, 0x00, 0x00, 
    0x00, 0x00, 0x00, 0x00, 0x00, 0x00, 0x00, 0x00, 0x00, 0x00, 0x00, 0x00, 0x00, 0x00, 0x00, 0x00, 
    0x00, 0x00, 0x00, 0x00, 0x00, 0x00, 0x00, 0x00, 0x00, 0x00, 0x00, 0x00, 0x00, 0x00, 0x00, 0x00, 
    0x00, 0x00, 0x00, 0x00, 0x00, 0x00, 0x00, 0x00, 0x00, 0x00, 0x00, 0x00, 0x00, 0x00, 0x00, 0x00, 
    0x00, 0x00, 0x00, 0x00, 0x00, 0x00, 0x00, 0x00, 0x00, 0x00, 0x00, 0x00, 0x00, 0x00, 0x00, 0x00, 
    0x00, 0x00, 0x00, 0x00, 0x00, 0x00, 0x00, 0x00, 0x00, 0x00, 0x00, 0x00, 0x00, 0x00, 0x00, 0x00, 
    0x00, 0x00, 0x00, 0x00, 0x00, 0x00, 0x00, 0x00, 0x00, 0x00, 0x00, 0x00, 0x00, 0x00, 0x00, 0x00, 
    0x00, 0x00, 0x00, 0x00, 0x00, 0x00, 0x00, 0x00, 0x00, 0x00, 0x00, 0x00, 0x00, 0x00, 0x00, 0x00, 
    0x00, 0x00, 0x00, 0x00, 0x00, 0x00, 0x00, 0x00, 0x00, 0x00, 0x00, 0x00, 0x00, 0x00, 0x00, 0x00, 
    0x00, 0x00, 0x00, 0x00, 0x00, 0x00, 0x00, 0x00, 0x00, 0x00, 0x00, 0x00, 0x00, 0x00, 0x00, 0x00, 
    0x00, 0x00, 0x00, 0x00, 0x00, 0x00, 0x00, 0x00, 0x00, 0x00, 0x00, 0x00, 0x00, 0x00, 0x00, 0x00, 
    0x00, 0x00, 0x00, 0x00, 0x00, 0x00, 0x00, 0x00, 0x00, 0x00, 0x00, 0x00, 0x00, 0x00, 0x00, 0x00, 
    0x00, 0x00, 0x00, 0x00, 0x00, 0x00, 0x00, 0x00, 0x00, 0x00, 0x00, 0x00, 0x00, 0x00, 0x00, 0x00, 
    0x00, 0x00, 0x00, 0x00, 0x00, 0x00, 0x00, 0x00, 0x00, 0x00, 0x00, 0x00, 0x00, 0x00, 0x00, 0x00, 
    0x00, 0x00, 0x00, 0x00, 0x00, 0x00, 0x00, 0x00, 0x00, 0x00, 0x00, 0x00, 0x00, 0x00, 0x00, 0x00, 
    0x00, 0x00, 0x00, 0x00, 0x00, 0x00, 0x00, 0x00, 0x00, 0x00, 0x00, 0x00, 0x00, 0x00, 0x00, 0x00, 
    0x00, 0x00, 0x00, 0x00, 0x00, 0x00, 0x00, 0x00, 0x00, 0x00, 0x00, 0x00, 0x00, 0x00, 0x00, 0x00, 
    0x00, 0x00, 0x00, 0x00, 0x00, 0x00, 0x00, 0x00, 0x00, 0x00, 0x00, 0x00, 0x00, 0x00, 0x00, 0x00, 
    0x00, 0x00, 0x00, 0x00, 0x00, 0x00, 0x00, 0x00, 0x00, 0x00, 0x00, 0x00, 0x00, 0x00, 0x00, 0x00, 
    0x00, 0x00, 0x00, 0x00, 0x00, 0x00, 0x00, 0x00, 0x00, 0x00, 0x00, 0x00, 0x00, 0x00, 0x00, 0x00, 
    0x00, 0x00, 0x00, 0x00, 0x00, 0x00, 0x00, 0x00, 0x00, 0x00, 0x00, 0x00, 0x00, 0x00, 0x00, 0x00, 
    0x00, 0x00, 0x00, 0x00, 0x00, 0x00, 0x00, 0x00, 0x00, 0x00, 0x00, 0x00, 0x00, 0x00, 0x00, 0x00, 
    0x00, 0x00, 0x00, 0x00, 0x00, 0x00, 0x00, 0x00, 0x00, 0x00, 0x00, 0x00, 0x00, 0x00, 0x00, 0x00, 
    0x00, 0x00, 0x00, 0x00, 0x00, 0x00, 0x00, 0x00, 0x00, 0x00, 0x00, 0x00, 0x00, 0x00, 0x00, 0x00, 
    0x00, 0x00, 0x00, 0x00, 0x00, 0x00, 0x00, 0x00, 0x00, 0x00, 0x00, 0x00, 0x00, 0x00, 0x00, 0x00, 
    0x00, 0x00, 0x00, 0x00, 0x00, 0x00, 0x00, 0x00, 0x00, 0x00, 0x00, 0x00, 0x00, 0x00, 0x00, 0x00, 
    0x00, 0x00, 0x00, 0x00, 0x00, 0x00, 0x00, 0x00, 0x00, 0x00, 0x00, 0x00, 0x00, 0x00, 0x00, 0x00, 
    0x00, 0x00, 0x00, 0x00, 0x00, 0x00, 0x00, 0x00, 0x00, 0x00, 0x00, 0x00, 0x00, 0x00, 0x00, 0x00, 
    0x00, 0x00, 0x00, 0x00, 0x00, 0x00, 0x00, 0x00, 0x00, 0x00, 0x00, 0x00, 0x00, 0x00, 0x00, 0x00, 
    0x00, 0x00, 0x00, 0x00, 0x00, 0x00, 0x00, 0x00, 0x00, 0x00, 0x00, 0x00, 0x00, 0x00, 0x00, 0x00, 
    0x00, 0x00, 0x00, 0x00, 0x00, 0x00, 0x00, 0x00, 0x00, 0x00, 0x00, 0x00, 0x00, 0x00, 0x00, 0x00, 
    0x00, 0x00, 0x00, 0x00, 0x00, 0x00, 0x00, 0x00, 0x00, 0x00, 0x00, 0x00, 0x00, 0x00, 0x00, 0x00, 
    0x00, 0x00, 0x00, 0x00, 0x00, 0x00, 0x00, 0x00, 0x00, 0x00, 0x00, 0x00, 0x00, 0x00, 0x00, 0x00, 
    0x00, 0x00, 0x00, 0x00, 0x00, 0x00, 0x00, 0x00, 0x00, 0x00, 0x00, 0x00, 0x00, 0x00, 0x00, 0x00, 
    0x00, 0x00, 0x00, 0x00, 0x00, 0x00, 0x00, 0x00, 0x00, 0x00, 0x00, 0x00, 0x00, 0x00, 0x00, 0x00, 
    0x00, 0x00, 0x00, 0x00, 0x00, 0x00, 0x00, 0x00, 0x00, 0x00, 0x00, 0x00, 0x00, 0x00, 0x00, 0x00, 
    0x00, 0x00, 0x00, 0x00, 0x00, 0x00, 0x00, 0x00, 0x00, 0x00, 0x00, 0x00, 0x00, 0x00, 0x00, 0x00, 
    0x00, 0x00, 0x00, 0x00, 0x00, 0x00, 0x00, 0x00, 0x00, 0x00, 0x00, 0x00, 0x00, 0x00, 0x00, 0x00, 
    0x00, 0x00, 0x00, 0x00, 0x00, 0x00, 0x00, 0x00, 0x00, 0x00, 0x00, 0x00, 0x00, 0x00, 0x00, 0x00, 
    0x00, 0x00, 0x00, 0x00, 0x00, 0x00, 0x00, 0x00, 0x00, 0x00, 0x00, 0x00, 0x00, 0x00, 0x00, 0x00, 
    0x00, 0x00, 0x00, 0x00, 0x00, 0x00, 0x00, 0x00, 0x00, 0x00, 0x00, 0x00, 0x00, 0x00, 0x00, 0x00, 
    0x00, 0x00, 0x00, 0x00, 0x00, 0x00, 0x00, 0x00, 0x00, 0x00, 0x00, 0x00, 0x00, 0x00, 0x00, 0x00, 
    0x00, 0x00, 0x00, 0x00, 0x00, 0x00, 0x00, 0x00, 0x00, 0x00, 0x00, 0x00, 0x00, 0x00, 0x00, 0x00, 
    0x00, 0x00, 0x00, 0x00, 0x00, 0x00, 0x00, 0x00, 0x00, 0x00, 0x00, 0x00, 0x00, 0x00, 0x00, 0x00, 
    0x00, 0x00, 0x00, 0x00, 0x00, 0x00, 0x00, 0x00, 0x00, 0x00, 0x00, 0x00, 0x00, 0x00, 0x00, 0x00, 
    0x00, 0x00, 0x00, 0x00, 0x00, 0x00, 0x00, 0x00, 0x00, 0x00, 0x00, 0x00, 0x00, 0x00, 0x00, 0x00, 
    0x00, 0x00, 0x00, 0x00, 0x00, 0x00, 0x00, 0x00, 0x00, 0x00, 0x00, 0x00, 0x00, 0x00, 0x00, 0x00, 
    0x00, 0x00, 0x00, 0x00, 0x00, 0x00, 0x00, 0x00, 0x00, 0x00, 0x00, 0x00, 0x00, 0x00, 0x00, 0x00, 
    0x00, 0x00, 0x00, 0x00, 0x00, 0x00, 0x00, 0x00, 0x00, 0x00, 0x00, 0x00, 0x00, 0x00, 0x00, 0x00, 
    0x00, 0x00, 0x00, 0x00, 0x00, 0x00, 0x00, 0x00, 0x00, 0x00, 0x00, 0x00, 0x00, 0x00, 0x00, 0x00, 
    0x00, 0x00, 0x00, 0x00, 0x00, 0x00, 0x00, 0x00, 0x00, 0x00, 0x00, 0x00, 0x00, 0x00, 0x00, 0x00, 
    0x00, 0x00, 0x00, 0x00, 0x00, 0x00, 0x00, 0x00, 0x00, 0x00, 0x00, 0x00, 0x00, 0x00, 0x00, 0x00, 
    0x00, 0x00, 0x00, 0x00, 0x00, 0x00, 0x00, 0x00, 0x00, 0x00, 0x00, 0x00, 0x00, 0x00, 0x00, 0x00, 
    0x00, 0x00, 0x00, 0x00, 0x00, 0x00, 0x00, 0x00, 0x00, 0x00, 0x00, 0x00, 0x00, 0x00, 0x00, 0x00, 
    0x00, 0x00, 0x00, 0x00, 0x00, 0x00, 0x00, 0x00, 0x00, 0x00, 0x00, 0x00, 0x00, 0x00, 0x00, 0x00, 
    0x00, 0x00, 0x00, 0x00, 0x00, 0x00, 0x00, 0x00, 0x00, 0x00, 0x00, 0x00, 0x00, 0x00, 0x00, 0x00, 
    0x00, 0x00, 0x00, 0x00, 0x00, 0x00, 0x00, 0x00, 0x00, 0x00, 0x00, 0x00, 0x00, 0x00, 0x00, 0x00, 
    0x00, 0x00, 0x00, 0x00, 0x00, 0x00, 0x00, 0x00, 0x00, 0x00, 0x00, 0x00, 0x00, 0x00, 0x00, 0x00, 
    0x00, 0x00, 0x00, 0x00, 0x00, 0x00, 0x00, 0x00, 0x00, 0x00, 0x00, 0x00, 0x00, 0x00, 0x00, 0x00, 
    0x00, 0x00, 0x00, 0x00, 0x00, 0x00, 0x00, 0x00, 0x00, 0x00, 0x00, 0x00, 0x00, 0x00, 0x00, 0x00, 
    0x00, 0x00, 0x00, 0x00, 0x00, 0x00, 0x00, 0x00, 0x00, 0x00, 0x00, 0x00, 0x00, 0x00, 0x00, 0x00, 
    0x00, 0x00, 0x00, 0x00, 0x00, 0x00, 0x00, 0x00, 0x00, 0x00, 0x00, 0x00, 0x00, 0x00, 0x00, 0x00, 
    0x00, 0x00, 0x00, 0x00, 0x00, 0x00, 0x00, 0x00, 0x00, 0x00, 0x00, 0x00, 0x00, 0x00, 0x00, 0x00, 
    0x00, 0x00, 0x00, 0x00, 0x00, 0x00, 0x00, 0x00, 0x00, 0x00, 0x00, 0x00, 0x00, 0x00, 0x00, 0x00, 
    0x00, 0x00, 0x00, 0x00, 0x00, 0x00, 0x00, 0x00, 0x00, 0x00, 0x00, 0x00, 0x00, 0x00, 0x00, 0x00, 
    0x00, 0x00, 0x00, 0x00, 0x00, 0x00, 0x00, 0x00, 0x00, 0x00, 0x00, 0x00, 0x00, 0x00, 0x00, 0x00, 
    0x00, 0x00, 0x00, 0x00, 0x00, 0x00, 0x00, 0x00, 0x00, 0x00, 0x00, 0x00, 0x00, 0x00, 0x00, 0x00, 
    0x00, 0x00, 0x00, 0x00, 0x00, 0x00, 0x00, 0x00, 0x00, 0x00, 0x00, 0x00, 0x00, 0x00, 0x00, 0x00, 
    0x00, 0x00, 0x00, 0x00, 0x00, 0x00, 0x00, 0x00, 0x00, 0x00, 0x00, 0x00, 0x00, 0x00, 0x00, 0x00, 
    0x00, 0x00, 0x00, 0x00, 0x00, 0x00, 0x00, 0x00, 0x00, 0x00, 0x00, 0x00, 0x00, 0x00, 0x00, 0x00, 
    0x00, 0x00, 0x00, 0x00, 0x00, 0x00, 0x00, 0x00, 0x00, 0x00, 0x00, 0x00, 0x00, 0x00, 0x00, 0x00, 
    0x00, 0x00, 0x00, 0x00, 0x00, 0x00, 0x00, 0x00, 0x00, 0x00, 0x00, 0x00, 0x00, 0x00, 0x00, 0x00, 
    0x00, 0x00, 0x00, 0x00, 0x00, 0x00, 0x00, 0x00, 0x00, 0x00, 0x00, 0x00, 0x00, 0x00, 0x00, 0x00, 
    0x00, 0x00, 0x00, 0x00, 0x00, 0x00, 0x00, 0x00, 0x00, 0x00, 0x00, 0x00, 0x00, 0x00, 0x00, 0x00, 
    0x00, 0x00, 0x00, 0x00, 0x00, 0x00, 0x00, 0x00, 0x00, 0x00, 0x00, 0x00, 0x00, 0x00, 0x00, 0x00, 
    0x00, 0x00, 0x00, 0x00, 0x00, 0x00, 0x00, 0x00, 0x00, 0x00, 0x00, 0x00, 0x00, 0x00, 0x00, 0x00, 
    0x00, 0x00, 0x00, 0x00, 0x00, 0x00, 0x00, 0x00, 0x00, 0x00, 0x00, 0x00, 0x00, 0x00, 0x00, 0x00, 
    0x00, 0x00, 0x00, 0x00, 0x00, 0x00, 0x00, 0x00, 0x00, 0x00, 0x00, 0x00, 0x00, 0x00, 0x00, 0x00, 
    0x00, 0x00, 0x00, 0x00, 0x00, 0x00, 0x00, 0x00, 0x00, 0x00, 0x00, 0x00, 0x00, 0x00, 0x00, 0x00, 
    0x00, 0x00, 0x00, 0x00, 0x00, 0x00, 0x00, 0x00, 0x00, 0x00, 0x00, 0x00, 0x00, 0x00, 0x00, 0x00, 
    0x00, 0x00, 0x00, 0x00, 0x00, 0x00, 0x00, 0x00, 0x00, 0x00, 0x00, 0x00, 0x00, 0x00, 0x00, 0x00, 
    0x00, 0x00, 0x00, 0x00, 0x00, 0x00, 0x00, 0x00, 0x00, 0x00, 0x00, 0x00, 0x00, 0x00, 0x00, 0x00, 
    0x00, 0x00, 0x00, 0x00, 0x00, 0x00, 0x00, 0x00, 0x00, 0x00, 0x00, 0x00, 0x00, 0x00, 0x00, 0x00, 
    0x00, 0x00, 0x00, 0x00, 0x00, 0x00, 0x00, 0x00, 0x00, 0x00, 0x00, 0x00, 0x00, 0x00, 0x00, 0x00, 
    0x00, 0x00, 0x00, 0x00, 0x00, 0x00, 0x00, 0x00, 0x00, 0x00, 0x00, 0x00, 0x00, 0x00, 0x00, 0x00, 
    0x00, 0x00, 0x00, 0x00, 0x00, 0x00, 0x00, 0x00, 0x00, 0x00, 0x00, 0x00, 0x00, 0x00, 0x00, 0x00, 
    0x00, 0x00, 0x00, 0x00, 0x00, 0x00, 0x00, 0x00, 0x00, 0x00, 0x00, 0x00, 0x00, 0x00, 0x00, 0x00, 
    0x00, 0x00, 0x00, 0x00, 0x00, 0x00, 0x00, 0x00, 0x00, 0x00, 0x00, 0x00, 0x00, 0x00, 0x00, 0x00, 
    0x00, 0x00, 0x00, 0x00, 0x00, 0x00, 0x00, 0x00, 0x00, 0x00, 0x00, 0x00, 0x00, 0x00, 0x00, 0x00, 
    0x00, 0x00, 0x00, 0x00, 0x00, 0x00, 0x00, 0x00, 0x00, 0x00, 0x00, 0x00, 0x00, 0x00, 0x00, 0x00, 
    0x00, 0x00, 0x00, 0x00, 0x00, 0x00, 0x00, 0x00, 0x00, 0x00, 0x00, 0x00, 0x00, 0x00, 0x00, 0x00, 
    0x00, 0x00, 0x00, 0x00, 0x00, 0x00, 0x00, 0x00, 0x00, 0x00, 0x00, 0x00, 0x00, 0x00, 0x00, 0x00, 
    0x00, 0x00, 0x00, 0x00, 0x00, 0x00, 0x00, 0x00, 0x00, 0x00, 0x00, 0x00, 0x00, 0x00, 0x00, 0x00, 
    0x00, 0x00, 0x00, 0x00, 0x00, 0x00, 0x00, 0x00, 0x00, 0x00, 0x00, 0x00, 0x00, 0x00, 0x00, 0x00, 
    0x00, 0x00, 0x00, 0x00, 0x00, 0x00, 0x00, 0x00, 0x00, 0x00, 0x00, 0x00, 0x00, 0x00, 0x00, 0x00, 
    0x00, 0x00, 0x00, 0x00, 0x00, 0x00, 0x00, 0x00, 0x00, 0x00, 0x00, 0x00, 0x00, 0x00, 0x00, 0x00, 
    0x00, 0x00, 0x00, 0x00, 0x00, 0x00, 0x00, 0x00, 0x00, 0x00, 0x00, 0x00, 0x00, 0x00, 0x00, 0x00, 
    0x00, 0x00, 0x00, 0x00, 0x00, 0x00, 0x00, 0x00, 0x00, 0x00, 0x00, 0x00, 0x00, 0x00, 0x00, 0x00, 
    0x00, 0x00, 0x00, 0x00, 0x00, 0x00, 0x00, 0x00, 0x00, 0x00, 0x00, 0x00, 0x00, 0x00, 0x00, 0x00, 
    0x00, 0x00, 0x00, 0x00, 0x00, 0x00, 0x00, 0x00, 0x00, 0x00, 0x00, 0x00, 0x00, 0x00, 0x00, 0x00, 
    0x00, 0x00, 0x00, 0x00, 0x00, 0x00, 0x00, 0x00, 0x00, 0x00, 0x00, 0x00, 0x00, 0x00, 0x00, 0x00, 
    0x00, 0x00, 0x00, 0x00, 0x00, 0x00, 0x00, 0x00, 0x00, 0x00, 0x00, 0x00, 0x00, 0x00, 0x00, 0x00, 
    0x00, 0x00, 0x00, 0x00, 0x00, 0x00, 0x00, 0x00, 0x00, 0x00, 0x00, 0x00, 0x00, 0x00, 0x00, 0x00, 
    0x00, 0x00, 0x00, 0x00, 0x00, 0x00, 0x00, 0x00, 0x00, 0x00, 0x00, 0x00, 0x00, 0x00, 0x00, 0x00, 
    0x00, 0x00, 0x00, 0x00, 0x00, 0x00, 0x00, 0x00, 0x00, 0x00, 0x00, 0x00, 0x00, 0x00, 0x00, 0x00, 
    0x00, 0x00, 0x00, 0x00, 0x00, 0x00, 0x00, 0x00, 0x00, 0x00, 0x00, 0x00, 0x00, 0x00, 0x00, 0x00, 
    0x00, 0x00, 0x00, 0x00, 0x00, 0x00, 0x00, 0x00, 0x00, 0x00, 0x00, 0x00, 0x00, 0x00, 0x00, 0x00, 
    0x00, 0x00, 0x00, 0x00, 0x00, 0x00, 0x00, 0x00, 0x00, 0x00, 0x00, 0x00, 0x00, 0x00, 0x00, 0x00, 
    0x00, 0x00, 0x00, 0x00, 0x00, 0x00, 0x00, 0x00, 0x00, 0x00, 0x00, 0x00, 0x00, 0x00, 0x00, 0x00, 
    0x00, 0x00, 0x00, 0x00, 0x00, 0x00, 0x00, 0x00, 0x00, 0x00, 0x00, 0x00, 0x00, 0x00, 0x00, 0x00, 
    0x00, 0x00, 0x00, 0x00, 0x00, 0x00, 0x00, 0x00, 0x00, 0x00, 0x00, 0x00, 0x00, 0x00, 0x00, 0x00, 
    0x00, 0x00, 0x00, 0x00, 0x00, 0x00, 0x00, 0x00, 0x00, 0x00, 0x00, 0x00, 0x00, 0x00, 0x00, 0x00, 
    0x00, 0x00, 0x00, 0x00, 0x00, 0x00, 0x00, 0x00, 0x00, 0x00, 0x00, 0x00, 0x00, 0x00, 0x00, 0x00, 
    0x00, 0x00, 0x00, 0x00, 0x00, 0x00, 0x00, 0x00, 0x00, 0x00, 0x00, 0x00, 0x00, 0x00, 0x00, 0x00, 
    0x00, 0x00, 0x00, 0x00, 0x00, 0x00, 0x00, 0x00, 0x00, 0x00, 0x00, 0x00, 0x00, 0x00, 0x00, 0x00, 
    0x00, 0x00, 0x00, 0x00, 0x00, 0x00, 0x00, 0x00, 0x00, 0x00, 0x00, 0x00, 0x00, 0x00, 0x00, 0x00, 
    0x00, 0x00, 0x00, 0x00, 0x00, 0x00, 0x00, 0x00, 0x00, 0x00, 0x00, 0x00, 0x00, 0x00, 0x00, 0x00, 
    0x00, 0x00, 0x00, 0x00, 0x00, 0x00, 0x00, 0x00, 0x00, 0x00, 0x00, 0x00, 0x00, 0x00, 0x00, 0x00, 
    0x00, 0x00, 0x00, 0x00, 0x00, 0x00, 0x00, 0x00, 0x00, 0x00, 0x00, 0x00, 0x00, 0x00, 0x00, 0x00, 
    0x00, 0x00, 0x00, 0x00, 0x00, 0x00, 0x00, 0x00, 0x00, 0x00, 0x00, 0x00, 0x00, 0x00, 0x00, 0x00, 
    0x00, 0x00, 0x00, 0x00, 0x00, 0x00, 0x00, 0x00, 0x00, 0x00, 0x00, 0x00, 0x00, 0x00, 0x00, 0x00, 
    0x00, 0x00, 0x00, 0x00, 0x00, 0x00, 0x00, 0x00, 0x00, 0x00, 0x00, 0x00, 0x00, 0x00, 0x00, 0x00, 
    0x00, 0x00, 0x00, 0x00, 0x00, 0x00, 0x00, 0x00, 0x00, 0x00, 0x00, 0x00, 0x00, 0x00, 0x00, 0x00, 
    0x00, 0x00, 0x00, 0x00, 0x00, 0x00, 0x00, 0x00, 0x00, 0x00, 0x00, 0x00, 0x00, 0x00, 0x00, 0x00, 
    0x00, 0x00, 0x00, 0x00, 0x00, 0x00, 0x00, 0x00, 0x00, 0x00, 0x00, 0x00, 0x00, 0x00, 0x00, 0x00, 
    0x00, 0x00, 0x00, 0x00, 0x00, 0x00, 0x00, 0x00, 0x00, 0x00, 0x00, 0x00, 0x00, 0x00, 0x00, 0x00, 
    0x00, 0x00, 0x00, 0x00, 0x00, 0x00, 0x00, 0x00, 0x00, 0x00, 0x00, 0x00, 0x00, 0x00, 0x00, 0x00, 
    0x00, 0x00, 0x00, 0x00, 0x00, 0x00, 0x00, 0x00, 0x00, 0x00, 0x00, 0x00, 0x00, 0x00, 0x00, 0x00, 
    0x00, 0x00, 0x00, 0x00, 0x00, 0x00, 0x00, 0x00, 0x00, 0x00, 0x00, 0x00, 0x00, 0x00, 0x00, 0x00, 
    0x00, 0x00, 0x00, 0x00, 0x00, 0x00, 0x00, 0x00, 0x00, 0x00, 0x00, 0x00, 0x00, 0x00, 0x00, 0x00, 
    0x00, 0x00, 0x00, 0x00, 0x00, 0x00, 0x00, 0x00, 0x00, 0x00, 0x00, 0x00, 0x00, 0x00, 0x00, 0x00, 
    0x00, 0x00, 0x00, 0x00, 0x00, 0x00, 0x00, 0x00, 0x00, 0x00, 0x00, 0x00, 0x00, 0x00, 0x00, 0x00, 
    0x00, 0x00, 0x00, 0x00, 0x00, 0x00, 0x00, 0x00, 0x00, 0x00, 0x00, 0x00, 0x00, 0x00, 0x00, 0x00, 
    0x00, 0x00, 0x00, 0x00, 0x00, 0x00, 0x00, 0x00, 0x00, 0x00, 0x00, 0x00, 0x00, 0x00, 0x00, 0x00, 
    0x00, 0x00, 0x00, 0x00, 0x00, 0x00, 0x00, 0x00, 0x00, 0x00, 0x00, 0x00, 0x00, 0x00, 0x00, 0x00, 
    0x00, 0x00, 0x00, 0x00, 0x00, 0x00, 0x00, 0x00, 0x00, 0x00, 0x00, 0x00, 0x00, 0x00, 0x00, 0x00, 
    0x00, 0x00, 0x00, 0x00, 0x00, 0x00, 0x00, 0x00, 0x00, 0x00, 0x00, 0x00, 0x00, 0x00, 0x00, 0x00, 
    0x00, 0x00, 0x00, 0x00, 0x00, 0x00, 0x00, 0x00, 0x00, 0x00, 0x00, 0x00, 0x00, 0x00, 0x00, 0x00, 
    0x00, 0x00, 0x00, 0x00, 0x00, 0x00, 0x00, 0x00, 0x00, 0x00, 0x00, 0x00, 0x00, 0x00, 0x00, 0x00, 
    0x00, 0x00, 0x00, 0x00, 0x00, 0x00, 0x00, 0x00, 0x00, 0x00, 0x00, 0x00, 0x00, 0x00, 0x00, 0x00, 
    0x00, 0x00, 0x00, 0x00, 0x00, 0x00, 0x00, 0x00, 0x00, 0x00, 0x00, 0x00, 0x00, 0x00, 0x00, 0x00, 
    0x00, 0x00, 0x00, 0x00, 0x00, 0x00, 0x00, 0x00, 0x00, 0x00, 0x00, 0x00, 0x00, 0x00, 0x00, 0x00, 
    0x00, 0x00, 0x00, 0x00, 0x00, 0x00, 0x00, 0x00, 0x00, 0x00, 0x00, 0x00, 0x00, 0x00, 0x00, 0x00, 
    0x00, 0x00, 0x00, 0x00, 0x00, 0x00, 0x00, 0x00, 0x00, 0x00, 0x00, 0x00, 0x00, 0x00, 0x00, 0x00, 
    0x00, 0x00, 0x00, 0x00, 0x00, 0x00, 0x00, 0x00, 0x00, 0x00, 0x00, 0x00, 0x00, 0x00, 0x00, 0x00, 
    0x00, 0x00, 0x00, 0x00, 0x00, 0x00, 0x00, 0x00, 0x00, 0x00, 0x00, 0x00, 0x00, 0x00, 0x00, 0x00, 
    0x00, 0x00, 0x00, 0x00, 0x00, 0x00, 0x00, 0x00, 0x00, 0x00, 0x00, 0x00, 0x00, 0x00, 0x00, 0x00, 
    0x00, 0x00, 0x00, 0x00, 0x00, 0x00, 0x00, 0x00, 0x00, 0x00, 0x00, 0x00, 0x00, 0x00, 0x00, 0x00, 
    0x00, 0x00, 0x00, 0x00, 0x00, 0x00, 0x00, 0x00, 0x00, 0x00, 0x00, 0x00, 0x00, 0x00, 0x00, 0x00, 
    0x00, 0x00, 0x00, 0x00, 0x00, 0x00, 0x00, 0x00, 0x00, 0x00, 0x00, 0x00, 0x00, 0x00, 0x00, 0x00, 
    0x00, 0x00, 0x00, 0x00, 0x00, 0x00, 0x00, 0x00, 0x00, 0x00, 0x00, 0x00, 0x00, 0x00, 0x00, 0x00, 
    0x00, 0x00, 0x00, 0x00, 0x00, 0x00, 0x00, 0x00, 0x00, 0x00, 0x00, 0x00, 0x00, 0x00, 0x00, 0x00, 
    0x00, 0x00, 0x00, 0x00, 0x00, 0x00, 0x00, 0x00, 0x00, 0x00, 0x00, 0x00, 0x00, 0x00, 0x00, 0x00, 
    0x00, 0x00, 0x00, 0x00, 0x00, 0x00, 0x00, 0x00, 0x00, 0x00, 0x00, 0x00, 0x00, 0x00, 0x00, 0x00, 
    0x00, 0x00, 0x00, 0x00, 0x00, 0x00, 0x00, 0x00, 0x00, 0x00, 0x00, 0x00, 0x00, 0x00, 0x00, 0x00, 
    0x00, 0x00, 0x00, 0x00, 0x00, 0x00, 0x00, 0x00, 0x00, 0x00, 0x00, 0x00, 0x00, 0x00, 0x00, 0x00, 
    0x00, 0x00, 0x00, 0x00, 0x00, 0x00, 0x00, 0x00, 0x00, 0x00, 0x00, 0x00, 0x00, 0x00, 0x00, 0x00, 
    0x00, 0x00, 0x00, 0x00, 0x00, 0x00, 0x00, 0x00, 0x00, 0x00, 0x00, 0x00, 0x00, 0x00, 0x00, 0x00, 
    0x00, 0x00, 0x00, 0x00, 0x00, 0x00, 0x00, 0x00, 0x00, 0x00, 0x00, 0x00, 0x00, 0x00, 0x00, 0x00, 
    0x00, 0x00, 0x00, 0x00, 0x00, 0x00, 0x00, 0x00, 0x00, 0x00, 0x00, 0x00, 0x00, 0x00, 0x00, 0x00, 
    0x00, 0x00, 0x00, 0x00, 0x00, 0x00, 0x00, 0x00, 0x00, 0x00, 0x00, 0x00, 0x00, 0x00, 0x00, 0x00, 
    0x00, 0x00, 0x00, 0x00, 0x00, 0x00, 0x00, 0x00, 0x00, 0x00, 0x00, 0x00, 0x00, 0x00, 0x00, 0x00, 
    0x00, 0x00, 0x00, 0x00, 0x00, 0x00, 0x00, 0x00, 0x00, 0x00, 0x00, 0x00, 0x00, 0x00, 0x00, 0x00, 
    0x00, 0x00, 0x00, 0x00, 0x00, 0x00, 0x00, 0x00, 0x00, 0x00, 0x00, 0x00, 0x00, 0x00, 0x00, 0x00, 
    0x00, 0x00, 0x00, 0x00, 0x00, 0x00, 0x00, 0x00, 0x00, 0x00, 0x00, 0x00, 0x00, 0x00, 0x00, 0x00, 
    0x00, 0x00, 0x00, 0x00, 0x00, 0x00, 0x00, 0x00, 0x00, 0x00, 0x00, 0x00, 0x00, 0x00, 0x00, 0x00, 
    0x00, 0x00, 0x00, 0x00, 0x00, 0x00, 0x00, 0x00, 0x00, 0x00, 0x00, 0x00, 0x00, 0x00, 0x00, 0x00, 
    0x00, 0x00, 0x00, 0x00, 0x00, 0x00, 0x00, 0x00, 0x00, 0x00, 0x00, 0x00, 0x00, 0x00, 0x00, 0x00, 
    0x00, 0x00, 0x00, 0x00, 0x00, 0x00, 0x00, 0x00, 0x00, 0x00, 0x00, 0x00, 0x00, 0x00, 0x00, 0x00, 
    0x00, 0x00, 0x00, 0x00, 0x00, 0x00, 0x00, 0x00, 0x00, 0x00, 0x00, 0x00, 0x00, 0x00, 0x00, 0x00, 
    0x00, 0x00, 0x00, 0x00, 0x00, 0x00, 0x00, 0x00, 0x00, 0x00, 0x00, 0x00, 0x00, 0x00, 0x00, 0x00, 
    0x00, 0x00, 0x00, 0x00, 0x00, 0x00, 0x00, 0x00, 0x00, 0x00, 0x00, 0x00, 0x00, 0x00, 0x00, 0x00, 
    0x00, 0x00, 0x00, 0x00, 0x00, 0x00, 0x00, 0x00, 0x00, 0x00, 0x00, 0x00, 0x00, 0x00, 0x00, 0x00, 
    0x00, 0x00, 0x00, 0x00, 0x00, 0x00, 0x00, 0x00, 0x00, 0x00, 0x00, 0x00, 0x00, 0x00, 0x00, 0x00, 
    0x00, 0x00, 0x00, 0x00, 0x00, 0x00, 0x00, 0x00, 0x00, 0x00, 0x00, 0x00, 0x00, 0x00, 0x00, 0x00, 
    0x00, 0x00, 0x00, 0x00, 0x00, 0x00, 0x00, 0x00, 0x00, 0x00, 0x00, 0x00, 0x00, 0x00, 0x00, 0x00, 
    0x00, 0x00, 0x00, 0x00, 0x00, 0x00, 0x00, 0x00, 0x00, 0x00, 0x00, 0x00, 0x00, 0x00, 0x00, 0x00, 
    0x00, 0x00, 0x00, 0x00, 0x00, 0x00, 0x00, 0x00, 0x00, 0x00, 0x00, 0x00, 0x00, 0x00, 0x00, 0x00, 
    0x00, 0x00, 0x00, 0x00, 0x00, 0x00, 0x00, 0x00, 0x00, 0x00, 0x00, 0x00, 0x00, 0x00, 0x00, 0x00, 
    0x00, 0x00, 0x00, 0x00, 0x00, 0x00, 0x00, 0x00, 0x00, 0x00, 0x00, 0x00, 0x00, 0x00, 0x00, 0x00, 
    0x00, 0x00, 0x00, 0x00, 0x00, 0x00, 0x00, 0x00, 0x00, 0x00, 0x00, 0x00, 0x00, 0x00, 0x00, 0x00, 
    0x00, 0x00, 0x00, 0x00, 0x00, 0x00, 0x00, 0x00, 0x00, 0x00, 0x00, 0x00, 0x00, 0x00, 0x00, 0x00, 
    0x00, 0x00, 0x00, 0x00, 0x00, 0x00, 0x00, 0x00, 0x00, 0x00, 0x00, 0x00, 0x00, 0x00, 0x00, 0x00, 
    0x00, 0x00, 0x00, 0x00, 0x00, 0x00, 0x00, 0x00, 0x00, 0x00, 0x00, 0x00, 0x00, 0x00, 0x00, 0x00, 
    0x00, 0x00, 0x00, 0x00, 0x00, 0x00, 0x00, 0x00, 0x00, 0x00, 0x00, 0x00, 0x00, 0x00, 0x00, 0x00, 
    0x00, 0x00, 0x00, 0x00, 0x00, 0x00, 0x00, 0x00, 0x00, 0x00, 0x00, 0x00, 0x00, 0x00, 0x00, 0x00, 
    0x00, 0x00, 0x00, 0x00, 0x00, 0x00, 0x00, 0x00, 0x00, 0x00, 0x00, 0x00, 0x00, 0x00, 0x00, 0x00, 
    0x00, 0x00, 0x00, 0x00, 0x00, 0x00, 0x00, 0x00, 0x00, 0x00, 0x00, 0x00, 0x00, 0x00, 0x00, 0x00, 
    0x00, 0x00, 0x00, 0x00, 0x00, 0x00, 0x00, 0x00, 0x00, 0x00, 0x00, 0x00, 0x00, 0x00, 0x00, 0x00, 
    0x00, 0x00, 0x00, 0x00, 0x00, 0x00, 0x00, 0x00, 0x00, 0x00, 0x00, 0x00, 0x00, 0x00, 0x00, 0x00, 
    0x00, 0x00, 0x00, 0x00, 0x00, 0x00, 0x00, 0x00, 0x00, 0x00, 0x00, 0x00, 0x00, 0x00, 0x00, 0x00, 
    0x00, 0x00, 0x00, 0x00, 0x00, 0x00, 0x00, 0x00, 0x00, 0x00, 0x00, 0x00, 0x00, 0x00, 0x00, 0x00, 
    0x00, 0x00, 0x00, 0x00, 0x00, 0x00, 0x00, 0x00, 0x00, 0x00, 0x00, 0x00, 0x00, 0x00, 0x00, 0x00, 
    0x00, 0x00, 0x00, 0x00, 0x00, 0x00, 0x00, 0x00, 0x00, 0x00, 0x00, 0x00, 0x00, 0x00, 0x00, 0x00, 
    0x00, 0x00, 0x00, 0x00, 0x00, 0x00, 0x00, 0x00, 0x00, 0x00, 0x00, 0x00, 0x00, 0x00, 0x00, 0x00, 
    0x00, 0x00, 0x00, 0x00, 0x00, 0x00, 0x00, 0x00, 0x00, 0x00, 0x00, 0x00, 0x00, 0x00, 0x00, 0x00, 
    0x00, 0x00, 0x00, 0x00, 0x00, 0x00, 0x00, 0x00, 0x00, 0x00, 0x00, 0x00, 0x00, 0x00, 0x00, 0x00, 
    0x00, 0x00, 0x00, 0x00, 0x00, 0x00, 0x00, 0x00, 0x00, 0x00, 0x00, 0x00, 0x00, 0x00, 0x00, 0x00, 
    0x00, 0x00, 0x00, 0x00, 0x00, 0x00, 0x00, 0x00, 0x00, 0x00, 0x00, 0x00, 0x00, 0x00, 0x00, 0x00, 
    0x00, 0x00, 0x00, 0x00, 0x00, 0x00, 0x00, 0x00, 0x00, 0x00, 0x00, 0x00, 0x00, 0x00, 0x00, 0x00, 
    0x00, 0x00, 0x00, 0x00, 0x00, 0x00, 0x00, 0x00, 0x00, 0x00, 0x00, 0x00, 0x00, 0x00, 0x00, 0x00, 
    0x00, 0x00, 0x00, 0x00, 0x00, 0x00, 0x00, 0x00, 0x00, 0x00, 0x00, 0x00, 0x00, 0x00, 0x00, 0x00, 
    0x00, 0x00, 0x00, 0x00, 0x00, 0x00, 0x00, 0x00, 0x00, 0x00, 0x00, 0x00, 0x00, 0x00, 0x00, 0x00, 
    0x00, 0x00, 0x00, 0x00, 0x00, 0x00, 0x00, 0x00, 0x00, 0x00, 0x00, 0x00, 0x00, 0x00, 0x00, 0x00, 
    0x00, 0x00, 0x00, 0x00, 0x00, 0x00, 0x00, 0x00, 0x00, 0x00, 0x00, 0x00, 0x00, 0x00, 0x00, 0x00, 
    0x00, 0x00, 0x00, 0x00, 0x00, 0x00, 0x00, 0x00, 0x00, 0x00, 0x00, 0x00, 0x00, 0x00, 0x00, 0x00, 
    0x00, 0x00, 0x00, 0x00, 0x00, 0x00, 0x00, 0x00, 0x00, 0x00, 0x00, 0x00, 0x00, 0x00, 0x00, 0x00, 
    0x00, 0x00, 0x00, 0x00, 0x00, 0x00, 0x00, 0x00, 0x00, 0x00, 0x00, 0x00, 0x00, 0x00, 0x00, 0x00, 
    0x00, 0x00, 0x00, 0x00, 0x00, 0x00, 0x00, 0x00, 0x00, 0x00, 0x00, 0x00, 0x00, 0x00, 0x00, 0x00, 
    0x00, 0x00, 0x00, 0x00, 0x00, 0x00, 0x00, 0x00, 0x00, 0x00, 0x00, 0x00, 0x00, 0x00, 0x00, 0x00, 
    0x00, 0x00, 0x00, 0x00, 0x00, 0x00, 0x00, 0x00, 0x00, 0x00, 0x00, 0x00, 0x00, 0x00, 0x00, 0x00, 
    0x00, 0x00, 0x00, 0x00, 0x00, 0x00, 0x00, 0x00, 0x00, 0x00, 0x00, 0x00, 0x00, 0x00, 0x00, 0x00, 
    0x00, 0x00, 0x00, 0x00, 0x00, 0x00, 0x00, 0x00, 0x00, 0x00, 0x00, 0x00, 0x00, 0x00, 0x00, 0x00, 
    0x00, 0x00, 0x00, 0x00, 0x00, 0x00, 0x00, 0x00, 0x00, 0x00, 0x00, 0x00, 0x00, 0x00, 0x00, 0x00, 
    0x00, 0x00, 0x00, 0x00, 0x00, 0x00, 0x00, 0x00, 0x00, 0x00, 0x00, 0x00, 0x00, 0x00, 0x00, 0x00, 
    0x00, 0x00, 0x00, 0x00, 0x00, 0x00, 0x00, 0x00, 0x00, 0x00, 0x00, 0x00, 0x00, 0x00, 0x00, 0x00, 
    0x00, 0x00, 0x00, 0x00, 0x00, 0x00, 0x00, 0x00, 0x00, 0x00, 0x00, 0x00, 0x00, 0x00, 0x00, 0x00, 
    0x00, 0x00, 0x00, 0x00, 0x00, 0x00, 0x00, 0x00, 0x00, 0x00, 0x00, 0x00, 0x00, 0x00, 0x00, 0x00, 
    0x00, 0x00, 0x00, 0x00, 0x00, 0x00, 0x00, 0x00, 0x00, 0x00, 0x00, 0x00, 0x00, 0x00, 0x00, 0x00, 
    0x00, 0x00, 0x00, 0x00, 0x00, 0x00, 0x00, 0x00, 0x00, 0x00, 0x00, 0x00, 0x00, 0x00, 0x00, 0x00, 
    0x00, 0x00, 0x00, 0x00, 0x00, 0x00, 0x00, 0x00, 0x00, 0x00, 0x00, 0x00, 0x00, 0x00, 0x00, 0x00, 
    0x00, 0x00, 0x00, 0x00, 0x00, 0x00, 0x00, 0x00, 0x00, 0x00, 0x00, 0x00, 0x00, 0x00, 0x00, 0x00, 
    0x00, 0x00, 0x00, 0x00, 0x00, 0x00, 0x00, 0x00, 0x00, 0x00, 0x00, 0x00, 0x00, 0x00, 0x00, 0x00, 
    0x00, 0x00, 0x00, 0x00, 0x00, 0x00, 0x00, 0x00, 0x00, 0x00, 0x00, 0x00, 0x00, 0x00, 0x00, 0x00, 
    0x00, 0x00, 0x00, 0x00, 0x00, 0x00, 0x00, 0x00, 0x00, 0x00, 0x00, 0x00, 0x00, 0x00, 0x00, 0x00, 
    0x00, 0x00, 0x00, 0x00, 0x00, 0x00, 0x00, 0x00, 0x00, 0x00, 0x00, 0x00, 0x00, 0x00, 0x00, 0x00, 
    0x00, 0x00, 0x00, 0x00, 0x00, 0x00, 0x00, 0x00, 0x00, 0x00, 0x00, 0x00, 0x00, 0x00, 0x00, 0x00, 
    0x00, 0x00, 0x00, 0x00, 0x00, 0x00, 0x00, 0x00, 0x00, 0x00, 0x00, 0x00, 0x00, 0x00, 0x00, 0x00, 
    0x00, 0x00, 0x00, 0x00, 0x00, 0x00, 0x00, 0x00, 0x00, 0x00, 0x00, 0x00, 0x00, 0x00, 0x00, 0x00, 
    0x00, 0x00, 0x00, 0x00, 0x00, 0x00, 0x00, 0x00, 0x00, 0x00, 0x00, 0x00, 0x00, 0x00, 0x00, 0x00, 
    0x00, 0x00, 0x00, 0x00, 0x00, 0x00, 0x00, 0x00, 0x00, 0x00, 0x00, 0x00, 0x00, 0x00, 0x00, 0x00, 
    0x00, 0x00, 0x00, 0x00, 0x00, 0x00, 0x00, 0x00, 0x00, 0x00, 0x00, 0x00, 0x00, 0x00, 0x00, 0x00, 
    0x00, 0x00, 0x00, 0x00, 0x00, 0x00, 0x00, 0x00, 0x00, 0x00, 0x00, 0x00, 0x00, 0x00, 0x00, 0x00, 
    0x00, 0x00, 0x00, 0x00, 0x00, 0x00, 0x00, 0x00, 0x00, 0x00, 0x00, 0x00, 0x00, 0x00, 0x00, 0x00, 
    0x00, 0x00, 0x00, 0x00, 0x00, 0x00, 0x00, 0x00, 0x00, 0x00, 0x00, 0x00, 0x00, 0x00, 0x00, 0x00, 
    0x00, 0x00, 0x00, 0x00, 0x00, 0x00, 0x00, 0x00, 0x00, 0x00, 0x00, 0x00, 0x00, 0x00, 0x00, 0x00, 
    0x00, 0x00, 0x00, 0x00, 0x00, 0x00, 0x00, 0x00, 0x00, 0x00, 0x00, 0x00, 0x00, 0x00, 0x00, 0x00, 
    0x00, 0x00, 0x00, 0x00, 0x00, 0x00, 0x00, 0x00, 0x00, 0x00, 0x00, 0x00, 0x00, 0x00, 0x00, 0x00, 
    0x00, 0x00, 0x00, 0x00, 0x00, 0x00, 0x00, 0x00, 0x00, 0x00, 0x00, 0x00, 0x00, 0x00, 0x00, 0x00, 
    0x00, 0x00, 0x00, 0x00, 0x00, 0x00, 0x00, 0x00, 0x00, 0x00, 0x00, 0x00, 0x00, 0x00, 0x00, 0x00, 
    0x00, 0x00, 0x00, 0x00, 0x00, 0x00, 0x00, 0x00, 0x00, 0x00, 0x00, 0x00, 0x00, 0x00, 0x00, 0x00, 
    0x00, 0x00, 0x00, 0x00, 0x00, 0x00, 0x00, 0x00, 0x00, 0x00, 0x00, 0x00, 0x00, 0x00, 0x00, 0x00, 
    0x00, 0x00, 0x00, 0x00, 0x00, 0x00, 0x00, 0x00, 0x00, 0x00, 0x00, 0x00, 0x00, 0x00, 0x00, 0x00, 
    0x00, 0x00, 0x00, 0x00, 0x00, 0x00, 0x00, 0x00, 0x00, 0x00, 0x00, 0x00, 0x00, 0x00, 0x00, 0x00, 
    0x00, 0x00, 0x00, 0x00, 0x00, 0x00, 0x00, 0x00, 0x00, 0x00, 0x00, 0x00, 0x00, 0x00, 0x00, 0x00, 
    0x00, 0x00, 0x00, 0x00, 0x00, 0x00, 0x00, 0x00, 0x00, 0x00, 0x00, 0x00, 0x00, 0x00, 0x00, 0x00, 
    0x00, 0x00, 0x00, 0x00, 0x00, 0x00, 0x00, 0x00, 0x00, 0x00, 0x00, 0x00, 0x00, 0x00, 0x00, 0x00, 
    0x00, 0x00, 0x00, 0x00, 0x00, 0x00, 0x00, 0x00, 0x00, 0x00, 0x00, 0x00, 0x00, 0x00, 0x00, 0x00, 
    0x00, 0x00, 0x00, 0x00, 0x00, 0x00, 0x00, 0x00, 0x00, 0x00, 0x00, 0x00, 0x00, 0x00, 0x00, 0x00, 
    0x00, 0x00, 0x00, 0x00, 0x00, 0x00, 0x00, 0x00, 0x00, 0x00, 0x00, 0x00, 0x00, 0x00, 0x00, 0x00, 
    0x00, 0x00, 0x00, 0x00, 0x00, 0x00, 0x00, 0x00, 0x00, 0x00, 0x00, 0x00, 0x00, 0x00, 0x00, 0x00, 
    0x00, 0x00, 0x00, 0x00, 0x00, 0x00, 0x00, 0x00, 0x00, 0x00, 0x00, 0x00, 0x00, 0x00, 0x00, 0x00, 
    0x00, 0x00, 0x00, 0x00, 0x00, 0x00, 0x00, 0x00, 0x00, 0x00, 0x00, 0x00, 0x00, 0x00, 0x00, 0x00, 
    0x00, 0x00, 0x00, 0x00, 0x00, 0x00, 0x00, 0x00, 0x00, 0x00, 0x00, 0x00, 0x00, 0x00, 0x00, 0x00, 
    0x00, 0x00, 0x00, 0x00, 0x00, 0x00, 0x00, 0x00, 0x00, 0x00, 0x00, 0x00, 0x00, 0x00, 0x00, 0x00, 
    0x00, 0x00, 0x00, 0x00, 0x00, 0x00, 0x00, 0x00, 0x00, 0x00, 0x00, 0x00, 0x00, 0x00, 0x00, 0x00, 
    0x00, 0x00, 0x00, 0x00, 0x00, 0x00, 0x00, 0x00, 0x00, 0x00, 0x00, 0x00, 0x00, 0x00, 0x00, 0x00, 
    0x00, 0x00, 0x00, 0x00, 0x00, 0x00, 0x00, 0x00, 0x00, 0x00, 0x00, 0x00, 0x00, 0x00, 0x00, 0x00, 
    0x00, 0x00, 0x00, 0x00, 0x00, 0x00, 0x00, 0x00, 0x00, 0x00, 0x00, 0x00, 0x00, 0x00, 0x00, 0x00, 
    0x00, 0x00, 0x00, 0x00, 0x00, 0x00, 0x00, 0x00, 0x00, 0x00, 0x00, 0x00, 0x00, 0x00, 0x00, 0x00, 
    0x00, 0x00, 0x00, 0x00, 0x00, 0x00, 0x00, 0x00, 0x00, 0x00, 0x00, 0x00, 0x00, 0x00, 0x00, 0x00, 
    0x00, 0x00, 0x00, 0x00, 0x00, 0x00, 0x00, 0x00, 0x00, 0x00, 0x00, 0x00, 0x00, 0x00, 0x00, 0x00, 
    0x00, 0x00, 0x00, 0x00, 0x00, 0x00, 0x00, 0x00, 0x00, 0x00, 0x00, 0x00, 0x00, 0x00, 0x00, 0x00, 
    0x00, 0x00, 0x00, 0x00, 0x00, 0x00, 0x00, 0x00, 0x00, 0x00, 0x00, 0x00, 0x00, 0x00, 0x00, 0x00, 
    0x00, 0x00, 0x00, 0x00, 0x00, 0x00, 0x00, 0x00, 0x00, 0x00, 0x00, 0x00, 0x00, 0x00, 0x00, 0x00, 
    0x00, 0x00, 0x00, 0x00, 0x00, 0x00, 0x00, 0x00, 0x00, 0x00, 0x00, 0x00, 0x00, 0x00, 0x00, 0x00, 
    0x00, 0x00, 0x00, 0x00, 0x00, 0x00, 0x00, 0x00, 0x00, 0x00, 0x00, 0x00, 0x00, 0x00, 0x00, 0x00, 
    0x00, 0x00, 0x00, 0x00, 0x00, 0x00, 0x00, 0x00, 0x00, 0x00, 0x00, 0x00, 0x00, 0x00, 0x00, 0x00, 
    0x00, 0x00, 0x00, 0x00, 0x00, 0x00, 0x00, 0x00, 0x00, 0x00, 0x00, 0x00, 0x00, 0x00, 0x00, 0x00, 
    0x00, 0x00, 0x00, 0x00, 0x00, 0x00, 0x00, 0x00, 0x00, 0x00, 0x00, 0x00, 0x00, 0x00, 0x00, 0x00, 
    0x00, 0x00, 0x00, 0x00, 0x00, 0x00, 0x00, 0x00, 0x00, 0x00, 0x00, 0x00, 0x00, 0x00, 0x00, 0x00, 
    0x00, 0x00, 0x00, 0x00, 0x00, 0x00, 0x00, 0x00, 0x00, 0x00, 0x00, 0x00, 0x00, 0x00, 0x00, 0x00, 
    0x00, 0x00, 0x00, 0x00, 0x00, 0x00, 0x00, 0x00, 0x00, 0x00, 0x00, 0x00, 0x00, 0x00, 0x00, 0x00, 
    0x00, 0x00, 0x00, 0x00, 0x00, 0x00, 0x00, 0x00, 0x00, 0x00, 0x00, 0x00, 0x00, 0x00, 0x00, 0x00, 
    0x00, 0x00, 0x00, 0x00, 0x00, 0x00, 0x00, 0x00, 0x00, 0x00, 0x00, 0x00, 0x00, 0x00, 0x00, 0x00, 
    0x00, 0x00, 0x00, 0x00, 0x00, 0x00, 0x00, 0x00, 0x00, 0x00, 0x00, 0x00, 0x00, 0x00, 0x00, 0x00, 
    0x00, 0x00, 0x00, 0x00, 0x00, 0x00, 0x00, 0x00, 0x00, 0x00, 0x00, 0x00, 0x00, 0x00, 0x00, 0x00, 
    0x00, 0x00, 0x00, 0x00, 0x00, 0x00, 0x00, 0x00, 0x00, 0x00, 0x00, 0x00, 0x00, 0x00, 0x00, 0x00, 
    0x00, 0x00, 0x00, 0x00, 0x00, 0x00, 0x00, 0x00, 0x00, 0x00, 0x00, 0x00, 0x00, 0x00, 0x00, 0x00, 
    0x00, 0x00, 0x00, 0x00, 0x00, 0x00, 0x00, 0x00, 0x00, 0x00, 0x00, 0x00, 0x00, 0x00, 0x00, 0x00, 
    0x00, 0x00, 0x00, 0x00, 0x00, 0x00, 0x00, 0x00, 0x00, 0x00, 0x00, 0x00, 0x00, 0x00, 0x00, 0x00, 
    0x00, 0x00, 0x00, 0x00, 0x00, 0x00, 0x00, 0x00, 0x00, 0x00, 0x00, 0x00, 0x00, 0x00, 0x00, 0x00, 
    0x00, 0x00, 0x00, 0x00, 0x00, 0x00, 0x00, 0x00, 0x00, 0x00, 0x00, 0x00, 0x00, 0x00, 0x00, 0x00, 
    0x00, 0x00, 0x00, 0x00, 0x00, 0x00, 0x00, 0x00, 0x00, 0x00, 0x00, 0x00, 0x00, 0x00, 0x00, 0x00, 
    0x00, 0x00, 0x00, 0x00, 0x00, 0x00, 0x00, 0x00, 0x00, 0x00, 0x00, 0x00, 0x00, 0x00, 0x00, 0x00, 
    0x00, 0x00, 0x00, 0x00, 0x00, 0x00, 0x00, 0x00, 0x00, 0x00, 0x00, 0x00, 0x00, 0x00, 0x00, 0x00, 
    0x00, 0x00, 0x00, 0x00, 0x00, 0x00, 0x00, 0x00, 0x00, 0x00, 0x00, 0x00, 0x00, 0x00, 0x00, 0x00, 
    0x00, 0x00, 0x00, 0x00, 0x00, 0x00, 0x00, 0x00, 0x00, 0x00, 0x00, 0x00, 0x00, 0x00, 0x00, 0x00, 
    0x00, 0x00, 0x00, 0x00, 0x00, 0x00, 0x00, 0x00, 0x00, 0x00, 0x00, 0x00, 0x00, 0x00, 0x00, 0x00, 
    0x00, 0x00, 0x00, 0x00, 0x00, 0x00, 0x00, 0x00, 0x00, 0x00, 0x00, 0x00, 0x00, 0x00, 0x00, 0x00, 
    0x00, 0x00, 0x00, 0x00, 0x00, 0x00, 0x00, 0x00, 0x00, 0x00, 0x00, 0x00, 0x00, 0x00, 0x00, 0x00, 
    0x00, 0x00, 0x00, 0x00, 0x00, 0x00, 0x00, 0x00, 0x00, 0x00, 0x00, 0x00, 0x00, 0x00, 0x00, 0x00, 
    0x00, 0x00, 0x00, 0x00, 0x00, 0x00, 0x00, 0x00, 0x00, 0x00, 0x00, 0x00, 0x00, 0x00, 0x00, 0x00, 
    0x00, 0x00, 0x00, 0x00, 0x00, 0x00, 0x00, 0x00, 0x00, 0x00, 0x00, 0x00, 0x00, 0x00, 0x00, 0x00, 
    0x00, 0x00, 0x00, 0x00, 0x00, 0x00, 0x00, 0x00, 0x00, 0x00, 0x00, 0x00, 0x00, 0x00, 0x00, 0x00, 
    0x00, 0x00, 0x00, 0x00, 0x00, 0x00, 0x00, 0x00, 0x00, 0x00, 0x00, 0x00, 0x00, 0x00, 0x00, 0x00, 
    0x00, 0x00, 0x00, 0x00, 0x00, 0x00, 0x00, 0x00, 0x00, 0x00, 0x00, 0x00, 0x00, 0x00, 0x00, 0x00, 
    0x00, 0x00, 0x00, 0x00, 0x00, 0x00, 0x00, 0x00, 0x00, 0x00, 0x00, 0x00, 0x00, 0x00, 0x00, 0x00, 
    0x00, 0x00, 0x00, 0x00, 0x00, 0x00, 0x00, 0x00, 0x00, 0x00, 0x00, 0x00, 0x00, 0x00, 0x00, 0x00, 
    0x00, 0x00, 0x00, 0x00, 0x00, 0x00, 0x00, 0x00, 0x00, 0x00, 0x00, 0x00, 0x00, 0x00, 0x00, 0x00, 
    0x00, 0x00, 0x00, 0x00, 0x00, 0x00, 0x00, 0x00, 0x00, 0x00, 0x00, 0x00, 0x00, 0x00, 0x00, 0x00, 
    0x00, 0x00, 0x00, 0x00, 0x00, 0x00, 0x00, 0x00, 0x00, 0x00, 0x00, 0x00, 0x00, 0x00, 0x00, 0x00, 
    0x00, 0x00, 0x00, 0x00, 0x00, 0x00, 0x00, 0x00, 0x00, 0x00, 0x00, 0x00, 0x00, 0x00, 0x00, 0x00, 
    0x00, 0x00, 0x00, 0x00, 0x00, 0x00, 0x00, 0x00, 0x00, 0x00, 0x00, 0x00, 0x00, 0x00, 0x00, 0x00, 
    0x00, 0x00, 0x00, 0x00, 0x00, 0x00, 0x00, 0x00, 0x00, 0x00, 0x00, 0x00, 0x00, 0x00, 0x00, 0x00, 
    0x00, 0x00, 0x00, 0x00, 0x00, 0x00, 0x00, 0x00, 0x00, 0x00, 0x00, 0x00, 0x00, 0x00, 0x00, 0x00, 
    0x00, 0x00, 0x00, 0x00, 0x00, 0x00, 0x00, 0x00, 0x00, 0x00, 0x00, 0x00, 0x00, 0x00, 0x00, 0x00, 
    0x00, 0x00, 0x00, 0x00, 0x00, 0x00, 0x00, 0x00, 0x00, 0x00, 0x00, 0x00, 0x00, 0x00, 0x00, 0x00, 
    0x00, 0x00, 0x00, 0x00, 0x00, 0x00, 0x00, 0x00, 0x00, 0x00, 0x00, 0x00, 0x00, 0x00, 0x00, 0x00, 
    0x00, 0x00, 0x00, 0x00, 0x00, 0x00, 0x00, 0x00, 0x00, 0x00, 0x00, 0x00, 0x00, 0x00, 0x00, 0x00, 
    0x00, 0x00, 0x00, 0x00, 0x00, 0x00, 0x00, 0x00, 0x00, 0x00, 0x00, 0x00, 0x00, 0x00, 0x00, 0x00
};
